9.743152856830000763e-01,8.917003127473251967e-01
5.654720067979999154e-01,9.800423313896361455e-01
7.307389974590000614e-01,6.904818630670572777e-01
1.074290990829999792e+00,8.330784707331823080e-01
9.521890282630000035e-01,1.056573851903770178e+00
9.879170060160000766e-01,9.497259289532780091e-01
1.011654973029999960e+00,9.856576260207090545e-01
0.000000000000000000e+00,9.995323341261860284e-01
7.643579840659999736e-01,1.704285234856017794e-01
7.788103222849999119e-01,9.412099065312119484e-01
3.306220054629999794e+00,8.526968602697176935e-01
1.055441975589999970e+00,2.685040468394421342e+00
7.543110251430000801e-01,9.956145235077403788e-01
7.915459871289999283e-01,9.193766633254376597e-01
1.409499049189999909e+00,9.589845394880073259e-01
8.875439763070001042e-01,1.280954903520503230e+00
6.401469707490000660e-01,9.075997626972246435e-01
5.082880258560000808e-01,7.731182336378118469e-01
8.640019893649999450e-01,6.816812804160913286e-01
5.725920200349999822e-01,9.179337273509867723e-01
8.469420075419999971e-01,6.933902611461699728e-01
9.181020259860001032e-01,9.077855023029162140e-01
7.976629734039999420e-01,9.419552140340733404e-01
9.608020186419998776e-01,8.537979929927532741e-01
9.555831551549999192e-01,9.767119781095980890e-01
3.470349907879999862e-01,9.597567565694470337e-01
9.546210169789999256e-01,5.393231703552160416e-01
1.293938040730000072e+00,1.004636773803765148e+00
5.251880288119999962e-01,1.198770232956191117e+00
4.773890078070000542e-01,6.467540085237830638e-01
1.275226235389999907e+00,6.644896165050092618e-01
8.723750114439999814e-01,1.209683961164224275e+00
8.355640172959999390e-01,8.822748237360590329e-01
7.321749925609999377e-01,8.851790003227805181e-01
7.640249729160000225e-01,8.090497056700256540e-01
4.072830080990000323e-01,8.430243735792570803e-01
4.752210080619999610e-01,5.969558743014417024e-01
8.781340122220000488e-01,6.654239888466026986e-01
7.414129972460000717e-01,9.299197187972352285e-01
1.258002042770000051e+00,8.287673872857315160e-01
1.069700956339999953e+00,1.183876426648755587e+00
7.274609804150000691e-01,1.019271120802281771e+00
7.892770171170000459e-01,7.906116794155596539e-01
6.237750053410000550e-01,8.624953364568779257e-01
6.914690136910000007e-01,7.428940028890501646e-01
8.557710051540000640e-01,7.985112443234504420e-01
7.093830108640000187e-01,9.195681002755545785e-01
1.014547944070000041e+00,7.971177259653945413e-01
1.115731000900000103e+00,1.020693904853588574e+00
4.182830154900000208e-01,1.075496212438147303e+00
1.002280950550000105e+00,5.849823834231316910e-01
1.218860983849999968e+00,1.042749388177639513e+00
1.143296003339999922e+00,1.131566799499502896e+00
6.528189778330000248e-01,1.073768742071568916e+00
6.746559739110000731e-01,7.471267866021227277e-01
6.009536385540000802e-01,7.933973699532834711e-01
6.694570183749999348e-01,7.252812890888910013e-01
6.538079977039999990e-01,7.985538238223085505e-01
7.814120054240000224e-01,7.767973313604061847e-01
1.206303954120000022e+00,8.570423755851511727e-01
8.469259738919999725e-01,1.144155901197100977e+00
8.286409974099999687e-01,8.726500125645153538e-01
6.482390165329999787e-01,8.840318343810928958e-01
5.623700022700000023e-01,7.485500747351433448e-01
7.183309793469999649e-01,7.036792294896737632e-01
1.099647998810000082e+00,8.177400767463733899e-01
9.541710019110001273e-01,1.085773597477034835e+00
7.290139794350000146e-01,9.637675680761490504e-01
6.694499850270000385e-01,8.231856028865710551e-01
8.631219863889999511e-01,7.694228709699558744e-01
6.464660167689999515e-01,9.251787758455525257e-01
8.223180174830000411e-01,7.547939551551011705e-01
9.235979914669999458e-01,8.851805750866411637e-01
8.300920128820000743e-01,9.485323105341526562e-01
1.067314028740000031e+00,8.863839183790029885e-01
1.546175003050000107e+00,1.049610430868802569e+00
6.827279925350000500e-01,1.373947665211854963e+00
6.385620236399999206e-01,7.503749398365444634e-01
6.464239954950000699e-01,7.792053502042520785e-01
6.881093978879999629e-01,7.761177708369815242e-01
7.273989915849999877e-01,7.867088910572311855e-01
6.500350236890000133e-01,8.221139706763885835e-01
8.693690299990000092e-01,7.639394766843342621e-01
4.408580064769999640e-01,9.167780013342297085e-01
4.518609941010000020e-01,6.125869501778391513e-01
7.575070261959999662e-01,6.480508256479572404e-01
4.952389895920000229e-01,8.605527183834188465e-01
6.850870251659999521e-01,6.623397763782516989e-01
7.243813276289999825e-01,8.058307668398960733e-01
8.653740286830000628e-01,8.083324656516042150e-01
7.400469779970000328e-01,9.160410119109750893e-01
8.070759773250000269e-01,8.098861012751034094e-01
8.204330205920000729e-01,8.757432008787917610e-01
1.114411950110000049e+00,8.744191863986771063e-01
1.108605027200000093e+00,1.075665245723904206e+00
4.751499891279999943e-01,1.060208742122271008e+00
1.039268016820000140e+00,6.265644965810110989e-01
9.457899928090000019e-01,1.055662531244278224e+00
7.877500057220000462e-01,9.489258655823943345e-01
3.504549860949999762e-01,8.431626891721820671e-01
9.367713332179998797e-01,5.600131645813604120e-01
9.868059754369999936e-01,9.895949198771292199e-01
6.470239758489999549e-01,9.965794407916652720e-01
1.029777050020000084e+00,7.430344153478456448e-01
1.187446951870000156e+00,1.044517646751847995e+00
9.328820109369999614e-01,1.123113500032548728e+00
7.528370022769999004e-01,9.548602170638844644e-01
6.420040130619999452e-01,8.369122222580055448e-01
2.307340055699999837e-01,7.695459673157795111e-01
4.714997112749998998e-01,4.552273102738146338e-01
8.772729635240000823e-01,6.647198294992722190e-01
7.876309752460000091e-01,9.334665291251709185e-01
2.742219865320000283e-01,8.744459670644578742e-01
3.992269933219999567e-01,5.015148518787869714e-01
9.923512339589999343e-01,6.304077300643392556e-01
7.627239823340000724e-01,1.013947251818824169e+00
7.200859785079999353e-01,8.390657657864122321e-01
6.264780163759999798e-01,8.203305857542161350e-01
7.269890308380000388e-01,7.458352031568532547e-01
9.301019906999999920e-01,8.236647130340951639e-01
6.872699856759999504e-01,9.548360087689844455e-01
8.662552833559999943e-01,7.727748487352996687e-01
8.352038264269999734e-01,9.143212623339284084e-01
9.402499794959999768e-01,8.809872028748397810e-01
1.023357987399999836e+00,9.728597562177773161e-01
7.322629690170000538e-01,1.014534697765941962e+00
9.300749897960000068e-01,7.997409449127875769e-01
8.702930212019999168e-01,9.556535729027537673e-01
5.104020237919999481e-01,9.223381519961094677e-01
1.025817990299999982e+00,6.628098359234760872e-01
4.551239907739999535e-01,1.037441540789820094e+00
7.345349788670000324e-01,6.001051854406193042e-01
7.012919783589999234e-01,8.408277828475653193e-01
1.014386057849999911e+00,7.992746779004351598e-01
1.123770236970000225e+00,1.016308069944322101e+00
4.825370013710000294e-01,1.068969872835722201e+00
4.689320027830000681e-01,6.206416748222128854e-01
8.755196928980000237e-01,6.664670232120573079e-01
1.145424962039999883e+00,9.382181291245538235e-01
1.943787455560000099e+00,1.098703351272162010e+00
1.557039022450000143e+00,1.619219935474221828e+00
2.104775905609999942e+00,1.346851022237032458e+00
1.062240004540000005e+00,1.736839357679016649e+00
7.867829799650000178e-01,9.727466817619453421e-01
2.247971057890000068e+00,8.240109087941406285e-01
5.664669871329999218e-01,1.890167797017862528e+00
8.389729857439999217e-01,6.502525848432524347e-01
3.188189864160000386e-01,9.703287486078960855e-01
6.386680006980000046e-01,5.478661301928832161e-01
7.540266513819999794e-01,7.710492187228769057e-01
1.085826039310000102e+00,8.339680668255525786e-01
6.014299988750000381e-01,1.068264135657450042e+00
6.923220157619999204e-01,7.072896951261289367e-01
8.782439827919999997e-01,8.058896409647247072e-01
1.279224038119999962e+00,9.241314829888092053e-01
7.251669764520000117e-01,1.190536764443693052e+00
4.283109903339999969e-01,7.828784656709580903e-01
7.012249827380000466e-01,6.087345948899056669e-01
8.846225738529999161e-01,8.134163863982931675e-01
7.809653878210001121e-01,9.276997633697251500e-01
9.259700179100002204e-01,8.485696048314091966e-01
9.178640246389998536e-01,9.715206410505413670e-01
9.073020219799998731e-01,9.493223195471828246e-01
4.099450111390000040e-01,9.298638133542488360e-01
8.741459846500000408e-01,5.666921079171322040e-01
1.231343984599999830e+00,9.444331760784305807e-01
7.683960199359999299e-01,1.151332973341703481e+00
9.357339143750000865e-01,8.127758739043152714e-01
7.523270249369999885e-01,9.551023589328769825e-01
6.247839927670000293e-01,8.213993297039619002e-01
1.977947235109999591e+00,7.477788703563773565e-01
2.476479291920000048e+00,1.689709574501304878e+00
6.822599768639999729e-01,2.046437737005886159e+00
1.294077992440000102e+00,7.321692656656900722e-01
2.116506099700000032e+00,1.295219728507605694e+00
2.030230045320000176e+00,1.764896690836133653e+00
1.727593064309999926e+00,1.675970795141774605e+00
1.321619033810000010e+00,1.470857979292863105e+00
1.114274978639999913e+00,1.205660157663232868e+00
1.618482947350000201e+00,1.045269670529470396e+00
1.102354049679999948e+00,1.412478395836882505e+00
8.501269817350000091e-01,1.026187689653205393e+00
6.531813144679999850e-01,8.901502509914267502e-01
6.168276071549999573e-01,7.578805479525316802e-01
1.023204803470000090e+00,7.488246603696022685e-01
1.176781058310000017e+00,1.025438297018726352e+00
1.108754038809999898e+00,1.126807479919087696e+00
9.838110208509999177e-01,1.065797725249249650e+00
1.829927563669999868e+00,9.781028419806672147e-01
1.342131018639999951e+00,1.551282927888890883e+00
1.265669584270000092e+00,1.228514906724222255e+00
7.930377125740000199e-01,1.196483306534816160e+00
1.030689358710000114e+00,8.578961994347066300e-01
8.210232257839999992e-01,1.029434441173825432e+00
1.099169254300000009e+00,8.715297473526345540e-01
5.255355238910000004e-01,1.075707708087321191e+00
7.758393883709999717e-01,6.616050943818239105e-01
7.209759950640000081e-01,8.743429017825511407e-01
8.666771054269999386e-01,8.032224123018564255e-01
8.462041020389999835e-01,9.104051426011415815e-01
7.614132165909999195e-01,8.860357855904238411e-01
6.587246060370000045e-01,8.346062574697240555e-01
1.078659296040000104e+00,7.702244947225028726e-01
1.281940340999999872e+00,1.061085005018409522e+00
6.600005030629999547e-01,1.201963339173001799e+00
1.112500548360000119e+00,7.778094909846063887e-01
6.280704736709999958e-01,1.124424872938500686e+00
6.864575743680000341e-01,7.367661012818736976e-01
9.000409841539999123e-01,7.803931003758149965e-01
7.342569231990000445e-01,9.444924513470054350e-01
1.011121273039999879e+00,8.192237939720395934e-01
8.827599883079999543e-01,1.013212298073649764e+00
7.521411776540001259e-01,9.096999471264266557e-01
9.489411115650000506e-01,8.199454834463258956e-01
6.799052953720000625e-01,9.703110406513438813e-01
7.211565971369999772e-01,7.806120085583555523e-01
6.504104733470000843e-01,8.123759255895388609e-01
7.167106270790000178e-01,7.839793378609606345e-01
9.056316018100001308e-01,8.308825801926681409e-01
6.526464819910000603e-01,9.400089530845296970e-01
7.056654095649999014e-01,7.520403511709978783e-01
6.581057906149999637e-01,8.011962778004733110e-01
6.592794060709999959e-01,7.721753512427989019e-01
6.634064316750000190e-01,7.772554444403773077e-01
7.808002829549999246e-01,7.735485974028027956e-01
7.565907239910000248e-01,8.586453205171228342e-01
9.280405640600000172e-01,8.315274606174887229e-01
7.073829770089999913e-01,9.568219484921055562e-01
3.888399899009999383e-01,7.982226927403011096e-01
3.422417938710000107e-01,5.864696974160951148e-01
2.337300032380000281e-01,5.716877868776201188e-01
1.459127068520000015e-01,4.820920547473255824e-01
3.949534893039999828e-01,4.324490412763248304e-01
9.678409695629999199e-01,6.244219205765821901e-01
7.839220166210000285e-01,1.002221366870373442e+00
8.333759903910000766e-01,8.477401126770535145e-01
9.723259806630000224e-01,8.889518694759511730e-01
6.905210018160000685e-01,9.742455273906927005e-01
1.345324039460000121e+00,7.791812339930548337e-01
7.227010130879999439e-01,1.275568335935499675e+00
6.804850101469999135e-01,8.007697562155094984e-01
7.610610127449999318e-01,8.100149699910140777e-01
8.075709938999999782e-01,8.375461499770516793e-01
5.886639952659999953e-01,8.789876944097200218e-01
9.960750937460000065e-01,7.170345988425156358e-01
1.045413970949999882e+00,1.008114910063792058e+00
4.713059961800000197e-01,1.027986408999506773e+00
1.047140955920000005e+00,6.285631632575093830e-01
1.126214265820000060e+00,1.059249865501898258e+00
2.560461759570000329e+00,1.071862971488194649e+00
7.747610211370000721e-01,2.175118911407305511e+00
7.172060012819999608e-01,8.385676441443951079e-01
8.005080223080000001e-01,9.223363569025669895e-01
5.680390000339999856e-01,9.512173444541103251e-01
1.195780038829999947e+00,6.917799531257823320e-01
7.970449924470000003e-01,1.170804404901340412e+00
4.899359941480000979e-01,8.547950874889005402e-01
9.918130040170001216e-01,6.616290889799845143e-01
7.445690035819999553e-01,1.018863077375760762e+00
6.096370220180000743e-01,8.050813303992953029e-01
8.565919995309999591e-01,7.330635775060764248e-01
8.144299983980000102e-01,9.173462077543472759e-01
7.605929970739999657e-01,8.714932137856554739e-01
9.157519936560000184e-01,8.332435839744755102e-01
7.421634793279999753e-01,9.484550809041486508e-01
7.329360246660000522e-01,8.109333915003995585e-01
8.745691180230000805e-01,8.310335046540900938e-01
9.644910097120000803e-01,9.162800747528094814e-01
1.477671980859999845e+00,9.757551614394107675e-01
6.752679944040000937e-01,1.392924485304323445e+00
5.030400156970000758e-01,7.880685799302725725e-01
7.066659927370000371e-01,7.137906308474079031e-01
2.968195915220000369e+00,8.329700092562006830e-01
1.255300998690000114e+00,2.375580800019401639e+00
4.084815025330000182e+00,1.080683494266902356e+00
1.692322969440000158e+00,3.125512715696288968e+00
4.121052026750000041e-01,1.317130768042007238e+00
1.035750985149999970e+00,5.811187837511023746e-01
6.408920288089999806e-01,1.122237324858390561e+00
7.065470218660000468e-01,7.214425398313744076e-01
1.060830354689999977e+00,7.968718234090300667e-01
1.880954027180000043e+00,1.043846264328425200e+00
1.886373996729999725e+00,1.601453454476495342e+00
1.328773975370000082e+00,1.553588977704262408e+00
3.931840062139999592e-01,1.176697095964551298e+00
6.382430195809999374e-01,5.618778137360785907e-01
1.045531988140000035e+00,7.994753861272115847e-01
6.588029861449999913e-01,1.035615732036400338e+00
8.046740293499999863e-01,7.554698799792739505e-01
8.740410208700001293e-01,8.793373262513625166e-01
8.532550334930000258e-01,9.093313143284668110e-01
8.952109813689997919e-01,8.960950452773547292e-01
7.301589846610000434e-01,9.273373969915602588e-01
4.149410128589999802e-01,8.161777917811221528e-01
2.700940072540000125e-01,5.965877294956652976e-01
4.911319911480000466e-01,5.048327598092827717e-01
5.079169869420000483e-01,6.841502768313789673e-01
1.224020004270000017e+00,6.794166323869371693e-01
1.267657995220000222e+00,1.208211572021245850e+00
2.633487939829999736e+00,1.174000815724413505e+00
3.999615430829999596e+00,2.152989645394674412e+00
6.651418209080000032e+00,3.019807904253356323e+00
2.102678060530000170e+00,4.906405286209676753e+00
1.283689975739999989e+00,1.678134065491099003e+00
1.291347503659999951e+00,1.385661738177490498e+00
1.353754043579999733e+00,1.412215610152108169e+00
2.390191078189999985e+00,1.357014296273682641e+00
1.461441040039999972e+00,1.927589552479616275e+00
1.599208951000000045e+00,1.266413258103037842e+00
1.471150994300000070e+00,1.417406714156407954e+00
1.298205018039999992e+00,1.291794974977426680e+00
1.579622030259999921e+00,1.184023348825584243e+00
1.360355019570000268e+00,1.386103465112546562e+00
8.036410212519999874e-01,1.216409014379515874e+00
4.276689887049999750e-01,8.748865919307962091e-01
2.694070041180000041e-01,6.368127514292347691e-01
3.897170126439999938e-01,5.434755872240133456e-01
4.179170131680000067e-01,6.087225012452068817e-01
1.546036005019999937e+00,6.245500820622716942e-01
1.017611026760000037e+00,1.409171871946927501e+00
8.653150200839999640e-01,9.713636919322418128e-01
6.194109916690000439e-01,9.027148543392009561e-01
8.454149961469999974e-01,7.483839457132053230e-01
8.048596382139999728e-01,9.083909311332176717e-01
1.435889005660000217e+00,8.645488081406258463e-01
2.565752029420000024e+00,1.301893769203024576e+00
6.206179142000000759e+00,2.037286714971558332e+00
9.309499859810000943e-01,4.587777294424024710e+00
9.077759981159998492e-01,7.653381561012274625e-01
4.609797894950000141e-01,1.118226183333392854e+00
5.264570117000000327e-01,7.494079827880197886e-01
7.942249774930000283e-01,7.096626491117261626e-01
9.704009890560000295e-01,8.567899692258204025e-01
6.695889830590000535e-01,9.762456074254746152e-01
6.997730135920000594e-01,7.551310386581514544e-01
6.903669834139999351e-01,8.002730976948297936e-01
6.361600160600000553e-01,7.949171034528970115e-01
9.726700186730000697e-01,7.588721361059000969e-01
6.393389701839999884e-01,1.004994126152034539e+00
5.123779773709999930e-01,7.467549617036988163e-01
5.699130296709999932e-01,6.832437761234557705e-01
8.318089842800000522e-01,7.203764579856650752e-01
4.694110155110000071e-01,9.074025955453510761e-01
9.054309725759998040e-01,6.314864511724076479e-01
8.482750058169999940e-01,9.680018923887268034e-01
6.566630005839999562e-01,8.956466758087598956e-01
6.324055790899999474e-01,7.575698056114374968e-01
3.268550038340000130e-01,7.460925586165048085e-01
3.047409951689999952e-01,5.430873751815357142e-01
2.159480005499999911e-01,5.486953579533283554e-01
2.148479968310000043e-01,4.754535595718366037e-01
1.512310057880000003e-01,4.895887281690884940e-01
4.153338372709999837e-01,4.418932461396915534e-01
7.344200015070000420e-01,6.366932224745390778e-01
9.913370013240001555e-01,8.419041607822653761e-01
7.910000085830000138e-01,1.005228524746248908e+00
7.429170012469999973e-01,8.397699789713841678e-01
7.426548600200000294e-01,8.216891859092468886e-01
8.799139857289999256e-01,8.248112136500717062e-01
7.376829981800000491e-01,9.250590791302895077e-01
1.240342974660000097e+00,8.194776734893820525e-01
8.343409895899999151e-01,1.179955070050189070e+00
3.054729998110000122e-01,8.720582876011605533e-01
8.929460048680000206e-01,5.190673599537266591e-01
1.285866022110000007e+00,9.626478378696090576e-01
4.146400094030000538e-01,1.194912533692584544e+00
1.090137004850000091e+00,5.861663067517928205e-01
5.923830270769999684e-01,1.118353950258111462e+00
3.773260116580000045e-01,7.039545001279498004e-01
2.693597316740000469e+00,5.679063439293455806e-01
2.288666009900000020e+00,2.198918398897805826e+00
8.955270051960000366e-01,1.873713162240252972e+00
8.070570230480000884e-01,9.346837729633951097e-01
1.194862961769999954e+00,9.582690193807447132e-01
8.929409980770000033e-01,1.177853153858744673e+00
9.776080250740001309e-01,8.991397407870483915e-01
1.832507014270000179e+00,9.968890170116149196e-01
1.403792977329999747e+00,1.574047220042194661e+00
7.223749756810000644e-01,1.233707813201625703e+00
6.599410176280000595e-01,7.877614317965271340e-01
7.407349944109999917e-01,7.822935232206899014e-01
5.553659796709999874e-01,8.224512838670732240e-01
1.236768960949999885e+00,6.954414144075616866e-01
6.214020252229999208e-01,1.191412208252234262e+00
7.108730077739999764e-01,7.219673189679141068e-01
3.064779937269999643e-01,8.223923445944520960e-01
6.473349928859999380e-01,5.222540701190087065e-01
5.458269715310000159e-01,7.833757030420648304e-01
1.024247765539999966e+00,6.999062052765003816e-01
8.176820278170000567e-01,1.028383291057272331e+00
7.440620064740001149e-01,8.930402091271166798e-01
7.367150187490000279e-01,8.465653324667299362e-01
5.768560171130000525e-01,8.351244609625505522e-01
9.152600169180000744e-01,6.939186724722299360e-01
1.137029051779999911e+00,9.704082911540463652e-01
4.960080087179999930e-01,1.088753939853234654e+00
4.941360056399999312e-01,6.220796619477833023e-01
8.834533095360000976e-01,6.537686690964459313e-01
1.271524906160000024e+00,9.339997374172485101e-01
8.864369988439999570e-01,1.175632804108497131e+00
8.988280296330000141e-01,9.189470073611708534e-01
9.049779772759998231e-01,9.454891332735305687e-01
8.299319744109999730e-01,9.398235271146834213e-01
8.756300210950000995e-01,8.659931330425852947e-01
5.502920150760000073e-01,9.159212161831479238e-01
1.073919415470000027e+00,6.805631662399006521e-01
8.491920232770000521e-01,1.067399850097354497e+00
6.393229961399998773e-01,8.914623227252856941e-01
7.995309829709998928e-01,7.518188681730467726e-01
9.646000266079999275e-01,8.708489352081197898e-01
8.413559794430000016e-01,9.851283419078906700e-01
7.011449933050000194e-01,8.904661391235028089e-01
7.240070104600000445e-01,7.972268390868652022e-01
1.010308027270000020e+00,8.091418011208130201e-01
6.538060307499999890e-01,1.014226678435688811e+00
7.932850122450000319e-01,7.466971838104813353e-01
6.538396477699999210e-01,8.654293089165810970e-01
1.160789966579999888e+00,7.547691877632868307e-01
8.085789680480000019e-01,1.121316815062331607e+00
3.743770122530000188e-01,8.482167333614435423e-01
2.556999921800000020e-01,5.646257426865187723e-01
4.893150031570000502e-01,5.033172015426998769e-01
1.151844024660000132e+00,6.790228370839528349e-01
7.372779846189999597e-01,1.133309870796140872e+00
1.088750958439999916e+00,7.989217645331436746e-01
1.975852966309999958e+00,1.064054850248636219e+00
8.547700047490001118e-01,1.674437228929136268e+00
7.977370023729999371e-01,8.690902305382601778e-01
1.052428960799999924e+00,9.008843028597595115e-01
3.179450988770000208e+00,1.056232292135345086e+00
1.797067999840000541e+00,2.510691403888481776e+00
1.056702017779999947e+00,1.437416533194082469e+00
8.751260042189999977e-01,1.015019003644542339e+00
6.645399928090000019e-01,9.341676122641847657e-01
7.571684122089999969e-01,7.465255105244792411e-01
1.368484020229999931e+00,8.359931565856545399e-01
9.052469730380000579e-01,1.269501918533763485e+00
1.032060980800000083e+00,9.320727654405174256e-01
6.141330003739999821e-01,1.043039021298087565e+00
9.733130335809999645e-01,7.323686525935582114e-01
6.452289819719999597e-01,9.810921198197176674e-01
4.894390106200000035e-01,7.379522162915450600e-01
8.408679962160000576e-01,6.529260131662878441e-01
7.771940231319999226e-01,9.114172171260301880e-01
6.755350232119999854e-01,8.385874045987502523e-01
6.592059731480000018e-01,7.785788591130404779e-01
1.084153056139999904e+00,7.690687527213061481e-01
9.314100146290000826e-01,1.069511139701447844e+00
1.359479665760000122e+00,9.349875726948351229e-01
7.633988261220000515e-01,1.247920779417003967e+00
5.357339978220000409e-01,8.163223106616660507e-01
6.781889796259998882e-01,6.938841557410003746e-01
7.839810252189999273e-01,7.946237388128012391e-01
1.169367671010000054e+00,8.510396420030863496e-01
1.015287995340000027e+00,1.112291981517430361e+00
9.259430170060000131e-01,1.024756247682464760e+00
1.319244027140000108e+00,9.572986749069507528e-01
9.717460274700000511e-01,1.232161816677189048e+00
1.176299691200000108e+00,9.622571997815464462e-01
1.714609026910000056e+00,1.111262237246637641e+00
1.307337045669999975e+00,1.490157433434689871e+00
6.186890006069999393e-01,1.177883194618640328e+00
2.298435926440000276e+00,7.204269459605481263e-01
1.808241009709999680e+00,1.977197058935107776e+00
8.794149756429999742e-01,1.517496033093788332e+00
1.570945024490000064e+00,8.970616150950259104e-01
1.578516006470000121e+00,1.403725282426004251e+00
6.200309991839999535e-01,1.356215477425461780e+00
9.928810000419999726e-01,7.047340981958298833e-01
4.551869928839999968e-01,1.028327739800575014e+00
1.017398953439999865e+00,6.014868000219875110e-01
8.378469943999999892e-01,1.032011131790367964e+00
4.884769916529999589e-01,8.770668296142202225e-01
1.246340990070000210e+00,6.393834864251420891e-01
1.209630966189999990e+00,1.203885781038140257e+00
1.252451062200000020e+00,1.120971499730576415e+00
1.519726991650000025e+00,1.150331541098145172e+00
1.063797950739999942e+00,1.332301410937047015e+00
1.571495056150000069e+00,9.996131433792567744e-01
1.278105020519999968e+00,1.395733124027653815e+00
1.192077994349999948e+00,1.163672448194275511e+00
8.304439187050000060e-01,1.119403703732114730e+00
1.402015686039999931e+00,8.569205901971101991e-01
1.156504034999999986e+00,1.289182327716710486e+00
1.162554860120000200e+00,1.099734511704171025e+00
6.007519960399999581e-01,1.117926658246401361e+00
1.253835797310000055e+00,7.113909368382248521e-01
1.791844010349999960e+00,1.194515743543046682e+00
1.734062552449999961e+00,1.546784622899921136e+00
4.939970970150000085e+00,1.466004891537940891e+00
2.394351005549999911e+00,3.773513769619228686e+00
2.212575912479999740e+00,1.875424602557285381e+00
1.886527061460000265e+00,1.923803698442496435e+00
9.343829751010001017e-01,1.650546282613950311e+00
9.099829792979999832e-01,8.808240007352264866e-01
8.112999796870000724e-01,9.205375930047022814e-01
1.049708962440000004e+00,8.824961755506711691e-01
1.351788043980000076e+00,1.047238424348611474e+00
1.277305960659999906e+00,1.238239241059954088e+00
7.854449748989998925e-01,1.184838189424441968e+00
4.846229851250000165e-01,8.434436184662285063e-01
6.676359772680000582e-01,6.590644154451540393e-01
8.322510123249999836e-01,7.904997208947255327e-01
5.959370136259999340e-01,8.904763718111027293e-01
3.410890102390000123e-01,7.168956808282673787e-01
6.860110163689999707e-01,5.552500113155355299e-01
8.153510093690000682e-01,8.196375397222469550e-01
3.985430002210000322e-01,8.818714749911805706e-01
6.998159885410000225e-01,5.778874612600022331e-01
4.263690114019999533e-01,8.194109686404346116e-01
6.866139769550000382e-01,6.210354271303529794e-01
1.826770007609999913e-01,8.224276913900585573e-01
7.018824815749999946e-01,4.256249995046327839e-01
1.796682000159999681e+00,8.327609501489598998e-01
7.204269766809999753e-01,1.652327631127386232e+00
4.680640101429999755e-01,8.326350264370580012e-01
6.408870220180000743e-01,7.135716026431641046e-01
7.520520091060001189e-01,8.365208468849095746e-01
1.001817584040000098e+00,8.156137655196761260e-01
1.660804033279999814e+00,9.961137835169276977e-01
1.450595021250000061e+00,1.457518946921485758e+00
1.085010051729999869e+00,1.257867846614182383e+00
1.099555015560000015e+00,1.029630478633217328e+00
7.694180011750000325e-01,1.062920428507825532e+00
1.254430413249999932e+00,8.317472595215951170e-01
1.496320962910000052e+00,1.183345437432246294e+00
7.186369895940000196e-01,1.335265726687770549e+00
8.902019858359999649e-01,7.953428377539267791e-01
9.891759753229998342e-01,9.651651840355938150e-01
2.849014520649999938e+00,9.896564985102820344e-01
4.281075000759999583e+00,2.278106308573231598e+00
1.248739004139999942e+00,3.237610571533458881e+00
7.096589803699999699e-01,1.015730679055909969e+00
7.497439980509998936e-01,8.513041239815264394e-01
8.907449841500001408e-01,8.903906874889403467e-01
1.469527959819999952e+00,9.039401523690858697e-01
1.608888030049999918e+00,1.318294666135578552e+00
1.043460965159999976e+00,1.496767534342720030e+00
1.184751033780000018e+00,1.066865487981215610e+00
5.063725113870000127e-01,1.199466857816600562e+00
6.946156024930000283e-01,6.614962664213214216e-01
9.299110174179999744e-01,7.866184973228450561e-01
7.754629850390000190e-01,9.652356267551642777e-01
8.564696311949999696e-01,8.387412234609010753e-01
9.269009828569999554e-01,9.062951788084898652e-01
7.506660223010001021e-01,9.675423610308855338e-01
9.248849749570000611e-01,8.334861659647051502e-01
1.070162653919999984e+00,9.722622735805640515e-01
8.752880096439998869e-01,1.057287281705046489e+00
7.511039972310000756e-01,9.302049401006501350e-01
8.627579808239999037e-01,8.546926393448168735e-01
5.096570253369999692e-01,9.257815155146175146e-01
8.495249748229999343e-01,6.629876077568918058e-01
6.711369752879999817e-01,9.171982126848234884e-01
6.132180094720000030e-01,7.761962038955948495e-01
3.810549974440000098e-01,7.644735259078377920e-01
8.710420131680000067e-01,5.903582271524711045e-01
6.540319919589999698e-01,9.432453640207598689e-01
9.089673757550000843e-01,7.602764640967317744e-01
9.709029793739999414e-01,9.511114589874591907e-01
9.856920242309999969e-01,9.922640355611550556e-01
1.356256246570000101e+00,1.001944838810226113e+00
1.309872984889999925e+00,1.257594036366002310e+00
6.344919800760000506e-01,1.216141951394808629e+00
5.933508276940000492e-01,7.501953845691786693e-01
8.796380162239999523e-01,7.641993254024457283e-01
1.131836414339999930e+00,9.343467623788788146e-01
1.841274023059999987e+00,1.088271360763979567e+00
2.261745929719999992e+00,1.579965556156383899e+00
2.597975969309999744e+00,1.827804871343400750e+00
2.399192094800000064e+00,2.027575482823532838e+00
1.982298016549999931e+00,1.882372727388974099e+00
2.269547939300000206e+00,1.608224139724562463e+00
2.017889976500000238e+00,1.822969312476787174e+00
1.452262043950000026e+00,1.660490866965176338e+00
1.342797994609999934e+00,1.313404027230431925e+00
1.311915040020000145e+00,1.266186247180812963e+00
1.276762008670000226e+00,1.229059995304439212e+00
1.275267004970000118e+00,1.172130132504237476e+00
1.210446000100000141e+00,1.177982168742174762e+00
8.153480291369999966e-01,1.125297143443040992e+00
7.271119952200000291e-01,8.664928825841443638e-01
6.043019890790000126e-01,8.286697499683618462e-01
9.830358624459998307e-01,7.325952670372570807e-01
1.101529002189999940e+00,1.011972591231822483e+00
1.183724999429999869e+00,1.092174616768979645e+00
4.356400072569999726e-01,1.126120401710371421e+00
3.270040154459999959e-01,5.900472518936452637e-01
8.039849996569999879e-01,5.438832824574648672e-01
4.216859936710000145e-01,9.049521613381238394e-01
5.734559893609999515e-01,5.961147096113205146e-01
3.959457874300000291e-01,7.246558045853543906e-01
4.163750112060000119e-01,5.904991690844001440e-01
5.603970289230000290e-01,6.249196284472076091e-01
7.749050259590000156e-01,7.197796408696661707e-01
6.370840072629999629e-01,8.629531555804799137e-01
3.839260041709999793e-01,7.514857170063827807e-01
5.648739933969999516e-01,5.821441464127884435e-01
1.054715037350000051e+00,7.319538920457717701e-01
6.537709832190000681e-01,1.052881254777781272e+00
5.931029915809999942e-01,7.501607675396861907e-01
1.022608995439999946e+00,7.309645935906583514e-01
8.359869718549999273e-01,1.036695052252924132e+00
6.375340223309999832e-01,8.725508001939789038e-01
9.755985140800000899e-01,7.450635970004166886e-01
4.898079931740000337e-01,9.949101231269020795e-01
1.098647952079999879e+00,6.435776660010728012e-01
1.151165962220000116e+00,1.094116592925330700e+00
8.061249852179999120e-01,1.089317910721674387e+00
4.744769930840000427e-01,8.477400135305670492e-01
7.896029949189999897e-01,6.325014620529545439e-01
4.762530028820000094e-01,8.747224780974380831e-01
5.455229878430000179e-01,6.428349625426588165e-01
6.212809681889999158e-01,7.085505223373848027e-01
7.707700133319999036e-01,7.520052286226328597e-01
9.337069988249999675e-01,8.562349246912760448e-01
8.110550045970000843e-01,9.678384395319710176e-01
6.005529761310000048e-01,8.832458181108382433e-01
1.002521038060000036e+00,7.305682553198402651e-01
8.921650052070000392e-01,1.016129298463254393e+00
9.160850048069999474e-01,9.224540965490691802e-01
7.413420081139999729e-01,9.402999529337462414e-01
9.283249974250000758e-01,8.098104604409552820e-01
6.429409980770000033e-01,9.540264985707007650e-01
9.950090050700001187e-01,7.615535210761281704e-01
6.271365880970000140e-01,1.013545188581000511e+00
1.038689017300000073e+00,7.355970894625912804e-01
6.888009905820000611e-01,1.048575380430800674e+00
5.214130282399999095e-01,7.733992557924479483e-01
6.510270237919999481e-01,6.714962949254401625e-01
1.159701943399999990e+00,7.910319625606665461e-01
6.456400156020000169e-01,1.128379593591548380e+00
1.195862650870000099e+00,7.414510461252309392e-01
1.304703950880000018e+00,1.162494010659183674e+00
8.844429850579998975e-01,1.208599685761626574e+00
7.697709798810000725e-01,9.206685393819651342e-01
7.702100276950000213e-01,8.644194200734729439e-01
6.418280005459999771e-01,8.630084141105477391e-01
8.937159776689999058e-01,7.411031880607062972e-01
5.247250199319999364e-01,9.516135378681956913e-01
5.142210125920000374e-01,6.728579123641713622e-01
7.172748446459999982e-01,6.857749162614714677e-01
6.410769820210000525e-01,8.217276424028817639e-01
4.689820110800000386e-01,7.886420584600514205e-01
1.203750014310000171e+00,6.622369242129759748e-01
7.911959886550000709e-01,1.187760831164530462e+00
1.136301159859999910e+00,8.479583523618124952e-01
8.642929792399999256e-01,1.113667380007525853e+00
8.814030289650001126e-01,9.185044668889220665e-01
5.817409753800000249e-01,9.407454410383481180e-01
8.651199936869999885e-01,7.183409492743769720e-01
9.078124761579998703e-01,9.077848387939185804e-01
7.377740144730000615e-01,9.340178528469820218e-01
1.120375037189999867e+00,8.210869930202214784e-01
9.422479867940000142e-01,1.086612995584212982e+00
1.060060024260000011e+00,9.347874805228296724e-01
7.158420085910000008e-01,1.033370262154223340e+00
4.040209949019999969e-01,7.888665342752307907e-01
2.920779883859999648e-01,5.865641982970306589e-01
6.317924261089999938e-01,5.257828796964114648e-01
1.124665260310000026e+00,7.777054641874135976e-01
1.115690946580000009e+00,1.100990048673119004e+00
1.247418999670000028e+00,1.070416068617472183e+00
6.976169943809999996e-01,1.164369358999891579e+00
3.693974971769999893e+00,7.663733358990872935e-01
8.204839825630000361e-01,2.911080549533973105e+00
8.573070168499999921e-01,8.183661700451217991e-01
6.902359724040000311e-01,1.030153476605467633e+00
8.385969996449998964e-01,8.881366488568221973e-01
1.287726998329999928e+00,9.206870235189400509e-01
9.632229804990000144e-01,1.180239255628851680e+00
1.343299984930000024e+00,9.845571883333892327e-01
7.316169738770000874e-01,1.250628444093022873e+00
6.809219717980000697e-01,8.041475182375862341e-01
7.014784216880000089e-01,7.806078808876186770e-01
6.698030233380000142e-01,7.946099750651011151e-01
1.365643024439999964e+00,7.837629063437555610e-01
9.781420230869999344e-01,1.269738410596631395e+00
6.786789894100000442e-01,9.664355033372837855e-01
5.976330041890000055e-01,7.872471276756416447e-01
8.193774819369999962e-01,7.454357208741829721e-01
7.911109924320000042e-01,8.981175576902096225e-01
1.044147372249999872e+00,8.697098698797782745e-01
1.400015950200000026e+00,1.047459520921623533e+00
8.748620152470000244e-01,1.287206538526340038e+00
6.228179931639999944e-01,8.921679925215303397e-01
7.164059877399998610e-01,7.513439969785020711e-01
6.523500084880000660e-01,8.115280072737547368e-01
9.379299879070001067e-01,7.643908227288543911e-01
5.936999917030000296e-01,9.693587757432619023e-01
5.393440127369999448e-01,7.144582087940285486e-01
9.370089769359999377e-01,6.958030706810552912e-01
8.087720274930000341e-01,9.816893875490942944e-01
5.654280185700000239e-01,8.669020780309706353e-01
6.020820140839999723e-01,7.013388133038627181e-01
1.146679997439999932e+00,7.351329404561340874e-01
9.824249744419998320e-01,1.125583906828255154e+00
5.671510100359999917e-01,9.809375675155388441e-01
7.866399884220000027e-01,6.972705942928488776e-01
7.388439774510000557e-01,8.661729305423087055e-01
6.810299754140000106e-01,8.203523872507985093e-01
7.086979746820000203e-01,7.870420368858244142e-01
6.642330288889999323e-01,8.055697961897635428e-01
5.124790072439999733e-01,7.710941771289017144e-01
6.040380001070000393e-01,6.766719859985128593e-01
6.728799939159999521e-01,7.526131843399653798e-01
8.265414834020000656e-01,7.864144165140435350e-01
4.546860158439999799e-01,8.933737171428993706e-01
5.594509840010000179e-01,6.240574767818956037e-01
1.332218050960000122e-01,7.287715470601544565e-01
1.633069962260000063e-01,4.012963970244358691e-01
1.797860413789999778e-01,4.518449705348624446e-01
5.747918486599999932e-01,4.611302148819374502e-01
8.508148789409999413e-01,7.540090063811949461e-01
8.527640104289999634e-01,9.110255694848173880e-01
1.687628030779999788e+00,8.912998778724673388e-01
2.149522066120000297e+00,1.457531387922020416e+00
8.122850060459999577e-01,1.771506393917853028e+00
1.239639997479999867e+00,8.197921697990543377e-01
2.128437280650000041e+00,1.205162781341735601e+00
2.139239072800000141e+00,1.745990539106130335e+00
9.779880046840000452e-01,1.747584328756104588e+00
6.937779784199998856e-01,9.436798117690108345e-01
7.218790054320000094e-01,8.190998662642938744e-01
7.631160020829999002e-01,8.199841394909245240e-01
8.565329909319999713e-01,8.357443562305804097e-01
1.109338045120000116e+00,9.031949707976820729e-01
6.476340293879999654e-01,1.078208302641937788e+00
9.241870045660001143e-01,7.401435261863369419e-01
7.877320051189998784e-01,9.676521162195546033e-01
1.305567026139999864e+00,8.547026815715640380e-01
9.107710123060001051e-01,1.220056786466416909e+00
8.699640035629999657e-01,9.199045918929823484e-01
5.743020176890000217e-01,9.190917157069230514e-01
8.599532246590000373e-01,6.998538643140841398e-01
4.775849878790000558e-01,9.155173706981342141e-01
1.108017444610000179e+00,6.408153373541104481e-01
1.290724992749999966e+00,1.098450654918064817e+00
8.591579794879999898e-01,1.222976052256909529e+00
3.058980107309999807e-01,8.927322591777557825e-01
9.039019942279998832e-01,5.221326774673493709e-01
6.352750062940000220e-01,9.677582297493660946e-01
1.023422956470000145e+00,7.365958775283852900e-01
6.730669736859999919e-01,1.026636210582021480e+00
8.504790067669999454e-01,7.690837733761031192e-01
5.141969919200000128e-01,9.104496120300579198e-01
1.527956604959999964e+00,6.619800026803652759e-01
4.094385623930000051e+00,1.380634997769918382e+00
9.952359795569999390e-01,3.189712949678995546e+00
8.670449852940000923e-01,9.250621211014167233e-01
1.141056060789999993e+00,1.040507837799852009e+00
1.622257947919999888e+00,1.209317666631090749e+00
1.980204939840000344e+00,1.419742868386213885e+00
1.375547051430000112e+00,1.625309554953192404e+00
1.851865053179999610e+00,1.202240233689025217e+00
1.420923948290000016e+00,1.590481809181447437e+00
1.589177966120000285e+00,1.254673067308835321e+00
1.673199415210000041e+00,1.387985273545846221e+00
2.123934030530000072e+00,1.423818731960682538e+00
1.648401975629999905e+00,1.795607581067019565e+00
1.204741954800000014e+00,1.422761044565507227e+00
7.920839786529999538e-01,1.138597441820235590e+00
1.227027416229999890e+00,8.556682466078255889e-01
1.226951003070000157e+00,1.146776257407448707e+00
1.131343960759999989e+00,1.138612767834039197e+00
1.252465009690000075e+00,1.067270232861170509e+00
1.116891980170000132e+00,1.150673963577797387e+00
1.122387051579999850e+00,1.056759406345401553e+00
1.040153026579999862e+00,1.067363212892534108e+00
8.091310262680000420e-01,1.010809930935826051e+00
7.681059837340000751e-01,8.614961852296953992e-01
7.982919812199998910e-01,8.445411141996542748e-01
7.666722536090000428e-01,8.593212600185374805e-01
1.057360053060000027e+00,8.419113373213875651e-01
8.607699871060000563e-01,1.046778141315957589e+00
1.070777058600000053e+00,8.893572851097122367e-01
5.301510095600000527e-01,1.042948617271745260e+00
6.604189872739999467e-01,6.566781014570126640e-01
9.909179806709998983e-01,7.888325267374590721e-01
3.561530113220000016e-01,1.011321958411495636e+00
9.618239998819998471e-01,5.445874705518856107e-01
1.244829058649999931e+00,1.009488314323408353e+00
8.381230235100001202e-01,1.156010008226991292e+00
9.245989918709999200e-01,8.733467228328508636e-01
8.131660223010001021e-01,9.527079796067071671e-01
1.003061056139999963e+00,8.612001185083905108e-01
8.752340078350000496e-01,1.006895469087665473e+00
7.991399765009998823e-01,9.027664249368178018e-01
8.812961578369999938e-01,8.553466391044259876e-01
1.063080191609999892e+00,9.131177455246809460e-01
9.057049751279999672e-01,1.035043105963622478e+00
6.909559965129999926e-01,9.263873291680574384e-01
1.355970025060000195e+00,7.830411614127197328e-01
7.572399973869999856e-01,1.256870827770733223e+00
2.043754577640000125e+00,8.059954137737511681e-01
8.576130270960000690e-01,1.730138152406845320e+00
2.364957094190000220e+00,8.676957201754034177e-01
4.179231166840000178e+00,1.959341120386933532e+00
2.233561992649999883e+00,3.096052370643545437e+00
8.013390302660000630e-01,1.658308261081446577e+00
8.372840285299999463e-01,8.185356119990808699e-01
8.851529955859999133e-01,9.234742829362371230e-01
9.040349721909999303e-01,8.898475717899464454e-01
1.302939534190000082e+00,9.283669910845666617e-01
7.228699922560000157e-01,1.205976836289043730e+00
8.009120225910000279e-01,7.881984049499756173e-01
1.032919287679999965e+00,8.836452198516465684e-01
1.321628212929999879e+00,1.022754771062493795e+00
9.367759823799999275e-01,1.214329691177438830e+00
7.007700204850000336e-01,9.344451167431333527e-01
7.624319791789999634e-01,8.052041288119926588e-01
1.144938945770000105e+00,8.532459053074773481e-01
7.721610069269999599e-01,1.095353429043526949e+00
8.772150278090000697e-01,8.287488260459389133e-01
1.243505001070000171e+00,9.220338410199169221e-01
6.381840109830000385e-01,1.162407788736002923e+00
7.468199729919999807e-01,7.566561866830130434e-01
6.839929819109999976e-01,8.677764199868875927e-01
1.419505119320000119e+00,7.981842659087482472e-01
6.141470074649999500e-01,1.293939888019922213e+00
7.347676754000000976e-01,7.145475400791612142e-01
6.770560145379999062e-01,8.571694291677625088e-01
1.074026942249999950e+00,7.916728800722449000e-01
6.156389713290000287e-01,1.061417604140321380e+00
9.692379832270000550e-01,7.192501806131518238e-01
9.916120171550001361e-01,9.921861707603680802e-01
8.089560270310000023e-01,9.828009687189823707e-01
2.435143947599999859e+00,8.545619659395693457e-01
8.223479986189999869e-01,2.045671442225083680e+00
5.938220024110000272e-01,8.276868595938451367e-01
5.762249827380000466e-01,7.660153918111600735e-01
4.224239885809999429e-01,7.611090953413771620e-01
6.765879988670000511e-01,5.871014126492074547e-01
5.520349740979999531e-01,8.037863985322667437e-01
9.015229940410000031e-01,7.015131392250941733e-01
7.489960193629999763e-01,9.505031866607192015e-01
8.627583980560000754e-01,8.288606020619408987e-01
9.480749964710000199e-01,9.171396406189428196e-01
1.055613875389999956e+00,9.808607751173471501e-01
1.970020055770000056e+00,1.036272112858955374e+00
9.391199946399999554e-01,1.690747991293300778e+00
1.009042978289999892e+00,9.226267666179130966e-01
7.824029922490001177e-01,1.039005092402740527e+00
1.016265034679999957e+00,8.354809862998625603e-01
8.782749772069999850e-01,1.009223440903748603e+00
7.353619933130000064e-01,9.063687825933295361e-01
1.109990954399999952e+00,8.152342693117277106e-01
7.727199792860000027e-01,1.083757294881588784e+00
1.164981961250000086e+00,8.216780517766673064e-01
7.157210111620000426e-01,1.112874909663757128e+00
1.475479006770000101e+00,7.931241658591930976e-01
8.354520201680000202e-01,1.349275242777847383e+00
7.344660162930000125e-01,8.607621485613962120e-01
7.861927747729999805e-01,8.289372862948570786e-01
1.143465042110000107e+00,8.511642614647118021e-01
9.246990084649998609e-01,1.116802978131865354e+00
2.958764553069999970e+00,9.329214279602974225e-01
2.138324022289999959e+00,2.354519758760414305e+00
2.038712024690000124e+00,1.721077426437799929e+00
1.480209946629999829e+00,1.692745151547054627e+00
9.367650747299999248e-01,1.309256888531137308e+00
1.715939760209999942e+00,9.256049261628149782e-01
1.001402020450000041e+00,1.502858838853282863e+00
8.896229863169999863e-01,9.732866492973911710e-01
7.492939829829999843e-01,9.317926376472281946e-01
1.115183949470000213e+00,8.216112848378922529e-01
9.457820057870000019e-01,1.082848313980141919e+00
6.452180147170000213e-01,9.646000338405884555e-01
1.164842009540000056e+00,7.645764833550215966e-01
1.244351029399999975e+00,1.125137731281250053e+00
9.045109748840001185e-01,1.146080798451891480e+00
5.575259923929999362e-01,9.117331326346186371e-01
5.778343677520000332e-01,6.984496467181481316e-01
7.199835777280000348e-01,7.385505667902326765e-01
7.607790231700000128e-01,8.430413291934458764e-01
5.404400229450000426e-01,8.596086010782011400e-01
8.009672760959999360e-01,6.973572570212189792e-01
7.710149884220000027e-01,8.914786176634723613e-01
6.709719896319999988e-01,8.652407524333408650e-01
2.768970489500000021e+00,7.925441215134473305e-01
3.086133003230000060e+00,2.272559925589351160e+00
1.116358041760000086e+00,2.415096842020703072e+00
1.018260955809999979e+00,1.031541923679517803e+00
7.442610263819999794e-01,1.105020992981511130e+00
1.114386796949999869e+00,8.810179330044034529e-01
1.380516409870000238e+00,1.113063058545171513e+00
1.229098439219999950e+00,1.284036297234860902e+00
1.573238968849999919e+00,1.169533046252926312e+00
1.245597958560000107e+00,1.421315548708264043e+00
8.298619985580000247e-01,1.171207641984200798e+00
5.376980304720000436e-01,9.045209254337739369e-01
8.593800067899999284e-01,6.987533102173235644e-01
7.949647903440000274e-01,9.272789210267358140e-01
8.122889995569999577e-01,8.611585404175190472e-01
1.209460973739999945e+00,8.952911354394494925e-01
1.043611049649999956e+00,1.152812804639048450e+00
9.914460182189999138e-01,1.011069806303505514e+00
1.377645969390000058e+00,9.870199280488702875e-01
7.495359778399999229e-01,1.252573677815844055e+00
7.549669742579999676e-01,8.029358993000756950e-01
8.522210121150000095e-01,8.467162716488088048e-01
1.312628030780000010e+00,9.042421667801627816e-01
9.499999880789999906e-01,1.221659802740475032e+00
8.433979749680000637e-01,9.497572228112233228e-01
6.329939961430000039e-01,8.934418389085075907e-01
6.848490238189999246e-01,7.477543647452929987e-01
8.296039700509999504e-01,8.054835813548429924e-01
1.117776036259999994e+00,8.951229079981763981e-01
1.060515046120000138e+00,1.109015120730717952e+00
9.966710209850000446e-01,1.052732295132241314e+00
6.726049780850000825e-01,9.999419682001213783e-01
8.499810099600000335e-01,7.540391716875509687e-01
7.929700016980000266e-01,9.170501541164255421e-01
7.509549856190000927e-01,8.607617949996595463e-01
9.556260704989999466e-01,8.324282233819350063e-01
6.085839867589999397e-01,9.701873674432445194e-01
7.782499790189999489e-01,7.215069791341353067e-01
5.098140239720000411e-01,8.675996956730046561e-01
6.364319920540000286e-01,6.680804456884988918e-01
6.015599966049999248e-01,7.765025579942579359e-01
6.556333899499999784e-01,7.358220442549846529e-01
6.385549902920000243e-01,7.815721840745075699e-01
8.762890100480000832e-01,7.730569731282606050e-01
7.967479825020000739e-01,9.390144805151817708e-01
6.824830174449999509e-01,8.655633788578968035e-01
8.025500178340000401e-01,7.912323923953563654e-01
7.950311899190000142e-01,8.759512816492276421e-01
1.584897041320000088e+00,8.658771402253747640e-01
1.017485976220000143e+00,1.431500346820935743e+00
9.177780151369998585e-01,9.825707527817755249e-01
1.230221033100000083e+00,9.460692654855296091e-01
1.027899026870000121e+00,1.176635223522297657e+00
9.125559926030000213e-01,1.010386853955728581e+00
7.935979962350000472e-01,9.406094239379708677e-01
1.030437946320000187e+00,8.673833263428074591e-01
5.325379967690000438e-01,1.033211602968369558e+00
6.127780079839999505e-01,6.742699122787455535e-01
8.741289973260000234e-01,7.624263008872914638e-01
3.667230010029999820e-01,9.281494612838527836e-01
7.391750216480000857e-01,5.606681697338793402e-01
5.604230165479999748e-01,8.596100954927990978e-01
7.758178114889999755e-01,7.059213612930796966e-01
8.102909922600001202e-01,8.672879216050232154e-01
6.437510252000000488e-01,8.873874784622066691e-01
7.236457467079999706e-01,7.672011470155649659e-01
9.113870263100000146e-01,8.362829918286183162e-01
6.627830266949999993e-01,9.713398861540269991e-01
1.002035975460000117e+00,7.881025008096116391e-01
8.224419951440000709e-01,1.043203498167361909e+00
1.030576944350000135e+00,9.115985225355871524e-01
6.781139969830000114e-01,1.050284576653881530e+00
5.333459973340000104e-01,7.875373504118744483e-01
3.209959864620000047e-01,6.816827741230756521e-01
7.608630061149999069e-01,5.538812175259695270e-01
7.439860105509998878e-01,8.770215468379264356e-01
5.468400120740000148e-01,8.300401279987077441e-01
7.004669904709999173e-01,6.929023215021985482e-01
8.356525897980000561e-01,8.132906064335757579e-01
1.274258971210000091e+00,8.979513019960632114e-01
8.934450149539999719e-01,1.226768667940096869e+00
6.211659908290000365e-01,9.314939488123926692e-01
7.900159955019999680e-01,7.583765448579405932e-01
1.067494988440000014e+00,8.808216825080704693e-01
6.698009967800000464e-01,1.077093690727308539e+00
1.265694975850000015e+00,7.788731482616209068e-01
6.380620002750000408e-01,1.211218112598854812e+00
9.348030090330000652e-01,7.332387340387410690e-01
8.006410002709999363e-01,9.859840075280977834e-01
1.085708975790000030e+00,8.566442973125656390e-01
3.527039885520000251e-01,1.078790541455329155e+00
5.883709788319999578e-01,5.406224030861990215e-01
4.875420033929999120e-01,7.649039073421713963e-01
4.636880159380000754e-01,6.534196584530350682e-01
3.637039959430000136e-01,6.536613917446137956e-01
8.750243186949999696e-01,5.804318961252231679e-01
6.435279846190000708e-01,9.438938341697782342e-01
4.834130108359999678e-01,7.712903275238134349e-01
2.120890021319999930e-01,6.626147964650433986e-01
4.560469985010000005e-01,4.756530809569065044e-01
4.367910027499999903e-01,6.681294957821999336e-01
7.238804101939999569e-01,6.339163681009521989e-01
5.560690164570000205e-01,8.404267800770747199e-01
4.748429954049999679e-01,7.123409262948872112e-01
2.674640119080000100e-01,6.609165316035442439e-01
9.588437080379998978e-01,5.049112278575661472e-01
7.868980169300000549e-01,1.019810300443489748e+00
1.794360995290000149e+00,8.563489834181241545e-01
1.337677955630000026e+00,1.560159837328426002e+00
1.210453987120000185e+00,1.185569157797491169e+00
5.654799938200000264e-01,1.125964273888875766e+00
4.008429944520000565e-01,6.857506765331699006e-01
2.727654874320000200e-01,5.945267226235252389e-01
5.836449861529999783e-01,5.106423496747327651e-01
8.533802628519999711e-01,7.568909184886576380e-01
8.660610318179999823e-01,9.127586532539549991e-01
1.158349990839999899e+00,9.038481435290106614e-01
7.764859795569999390e-01,1.109889361404075458e+00
1.068807005880000105e+00,8.301289686966928372e-01
5.888479948040000744e-01,1.050816131991989533e+00
1.588868498799999918e+00,7.068328724995665002e-01
4.327859878540000205e-01,1.453357141016565546e+00
3.996030092239999942e-01,6.007623069716080400e-01
5.545349717140000134e-01,6.597947602761667918e-01
6.221979856490000849e-01,7.535254342692186968e-01
1.149551987649999996e+00,7.432244926465861878e-01
1.121260046960000034e+00,1.127836452457928074e+00
9.776459932330001656e-01,1.062595109359634193e+00
1.732741951940000025e+00,9.618283521075529086e-01
2.302707910540000125e+00,1.504261834035240275e+00
1.053477048870000043e+00,1.841305084274293735e+00
7.962800264360000435e-01,9.659031760168846903e-01
5.203329920770000117e-01,8.712142926456909464e-01
6.104800105090000262e-01,6.828365250876095027e-01
4.453057944770000276e-01,7.380413634865536920e-01
6.522138714790000069e-01,6.226566972899878483e-01
1.175541162490000069e+00,7.886035593297349156e-01
1.032202124599999937e+00,1.152372159123277395e+00
7.193930149079998948e-01,1.021593943551683425e+00
8.200139999390000378e-01,8.185454477982057053e-01
9.497330188749999458e-01,9.049274778067938341e-01
1.039114952089999822e+00,9.923819925763082139e-01
5.883830189700000046e-01,1.036744583701737499e+00
9.508559703829999599e-01,7.093763563348617351e-01
5.277600288389999728e-01,9.869227708284772360e-01
7.736063003540000205e-01,6.710859450573800622e-01
9.703559875489999875e-01,8.676109036667959407e-01
1.383889913560000018e+00,9.978238195362013618e-01
7.795230150220000542e-01,1.257879056983861377e+00
6.069999933240000090e-01,8.500266356983390281e-01
4.660570025440000097e-01,7.717800236522706081e-01
9.455270171170000459e-01,6.698630321624593487e-01
6.238729953770000280e-01,9.879959635428126052e-01
3.923240005969999555e-01,7.248699166912379033e-01
5.156549811360000568e-01,5.978090958354430606e-01
9.679385423659998544e-01,6.945061981365232562e-01
1.356565952299999989e+00,9.901052448647034154e-01
9.072690010070001421e-01,1.253395553216384739e+00
8.162760138510000152e-01,9.093262399965716947e-01
2.479866981509999846e+00,8.744362834852540400e-01
1.133080005649999888e+00,2.042073317451239767e+00
1.045583963389999926e+00,1.039812791751701493e+00
8.474370241169999485e-01,1.061783630517942889e+00
1.536522984499999911e+00,9.142563657435029967e-01
9.008989930149998715e-01,1.384955186039424913e+00
4.812009930610000041e-01,9.115836655872366912e-01
8.572540283199999722e-01,6.611461350059012476e-01
8.617479801180000232e-01,9.332670677835611661e-01
1.008694052699999899e+00,9.109017586244377851e-01
1.127727031710000105e+00,1.010872010282844125e+00
7.795569896699999779e-01,1.074277443255265085e+00
9.895502924919998833e-01,8.324390651162942856e-01
8.363329768179998958e-01,9.968203716735934972e-01
9.099559783939999980e-01,8.878616235220093689e-01
5.511059761050000061e-01,9.427066531734008548e-01
1.239764332770000088e+00,6.816971266747844371e-01
1.211838960649999963e+00,1.184265158749962854e+00
1.379981994630000042e+00,1.132564050874380390e+00
1.148460984229999982e+00,1.244027222364292529e+00
7.663900256160000035e-01,1.090220093403792889e+00
9.660840034480000504e-01,8.406625084088906741e-01
8.156750202179999798e-01,9.874540851417357157e-01
1.142272949220000111e+00,8.594237745976905929e-01
1.299479961400000105e+00,1.103181060875094710e+00
8.583310246469999516e-01,1.192947975894444124e+00
7.149469852449999996e-01,8.784699115599060582e-01
8.764400482179999230e-01,8.090986773007505795e-01
8.305460214609999836e-01,9.130447695263155250e-01
8.535240292550000385e-01,8.854001350234300682e-01
9.092410206789999227e-01,9.008926251223211557e-01
5.202720165249999917e-01,9.328213789177413062e-01
7.411040067669999454e-01,6.594721783594560405e-01
5.853319764140000325e-01,8.487733329641037328e-01
5.047770142559999673e-01,7.211436685603173080e-01
5.519493222240000607e-01,6.726057812749886011e-01
9.697520136830000137e-01,7.072410497552046316e-01
1.116515994070000017e+00,1.003792042198493384e+00
1.049844980239999837e+00,1.075403528139427856e+00
6.342629790310000404e-01,1.018207940767828390e+00
5.644329786300000817e-01,7.376295252914988332e-01
9.184709787369998990e-01,7.154311756531689381e-01
9.593539834020000656e-01,9.556501725275881043e-01
5.984159708020000412e-01,9.730649060675375939e-01
9.383450150489998087e-01,7.169575182015650583e-01
4.542250037189999867e-01,9.755281617116339232e-01
7.079470157619999204e-01,6.162539472883447056e-01
3.876500129699999575e-01,8.283814577819771374e-01
4.484339952469999502e-01,5.726209723663013840e-01
8.405709862710000202e-01,6.447807791596679161e-01
5.337110161779999862e-01,9.159222756457394699e-01
7.211350202559999589e-01,6.760530444114676296e-01
5.215386152269999576e-01,8.261624975410544192e-01
7.050759792330000275e-01,6.674097398944168757e-01
6.405649781229999506e-01,8.267633019154242424e-01
5.168589949609999623e-01,7.563399417906369049e-01
1.660409450529999997e+00,6.803086678852049429e-01
2.465307950970000217e+00,1.476795739300926336e+00
1.622156023979999917e+00,1.970060641768362375e+00
1.866270065309999948e+00,1.342335025040106489e+00
3.623536109919999859e+00,1.560071883340836907e+00
7.948709726329999947e-01,2.759472136359554906e+00
9.065989851949999290e-01,7.579646977192349144e-01
8.571879863740000660e-01,1.032085955041447622e+00
7.756379842759999477e-01,9.753230819577466404e-01
7.006700038909999817e-01,8.542618411376634580e-01
6.443409919740000769e-01,7.954500098100535377e-01
7.579550147059999077e-01,7.657767609888868066e-01
5.499600172040000068e-01,8.414356327237175748e-01
4.964669942860000518e-01,6.908685777650169779e-01
1.367677569390000070e+00,6.733217049554452993e-01
1.397894024850000250e+00,1.276708724500402514e+00
8.148130178450000427e-01,1.311623540732446580e+00
1.278898954390000009e+00,8.993604237065339069e-01
8.623980283740000363e-01,1.265091297801115067e+00
1.093865990639999897e+00,8.988694823823929481e-01
8.134710192680000285e-01,1.054831479720080845e+00
1.466687083240000078e+00,8.621270931189434217e-01
9.060310125349999577e-01,1.333731398816830005e+00
7.652140259739999006e-01,9.387603844268042064e-01
1.311033964160000176e+00,8.714836081047767635e-01
7.892500162119999718e-01,1.240475453437169362e+00
1.474902033810000068e+00,8.341349781511474548e-01
9.167850017550001063e-01,1.343502186012960120e+00
1.186140060420000086e+00,9.291256779983457781e-01
1.411391973500000008e+00,1.143768978188328900e+00
2.092472076419999993e+00,1.258340389534016168e+00
7.189220190049999681e-01,1.724215572543476016e+00
1.301861047739999888e+00,7.400484623734047140e-01
1.268974781040000055e+00,1.242103674156008086e+00
1.221997022629999874e+00,1.153988942913019677e+00
9.061110019679999850e-01,1.151075603061332719e+00
1.078873991970000112e+00,9.338584436897442442e-01
1.028025031089999874e+00,1.066590152668539293e+00
7.863690257070000689e-01,1.000188710030429640e+00
1.276852965350000035e+00,8.467465159391273088e-01
7.093420028689999546e-01,1.194881196919573174e+00
5.201929807659999572e-01,7.743061451267928552e-01
5.645610094070000473e-01,6.760531076047038290e-01
9.855200052259998067e-01,7.173401188542906093e-01
1.092841982840000004e+00,1.002073176721929082e+00
4.786899983879999709e-01,1.068182003768093580e+00
3.955059945579999514e-01,6.349871379956963935e-01
1.850703001020000071e+00,6.189204343754385329e-01
1.195796012879999815e+00,1.639124632183426744e+00
1.702510833739999896e+00,1.102715645914563947e+00
2.998351097109999586e+00,1.481301558511541216e+00
2.407080888749999925e+00,2.341096095085376305e+00
2.585943937299999718e+00,1.857615851764160331e+00
2.233839035029999920e+00,2.018209641382851860e+00
1.655773043629999997e+00,1.780431933341676709e+00
1.430611014370000156e+00,1.409232478920541709e+00
8.921740055079999676e-01,1.281066702545297975e+00
1.231696963309999893e+00,8.838341906540576609e-01
8.955079913140000514e-01,1.160861255591849162e+00
1.602033019070000064e+00,9.097494702522940235e-01
1.585399031639999956e+00,1.432032928729096044e+00
1.232059955600000034e+00,1.370284846181418992e+00
1.210371017459999976e+00,1.129043063707452665e+00
1.242141008379999967e+00,1.125731491228966652e+00
9.857040047650000858e-01,1.151967841434372808e+00
7.289689779279999726e-01,9.749558904982766894e-01
6.761519908910000876e-01,8.082988515722183687e-01
1.071573019029999907e+00,7.932948033582022385e-01
9.457439780239998983e-01,1.073390192407620569e+00
4.376370012759999706e-01,9.619723592077398244e-01
5.141820311550000522e-01,6.175048653184768144e-01
3.387190103530000052e-01,7.114064952379813844e-01
7.144280076029999593e-01,5.606929119867496425e-01
4.996199905870000180e-01,8.491428758763087670e-01
7.917379736899999854e-01,6.764019300501992182e-01
8.646243214609999894e-01,8.899899225075170728e-01
6.024960279459999901e-01,9.043940512829889977e-01
1.260069966320000123e+00,7.322849750551900794e-01
1.012339949610000067e+00,1.206845950031347536e+00
1.004528999329999950e+00,9.950830579446912072e-01
6.310235261919999727e-01,9.983484260689438061e-01
1.141221046449999887e+00,7.361604422747501930e-01
5.426099896430000014e-01,1.140905796186512777e+00
8.547459840769999762e-01,6.819610148042327680e-01
7.744219899179999311e-01,9.394557723346628197e-01
3.084340095520000102e-01,8.464354884006699553e-01
8.376209735870000506e-01,5.346565813865953309e-01
7.293469905850000767e-01,9.392551410552194557e-01
7.503905892370000830e-01,8.135200330352919673e-01
1.134822010990000019e+00,8.402948628328136271e-01
1.614240050320000064e+00,1.121158825020655447e+00
1.244793057440000128e+00,1.423496492384480394e+00
7.141630053519999466e-01,1.146369805825774302e+00
7.293040156360000026e-01,8.040171570588942052e-01
6.486989855770000091e-01,8.246317526814961330e-01
3.427990078929999962e-01,7.827471572990165605e-01
3.861860036850000011e-01,5.650324420014135596e-01
6.366299986840000535e-01,6.165289767851876990e-01
3.990480005740000280e-01,7.809909260293482758e-01
4.178859889509999870e-01,6.029006147495103995e-01
1.103790521619999909e+00,6.283209686890470769e-01
6.956189870829999622e-01,1.100469506326118507e+00
8.070139884950000564e-01,7.881037110449338190e-01
5.947690010070000310e-01,8.854729306578027481e-01
1.107607960700000005e+00,7.216862401149677364e-01
9.713580012320001122e-01,1.106463912242677816e+00
7.170349955560000321e-01,9.738028046741556976e-01
6.764810085300000386e-01,8.054791082555540216e-01
1.687772989270000190e+00,7.787300823468710220e-01
9.907569885250001596e-01,1.499412430055975465e+00
8.082039952280000161e-01,9.560172449024771923e-01
1.087718963619999979e+00,8.722673229970422382e-01
1.564818024639999861e+00,1.070193207071553188e+00
6.673809885979999912e-01,1.386016114247808462e+00
1.256489992140000123e+00,7.405278671768087406e-01
1.091886043549999963e+00,1.211287018260917892e+00
7.375509738919999725e-01,1.058243671226323457e+00
6.224380135540000802e-01,8.127621978137794523e-01
8.364729881290000613e-01,7.391286531502624380e-01
5.774260163309999916e-01,9.120469492295014691e-01
1.015761017800000054e+00,7.115354236242084074e-01
1.106158971790000001e+00,1.044568043484478848e+00
6.945540308949998964e-01,1.068900214107245894e+00
1.130903959270000092e+00,7.739555585468741450e-01
9.518219828609998379e-01,1.117902193773495423e+00
7.524570226669999862e-01,9.648913635036961978e-01
5.585229992869999993e-01,8.350564739003034642e-01
1.415836334229999771e+00,6.954884851575249272e-01
1.855298042299999839e+00,1.308365129711546615e+00
7.845479845999999702e-01,1.627946392588773827e+00
8.210539817810000862e-01,8.537402632763664290e-01
5.835890173909999978e-01,9.472147276558156026e-01
8.359720110889999889e-01,7.419031604983092887e-01
2.184663057329999880e+00,9.032281322876692942e-01
6.805480122570000123e-01,1.838791278529054329e+00
1.238904953000000031e+00,7.328230059899615290e-01
1.030328035349999949e+00,1.218078857853809316e+00
7.914109826090000022e-01,1.043095418402331331e+00
8.423720002169999832e-01,8.886195592168999458e-01
4.464710056779999658e-01,9.306364896120039587e-01
5.589337944979999584e-01,6.034153248506927136e-01
7.099329829220000221e-01,7.126969634092633621e-01
7.334340214730000751e-01,8.237647487298739302e-01
7.833399772640000647e-01,8.214627294142369252e-01
8.426809906959999985e-01,8.649662983484425194e-01
1.099761009220000085e+00,9.021585806823921860e-01
8.706315755840000614e-01,1.061328047385796003e+00
5.862460136410000411e-01,8.888535789823509559e-01
8.863990306849999223e-01,7.140586249063236579e-01
1.019399046900000050e+00,9.411761448446036571e-01
8.493610024450000129e-01,1.022997425264315918e+00
1.010666966439999870e+00,9.038207278880512341e-01
1.331516027449999973e+00,1.018332494058460158e+00
1.215008974079999859e+00,1.214708886759832573e+00
1.645591020579999952e+00,1.116882829491000040e+00
9.708780050280001461e-01,1.433175560294099871e+00
1.411272048950000135e+00,9.476717354458289444e-01
7.953929901119999313e-01,1.281989892268724507e+00
1.046331048010000098e+00,8.422852417261724733e-01
8.879339694979999642e-01,1.059532422505605087e+00
8.349300026890000836e-01,9.228486936527480200e-01
9.847199916840001510e-01,8.850280632883937848e-01
1.090394020079999970e+00,9.964774258139632579e-01
4.901649951929999971e-01,1.053882259103042118e+00
6.141669750209999279e-01,6.439873452544289112e-01
6.314740180969999894e-01,7.729000280399311862e-01
8.252440094949999860e-01,7.646153414208237686e-01
1.051450967789999913e+00,8.986753017224319295e-01
1.047114968300000060e+00,1.048511408625672381e+00
3.921430110930000379e-01,1.032787199988765448e+00
4.695149958129999912e-01,5.739247686701547391e-01
7.720900177959999500e-01,6.745333730518200399e-01
7.520099878309999264e-01,8.718729558397864121e-01
6.877393722529999698e-01,8.450001267743763034e-01
6.718119978899999012e-01,7.869770815807022313e-01
1.185933232310000029e+00,7.942921815613820380e-01
6.571980118750000432e-01,1.141262593153248073e+00
8.213180303569999063e-01,7.489047067833679572e-01
7.795739769939998842e-01,8.982322752442570835e-01
1.030122995379999962e+00,8.507012808158878059e-01
6.211889982220000217e-01,1.029934167134680889e+00
8.660820126530001106e-01,7.319349598703991377e-01
9.608931541440000057e-01,9.273009928826579928e-01
6.760399937630000577e-01,9.713038203622540445e-01
7.402380108830000083e-01,7.764300956069527526e-01
5.984709858890000511e-01,8.372397998035522315e-01
6.151059865950000427e-01,7.290729586349276037e-01
9.358735680579999272e-01,7.519956007652107699e-01
5.818247795100000008e-01,9.750893549037801256e-01
7.156659960750000327e-01,7.040234827591829170e-01
6.529520154000000298e-01,8.315889761563628468e-01
9.700022935870000751e-01,7.776439894513517137e-01
7.834500074390000623e-01,9.934196106671050464e-01
7.448130249979999506e-01,8.525704690865054669e-01
8.276180028919999376e-01,8.429945276154057199e-01
8.943400979039998200e-01,8.918224360783416627e-01
2.505017042159999985e+00,9.183874120873559699e-01
1.620712041850000062e+00,2.107404101829006837e+00
1.417585968970000110e+00,1.372276277668782019e+00
1.049872040749999957e+00,1.290349254457185291e+00
1.226507544519999993e+00,1.012130922603527106e+00
1.043179035189999881e+00,1.120191114686442502e+00
9.694439768789999690e-01,1.011426586128797434e+00
8.192250132559999454e-01,9.697420683649471407e-01
8.129550218580000598e-01,8.732164693359727448e-01
6.712080240250000163e-01,8.759357462001172712e-01
5.289899706839999993e-01,7.791929866903796187e-01
3.461930155749999849e-01,6.809549294222855265e-01
4.789490103719999392e-01,5.641331872138329873e-01
1.153810977940000093e+00,6.704208117971649505e-01
9.671270251270001062e-01,1.128886667229843876e+00
7.845839858059999727e-01,9.613795253653243389e-01
4.701859951019999873e-01,8.481075677058296236e-01
5.632782578470000301e-01,6.351125510372093164e-01
2.416239976880000251e-01,7.150309542357187187e-01
2.709859907630000064e-01,4.890191888475375337e-01
1.994680017229999991e-01,5.349017647821261434e-01
1.327169984580000017e-01,4.753069723630321541e-01
4.732620120050000101e-01,4.255950637118027791e-01
6.585559844969999244e-01,6.759347161137174709e-01
9.621880054470000054e-01,7.985775758984234862e-01
5.111979842189999790e-01,9.824487498017616671e-01
9.829789996150000153e-01,6.523911456556470423e-01
9.100099802019999684e-01,1.009938720962235470e+00
1.026576042179999870e+00,9.407183879870966159e-01
8.309389948840000262e-01,1.019059495641022828e+00
9.651920199390000565e-01,8.751118126626133975e-01
1.000543951989999902e+00,9.759168447345444308e-01
1.983185052869999687e+00,9.805383254078645638e-01
1.274855017659999978e+00,1.659743441326502866e+00
1.286525964740000028e+00,1.148670571385160599e+00
1.382244944570000245e+00,1.197191487692574663e+00
1.736924052240000016e+00,1.246906475743679632e+00
1.257668018339999971e+00,1.509739772449851802e+00
7.533379793170000838e-01,1.147995255203700937e+00
1.084908962249999886e+00,8.277362673896401235e-01
1.062494039539999990e+00,1.069397109039227800e+00
7.787629961969999570e-01,1.033843071258191193e+00
8.256469964979999965e-01,8.381916862239155996e-01
9.891830086710000636e-01,8.819603703734915090e-01
1.418092012410000047e+00,9.918581175627385615e-01
1.151677966120000063e+00,1.282250023876640777e+00
1.250364065170000094e+00,1.074575885507516926e+00
8.794019818310000458e-01,1.153535475624145379e+00
1.089423060420000144e+00,8.932846705560119061e-01
1.809062957760000145e+00,1.061881001067007446e+00
8.687390089040000207e-01,1.559542700355664779e+00
8.521729707719999380e-01,8.612478396515033108e-01
1.307837963100000112e+00,9.129819804204940548e-01
1.262575984000000151e+00,1.208279903068424810e+00
7.601559758189999627e-01,1.159940631699920788e+00
1.069887042049999959e+00,8.142610026487233643e-01
8.579840064049999437e-01,1.052705641070210030e+00
1.149323940279999956e+00,9.086986901505210712e-01
1.067142963410000034e+00,1.113846584566907660e+00
7.400619983670000401e-01,1.026400206198713638e+00
6.799880266190000411e-01,8.054525886053995887e-01
7.323921322820000634e-01,7.862369408291900452e-01
8.352749943730000126e-01,8.173289963240529810e-01
6.000829935070000065e-01,8.961571923711035836e-01
1.010563969610000168e+00,7.209005328386776101e-01
7.613970041280000434e-01,1.024291201229000192e+00
7.260069847110000030e-01,8.317657729682372825e-01
1.064324021340000037e+00,8.225087859137620860e-01
5.901079773899998715e-01,1.053824616383134183e+00
7.744659781460000447e-01,7.057974823406474307e-01
7.406870126719998781e-01,8.738146093329963726e-01
8.908360004430001533e-01,8.272383648689760616e-01
7.620100975040000613e-01,9.317241002903015046e-01
7.774500250820000069e-01,8.289437060674069713e-01
5.811070203779999943e-01,8.664002885980074398e-01
7.908779978749999051e-01,7.224193609321508669e-01
8.903719782829999652e-01,8.683657887666406117e-01
7.882059812549999656e-01,9.270831447698941741e-01
7.301949858670000459e-01,8.475961392139508277e-01
9.248933196070001639e-01,8.163914651556740676e-01
1.265586972239999941e+00,9.506639147907969267e-01
7.884140014650000694e-01,1.189470065348662287e+00
9.180610179899998391e-01,8.329633881214217883e-01
6.569269895549999516e-01,9.489748166191186440e-01
8.252680301670000107e-01,7.610379673262180900e-01
4.257229864599999525e-01,8.966224166368349513e-01
9.114630222319998198e-01,6.092933714483483865e-01
7.238519787790000937e-01,9.727555293762949473e-01
9.657319784160000031e-01,8.071022491734748394e-01
7.194200158119999911e-01,9.941358308311366576e-01
7.146480083470000411e-01,8.099739857428591705e-01
6.188799738879999790e-01,8.211581413329349655e-01
8.502969741820000094e-01,7.379621971061858243e-01
6.113014817240000065e-01,9.113437308892542443e-01
8.405809998509999881e-01,7.235409304952890031e-01
5.909900069240000553e-01,9.120002238054143451e-01
1.191807866100000002e+00,7.205186273728028112e-01
1.072478055950000009e+00,1.150807455042994532e+00
7.976800203319999172e-01,1.056458711741914192e+00
7.140370011329999489e-01,8.631230415791352195e-01
8.885610103609999921e-01,8.181253463900495237e-01
7.367290258409999737e-01,9.230664567632574924e-01
9.655410051350000744e-01,8.141373806442930849e-01
8.569459915160000385e-01,9.826764029490875352e-01
5.838339924809999859e-01,8.978553320580386909e-01
3.047562122340000457e+00,7.121881035245491987e-01
8.865389823909999301e-01,2.529222970900045997e+00
1.186460971829999878e+00,9.435028425508119598e-01
8.750730156899999557e-01,1.308413248859213507e+00
1.111973047260000014e+00,1.021618393240340650e+00
6.929270029070000447e-01,1.060793895698209477e+00
5.632749795910000357e-01,7.900753761271743780e-01
5.519689917560000048e-01,7.354711790871067967e-01
9.211350083349998386e-01,7.207699938302313258e-01
5.465030074119999748e-01,9.638624324321223291e-01
9.997850060459999577e-01,6.838670279548888509e-01
7.512239813800000166e-01,1.024406981207617084e+00
8.402569890019999654e-01,8.339842219428421632e-01
7.843149900439999600e-01,9.039993452615223690e-01
5.915480256080000165e-01,8.579333210194513004e-01
6.109840273859999948e-01,7.262255221643001413e-01
9.328789710999999540e-01,7.448886388395533631e-01
7.992020249369999885e-01,9.686329523867160951e-01
9.833549857140000405e-01,8.649605260961827913e-01
5.405290126799999761e-01,9.967652271114132434e-01
1.093670010570000128e+00,6.686289363332729163e-01
9.266330003740002041e-01,1.090492793874129118e+00
7.972419857979999858e-01,9.413878757497301519e-01
5.896059870719999596e-01,8.559474514030933623e-01
7.799540162090000672e-01,7.134348594385970799e-01
5.182790160179999717e-01,8.617241797877275289e-01
7.263879776000000676e-01,6.717190219411089958e-01
6.216366887090000182e-01,8.329552878310114705e-01
8.810679912569999717e-01,7.414923912880553303e-01
7.315016984940000411e-01,9.372555939003429648e-01
9.703850150109999406e-01,8.189589417810053673e-01
8.715350031849999901e-01,9.911977780312374309e-01
5.505740046500000595e-01,9.043379864191045669e-01
2.576299905780000121e-01,6.903185316889864920e-01
6.952109932899999123e-01,5.008532382939036021e-01
3.547430038449999601e-01,8.362606428117790314e-01
1.308350920679999918e+00,5.750093615130301705e-01
1.424710035319999957e+00,1.255577325612990292e+00
2.422243118290000385e+00,1.270940972140899738e+00
1.588093161580000023e+00,1.940819325800498651e+00
2.882889986040000352e+00,1.328814869427952905e+00
1.510810017590000109e+00,2.295655487456712773e+00
5.103110075000000245e-01,1.272398510898533841e+00
6.637499928469999810e-01,6.599676945234749237e-01
5.865659713749999948e-01,8.160466568863949943e-01
9.182999730110000813e-01,7.143304682764779479e-01
1.126363039020000123e+00,9.641336924687143872e-01
9.455379843709997845e-01,1.084222410801140235e+00
7.979699969290000583e-01,9.491978708803021636e-01
8.895260095599999417e-01,8.659608740095035007e-01
5.017459988589999531e-01,9.364806740693037979e-01
7.889080047609999813e-01,6.660679148191419596e-01
5.571460127830000220e-01,8.889155041503843391e-01
8.079270124439998924e-01,6.904499356381157416e-01
7.382910251620000697e-01,8.887679261621436178e-01
6.742079854009999096e-01,8.238032986127775681e-01
8.787713646889999675e-01,7.831890306724388351e-01
7.401880025859999268e-01,9.252219218766117859e-01
8.886500000949999478e-01,8.235725152526484072e-01
7.983270287510000340e-01,9.319038783310361618e-01
5.137799978260000344e-01,8.614738328775861653e-01
7.760372757910000141e-01,6.725861686053069555e-01
8.528280258179999906e-01,8.692470740484234959e-01
7.851629853249999513e-01,9.216995689587634821e-01
8.431609868999999646e-01,8.610534187138262352e-01
1.024798870089999925e+00,9.000694196468147501e-01
8.044279813770001120e-01,1.018695021039905058e+00
8.841310143469999216e-01,8.621306520761445880e-01
3.615649938579999501e-01,9.317702988465629277e-01
1.171491026879999842e+00,5.478746554553928227e-01
4.477910101409999788e-01,1.157336287178538869e+00
7.665730118750000432e-01,6.065043487608279271e-01
7.735599875449999940e-01,8.731315380378499302e-01
1.054823040959999902e+00,8.474227407715150262e-01
7.843300104139999673e-01,1.048566899249079087e+00
1.034250974660000155e+00,8.420460154196506286e-01
1.096979022029999973e+00,1.024581415747617630e+00
7.633029818529999400e-01,1.053566573688634378e+00
5.883730053899999257e-01,8.240765294915295414e-01
6.365630030629999547e-01,7.222798540394753664e-01
5.750700235369999858e-01,7.602594322883817757e-01
5.399640202519999654e-01,7.161659751184881184e-01
1.324671149250000068e+00,6.951109134587213356e-01
8.178460001949999780e-01,1.245290627769751080e+00
6.359609961509999909e-01,8.590986612039427373e-01
8.135920166969999867e-01,7.702683229354633232e-01
9.872140288349999793e-01,8.909525049331726843e-01
9.839289784429999797e-01,9.900418334044895907e-01
5.904790163040000150e-01,9.795145056430399899e-01
8.986790180210000312e-01,7.104813788957193843e-01
6.268000006680000125e-01,9.450933730587653958e-01
6.926850080490000172e-01,7.344537148605793098e-01
5.757049918169999669e-01,8.018075181645947236e-01
6.764680147170000213e-01,7.160221669235320441e-01
8.279470205309999997e-01,7.886824604114561765e-01
6.547859907149999881e-01,8.946676917848147559e-01
1.085815548900000094e+00,7.610536209565810228e-01
8.509550094600001335e-01,1.069804250391611422e+00
8.879359960560000431e-01,8.850321222815119571e-01
6.557850241659999302e-01,9.217639702362188103e-01
6.597809791559999804e-01,7.621242599969573206e-01
8.856279850010000398e-01,7.780983906075249479e-01
7.502999901769999980e-01,9.340785813544670857e-01
9.303160309790001747e-01,8.262527603448170943e-01
7.259460091590000941e-01,9.539306434982451899e-01
7.123904824259998936e-01,8.119209042591746250e-01
9.326570034030000622e-01,8.125150743570843659e-01
6.544970273969999974e-01,9.683761792714469241e-01
4.987269937989999846e-01,7.703633759861753250e-01
9.782410264020000579e-01,6.753615790612541581e-01
5.593240261080000275e-01,1.006856955446526092e+00
8.733990192409999409e-01,6.894607984619390839e-01
6.232500076290000690e-01,9.355334523675283842e-01
6.319249868390000024e-01,7.390104259740694070e-01
8.335350155830000274e-01,7.557831721231181854e-01
8.613430261610000027e-01,9.031704314026176572e-01
1.036013007159999999e+00,9.070718927894719785e-01
6.160370111469999355e-01,1.035665542396342564e+00
9.874529838559999995e-01,7.313711168716224842e-01
6.686739921569999634e-01,1.014585308854539347e+00
6.455339789389999972e-01,7.573639216856333789e-01
1.007030010220000049e+00,7.732668874649268886e-01
7.763000130650000719e-01,1.020028389598827134e+00
9.358490109439999705e-01,8.434347442406719964e-01
6.626719832419999401e-01,9.614265365646765815e-01
1.113351941109999910e+00,7.560438146483152710e-01
5.495319962500000432e-01,1.087580615415589591e+00
9.273632764820000096e-01,6.691872885835435936e-01
8.215330243109999486e-01,9.623225656588310084e-01
9.193540215489999223e-01,8.961399519830010041e-01
6.899859905239998925e-01,9.634201070931374122e-01
6.497738957409999738e-01,7.852107229753697570e-01
9.705049991609999704e-01,7.533590029876180427e-01
8.034440279009998909e-01,1.001272024971153529e+00
8.920990228650002019e-01,8.589505867618079105e-01
7.462270259859999921e-01,9.235654769434179512e-01
1.495407462120000197e+00,8.191480311611553100e-01
7.597569823270000633e-01,1.357578260124297165e+00
9.677280187609998974e-01,8.521488384113053982e-01
1.126011013979999920e+00,1.036807218885778203e+00
7.641419768330000029e-01,1.110448249693115175e+00
1.423818945879999909e+00,8.446895713931689142e-01
8.309190273280000483e-01,1.320335939086559440e+00
5.316870212550000030e-01,8.758132029907027549e-01
6.942920088770000442e-01,7.031662783222040192e-01
1.097100019450000019e+00,8.239987925118611445e-01
8.623710274700000511e-01,1.070737878214079286e+00
9.711959958079999788e-01,8.934106114414591682e-01
7.501904964450000213e-01,9.842868449607720116e-01
5.659890174870000346e-01,8.198804102824640561e-01
7.235890030859999378e-01,6.967571403306517253e-01
1.088876962660000114e+00,8.239427790919149341e-01
2.614549994470000138e-01,1.061226233782002204e+00
1.923168003559999895e-01,4.681162493795230084e-01
2.048390060660000012e-01,4.791845352669549807e-01
3.752999901769999980e-01,4.884483124291899014e-01
1.878910064700000104e-01,6.028766649276964262e-01
4.178839921949999980e-01,4.634173591065745001e-01
6.128349900249999704e-01,6.413791391979315470e-01
4.822100102899999352e-01,7.529422893324934085e-01
8.136649727820000066e-01,6.574643601576061203e-01
8.997989892959999958e-01,8.932527125296589876e-01
7.667459845540000041e-01,9.264259593223361788e-01
6.762999892229999421e-01,8.358382681771990841e-01
9.804093837739999984e-01,7.878813592609017480e-01
1.075533032420000090e+00,9.942780871480241256e-01
6.459739804270000496e-01,1.063077275894068308e+00
7.601699829100000416e-01,7.476333714764455962e-01
8.707180023190000950e-01,8.543191810481820525e-01
1.045557022089999899e+00,9.167924890564165263e-01
4.832339882849999713e-01,1.035281292924171259e+00
1.085988998409999962e+00,6.335399607072550454e-01
7.320979833600000930e-01,1.086782780422785422e+00
7.128990292550000385e-01,8.008379073336476806e-01
1.045389056210000112e+00,8.126540326551944249e-01
7.359200119969999676e-01,1.031457814886404867e+00
8.956930041309999480e-01,8.057072681180487139e-01
8.745509982110000191e-01,9.329460236182940402e-01
9.237470030779999508e-01,9.081124974058996102e-01
9.997780323029999971e-01,9.412435847048770121e-01
1.739534020420000049e+00,9.953331076329119398e-01
8.107889890670000321e-01,1.521744712428169555e+00
7.049050331119999235e-01,8.447149293806142101e-01
8.328269720080000438e-01,8.369724768482974531e-01
8.276600241660000412e-01,9.083059295534691158e-01
8.953109979630000659e-01,8.752668363437366983e-01
1.459501028060000039e+00,9.271005680863320109e-01
1.179519057270000060e+00,1.315879400986384118e+00
1.443411946299999915e+00,1.098220692217520167e+00
1.306735038760000078e+00,1.286095380357565210e+00
7.634999752040000365e-01,1.170766004665779958e+00
1.145148038860000161e+00,8.164636680130181734e-01
7.253450155259999477e-01,1.113345197641980810e+00
7.633590102199999672e-01,7.839509580891672602e-01
6.174820065499999622e-01,8.385900922507832922e-01
1.029322981830000039e+00,7.453859251791408180e-01
1.302055954929999926e+00,1.038140766222709788e+00
3.164124965670000122e+00,1.199654055987953605e+00
9.734439849849999549e-01,2.490166051527598068e+00
1.229671001429999855e+00,8.733177987661376873e-01
7.441530227660000385e-01,1.200518834062117568e+00
1.063034057620000139e+00,8.142313060566809257e-01
1.123872041700000102e+00,1.039471597869782382e+00
8.984770178790000283e-01,1.074942318393053764e+00
7.175139784810000698e-01,9.152958858694261179e-01
5.367509722709999931e-01,8.093990280845697605e-01
1.175443053249999981e+00,6.891785026661044755e-01
1.101048946379999949e+00,1.146992690581658980e+00
5.734490156170000130e-01,1.047276782097132264e+00
1.431144952770000200e+00,6.901818781834465621e-01
1.037794947620000130e+00,1.317085289980702623e+00
6.568620204930000206e-01,1.000089711996418496e+00
1.074908018110000141e+00,7.662677298857947239e-01
1.385972023009999887e+00,1.061874825715722448e+00
1.004804968829999812e+00,1.246657028624599706e+00
1.609539985660000116e+00,9.743635289931127375e-01
2.817575931549999524e+00,1.410785641494346487e+00
1.962562561039999709e+00,2.228238893084813377e+00
1.279752016069999998e+00,1.570157167777293861e+00
1.995329976079999845e+00,1.168332353719365058e+00
2.033385992049999924e+00,1.685577773926765888e+00
1.307443976400000096e+00,1.636737766065152089e+00
1.611258029939999892e+00,1.135351904765723674e+00
2.040218114850000042e+00,1.400506007253481622e+00
2.183244943620000100e+00,1.684265598451796242e+00
1.351415991779999937e+00,1.750776842905952924e+00
7.242180109020001089e-01,1.173619859559799528e+00
1.363389015200000109e+00,7.854355156788020986e-01
1.526808977129999967e+00,1.265412736115304915e+00
1.784019589420000163e+00,1.332683617897727046e+00
1.103597044940000105e+00,1.490462564711780180e+00
1.763007998470000004e+00,1.039585414790197060e+00
1.157549023629999896e+00,1.520675946438789117e+00
1.153326034550000045e+00,1.069755411111348753e+00
2.362811088559999551e+00,1.106774981015853143e+00
2.580787897110000007e+00,1.928017772524189155e+00
1.242146968839999976e+00,2.003644083356442174e+00
1.712821006770000265e+00,1.090905073984818063e+00
6.676509976389999323e-01,1.504514617767672258e+00
8.271329998970000652e-01,7.301431666736912796e-01
9.642647504809997994e-01,8.798328876244514429e-01
1.394161701200000048e+00,9.677988757383079177e-01
7.584049701689999923e-01,1.270695115025727517e+00
6.900759935379999765e-01,8.146169833226025725e-01
6.740249991419999809e-01,8.068646029227389826e-01
8.615220189090000424e-01,7.906509116732162168e-01
7.907469868659999790e-01,9.174423092173207284e-01
7.285000085830000138e-01,8.658086797179725957e-01
2.411980032920000294e-01,8.181108644318323408e-01
3.354600071909999981e-01,4.659632162808509115e-01
5.912460088730000507e-01,5.713661872744936199e-01
1.058426976200000036e+00,7.461942812691235716e-01
7.669919729230000316e-01,1.065841132336392549e+00
5.881239771840000019e-01,8.269111798862898155e-01
5.922303199769999305e-01,7.220621548841397175e-01
8.753510117530000079e-01,7.246328342329929617e-01
7.038279771799998974e-01,9.355516082773244202e-01
5.677499771120000371e-01,7.893989832721667321e-01
7.133870124819999825e-01,7.135559047099099272e-01
1.077505946160000061e+00,8.218921012146003235e-01
6.909419894220000247e-01,1.067251842870057921e+00
7.724580168719999973e-01,7.904366620598333171e-01
7.237120270730000859e-01,8.684513380693493767e-01
9.752489924429998958e-01,8.099642613334221419e-01
9.151769876479998178e-01,9.922453245712583580e-01
