1.905867606399999914e-01,1.881047578711526613e-01
1.769561022520000082e-01,2.010607892086682391e-01
1.810430586339999981e-01,1.699654212678735621e-01
1.955727785830000398e-01,1.878166492773128693e-01
1.954265981910000005e-01,2.079616216861670530e-01
2.004670947789999880e-01,1.943026077156105313e-01
2.029463946819999587e-01,1.991646940725528836e-01
0.000000000000000000e+00,1.998568694800907652e-01
1.862521618600000151e-01,9.278153897584215382e-02
1.862153261900000301e-01,2.408975136612367396e-01
4.038094580169999670e-01,1.876439444390127775e-01
4.118085205549999461e-01,3.919820245956227023e-01
3.743042349819999948e-01,2.185075221648191124e-01
3.571429848669999685e-01,2.126185241818766558e-01
2.572054266930000055e-01,2.149384108585425113e-01
2.409307956699999753e-01,2.206236285952974940e-01
2.253161966800000249e-01,1.897991442679606844e-01
1.935185044999999937e-01,1.802118885731242293e-01
1.787700653079999924e-01,1.696677110220844997e-01
1.622045934200000150e-01,1.923791739866074491e-01
1.761920750140000269e-01,1.699457174323671937e-01
1.883655935530000325e-01,1.956793872464352713e-01
1.861467957499999548e-01,1.967614399486060373e-01
1.954913884399999968e-01,1.863822353234421969e-01
1.954011768099999935e-01,1.998580306710026344e-01
1.660518944260000185e-01,1.958773375861862787e-01
1.907722949980000249e-01,1.543847220639442686e-01
2.156041562559999625e-01,2.077775272248882643e-01
1.898660957809999716e-01,2.211340342116716040e-01
1.770474612709999895e-01,1.631527906475244150e-01
2.001174986360000074e-01,1.708999875311587868e-01
1.948629021640000125e-01,2.243806429647024203e-01
1.922753006219999894e-01,1.865436810943762180e-01
1.779100298880000042e-01,1.895587279475245135e-01
1.810636967419999854e-01,1.808781154755846887e-01
1.680064052340000114e-01,1.873651492273740449e-01
1.635809391740000174e-01,1.631553534203661060e-01
1.706920862200000111e-01,1.727718852290773266e-01
1.916799396280000345e-01,1.969523598421686339e-01
2.085516005749999957e-01,1.884758552275404286e-01
2.058236002919999752e-01,2.196895502623046892e-01
1.828240007160000513e-01,1.992844064823158234e-01
1.857409924269999846e-01,1.767403590117697376e-01
1.775099337099999841e-01,1.891805040278103645e-01
1.752161234619999952e-01,1.764953708895193873e-01
1.971126049759999999e-01,1.832339396141096088e-01
1.845117062330000057e-01,1.977885115871020894e-01
1.984785944219999987e-01,1.802837787526625768e-01
2.143009155989999692e-01,2.050627134481384783e-01
1.841159015890000139e-01,2.087691879612010026e-01
2.104043960570000094e-01,1.580142032247586481e-01
2.032361328599999739e-01,2.114558245890404975e-01
2.088565975429999833e-01,2.096460435260337485e-01
1.960448026660000231e-01,2.055592349891419424e-01
1.900728046889999523e-01,1.747671440652536767e-01
1.658952832220000062e-01,1.825893331319679569e-01
1.872539073229999851e-01,1.728319051810455476e-01
1.852532625200000171e-01,1.877028223651997507e-01
1.799222826959999966e-01,1.814712574041967563e-01
2.012764066460000223e-01,1.876855875488802339e-01
1.978618204589999985e-01,2.164300118738233247e-01
1.950792670250000027e-01,1.865539653149666244e-01
1.711323857310000085e-01,1.897284730751596371e-01
1.623787879939999901e-01,1.740198724219227389e-01
1.677809953689999856e-01,1.735622466598801816e-01
2.059821039440000168e-01,1.864070879689743443e-01
2.158481031659999771e-01,2.148264100447315195e-01
2.141157686710000174e-01,1.979018749331689087e-01
1.768843084569999835e-01,1.850646365849206998e-01
1.967563778159999444e-01,1.747832093779713436e-01
1.834106147289999988e-01,1.980716608184180105e-01
1.805770993230000065e-01,1.764692930826644302e-01
1.911945044990000231e-01,1.905582905827472862e-01
2.012096941470000178e-01,1.973282600892585781e-01
2.066745012999999798e-01,1.916792446518808535e-01
2.420079559090000110e-01,2.057910973046468972e-01
2.195876985790000124e-01,2.384533602856518109e-01
2.106474190949999825e-01,1.730586056064213063e-01
1.944769918919999896e-01,1.818899699515961477e-01
1.704634428020000148e-01,1.799343362728070550e-01
1.787724494929999741e-01,1.784586589955645952e-01
1.750701963900000158e-01,1.866676353404973510e-01
1.796004772190000487e-01,1.793460284329907173e-01
1.688816994429999940e-01,1.943962052851322675e-01
1.640222966669999949e-01,1.641944032601389547e-01
1.799237728120000324e-01,1.709880261088352615e-01
1.769366562369999729e-01,1.929229671336797902e-01
1.781685650350000039e-01,1.706762068904550955e-01
1.665234863759999795e-01,1.854316443150314520e-01
1.855484992270000077e-01,1.818563443599382490e-01
1.732649058100000083e-01,1.964306855965592957e-01
1.860052198169999949e-01,1.809032241687786036e-01
1.832000017169999884e-01,1.918406221370834441e-01
1.951216459270000425e-01,1.886572238733802975e-01
2.088083624839999763e-01,2.085569919540439521e-01
1.873752027749999993e-01,2.062423226984650693e-01
2.025922685860000183e-01,1.630143146628137418e-01
1.986005455260000108e-01,2.100555322986248918e-01
1.863885968919999914e-01,1.940279744629805347e-01
1.716178953649999950e-01,1.837703036521662336e-01
1.885485500099999823e-01,1.597111404697333925e-01
2.112170010809999998e-01,2.050849508183490155e-01
1.833238750700000030e-01,2.034273875965623979e-01
2.096922993660000067e-01,1.725267237593244296e-01
2.197588831190000203e-01,2.099690274729310580e-01
2.330529242750000174e-01,2.121995718168763201e-01
2.151579260829999951e-01,1.981907003453744487e-01
2.008593231439999849e-01,1.842653128487249381e-01
1.312076449390000010e-01,1.792338325228747531e-01
1.399971693750000079e-01,1.419139181675232730e-01
1.684847325090000070e-01,1.762006254007592587e-01
2.097207009790000298e-01,2.010935111252135643e-01
1.677834987640000053e-01,1.963653384941355939e-01
1.697814613580000132e-01,1.504869713124421526e-01
1.778024435040000129e-01,1.720150386385473351e-01
1.989280730490000093e-01,2.050053459010860168e-01
1.968562752010000194e-01,1.888877936001675251e-01
1.764101982119999634e-01,1.850508402703625599e-01
1.775619983670000124e-01,1.752694983910763060e-01
1.848997771739999962e-01,1.859971800813962073e-01
1.751745045190000183e-01,1.977503033137027744e-01
1.822087168690000036e-01,1.777982594749942247e-01
1.833387613300000163e-01,1.944255254753815831e-01
2.092746049170000067e-01,1.894625874912020946e-01
2.103900015349999819e-01,2.024956741014346528e-01
1.875178515910000121e-01,2.016469646464910670e-01
1.892182081940000093e-01,1.780696702359718386e-01
2.129119038579999901e-01,1.970358213556819005e-01
1.846891939640000202e-01,1.973742030455166996e-01
1.933595985170000198e-01,1.664799867367066921e-01
1.597519963980000013e-01,2.068289883509958349e-01
1.731968969110000145e-01,1.582014881739096102e-01
1.763989776370000484e-01,1.906450424433438762e-01
1.903230398890000119e-01,1.834855131461680944e-01
1.978137493129999980e-01,2.044362152536248756e-01
1.724811047320000124e-01,2.061446716684695313e-01
1.773964017630000056e-01,1.611207145607565783e-01
1.862247735259999759e-01,1.742463375198089470e-01
2.039294093849999823e-01,1.984182250360317368e-01
2.303259670730000153e-01,2.114433117451397504e-01
2.793866395949999859e-01,2.569497816951244462e-01
2.991397082810000052e-01,2.360162346537937328e-01
2.514718174930000161e-01,2.699315692175716097e-01
1.890812516209999794e-01,1.898342474523907752e-01
2.833725214000000214e-01,1.748401635737603654e-01
2.606627941129999737e-01,2.959641013457176006e-01
2.856159806249999877e-01,1.652239102600087939e-01
2.152941524979999910e-01,2.096528022850921436e-01
1.691618561740000082e-01,1.544346885017728044e-01
1.676646620040000146e-01,1.761635397811195380e-01
1.986771523950000007e-01,1.860770677257359562e-01
1.806469559670000058e-01,2.116433841018244832e-01
1.824937760829999922e-01,1.701828338006687591e-01
1.871567964549999963e-01,1.849314393963700509e-01
2.099210023880000164e-01,1.950088792317866138e-01
1.939254999159999993e-01,2.203378917461663034e-01
1.662387549880000037e-01,1.764268709300449711e-01
1.659430116420000101e-01,1.620495135283080423e-01
1.823978126049999871e-01,1.859764425251539122e-01
1.884365230800000013e-01,1.970620774921534035e-01
2.158337980510000031e-01,1.875538063098984298e-01
2.153968065980000068e-01,2.032627363789095976e-01
1.994820386169999793e-01,1.962576510039653888e-01
1.468160003419999859e-01,1.914985883164595781e-01
1.810178905730000509e-01,1.527253305532548788e-01
1.982497125860000209e-01,2.036536394142601791e-01
1.886273920540000038e-01,2.156495041976863036e-01
1.874347329140000074e-01,1.799219903212443683e-01
1.838997006419999802e-01,1.962190586776129675e-01
1.789868623020000049e-01,1.832115697942469645e-01
2.386641800400000069e-01,1.777400540379096561e-01
4.006521701810000224e-01,2.720100303810342735e-01
3.205133974549999598e-01,3.223211339279418719e-01
3.453539609910000197e-01,1.773540515142374430e-01
3.201048076149999866e-01,2.444032558407110145e-01
3.410750627520000022e-01,2.732140807654545589e-01
3.317869901659999954e-01,2.678152038580922101e-01
3.053638935090000062e-01,2.471462876234630512e-01
2.349332422019999866e-01,2.206414164528943678e-01
2.433501929039999789e-01,1.960143131939366401e-01
2.282197028400000105e-01,2.378581668004704219e-01
2.155468463900000187e-01,1.977744351894574204e-01
1.862514019010000077e-01,1.884487915106341782e-01
1.789111644029999504e-01,1.746336093748019069e-01
1.881189942359999534e-01,1.781134145841493099e-01
2.258600741620000185e-01,2.049490405286053807e-01
2.293289005759999999e-01,2.170609839984643796e-01
2.172957956789999534e-01,2.061203484173861067e-01
2.285813987260000013e-01,1.961186165476295207e-01
2.961176931860000083e-01,2.498563958788992678e-01
2.966041862959999942e-01,2.303464454024632124e-01
2.547382712360000134e-01,2.228098016472894183e-01
2.234010547399999935e-01,1.852957704020381513e-01
2.086469978090000066e-01,2.006208716991489116e-01
2.144542932510000166e-01,1.865501051182416603e-01
1.909040212630000177e-01,2.085618569627079866e-01
1.961078941820000032e-01,1.659431821011514985e-01
1.758218258620000141e-01,1.923675140608222534e-01
1.801499277349999928e-01,1.797810862222818939e-01
1.802266091110000246e-01,1.933519078005782321e-01
1.831340938809999930e-01,1.896124556852862020e-01
1.799343973400000241e-01,1.859190032396318693e-01
1.912952065469999963e-01,1.798984094353135998e-01
2.391949146990000052e-01,2.081678350103168817e-01
2.476447969680000138e-01,2.254049171251841233e-01
2.603625059129999753e-01,1.830526842074607641e-01
2.153915017839999890e-01,2.182023275689331521e-01
1.687171012159999761e-01,1.713726462402283546e-01
1.901023983960000163e-01,1.746403659575920808e-01
1.932636946439999781e-01,1.996432676745786838e-01
1.967433989050000331e-01,1.846899969144623621e-01
1.968259066340000141e-01,2.025357061909116019e-01
1.806160062550000167e-01,1.913817566878465160e-01
1.917202025649999975e-01,1.813306855202213574e-01
1.939498037100000072e-01,1.997523429105853565e-01
1.780927032229999429e-01,1.809725226646698160e-01
1.982128173110000169e-01,1.819819909796522583e-01
2.026619017119999921e-01,1.857767799394787200e-01
1.926424354309999587e-01,1.879833906849425473e-01
1.775846034290000375e-01,1.941673839110137079e-01
1.697379499670000069e-01,1.754463949459600658e-01
1.742126941680000041e-01,1.821870428909765360e-01
1.767573058610000247e-01,1.815252450936077622e-01
1.698893159629999983e-01,1.820305416301227497e-01
1.786662638189999985e-01,1.799508761027965864e-01
1.773128658529999901e-01,1.900270056279028674e-01
1.912915557620000206e-01,1.852015550900999452e-01
1.917339116329999926e-01,1.990243433552062735e-01
1.682408750059999902e-01,1.822316991525771146e-01
1.533582359550000052e-01,1.610043530956173086e-01
1.219834238290000011e-01,1.629443513673455302e-01
1.124273017049999962e-01,1.524097439024346412e-01
1.387385427950000027e-01,1.531698250368883352e-01
1.735682934519999776e-01,1.769001284232452342e-01
1.894755959509999699e-01,2.087432301430317272e-01
1.896263062950000189e-01,1.885989847893621563e-01
1.874510943890000114e-01,1.907714652562345348e-01
1.846003979439999887e-01,1.972691488817125693e-01
2.440665513279999810e-01,1.795175784549682685e-01
2.327407002449999873e-01,2.363010576274684749e-01
2.219963967800000215e-01,1.809170642599689238e-01
1.852974742650000117e-01,1.848000688502042521e-01
1.947617977860000016e-01,1.814738172567741670e-01
1.780637502669999983e-01,1.917533190216547667e-01
1.859644204379999610e-01,1.728758129654741071e-01
2.072025239469999502e-01,2.033784305133328474e-01
1.870556026700000152e-01,2.053286964048021690e-01
2.003259211780000215e-01,1.637428147578407212e-01
2.049419134859999936e-01,2.099858973503105630e-01
4.109843969350000514e-01,2.060848968863407682e-01
3.850685060019999884e-01,3.451160539390397686e-01
3.761990368370000670e-01,2.008623689279541435e-01
3.382981419560000536e-01,2.157818442435709416e-01
2.050670981410000482e-01,2.100940096668162393e-01
2.311079055070000277e-01,1.606444882741634161e-01
2.232432067389999997e-01,2.223520462277923937e-01
1.962449550630000206e-01,1.860666740536939812e-01
1.992976218459999727e-01,1.677247651950471985e-01
1.784480065109999847e-01,2.047698659191248549e-01
1.708953380579999737e-01,1.785685689393732845e-01
1.857410371300000085e-01,1.758426313442831568e-01
1.884250044819999748e-01,1.966259799765849303e-01
1.818749755619999964e-01,1.891541666941370936e-01
1.925081014630000142e-01,1.844559092625455421e-01
1.790819615130000153e-01,1.977827828382156539e-01
1.921849995850000159e-01,1.807105213186273873e-01
1.867637038229999769e-01,1.882800773170842379e-01
1.980000883339999851e-01,1.924568729010510126e-01
3.074838817119999734e-01,1.996735135456014776e-01
2.838982045650000341e-01,2.561560723854514054e-01
2.563236057759999964e-01,1.835033757954949163e-01
2.176708281040000137e-01,1.783274388262856280e-01
3.016590476040000302e-01,1.845183287780515768e-01
3.009566068650000314e-01,3.377469873779906928e-01
3.871228992939999558e-01,2.063308567528899240e-01
3.553330004220000005e-01,4.077062900179715399e-01
2.734268903729999978e-01,2.315149075370462328e-01
3.047637045380000020e-01,1.593344983135816240e-01
1.934034079309999710e-01,2.265589197153322631e-01
1.674667745829999943e-01,1.617646483188484585e-01
1.849085837600000226e-01,1.789476902530206248e-01
2.460200339559999727e-01,2.071805109194514438e-01
2.682054042820000150e-01,2.621445064214525944e-01
2.603135108949999887e-01,2.495887822873462947e-01
2.072546035049999680e-01,2.131305003858623148e-01
2.076155245300000118e-01,1.535987325264043246e-01
1.928880363700000156e-01,1.867940818843683015e-01
1.886100023979999929e-01,2.021888942712731785e-01
1.899161785839999783e-01,1.769832538431247437e-01
1.841135472060000111e-01,1.909907402306904867e-01
1.885657012459999726e-01,1.912151813017191615e-01
1.928238719700000325e-01,1.914255730858908933e-01
1.931996941570000015e-01,1.943651323831276645e-01
1.622868627309999867e-01,1.840266751434233294e-01
1.296745538709999923e-01,1.603341252452558652e-01
1.509044617410000011e-01,1.536538362684788661e-01
1.567745953799999925e-01,1.799079194393165271e-01
2.352031022309999941e-01,1.750425007721236326e-01
2.412368059159999689e-01,2.346485386713641208e-01
3.487674891950000022e-01,2.163279952674512507e-01
4.479171633719999934e-01,3.226560531246873142e-01
7.274934649469999570e-01,4.032877209514945660e-01
7.546014785770001065e-01,6.259128357805194831e-01
6.946486234659999814e-01,3.985796871998082413e-01
6.383669972420000782e-01,3.644118740880314955e-01
5.096258521080000436e-01,3.435063605698869815e-01
3.489852249620000735e-01,2.953036714235142690e-01
3.274166882039999948e-01,2.923472889114011597e-01
3.183498978609999863e-01,2.267075355729414876e-01
2.771280407910000076e-01,2.433360875435973680e-01
2.614668905739999660e-01,2.234241064975633906e-01
2.646197974680000176e-01,2.152146409777133673e-01
2.569813728329999880e-01,2.358090102858027004e-01
2.632848024370000317e-01,2.177598272164320559e-01
2.274889498949999866e-01,1.920488221248694838e-01
1.972997337579999733e-01,1.670138951313623887e-01
1.593737602229999828e-01,1.599097105096637106e-01
1.552143245940000027e-01,1.634643716206686248e-01
2.165970057250000136e-01,1.693082684786781644e-01
2.152127921579999881e-01,2.489604812158908997e-01
2.079710960389999919e-01,1.943333444975658131e-01
2.003736048939999681e-01,1.902824664152814871e-01
1.930765211580000029e-01,1.776163840331285160e-01
1.887691617009999989e-01,1.925640053891085612e-01
2.153376042839999782e-01,1.875553823892036343e-01
2.704129219060000255e-01,2.311932800471949712e-01
5.549836754800000493e-01,2.977916568811326825e-01
5.126557946209999717e-01,5.660871784432200959e-01
5.099799633029999946e-01,2.292945601082165552e-01
4.163484573359999552e-01,2.658625517355149293e-01
2.535916566849999998e-01,2.109238356749807419e-01
1.788074076179999861e-01,1.716475768780761912e-01
1.850019842389999947e-01,1.789239871638457213e-01
1.711802035570000047e-01,1.989445924768419305e-01
1.727939993140000241e-01,1.752459524276149261e-01
1.767069548369999965e-01,1.836464158362099974e-01
1.761609017850000181e-01,1.834766297842527483e-01
2.039509564639999939e-01,1.797162719797971153e-01
1.905422955750000480e-01,2.066746222723436777e-01
1.819348037240000049e-01,1.754133607429838315e-01
1.684180349109999919e-01,1.725490797209399962e-01
1.891849339009999964e-01,1.753227677835621501e-01
1.689333617690000067e-01,1.971529715419335083e-01
1.962249428029999576e-01,1.645277263430506842e-01
1.980420649049999537e-01,2.043504997331578033e-01
1.778897047040000068e-01,1.911779222822891366e-01
1.612316220999999994e-01,1.755248864295984035e-01
1.492553949359999854e-01,1.757758666425471294e-01
1.442013978960000053e-01,1.592083892781557264e-01
1.220441684129999899e-01,1.630405780816175376e-01
1.259213238949999925e-01,1.537954893527679057e-01
1.192706972360000062e-01,1.606030631663377672e-01
1.400409787890000146e-01,1.545850425184428223e-01
1.655126959090000016e-01,1.767677998916271642e-01
1.946723610159999951e-01,1.931015482310006193e-01
1.824015975000000123e-01,2.059577281650226410e-01
1.781254708769999806e-01,1.830042272391500247e-01
1.768455654380000075e-01,1.838490095617390241e-01
1.895092576740000090e-01,1.848795892816624264e-01
1.890345066789999584e-01,1.961304793280844450e-01
2.166133970019999688e-01,1.840954618218361427e-01
2.142671942709999944e-01,2.214268308780318883e-01
1.696722060440000179e-01,1.873953903161615087e-01
1.861636042589999707e-01,1.513855696428213493e-01
2.109026014799999793e-01,2.029733263465976489e-01
2.016181051729999951e-01,2.209725154992118745e-01
2.371999472380000307e-01,1.610693584358124930e-01
1.953185498709999746e-01,2.207422072881631003e-01
1.463003754620000041e-01,1.674354986298473569e-01
2.596421837810000133e-01,1.554736590918632810e-01
4.047906100750000014e-01,3.275093007988845728e-01
3.813273906710000216e-01,3.031088096483409711e-01
3.577617108820000391e-01,2.092955500457869267e-01
3.031907975670000144e-01,2.138228914006342352e-01
2.219824343919999943e-01,2.216771310497715197e-01
2.247738689180000249e-01,1.818165880242500199e-01
2.553716301919999876e-01,2.015978332923104854e-01
2.618205845359999895e-01,2.564114612442050523e-01
2.273367345329999900e-01,2.200131556966556656e-01
2.031441032889999831e-01,1.762869993264895574e-01
1.758806854490000404e-01,1.793197059641528091e-01
1.670619547370000013e-01,1.811593452720186848e-01
2.118712961670000117e-01,1.723454454807899217e-01
1.990658938880000006e-01,2.263001406120580816e-01
1.948491036890000194e-01,1.722404969873936043e-01
1.566408872600000002e-01,1.857681129982539925e-01
1.590297073130000072e-01,1.528207190237650948e-01
1.671897023919999836e-01,1.846499042089483900e-01
1.815824955700000298e-01,1.762488502718800865e-01
2.245292961599999748e-01,2.063655208188464873e-01
2.216224968430000053e-01,1.978687905911881428e-01
2.066582888360000148e-01,1.882836761254542135e-01
1.570345163350000128e-01,1.851485914627929719e-01
1.968932896850000003e-01,1.655410554816475754e-01
2.048864960669999902e-01,2.059841682342077596e-01
1.668177992110000118e-01,2.088706604788782006e-01
1.417246013879999988e-01,1.590112410776068630e-01
1.666631847619999829e-01,1.671901563184201855e-01
1.926406770939999569e-01,2.003034586924771487e-01
2.254680991169999982e-01,2.189399879014886641e-01
2.252101451159999879e-01,1.970275310623882670e-01
2.145293951029999535e-01,1.968741853507859074e-01
1.820016801359999881e-01,1.941598148671898894e-01
1.906076073649999592e-01,1.827924864046923115e-01
1.686857044700000030e-01,1.941486230051559514e-01
1.903967410330000276e-01,1.681432210357806933e-01
2.045876085759999741e-01,2.111514937086721722e-01
1.865548938510000199e-01,1.919684382543427603e-01
1.815108954909999961e-01,1.757569816536269369e-01
2.014583945270000120e-01,1.890676563344150518e-01
2.036586105820000214e-01,2.024986320937559869e-01
1.918114423750000019e-01,1.906946942942180090e-01
1.731049269440000093e-01,1.808519604839393946e-01
1.919497996569999865e-01,1.809191797891681053e-01
1.787570714950000028e-01,2.049724984981914910e-01
1.788225024940000296e-01,1.746620632077058866e-01
1.665375530719999941e-01,1.892317198897111030e-01
1.951155364510000489e-01,1.764610882514167645e-01
1.929849982259999874e-01,2.163426184655167783e-01
1.620820015670000058e-01,1.847027263936802111e-01
1.356869190929999858e-01,1.570906397457696724e-01
1.467041671279999959e-01,1.549732530604759906e-01
1.972582042220000220e-01,1.776353075490433586e-01
1.894697993989999940e-01,2.224592082551583583e-01
1.961945891380000029e-01,1.795333222429859599e-01
2.645494043830000086e-01,2.073391577037238809e-01
2.692976891989999899e-01,2.703761818633372838e-01
2.608369886879999822e-01,1.888131294799023363e-01
2.406771630049999999e-01,1.954776331720737559e-01
3.313829302790000098e-01,2.057607836081626618e-01
3.281686902050000021e-01,3.505451106639223546e-01
2.893257141109999986e-01,2.399504931217197323e-01
2.625965774060000091e-01,2.007505400186300470e-01
1.794345527890000014e-01,1.953905908234710165e-01
1.727855503559999895e-01,1.662645368630785714e-01
2.207822054619999752e-01,1.853607254430240103e-01
2.426082938910000264e-01,2.324412200800487494e-01
2.444625049829999841e-01,1.970437043724379278e-01
2.097309380769999676e-01,2.068674499167233727e-01
1.825350672010000175e-01,1.722061829011505563e-01
1.691226661210000204e-01,1.953496239653552680e-01
1.575669944289999902e-01,1.737606635989943360e-01
1.770704984660000092e-01,1.686815410792609493e-01
1.741859167810000109e-01,1.975595686835487086e-01
1.755136996510000269e-01,1.850579306868024854e-01
1.687776893379999976e-01,1.810995037557961429e-01
1.939594447609999939e-01,1.794474609799387721e-01
1.943469941619999919e-01,2.112648973568674871e-01
2.223779261109999905e-01,1.930165742583383193e-01
2.144328951839999942e-01,2.263161794382555492e-01
1.937792897219999533e-01,1.811979872163497762e-01
1.783622056249999921e-01,1.714139750591445743e-01
1.706998199219999790e-01,1.815505645937532941e-01
1.894924789669999998e-01,1.863203454268155257e-01
2.422726899390000022e-01,2.128685743564465160e-01
2.336400598289999908e-01,2.106379866155626002e-01
2.456458657979999904e-01,1.966352444242674413e-01
2.297928631310000025e-01,2.242685075773650505e-01
2.152034044269999780e-01,1.940163732016491061e-01
2.607180178169999918e-01,2.078543233109379773e-01
2.623189091679999918e-01,2.504527021634409545e-01
2.198584228750000147e-01,2.153343430686753823e-01
3.426670730110000229e-01,1.695200415720306275e-01
3.465315699580000519e-01,3.132724227563847275e-01
2.930460572240000117e-01,2.532315004937716885e-01
2.670845985409999734e-01,1.903128215639742493e-01
2.535850703720000099e-01,2.372168478147861359e-01
2.199364602570000049e-01,2.287626472369167219e-01
2.274277955290000264e-01,1.676890834564139510e-01
1.686184257270000042e-01,2.069404183809369357e-01
1.842167228460000195e-01,1.553535657992120844e-01
1.896838992830000015e-01,2.075965898559026801e-01
1.641370058060000192e-01,1.890921885120570578e-01
2.130100131029999677e-01,1.641546286785842135e-01
2.186074256900000234e-01,2.285753680795657716e-01
2.188677042720000021e-01,2.099910174896141013e-01
2.313981950280000199e-01,2.119849671867234664e-01
2.149903923270000128e-01,2.298280065310252251e-01
2.503419816490000116e-01,1.948402523154544042e-01
2.535111904139999983e-01,2.408939947323539554e-01
2.445873767139999932e-01,2.141961790506950458e-01
2.031902372839999860e-01,2.098061953610462493e-01
2.327843457459999599e-01,1.804921427229055908e-01
2.531769871709999564e-01,2.313120341066107755e-01
2.558321058749999932e-01,2.117788978960913060e-01
2.091450989249999948e-01,2.128147174679938525e-01
2.179704755539999816e-01,1.681568004848941755e-01
2.751700878139999862e-01,2.208580321386723611e-01
2.834362983699999505e-01,2.575458768843700286e-01
5.200669765470000705e-01,2.425483963911714003e-01
5.718095898630000118e-01,4.938495522680648731e-01
5.820317864419999321e-01,3.346729005544100133e-01
5.010549426079999868e-01,3.499174489432104185e-01
2.807539105419999959e-01,3.068672796526773494e-01
2.063424885269999898e-01,1.846945107563850441e-01
2.145204693079999780e-01,1.841419772224529572e-01
2.198818922040000068e-01,1.918422701685385257e-01
2.337387651210000028e-01,2.064622295307395605e-01
2.567627131940000140e-01,2.233570052149922158e-01
2.328460067509999509e-01,2.199674130913612524e-01
1.991674900050000030e-01,1.834598042441840660e-01
1.789865642790000044e-01,1.668990312859441882e-01
1.796395033599999802e-01,1.808660781046040888e-01
1.698227077719999811e-01,1.913957821197324605e-01
1.522479057309999995e-01,1.734819629723530210e-01
1.740261465309999867e-01,1.595922714078022997e-01
1.826220005749999709e-01,1.911602179834488990e-01
1.566141396759999915e-01,1.919368885574317118e-01
1.689846664669999721e-01,1.587535414454677996e-01
1.731435954569999769e-01,1.889632947458696755e-01
1.901344954969999834e-01,1.686264528150525632e-01
1.337733566760000159e-01,1.903250549177791240e-01
1.587713211769999910e-01,1.412113991871820906e-01
3.362798094749999689e-01,1.939457304205722266e-01
3.365317881109999854e-01,2.930307397321178509e-01
3.025190830230000127e-01,1.952953502220991511e-01
2.839955985550000062e-01,1.838306265388282290e-01
1.806526631120000115e-01,1.944818649090171159e-01
1.813106983900000246e-01,1.717327564457314937e-01
2.399948686360000027e-01,1.998981098523825717e-01
2.357428967949999898e-01,2.495075901745629210e-01
2.299271076919999768e-01,2.193098675519920548e-01
2.266699969770000211e-01,2.002816207660340075e-01
2.079305946829999863e-01,2.053454389655060830e-01
2.176461517809999968e-01,1.821511566988357200e-01
2.530807852749999975e-01,2.188587699158513200e-01
2.445257008080000127e-01,2.347717082966934987e-01
2.472106367350000167e-01,1.809948672076303333e-01
2.140260040760000038e-01,2.018044781154095246e-01
3.001447618010000262e-01,1.955619900216848672e-01
4.906117916109999921e-01,3.277222356728780595e-01
3.879201114179999799e-01,4.351563553047577138e-01
3.368788957599999634e-01,2.135939677285874638e-01
2.932540476320000256e-01,1.974938462653743620e-01
1.897923052309999914e-01,1.968412043950053536e-01
2.160292118790000104e-01,1.794437468787248857e-01
3.753999471659999476e-01,2.320128230902458455e-01
3.595648109909999612e-01,2.749808746012923910e-01
3.568296134470000380e-01,2.194791465221999638e-01
2.543200254440000085e-01,2.341065017326648401e-01
1.710169017309999817e-01,1.647963942484771682e-01
1.929912567139999979e-01,1.714872624455978378e-01
1.877582967279999848e-01,2.015438044490626412e-01
1.911910772320000174e-01,1.846210310745101946e-01
2.173696309329999909e-01,1.928868469980565825e-01
2.077021002769999791e-01,2.023070801517507511e-01
2.206149846319999941e-01,1.846032489543830146e-01
2.270559668539999798e-01,2.015927226224596969e-01
2.409625947480000252e-01,2.072035268198541280e-01
2.354097962379999853e-01,1.974628471037370714e-01
2.214455157519999995e-01,1.893195414468962501e-01
1.873570978640000106e-01,1.940132167306088951e-01
1.875694990160000075e-01,1.658845705536884929e-01
1.860239952800000485e-01,1.949962695634285259e-01
2.020407021049999696e-01,1.803165168149277464e-01
1.742038130759999970e-01,1.839475873733935618e-01
1.875655949120000054e-01,1.615768082214698864e-01
1.820583045479999829e-01,2.002763175954073160e-01
1.922361850739999767e-01,1.780403049665239545e-01
2.172528207300000180e-01,1.986492757352212590e-01
2.296049296860000200e-01,2.038897719042295498e-01
2.509359121320000052e-01,2.031763363596626459e-01
2.739968001839999667e-01,2.277004188217592873e-01
2.468370050189999942e-01,2.241767103751786394e-01
2.319672256710000047e-01,1.763897630010410056e-01
2.044411897660000088e-01,1.818032561857818308e-01
2.075911909340000250e-01,1.928145369155443711e-01
2.634023129940000207e-01,2.084752413064009657e-01
3.036424219609999975e-01,2.600742916139623939e-01
3.236212432380000115e-01,2.789198961708293512e-01
3.383783698080000124e-01,2.945267243624059006e-01
3.256455063820000162e-01,2.825816452671176537e-01
3.199611008170000215e-01,2.560585518308551300e-01
3.445942103859999661e-01,2.757746571553503223e-01
3.591096997259999868e-01,2.666486427100186463e-01
3.462464511389999888e-01,2.398547350581946846e-01
3.135047256949999861e-01,2.349403508985475064e-01
2.611905336379999887e-01,2.256406088648194308e-01
2.517339885229999963e-01,2.117576615111048388e-01
2.365340739490000288e-01,2.154424128337816824e-01
2.257324606179999804e-01,2.088523566112735486e-01
2.135377526280000104e-01,1.867884743052329599e-01
1.833177059890000182e-01,1.849621404568774219e-01
2.036423683169999999e-01,1.730045972187055359e-01
2.443349212410000082e-01,2.062660964249671547e-01
2.420464009050000143e-01,2.158230220812642763e-01
1.904003769159999526e-01,2.120030704164534152e-01
1.422279328109999907e-01,1.556099011377727326e-01
1.802364736799999811e-01,1.545389569525168760e-01
1.587783545260000040e-01,2.015839111940770922e-01
1.564234346149999955e-01,1.611750912217783382e-01
1.458736360070000126e-01,1.779267986713672367e-01
1.534039974209999990e-01,1.638473656770160214e-01
1.587697118520000061e-01,1.713657852636322754e-01
1.766731888060000533e-01,1.789493037966175815e-01
1.735716015100000065e-01,1.926323071971082213e-01
1.556300967930000223e-01,1.780185540984507986e-01
1.678923070430000108e-01,1.616077615468457795e-01
1.889611035589999766e-01,1.815813384829199906e-01
1.857852935790000048e-01,2.096583121323553067e-01
1.759144961829999798e-01,1.765267252782715124e-01
1.993034631010000002e-01,1.760771857624714443e-01
1.905056983229999890e-01,2.087904113313001353e-01
1.746108233929999920e-01,1.864980923229519194e-01
1.891844570640000001e-01,1.750567411861650158e-01
1.795153021809999805e-01,2.031151911805840204e-01
2.012605071070000251e-01,1.666899586092764896e-01
2.108775675299999763e-01,2.142302943779522684e-01
1.980962008239999794e-01,2.083157029310774844e-01
1.666497588159999987e-01,1.834052187548783630e-01
1.744651794429999958e-01,1.629720095361575360e-01
1.693953573699999993e-01,1.924529184716750052e-01
1.666028350590000040e-01,1.682307520351428998e-01
1.645158231259999937e-01,1.762903405317035599e-01
1.785626411439999728e-01,1.795686528037198637e-01
2.016437053679999980e-01,1.910060241577225537e-01
2.162254005669999868e-01,2.017299547321688702e-01
1.915986984970000084e-01,1.927937841976010425e-01
1.954402029510000083e-01,1.735309799906479267e-01
2.037038058040000210e-01,2.036996650688830401e-01
1.996463239190000016e-01,1.940999607165201923e-01
1.804761737589999915e-01,1.942716799936150540e-01
1.873520165680000182e-01,1.797986078896179063e-01
1.970120966429999843e-01,1.975928945529432101e-01
2.032908946279999851e-01,1.807758893534961442e-01
1.883477419610000425e-01,2.039241650488359814e-01
2.073840051889999925e-01,1.739853238187275553e-01
1.903086006639999883e-01,2.091888802352047938e-01
1.647335141900000133e-01,1.767174337668164508e-01
1.856785118579999949e-01,1.678988519678454860e-01
2.097074985500000099e-01,1.875088494192974631e-01
1.964578926559999994e-01,2.167361223111040625e-01
2.250059992069999848e-01,1.741450875555706213e-01
2.485178858039999994e-01,2.211308868248071102e-01
2.478968948129999794e-01,2.223194902139453422e-01
2.352291047569999849e-01,1.939884986016685020e-01
2.200151830909999606e-01,1.892035433999046667e-01
1.695966720579999976e-01,1.882689264976723509e-01
2.001868933439999443e-01,1.698575488911123754e-01
1.837853938339999993e-01,2.024171647052100675e-01
1.719795018430000100e-01,1.688576372070904885e-01
1.722060889009999762e-01,1.726852093563108481e-01
2.091183662410000255e-01,1.863105279492469901e-01
1.962699592110000169e-01,1.893684811457137795e-01
2.345576137300000308e-01,1.708099732377167113e-01
2.212668955329999965e-01,2.265390477193761354e-01
2.321032136680000191e-01,1.845848083408691276e-01
2.424474954610000288e-01,2.138474519110796501e-01
2.362180352210000167e-01,1.957072826249469377e-01
2.033241987229999492e-01,1.967062706405558747e-01
1.746149510150000472e-01,1.717071202564648402e-01
1.879347711800000154e-01,1.887047696763854421e-01
1.927646994589999885e-01,1.961405981446935065e-01
1.995158940549999760e-01,1.850390193211857437e-01
1.902115345000000013e-01,2.094140769655697953e-01
1.989603042599999982e-01,1.911122092744521606e-01
1.870438009499999499e-01,2.038067707533311179e-01
1.557538956400000008e-01,1.785012616980147238e-01
1.348650753500000021e-01,1.592874886802528867e-01
1.567980051039999934e-01,1.576173947106101203e-01
1.943633109329999942e-01,1.878392105505101439e-01
2.161478996279999898e-01,2.162995061965913013e-01
2.312179952860000387e-01,2.086565394400831386e-01
1.992108970879999941e-01,2.166318975676354563e-01
3.674222230910000331e-01,1.733446343430433134e-01
4.058226048949999942e-01,4.009916696224339883e-01
4.052526056769999996e-01,2.024245084655384441e-01
3.688966929910000303e-01,2.310641884983388183e-01
2.675450444220000001e-01,2.100759001392124570e-01
2.104666233059999947e-01,1.922487643937813018e-01
2.505743205550000074e-01,2.091320112405195830e-01
2.567990124230000171e-01,2.051057792171065708e-01
2.333147972819999694e-01,2.258636242959636831e-01
1.871584951879999847e-01,1.798279663797599515e-01
1.702336072920000165e-01,1.751439507763968007e-01
1.787967979910000116e-01,1.799889525354307629e-01
2.178041040900000058e-01,1.833521942173420849e-01
2.256611436609999854e-01,2.314537050108076421e-01
2.151906937359999994e-01,1.968807163203397381e-01
2.004701942210000143e-01,1.807283135676922559e-01
1.993511021139999784e-01,1.776022049912987233e-01
2.054219990969999576e-01,1.930764075883109332e-01
2.202302068469999818e-01,1.905367404080496596e-01
2.543391883370000328e-01,2.079950938049225095e-01
2.307367920879999923e-01,2.318466404380145340e-01
2.086869627239999747e-01,1.867466622118551800e-01
1.803357303139999923e-01,1.763451017171538404e-01
1.733369380239999924e-01,1.805455506160938417e-01
1.888285428290000234e-01,1.788671995465458964e-01
1.801446974280000168e-01,2.009721040990065932e-01
1.690454930070000028e-01,1.731352689362413988e-01
1.937783956529999796e-01,1.730700103498217512e-01
1.963465064759999934e-01,2.045148474804419358e-01
1.779485940929999843e-01,1.885600073044147729e-01
1.642222702499999964e-01,1.712684149962774849e-01
2.063633054490000007e-01,1.760409975615926381e-01
2.183381021019999979e-01,2.197150502949116735e-01
1.926020979879999873e-01,1.995322765594746972e-01
1.817457973960000250e-01,1.694965601616307271e-01
1.791574060919999822e-01,1.882717955569796486e-01
1.796555072069999648e-01,1.840715125001167740e-01
1.755983978510000099e-01,1.820699281493249888e-01
1.700639575719999907e-01,1.831663519904786208e-01
1.699959039689999951e-01,1.796293655362753983e-01
1.770231574769999816e-01,1.728047184838900630e-01
1.734361052510000056e-01,1.817058096100993836e-01
1.864347159860000047e-01,1.820734091649728881e-01
1.702874004839999844e-01,1.938564887988931673e-01
1.785273402929999920e-01,1.646263562202137098e-01
1.290820986030000173e-01,1.803349339382310512e-01
1.158849000929999956e-01,1.410103140012850254e-01
1.127520129079999933e-01,1.548225936048742424e-01
1.570463031529999998e-01,1.574135001216603047e-01
1.757429093120000119e-01,1.910660979943998028e-01
1.788239777089999927e-01,1.967551824098938695e-01
2.061250060799999784e-01,1.906115855211679977e-01
2.961472272869999922e-01,2.439390970411414450e-01
2.668476104740000188e-01,2.806305251971032977e-01
2.756402194500000014e-01,1.801651770534913044e-01
2.648843526840000129e-01,2.251534936251069485e-01
3.272587060930000069e-01,2.654647061991322610e-01
2.934317588809999822e-01,2.758460312204997211e-01
2.612319886680000147e-01,1.940449549443549748e-01
2.073775231839999900e-01,1.854231694930456864e-01
1.807138323779999833e-01,1.794353984641053334e-01
1.843436211349999965e-01,1.821947350362918827e-01
2.054681032900000093e-01,1.924771606486900544e-01
1.878930032250000215e-01,2.104245294512363806e-01
2.013643831010000218e-01,1.732524141092589287e-01
1.992990970609999912e-01,2.009971785944157097e-01
2.207290083170000417e-01,1.870438409411073200e-01
2.184396982190000003e-01,2.237823788613402809e-01
2.160932719709999783e-01,1.913733990311019262e-01
1.800702065230000148e-01,1.935564845835083259e-01
1.806241124869999992e-01,1.682749100495660455e-01
1.736052930359999746e-01,1.941958219992026835e-01
1.964215040210000318e-01,1.674058674450764617e-01
2.613951861859999948e-01,2.146942250473035663e-01
2.367069572210000195e-01,2.309130925992642080e-01
1.817331761120000166e-01,1.878572602550075132e-01
1.872550845150000032e-01,1.508384750069854952e-01
1.708921939130000067e-01,2.016320074026398956e-01
1.886087059969999979e-01,1.736803965264203109e-01
1.907265037299999966e-01,2.063480950891659615e-01
1.932464987040000415e-01,1.793652574024079405e-01
1.732929944990000137e-01,1.938766115010724933e-01
2.095063477749999625e-01,1.672131179076724039e-01
4.538556933399999771e-01,2.412658296636527866e-01
4.529328942299999938e-01,4.386254765496697683e-01
4.376089870929998904e-01,2.211365688242955818e-01
4.101786911490000742e-01,2.385609421876270231e-01
2.999480962750000201e-01,2.469012838673106669e-01
2.743109166620000261e-01,2.377028698752574609e-01
2.636764347549999665e-01,2.526908732658909029e-01
3.030085861679999715e-01,2.149387878274584829e-01
2.883977890009999934e-01,2.609504703453043861e-01
2.769187986850000227e-01,2.226563365462125021e-01
2.645944654940000085e-01,2.351269965269076889e-01
3.595731556419999864e-01,2.357477604226162204e-01
3.489974141120000262e-01,2.896125963201799935e-01
3.149650990960000119e-01,2.455381231784442564e-01
2.530409693719999908e-01,2.164189636442352682e-01
2.099061757329999944e-01,1.835759378968839506e-01
2.237384021280000024e-01,2.080967151620083944e-01
2.169338017699999344e-01,2.131063734239746488e-01
2.123453021049999945e-01,2.036896867731849137e-01
2.144929021599999985e-01,2.113919321215286529e-01
2.123427987100000303e-01,2.037268913510351664e-01
2.086919993160000208e-01,2.047041047781674450e-01
2.024399936200000361e-01,1.994075594136768548e-01
1.932131946090000219e-01,1.864432903938848529e-01
1.812405437229999972e-01,1.855538366448824250e-01
1.841152161359999873e-01,1.861172382437968897e-01
2.009199708700000198e-01,1.868863854293037752e-01
1.946409046650000030e-01,2.074567646273445809e-01
1.966055035590000000e-01,1.882936981506137808e-01
1.737543940540000054e-01,2.039963705464137578e-01
1.790176033969999858e-01,1.649382221232299772e-01
2.000912129879999779e-01,1.844267960494480330e-01
1.695824414490000043e-01,2.058053661742901830e-01
1.927433013919999938e-01,1.545822835152407537e-01
2.038794755939999925e-01,2.079158936026363202e-01
2.095497995620000109e-01,2.147556091266848155e-01
2.050999999049999967e-01,1.883498296353750268e-01
1.882844567299999938e-01,1.959252424605630039e-01
2.005678713319999917e-01,1.848510857532767726e-01
1.948222815989999746e-01,2.030089393327869085e-01
1.851616054770000019e-01,1.898650059101426868e-01
1.811457574369999823e-01,1.855956908359670254e-01
1.909579336640000180e-01,1.917417404926612390e-01
2.015465050940000169e-01,2.041912392991400982e-01
1.874635964629999818e-01,1.943154048043686244e-01
2.141287922859999859e-01,1.786768885546647090e-01
2.041694968939999910e-01,2.280671876430614142e-01
2.533474564550000085e-01,1.794042078628824421e-01
2.678037881850000024e-01,2.737162217682074239e-01
3.017286956309999657e-01,1.893290169836940318e-01
3.658618927000000243e-01,2.949573920224117796e-01
3.397559225559999563e-01,3.942971153357261449e-01
2.932764291759999975e-01,2.576925719437412887e-01
2.594402134420000228e-01,1.821464972602784005e-01
1.747480928900000119e-01,1.950836414705391375e-01
1.857970058920000167e-01,1.781559610366233171e-01
2.116256058219999903e-01,1.950841610765215450e-01
2.045923024419999958e-01,2.220517418717216918e-01
2.080095559360000124e-01,1.786338913186447386e-01
2.008861005310000059e-01,1.921124825255041690e-01
2.219119668010000324e-01,2.015264841458982159e-01
2.171941995620000065e-01,2.217115848295857783e-01
2.135767042640000224e-01,1.921043279445185659e-01
2.023674994709999952e-01,1.833473608231285246e-01
1.955586671829999956e-01,1.872387503900110606e-01
1.969362944360000256e-01,2.077503494311204457e-01
1.962438523770000387e-01,1.838590695314400725e-01
2.066201269630000281e-01,1.938366767667930313e-01
2.266834974290000138e-01,2.158614093948946766e-01
2.307016998529999863e-01,1.815235447791670731e-01
2.064162045719999949e-01,1.928868926780404336e-01
2.136748582119999684e-01,1.807234624904065223e-01
2.115589976309999731e-01,2.283123908676740754e-01
2.210098206999999981e-01,1.728244346384013030e-01
2.002004534010000114e-01,1.922392211141609186e-01
2.026610970500000164e-01,1.802956971768285843e-01
1.840810924770000245e-01,2.071715221922592332e-01
1.918098330499999893e-01,1.713527555158459725e-01
1.945068985220000102e-01,2.020124323224509744e-01
1.860962957140000207e-01,1.981795375064782094e-01
3.239021003249999975e-01,1.850158711270156464e-01
2.998737990859999814e-01,3.185829508230740292e-01
2.647733092310000091e-01,1.846276743376577822e-01
2.435151785609999953e-01,1.821059274866083377e-01
1.468971520659999863e-01,1.821745156981580405e-01
1.675205081699999987e-01,1.507004472422979191e-01
1.691907048229999710e-01,1.889201421204878550e-01
1.851512044669999801e-01,1.751074167103679746e-01
1.919896006579999981e-01,2.000303641609521843e-01
1.983390152450000277e-01,1.860284280240784294e-01
2.193651050329999963e-01,1.947514335029930654e-01
2.147694528099999833e-01,2.027146193097122406e-01
2.910268306730000032e-01,2.029173692639132109e-01
2.744570672509999976e-01,2.749734211824615970e-01
2.695364058020000009e-01,1.918272591708153063e-01
2.071107774970000204e-01,2.080223668769048406e-01
1.958816945549999577e-01,1.777300958769080230e-01
1.965135931969999861e-01,1.996249397107075496e-01
1.876440942289999969e-01,1.911342639009172562e-01
2.025545984510000175e-01,1.823893612039203249e-01
1.871117651460000031e-01,2.105944758880262113e-01
1.973968744280000243e-01,1.804652987409420539e-01
2.005362063649999971e-01,2.118850269965445454e-01
2.371928393840000149e-01,1.811449298318935364e-01
2.252300232649999678e-01,2.385344506676353726e-01
2.096156179900000305e-01,1.845966282305283035e-01
1.828726381060000183e-01,1.841236008159040927e-01
2.188799381260000398e-01,1.835242035982253272e-01
2.092117965219999765e-01,2.171426777648885476e-01
2.991323173050000062e-01,1.918219667675673257e-01
3.725849986079999843e-01,3.351283979177135941e-01
3.703671991829999843e-01,2.775464819590098275e-01
3.411498963830000286e-01,2.728901073501923125e-01
2.537753880020000019e-01,2.339396274913208007e-01
2.660570144650000191e-01,1.862888827490324917e-01
2.583504617210000132e-01,2.492020745229679701e-01
2.349327653649999903e-01,1.964425057950703324e-01
1.964800357820000176e-01,1.929117902808104024e-01
2.010751813650000219e-01,1.792328097856571989e-01
2.233009040360000030e-01,2.087568414386614113e-01
2.107799947259999807e-01,2.001273681416873007e-01
2.084790617230000143e-01,1.784261809903082696e-01
2.135446965689999921e-01,2.124558582370464910e-01
2.063921540979999636e-01,2.122422872444503783e-01
1.915937960150000119e-01,1.895896303027333196e-01
1.907173544170000234e-01,1.715916835700139753e-01
2.065229862929999771e-01,1.793951205915236269e-01
2.108760029080000431e-01,1.914502393130285418e-01
1.930121034380000433e-01,1.903810763265108563e-01
1.988846510650000288e-01,1.720786784963601046e-01
2.141418010000000205e-01,1.939514693638716980e-01
2.070428282019999844e-01,1.921138857104509601e-01
3.285667896269999777e-01,1.824575723998690391e-01
4.495427012439999759e-01,3.367642019628842576e-01
4.017376005650000748e-01,3.535381547703961846e-01
3.919491171839999399e-01,2.194010461103761411e-01
3.275258541109999921e-01,2.324099884525289428e-01
2.748836874960000065e-01,1.991694809501489971e-01
2.869270443920000080e-01,2.121831589230673276e-01
2.935220301149999989e-01,2.315646021815137012e-01
3.149933218959999892e-01,2.204638085064031527e-01
3.063029944900000356e-01,2.469973906928582819e-01
2.829472124579999748e-01,2.199372315522769294e-01
2.236190885309999876e-01,1.946160055039366232e-01
2.047974467280000155e-01,1.692558807744697080e-01
1.970064640049999927e-01,1.937814652826943262e-01
2.168944925069999918e-01,1.870474703148590212e-01
2.222929000849999948e-01,1.955598796841931664e-01
2.163385450839999946e-01,2.156358856523573064e-01
2.129120975730000032e-01,1.990708719192723353e-01
2.239284068350000101e-01,1.981534822806300944e-01
2.111652940509999854e-01,2.239018324370435353e-01
2.037166059019999975e-01,1.790813849448347761e-01
1.949672847989999958e-01,1.869668152015557805e-01
2.212041467430000130e-01,1.911645758246308946e-01
2.242754995819999930e-01,2.242484257323975883e-01
2.110134959219999995e-01,1.950084440540092168e-01
1.880159825090000070e-01,1.892882183570745447e-01
1.926469951869999864e-01,1.748063700466604975e-01
1.927028000349999826e-01,1.855092916141523052e-01
2.360453009609999875e-01,1.920828538650361517e-01
2.494726628070000063e-01,2.181768457671033890e-01
2.352280020710000030e-01,2.082349396383916529e-01
1.843072175980000060e-01,1.994453754301671322e-01
1.996876001359999819e-01,1.703448638268951210e-01
1.958325058219999859e-01,1.967401369611199435e-01
1.888218969110000145e-01,1.875997242286392697e-01
1.885980367660000101e-01,1.847514895855511263e-01
1.783643960949999885e-01,1.978230096308614128e-01
1.893583983179999986e-01,1.733094434699088970e-01
1.769174039359999728e-01,1.918670481183571419e-01
1.822073012590000041e-01,1.695189819334036452e-01
1.726381331679999742e-01,1.836243578649715269e-01
1.796488463879999664e-01,1.765432765578949792e-01
1.893453001979999994e-01,1.836165598258131526e-01
2.041255980730000141e-01,1.832740412188537948e-01
2.021193057299999762e-01,1.989423323307124292e-01
1.950753927230000073e-01,1.884353261633023302e-01
1.913484036919999853e-01,1.815133123663904280e-01
1.940153539180000386e-01,1.898218883546814728e-01
2.548274099830000194e-01,1.892595346235805831e-01
2.428829520939999875e-01,2.497315404005700790e-01
2.269057929519999739e-01,1.959103834386319853e-01
2.461629658940000243e-01,1.941957026875084369e-01
2.363652586939999911e-01,2.205680807122010756e-01
2.234285175800000134e-01,1.999412418594349872e-01
2.153740972279999943e-01,1.937656757784430306e-01
2.169086933140000062e-01,1.883085646451439776e-01
1.956495195630000294e-01,2.046548400800176915e-01
1.911730021240000132e-01,1.680457153197350006e-01
1.911281347270000208e-01,1.810702642524464057e-01
1.682610064739999967e-01,1.953124357687757440e-01
1.873182952399999879e-01,1.578046102726149702e-01
1.789516657589999837e-01,1.941932207689126832e-01
1.870546638969999842e-01,1.737169792664028656e-01
2.044772058730000008e-01,1.916257704664077743e-01
1.983377933500000412e-01,1.940379225569643373e-01
2.032073587180000251e-01,1.796810579352738912e-01
2.265556752679999952e-01,1.885801683250813987e-01
2.234009951350000023e-01,2.035755546205011979e-01
2.426621168849999732e-01,1.827892939534000449e-01
2.588768005370000180e-01,2.106083298664373216e-01
2.521358132360000393e-01,1.980854968320861775e-01
2.280115038159999941e-01,2.077192727557428675e-01
1.778044104579999951e-01,1.797296150034368989e-01
1.634968966249999989e-01,1.659457426113162271e-01
1.860933601860000064e-01,1.607442715593958849e-01
1.859123855829999672e-01,1.965889458031772896e-01
1.739067137240000172e-01,1.857015446759876787e-01
1.785075962540000061e-01,1.718140435693792656e-01
1.885641068220000049e-01,1.862677941405994630e-01
2.542034089569999988e-01,1.936436233121331396e-01
2.529518902300000316e-01,2.326591003208107744e-01
2.264477610590000245e-01,1.954854549169435241e-01
2.110380530360000118e-01,1.777049941463791083e-01
2.390624135729999822e-01,1.901170354710590427e-01
2.233908027409999830e-01,2.136103444600046530e-01
2.384739071129999832e-01,1.793972595318921170e-01
2.096938937900000022e-01,2.240404191456917271e-01
2.205873429780000061e-01,1.716015446217215301e-01
1.979559957979999951e-01,2.032375767826544721e-01
2.239636480809999997e-01,1.841223166857893501e-01
1.824693381790000180e-01,2.124855998747136876e-01
1.944653987880000379e-01,1.527796355930700900e-01
1.623506993060000181e-01,1.852999700553385476e-01
1.634901016950000008e-01,1.659538595874547329e-01
1.519308984280000052e-01,1.721440067328803003e-01
1.773174256089999623e-01,1.636844038237596222e-01
2.009179741139999753e-01,2.022950552457509210e-01
1.831925064329999742e-01,1.843449625790440638e-01
1.519723981620000053e-01,1.694328657873035437e-01
1.608350872990000069e-01,1.513883773962291790e-01
1.576898992060000171e-01,1.767242993852825017e-01
1.789468824859999918e-01,1.698412402851242342e-01
1.863833963870000221e-01,1.922265429647337931e-01
1.762941032649999740e-01,1.771698410609243990e-01
1.410365849730000065e-01,1.707780715458809828e-01
1.918971985579999984e-01,1.529829296629909019e-01
2.020718008279999978e-01,2.143605528074212785e-01
2.467120736839999995e-01,1.889575692357340631e-01
2.503778040410000183e-01,2.578718362102784822e-01
2.420776039360000020e-01,2.146893420995766577e-01
2.059547007079999548e-01,2.098640744342432363e-01
1.608465462920000144e-01,1.666859480402478055e-01
1.329861283299999808e-01,1.591031426684713923e-01
1.673102676869999972e-01,1.551129566969826346e-01
1.795337647199999609e-01,1.885868376048975559e-01
1.848126053810000002e-01,1.958024565114407922e-01
2.060592025519999981e-01,1.922195224409920800e-01
1.993591934439999935e-01,2.131142210785584856e-01
2.019896209239999962e-01,1.828111733782661064e-01
1.895201951269999963e-01,2.055850824776939978e-01
2.597720026969999596e-01,1.715032416624429346e-01
2.444770485159999951e-01,2.547634271934936523e-01
2.407727241519999617e-01,1.632009883603555422e-01
2.282528877259999978e-01,1.764890282237042973e-01
1.719890981910000005e-01,1.825398802621182037e-01
2.107089906930000034e-01,1.708721525621806903e-01
2.091155946250000119e-01,2.193261017825321457e-01
1.978048980240000032e-01,2.039832954236611984e-01
2.423519939180000249e-01,1.935098904100917283e-01
2.733131051059999872e-01,2.515671473166616323e-01
2.591018974779999984e-01,2.764733175238793250e-01
2.398502230640000010e-01,1.925057241548077669e-01
2.027270048860000118e-01,1.883660649924618347e-01
1.646265089510000057e-01,1.686712751087143247e-01
1.514579057690000063e-01,1.728249996999090543e-01
1.715828478339999907e-01,1.659501494126268684e-01
2.222049087290000058e-01,1.874207009234974686e-01
2.350890487429999898e-01,2.236262851121304240e-01
2.281305044889999634e-01,2.040420630311373940e-01
2.251530140639999844e-01,1.844725408995776805e-01
2.360830008979999950e-01,1.941583843250885011e-01
2.331852018829999873e-01,2.036013578432006033e-01
1.995675563809999886e-01,2.045101417157301482e-01
2.020958065989999775e-01,1.695750759207720060e-01
1.845946013929999907e-01,2.014039437119977405e-01
1.881015300749999952e-01,1.682149053438453112e-01
2.119678109879999939e-01,1.911811479723195817e-01
2.234034091230000241e-01,2.048238543713309101e-01
2.446219176049999888e-01,2.245164238815427205e-01
2.418016940359999645e-01,1.900337837567652455e-01
2.144879996780000020e-01,1.837821524104698012e-01
2.017266303299999897e-01,1.709970387823979698e-01
1.734066754580000091e-01,2.001171123802762131e-01
1.667926013469999968e-01,1.706862918274551222e-01
1.653245985510000127e-01,1.652009087593888925e-01
1.766120344399999820e-01,1.758970556329578216e-01
2.292105853560000295e-01,2.026551014549352880e-01
2.151339054109999982e-01,2.307798320752646459e-01
2.032367140049999854e-01,1.883646340043603207e-01
2.899451851839999761e-01,1.876310046496743600e-01
3.044671118260000031e-01,3.080284827576689199e-01
2.927406132220000123e-01,2.063302972899494214e-01
2.604539990429999841e-01,2.109824995387705182e-01
2.598164081569999673e-01,1.929899687431412270e-01
2.464921027420000077e-01,2.376002080786781823e-01
2.179778963329999930e-01,1.903095062502193624e-01
2.073534131049999674e-01,1.684228301606483513e-01
2.050486057999999778e-01,1.959826022415214475e-01
2.097736448049999924e-01,1.925413236389554028e-01
2.061820030209999821e-01,2.023325564989498782e-01
1.972219944000000447e-01,2.053930501352077276e-01
1.988296955820000045e-01,1.827480414260147790e-01
2.057753950360000361e-01,2.006431166095245799e-01
2.033157944680000218e-01,1.911346926905477528e-01
1.759992837910000218e-01,1.952728473966781619e-01
2.031327337029999736e-01,1.675119547948183685e-01
2.274394929410000210e-01,2.224570366229280394e-01
2.340615987779999796e-01,2.142648375540012473e-01
2.466137260199999792e-01,2.219062843509499727e-01
2.308412343259999833e-01,2.095419209166333452e-01
2.145392149689999972e-01,1.847670111389728143e-01
1.903560012579999794e-01,1.983510483815890124e-01
2.080181986090000046e-01,1.834874385720972612e-01
2.246207594869999991e-01,2.123920230316168889e-01
2.103735655550000305e-01,2.187130213790578204e-01
1.986407041550000141e-01,1.857077967223921267e-01
1.817755550150000066e-01,1.821363565344635560e-01
1.930263042450000022e-01,1.903347127886212409e-01
1.930966228249999805e-01,1.917574256094305707e-01
1.897509992120000044e-01,1.916180479679504001e-01
1.693823039529999963e-01,1.935167066987820150e-01
1.858561486009999986e-01,1.664008567092551127e-01
1.774827986960000048e-01,1.916815542383412951e-01
1.667204946280000100e-01,1.749427875299444657e-01
1.615741997959999898e-01,1.711391654449021804e-01
1.936000734570000048e-01,1.754604159488034887e-01
2.084788978100000079e-01,2.075594872622962273e-01
2.083924710750000298e-01,2.086090890161154399e-01
1.912561953069999710e-01,2.005691533893396161e-01
1.796658039089999992e-01,1.736459041773357193e-01
1.821167021990000301e-01,1.747651842036425651e-01
2.010916024449999895e-01,1.980493195359388503e-01
1.848223060370000059e-01,2.005202637828323309e-01
1.947717964649999800e-01,1.722554869651384546e-01
1.730353981260000229e-01,2.011800167884373047e-01
1.828583031890000099e-01,1.624751401664206729e-01
1.498861461880000023e-01,1.892124209627507603e-01
1.527018994090000026e-01,1.577067681373993946e-01
1.779081076379999959e-01,1.722515792560553316e-01
1.696159988640000005e-01,1.992664728706589061e-01
1.754582375290000273e-01,1.701948565579303185e-01
1.580465734000000011e-01,1.875801625218461999e-01
1.843986064199999997e-01,1.684298509775472574e-01
1.731242984530000084e-01,1.914623492539792582e-01
1.698645055290000094e-01,1.775639066248651532e-01
2.204860746860000387e-01,1.727389909079253827e-01
2.881226837640000205e-01,2.522928408676649026e-01
2.816658914090000021e-01,2.939363060744169531e-01
2.804358899590000398e-01,2.273403558750129172e-01
3.555045723920000067e-01,2.501512797390850751e-01
3.446882963180000203e-01,3.679684659608346564e-01
3.495651185509999759e-01,1.835276371120984074e-01
3.308182954789999908e-01,2.205760630465392613e-01
2.400473654270000312e-01,2.104227162983778043e-01
1.951503008599999867e-01,1.817497540890253283e-01
1.843069046739999883e-01,1.768435977809686421e-01
1.784625351430000062e-01,1.789072446148884665e-01
1.679867953059999974e-01,1.862851622327970080e-01
1.683609932660000141e-01,1.715964255826420704e-01
2.073428332810000052e-01,1.733478606301492864e-01
3.081569075580000150e-01,2.328840924912636556e-01
3.016481101509999596e-01,2.455260779966343121e-01
3.267253041270000158e-01,1.972613221895004876e-01
2.592641115190000289e-01,2.381891472037269142e-01
2.114182710650000241e-01,1.872675249268560826e-01
2.050412595270000027e-01,1.993697350641831512e-01
2.347255051140000048e-01,1.862964177287203538e-01
2.621370851990000306e-01,2.353655929719552231e-01
2.531891763210000201e-01,1.993461712073744674e-01
2.543610632420000295e-01,1.917925763264234917e-01
2.207816988229999999e-01,2.254684642764308022e-01
2.424586564300000302e-01,1.802601751435173871e-01
2.450377047060000035e-01,2.357344859759958888e-01
2.463154047729999852e-01,1.938828064392578432e-01
2.298433184620000125e-01,2.154834554400269775e-01
2.683678865429999782e-01,2.200097587268637911e-01
2.317014038559999656e-01,2.687402020082494403e-01
2.536134123800000140e-01,1.689534910339733076e-01
2.278259247540000143e-01,2.284195329311558276e-01
2.511056959629999752e-01,2.091247651245690675e-01
2.406570017340000089e-01,2.171402398985227411e-01
2.355776131150000285e-01,1.937698149800404224e-01
2.084955275060000057e-01,2.072581723735121839e-01
2.014831006530000135e-01,1.955895018794282514e-01
2.134985029700000314e-01,1.850984649030813500e-01
1.968656927350000141e-01,2.198377039554419710e-01
1.748276948930000407e-01,1.757871097173309416e-01
1.675257831810000042e-01,1.690955770278778358e-01
1.819289028640000139e-01,1.759959838191642034e-01
2.163158357140000099e-01,2.039959784940467147e-01
1.956270039080000300e-01,2.113219462195315146e-01
1.841740161179999946e-01,1.644007543482055300e-01
2.603065371509999948e-01,1.678712476635199069e-01
2.706716060640000365e-01,2.730318040641574462e-01
2.765875160690000056e-01,2.100777581546741934e-01
3.321622908119999940e-01,2.461251235752759670e-01
3.372164070610000342e-01,3.283846614984015644e-01
3.424106836320000014e-01,2.782750837161980795e-01
3.502804040910000305e-01,2.948755508017658067e-01
3.334882259370000046e-01,2.754123439632448211e-01
3.048415184020000224e-01,2.408358216621481751e-01
2.241699099539999906e-01,2.272151354422113911e-01
2.231916040179999783e-01,1.794597660294232344e-01
2.127934992309999940e-01,2.149847894574205553e-01
2.555466890340000186e-01,1.894540471748432930e-01
2.643494009969999947e-01,2.464828753905264902e-01
2.531680464739999858e-01,2.333794563431277613e-01
2.339650541540000128e-01,2.094919584877249497e-01
2.333215028050000250e-01,2.084419453533049582e-01
2.242033332589999928e-01,2.130388276456620378e-01
2.012783437970000200e-01,1.959419261581255012e-01
1.966407001020000211e-01,1.798543145373645846e-01
2.178835868840000300e-01,1.825801254552115171e-01
2.213913053269999931e-01,2.118188450471248652e-01
1.959984004500000265e-01,1.973571790504056456e-01
1.992403119800000288e-01,1.632117440919011453e-01
1.625297963619999897e-01,1.789656051623266797e-01
1.901159286500000156e-01,1.579111119276362385e-01
1.898488998409999795e-01,1.950426329198543807e-01
2.000212967400000208e-01,1.730837499445834204e-01
1.874057054520000265e-01,1.948329792983493347e-01
1.881960034370000201e-01,1.899820758782576890e-01
2.220781892539999691e-01,1.769352909870634261e-01
2.257640063759999982e-01,2.259028386145163214e-01
2.163868844509999889e-01,1.993669490222324814e-01
1.905837059019999669e-01,1.987322295846817022e-01
2.389943003649999953e-01,1.725345178922435274e-01
2.126784026619999990e-01,2.231882700521033713e-01
2.203326970339999913e-01,1.685260046933771405e-01
1.995152980090000028e-01,1.994564580618784499e-01
1.767843067650000100e-01,1.841177924694766266e-01
2.036905288699999983e-01,1.566347847542926830e-01
1.890024542810000152e-01,2.032607307679767938e-01
1.914628148079999814e-01,1.817024960543876522e-01
2.303853929040000081e-01,1.874271543242888582e-01
2.602671086789999921e-01,2.187608236229798830e-01
2.651697993279999999e-01,2.428361263430662553e-01
2.410915046930000583e-01,2.138258181367017619e-01
2.030028998850000044e-01,1.810757949529915867e-01
2.060085982080000211e-01,1.811840146799058027e-01
1.778325885530000205e-01,1.833046854012758131e-01
1.719783544540000042e-01,1.593077361016080051e-01
1.757052987809999689e-01,1.690784631828422813e-01
1.694041937590000102e-01,1.844436090492620750e-01
1.635388135910000040e-01,1.656704986454037021e-01
1.943304240699999796e-01,1.694332266163291745e-01
2.042852044110000098e-01,2.165884482861172855e-01
2.030708640810000021e-01,1.823097701599289411e-01
1.812596023079999785e-01,1.915029491548028984e-01
2.182700932030000041e-01,1.726514267839406036e-01
2.186232060190000104e-01,2.177008039773018211e-01
2.044367194179999569e-01,1.975246623322316208e-01
1.787614673380000241e-01,1.811019137816409219e-01
2.417660057539999519e-01,1.774178078643238732e-01
2.367322593929999941e-01,2.560280969328269651e-01
2.201220840219999808e-01,1.933903931537432896e-01
2.190245538950000292e-01,1.874504222178189350e-01
2.470148950820000300e-01,2.074877988552512875e-01
2.227835953240000222e-01,2.386503315012567239e-01
2.453936934469999886e-01,1.721658871196678209e-01
2.456143051390000109e-01,2.255925324260793230e-01
2.149323076009999889e-01,2.058960585350720907e-01
1.782320737840000502e-01,1.795905300395761739e-01
1.983320713039999628e-01,1.722955948333018406e-01
1.837121993299999645e-01,1.973690676322324977e-01
2.150899022819999784e-01,1.727838114355358390e-01
2.187249064449999780e-01,2.114900700870097072e-01
1.953707039359999786e-01,2.066763327502129932e-01
2.260476946829999834e-01,1.757475298730864499e-01
2.273865938190000047e-01,2.173634391769422580e-01
2.131565511230000265e-01,1.973617195098044952e-01
1.765360683200000169e-01,1.843212908741976575e-01
2.150828540329999816e-01,1.684019271679829122e-01
3.349621891979999710e-01,2.353525945506082517e-01
3.160460889339999913e-01,2.772381762459331656e-01
3.057914972309999646e-01,1.922295581093641792e-01
2.454170137640000193e-01,2.054113467076391364e-01
2.043210864070000021e-01,1.754485658028378525e-01
2.795807123180000242e-01,1.885141727157095826e-01
2.639636099339999764e-01,2.880831120257535960e-01
2.800608277320000283e-01,1.735782227184325122e-01
2.840686142440000395e-01,2.284195911414021174e-01
2.698352336879999980e-01,2.091018433690095824e-01
2.565046846869999952e-01,1.937341487993775868e-01
1.737418919799999795e-01,1.974497773247941568e-01
1.598615348340000075e-01,1.538906493244868168e-01
1.806169450279999644e-01,1.748331534446133373e-01
1.780257374049999952e-01,1.898813406139111815e-01
1.924792230129999948e-01,1.846421490205008009e-01
1.990472823380000089e-01,1.914621529482994078e-01
1.957502663139999710e-01,1.933097493306477344e-01
1.883261650800000242e-01,2.048449791306501122e-01
1.797540038819999686e-01,1.875173019749775960e-01
1.916811913249999999e-01,1.735377090763245977e-01
2.141620814799999883e-01,1.985338638480714790e-01
2.216559946539999881e-01,2.061163242394437323e-01
2.209348082539999703e-01,1.932990466824579534e-01
2.184751033780000240e-01,2.029688866199745589e-01
2.180604040619999739e-01,2.183061910267619921e-01
2.504481077190000016e-01,2.082673625707257836e-01
2.412912994619999807e-01,2.427685074588755987e-01
2.391991466279999590e-01,1.927963067320893065e-01
2.296963632110000098e-01,2.259220782499834490e-01
2.403284162280000247e-01,1.840486373436744927e-01
2.240518331529999796e-01,2.097764188125699203e-01
2.023217231040000119e-01,1.917652423178393406e-01
2.082566022870000200e-01,1.872470216349265137e-01
2.085203975440000079e-01,2.013756712536496074e-01
1.949775964020000196e-01,2.044929511358499208e-01
1.989800930020000080e-01,1.661577588191178179e-01
1.869141757489999889e-01,1.839230054510133938e-01
1.943044960499999974e-01,1.793362420411961644e-01
2.154057025910000034e-01,1.939668513201698585e-01
2.246519029140000012e-01,2.085434241554530443e-01
1.886185854669999717e-01,2.045396827394450889e-01
1.838601976629999635e-01,1.569647093779900637e-01
1.893669962880000224e-01,1.742443618596156985e-01
1.995205432180000016e-01,1.923277930515794598e-01
1.813428401949999658e-01,1.890907445184178415e-01
1.920076012609999994e-01,1.791208853475267093e-01
2.081632465119999942e-01,1.851166176695697718e-01
1.980955004690000132e-01,2.163890465336688052e-01
2.022272646429999765e-01,1.751718769753251026e-01
1.925842463970000029e-01,1.936075326626777449e-01
2.055149674419999850e-01,1.859048550953741052e-01
1.921776980160000148e-01,2.055225474918053741e-01
1.974076032640000034e-01,1.738860364898407174e-01
1.978288739919999983e-01,1.962754887764661116e-01
1.947185993189999853e-01,1.976658012286145738e-01
1.929751932619999943e-01,1.797582206494051371e-01
1.787372082470000123e-01,1.869438305233469544e-01
1.773243993519999784e-01,1.747555947073667348e-01
1.954015046359999785e-01,1.796587323783587209e-01
1.786402463910000127e-01,2.023643292568539087e-01
1.929298043250000094e-01,1.709491234813496907e-01
1.924515962599999963e-01,1.896474948230012780e-01
1.982013732189999711e-01,1.817686953720351606e-01
2.029816657299999549e-01,2.018158714676241416e-01
2.076473981139999869e-01,1.877829377988746162e-01
1.996106952430000137e-01,1.884060591071849422e-01
1.837998628619999797e-01,1.905256018907895699e-01
3.492729067800000586e-01,1.902895454788043894e-01
3.385715782639999727e-01,3.294582266908822610e-01
3.246645033359999988e-01,2.378131765561178890e-01
2.590272426610000234e-01,2.323095793412127408e-01
2.013491839169999909e-01,1.962117931282342798e-01
2.125197052959999777e-01,2.017532364352806751e-01
2.082609981300000135e-01,2.012124414964112096e-01
2.026299685240000037e-01,1.962785539315272665e-01
1.967180371280000117e-01,1.879873735538078183e-01
1.891978979110000014e-01,1.888331146397718707e-01
1.683970987799999763e-01,1.800242216125861605e-01
1.529303938150000097e-01,1.697042877302796238e-01
1.571273952720000089e-01,1.611868558099597837e-01
1.925273537640000143e-01,1.750330103385428215e-01
2.034381031989999922e-01,2.193396864112591438e-01
1.979987621310000112e-01,1.968824329605388668e-01
1.713397651909999986e-01,1.856396348097076876e-01
1.605434864760000024e-01,1.642601437115491780e-01
1.448902040719999840e-01,1.753924959740270351e-01
1.455924957989999935e-01,1.543975578562012119e-01
1.324006021019999979e-01,1.635655930158323446e-01
1.147388964889999863e-01,1.556908043273200759e-01
1.390763670209999858e-01,1.512429412766446990e-01
1.773481071000000131e-01,1.809795096323972841e-01
1.872349977490000150e-01,1.914664963273081388e-01
1.716542839999999903e-01,2.010696249825766613e-01
1.901565045120000019e-01,1.662958262741225379e-01
2.085365056989999799e-01,2.059697055981321578e-01
2.105930447580000031e-01,1.975716388586930272e-01
2.011387944220000001e-01,2.023754346463724763e-01
1.981692165139999906e-01,1.871536417574347355e-01
1.862777769570000130e-01,1.977965520893476825e-01
2.313299924139999852e-01,1.954088604369343396e-01
2.665236890320000218e-01,2.642416810518543602e-01
2.672828137869999732e-01,2.160011380062179520e-01
2.530894875529999810e-01,2.198159367103050821e-01
2.939947843549999829e-01,2.208891418608113499e-01
2.766048014160000235e-01,2.532252394291408804e-01
2.432340085509999972e-01,2.123563763827182316e-01
2.223459333180000108e-01,1.822603405844775148e-01
2.186183035370000138e-01,2.054549808003771350e-01
2.029476463789999796e-01,2.022267689631630505e-01
1.907453686000000204e-01,1.830173536532268275e-01
1.951031982900000294e-01,1.883800239485980688e-01
2.226422727109999833e-01,2.001660848913111856e-01
2.252217978240000085e-01,2.288227813135495781e-01
2.214518934490000146e-01,2.050570583377505363e-01
2.066775113340000025e-01,2.122321197911593849e-01
2.097374200819999979e-01,1.869394828731793246e-01
2.612883150579999869e-01,2.063277384741057652e-01
2.342368513349999681e-01,2.578248720492070656e-01
2.237651944159999851e-01,1.818890284940283819e-01
2.170636057850000022e-01,1.927694205391305704e-01
2.301114946599999433e-01,2.181022131889019389e-01
2.086910158400000215e-01,2.147525511907115714e-01
2.047397941349999584e-01,1.793840091648249147e-01
2.222295254470000037e-01,2.050313900460364602e-01
2.279004752640000075e-01,1.948757735184355189e-01
2.129457294940000078e-01,2.124217263748821860e-01
1.926552951340000375e-01,1.992967364299668420e-01
1.835393011569999844e-01,1.789374789594884441e-01
1.722192019220000203e-01,1.806151718741992596e-01
1.875299960370000463e-01,1.828917550178594253e-01
1.739563494920000064e-01,1.941088894553056332e-01
1.938352584840000170e-01,1.733435018016594720e-01
1.973450034860000091e-01,2.069157628769923152e-01
1.942632943389999978e-01,1.852899767913675777e-01
2.034828513860000021e-01,1.849672381479623151e-01
1.873460412029999966e-01,2.072557250331721335e-01
2.008862048390000210e-01,1.707913006176078330e-01
1.905569285150000014e-01,1.933812299859043460e-01
1.927679926160000001e-01,1.840136276927598624e-01
1.832018047569999863e-01,1.951640078497442754e-01
2.027056962250000094e-01,1.831741062248604390e-01
1.902956068519999766e-01,1.925978210573117133e-01
1.815531253809999912e-01,1.747478495124054620e-01
1.891089975829999548e-01,1.886811005750476944e-01
1.840091049670000145e-01,1.951349284182549992e-01
1.819614022970000022e-01,1.854947300419983180e-01
1.854998767380000024e-01,1.839100804904021946e-01
2.226949036120000058e-01,1.967756814648949359e-01
2.071253955359999843e-01,2.228075598869813378e-01
2.009170949460000188e-01,1.816321361245101518e-01
1.885115951299999870e-01,1.954461877693434713e-01
1.943915784359999954e-01,1.770252201981799833e-01
1.774574071170000045e-01,1.933819837253798191e-01
1.960569024089999779e-01,1.635392737768984472e-01
1.895107030869999931e-01,2.036185691395334119e-01
2.074400931600000053e-01,1.819207081724062980e-01
2.042641043660000100e-01,2.037061450262004358e-01
2.000678032640000048e-01,1.830709365827813129e-01
1.733694821599999769e-01,1.852610288218084211e-01
1.849348992109999812e-01,1.735593890017586571e-01
1.688267737630000098e-01,1.954770897669613483e-01
1.914010494949999752e-01,1.728848589720431150e-01
1.822085529569999751e-01,1.976263018046844899e-01
2.055577039720000165e-01,1.742855370103045254e-01
2.419840693470000081e-01,2.187892141339577989e-01
2.256706357000000107e-01,2.107126990080845363e-01
2.096177935600000153e-01,1.866420410843844802e-01
1.874290108680000400e-01,1.833940007596688293e-01
1.834661066530000328e-01,1.906911842848184879e-01
1.931275576349999745e-01,1.828121816734543381e-01
1.979932039979999947e-01,2.007319731909950888e-01
1.810770928860000184e-01,1.914461826509663844e-01
4.031366109849999768e-01,1.722382036140474026e-01
4.604647159579999816e-01,3.807680738901116912e-01
5.008617043499999921e-01,2.268518393317625614e-01
4.378605186940000005e-01,2.782129338927266105e-01
2.561259269710000064e-01,2.371194565865944459e-01
2.273572981360000023e-01,1.990675504802224272e-01
2.201671004300000123e-01,1.788440793573402299e-01
1.984222531320000149e-01,1.789919419626564145e-01
1.943005025389999973e-01,1.752035370550903970e-01
1.805235445499999702e-01,1.983057756915652670e-01
1.998776346449999686e-01,1.698671110827078001e-01
2.088513970380000140e-01,2.074288953279700420e-01
2.052325755359999948e-01,1.869426990438130265e-01
2.000157982109999899e-01,1.924755807436126509e-01
1.864733994009999674e-01,1.874359032673371950e-01
1.736753731969999937e-01,1.746698431782566507e-01
1.885808259249999730e-01,1.771478007490088213e-01
1.996680051089999852e-01,2.010908095489194192e-01
2.059511989359999740e-01,1.898926219994613585e-01
1.754488945010000134e-01,2.015676875083108055e-01
2.038332223890000072e-01,1.654380126475364365e-01
2.094203978779999864e-01,2.147428274718826136e-01
1.958734989169999829e-01,1.950404654076220157e-01
1.724482625719999940e-01,1.852691367714332793e-01
1.776420623059999926e-01,1.713730612919336094e-01
1.713635921480000102e-01,1.901706386738732102e-01
1.787484437230000278e-01,1.706094324392567751e-01
1.702087521550000038e-01,1.886173620085725700e-01
1.913181245330000113e-01,1.765004480340054416e-01
1.938814073799999815e-01,1.994602046289967456e-01
2.021497935060000140e-01,1.847240240514120835e-01
1.973596364259999902e-01,2.016607949064375127e-01
1.818598955869999978e-01,1.904755823276620130e-01
1.518772840500000054e-01,1.705327282240888809e-01
1.797889769079999700e-01,1.532432104020642893e-01
1.766516566280000311e-01,1.943922621108679916e-01
2.190984636549999920e-01,1.636451655959899332e-01
2.368807047610000382e-01,2.331034204858394299e-01
2.723162174219999621e-01,2.253576777537504572e-01
2.842651307580000286e-01,2.871188334065422620e-01
3.610217571259999314e-01,2.285016008358535244e-01
3.393641114230000477e-01,3.310078894418574391e-01
2.713941931720000311e-01,2.275640702659487979e-01
2.359429746869999844e-01,1.674390532380739816e-01
1.764906942839999937e-01,1.851415892803180141e-01
1.933852136140000177e-01,1.675338975826884402e-01
2.070471495389999417e-01,2.013634624915202620e-01
2.076206952330000022e-01,2.094360323459462381e-01
2.084009945389999896e-01,1.946718746978990111e-01
2.094228416680000149e-01,1.887772915462007650e-01
1.959958970549999790e-01,1.958445955158532592e-01
2.029076218609999760e-01,1.693745301112507262e-01
1.715861856940000263e-01,1.943570328437090045e-01
1.853289008139999972e-01,1.682495164990144287e-01
1.865625381469999955e-01,1.943573996296955875e-01
1.824795007709999750e-01,1.851064784731905055e-01
1.865475177760000103e-01,1.811113102542006026e-01
1.910450011489999711e-01,1.951076517165066804e-01
1.947984993460000203e-01,1.853161584892960290e-01
1.942836940290000036e-01,1.955105522217309710e-01
1.823579072949999824e-01,1.878411623262004060e-01
1.863520592450000068e-01,1.700727602968810370e-01
2.122309356929999724e-01,1.914324811826083883e-01
2.061766982079999977e-01,1.986412459400386799e-01
2.002694308759999930e-01,1.878469318763148488e-01
2.036442905660000025e-01,1.913048185026585968e-01
2.041575908660000216e-01,2.025955118885913453e-01
2.072980999949999847e-01,1.876759573719568586e-01
1.624802798030000051e-01,1.955902721697406754e-01
2.047239691019999974e-01,1.531098589701961610e-01
1.887350976469999997e-01,2.241269983117800402e-01
1.948221027850000064e-01,1.617940605889779393e-01
1.866550594570000055e-01,1.929030068316464619e-01
2.063589692120000041e-01,1.859314404493120076e-01
1.990336924790000184e-01,2.082521974081110727e-01
1.980886012320000056e-01,1.843506615514412250e-01
2.041638940570000005e-01,2.025600865689446695e-01
1.967703551049999888e-01,2.047826903126457321e-01
1.815092116589999971e-01,1.824292732834136010e-01
1.704124957319999856e-01,1.739858929860151893e-01
1.662842035290000020e-01,1.786377700068313978e-01
1.620960831640000099e-01,1.755783469678204867e-01
2.050786018369999963e-01,1.741065880386216402e-01
2.152855992319999967e-01,2.305044361122984553e-01
2.119203954940000467e-01,1.876595895171623285e-01
2.017627954479999930e-01,1.810779439982613259e-01
1.966343224050000060e-01,1.910105995581559135e-01
1.994546651839999851e-01,1.987174496387689171e-01
1.848202943799999998e-01,1.980310925963763014e-01
1.885830014939999799e-01,1.717933818763546228e-01
1.749152988199999814e-01,1.974096958300029792e-01
1.777306050059999920e-01,1.741051494251998066e-01
1.724444031720000214e-01,1.844117413071576506e-01
1.696542352440000012e-01,1.751611417595209663e-01
1.860917955640000176e-01,1.824879983354296131e-01
1.783816069359999701e-01,1.945083592224834956e-01
1.954015940430000042e-01,1.779004838312656933e-01
1.979020982979999843e-01,2.100088403184909858e-01
1.943283975120000118e-01,1.892334404791959912e-01
1.862878054379999981e-01,1.927645610209522409e-01
1.807115972040000129e-01,1.778695710982870770e-01
1.901234537359999810e-01,1.809351829647664611e-01
1.879478991030000268e-01,1.969545053215524810e-01
1.885761320589999790e-01,1.843247425025633657e-01
1.930653005840000103e-01,1.965726065548834833e-01
1.887152642009999881e-01,1.840724177826438546e-01
2.012016028170000026e-01,1.839069329514909923e-01
2.029483020310000330e-01,2.004544100221667680e-01
1.880519986150000211e-01,1.805634099986066776e-01
1.938583850860000068e-01,1.710986963077340273e-01
1.818363368510000078e-01,2.038655501752765775e-01
1.934503465890000384e-01,1.703042916921715388e-01
1.825065016750000157e-01,1.982554080441101541e-01
1.718572974210000048e-01,1.753865345244715601e-01
1.888858973980000189e-01,1.781339784325614573e-01
1.934519559140000233e-01,1.957216674932675815e-01
2.148046046500000361e-01,1.928401449434435644e-01
1.987380981450000417e-01,2.072181237123959796e-01
2.087343037130000023e-01,1.737770896324831726e-01
1.829220354560000261e-01,2.050349311867021573e-01
1.861628442999999911e-01,1.740196596929573514e-01
1.987580806019999813e-01,1.820445975095858204e-01
2.008325010539999955e-01,2.052357824695955901e-01
1.991298943760000106e-01,1.862551502269065573e-01
1.789479851720000014e-01,1.971597805548156446e-01
1.960126012559999797e-01,1.748711596161358628e-01
1.769941002129999941e-01,2.115034278277768409e-01
1.811666339639999845e-01,1.664625557795618438e-01
2.170765548939999900e-01,1.989741153647981153e-01
2.228865027430000090e-01,1.972871110318893673e-01
1.981754004959999926e-01,1.994982298303103752e-01
1.650676876309999930e-01,1.778682895109074402e-01
1.990987807510000429e-01,1.737148155200143318e-01
1.952784955500000141e-01,2.071558266816455607e-01
1.885309964419999984e-01,1.866463901213528953e-01
1.826629936699999956e-01,1.924802886241425703e-01
2.290190458300000176e-01,1.828849186703937479e-01
2.735207974910000006e-01,2.401257915827267886e-01
2.842034697529999820e-01,1.950053225236385301e-01
2.687470018859999810e-01,2.122905520776666721e-01
2.419617027039999979e-01,2.127857595198604235e-01
2.585682272909999857e-01,1.850439101634615002e-01
2.487231940029999977e-01,2.345492930064895787e-01
2.237731963400000357e-01,1.884943159569771876e-01
2.095130234959999838e-01,1.733697518349382738e-01
1.998770385979999897e-01,1.859536453481826779e-01
2.012569010259999958e-01,2.059232399279917192e-01
2.061658948660000101e-01,1.898723757895934561e-01
1.921332776550000176e-01,1.998918746269017777e-01
1.658605039119999958e-01,1.816393659807996608e-01
1.724504977459999921e-01,1.695664301015936959e-01
1.866747587920000173e-01,1.872160516873264124e-01
1.559437066319999954e-01,2.080579328416067575e-01
1.450039297340000033e-01,1.469274680128226096e-01
1.372807174919999929e-01,1.565868134573040749e-01
1.404531002040000087e-01,1.584175820449245098e-01
1.343677937979999848e-01,1.700671546081436170e-01
1.512558013200000218e-01,1.552246960273324650e-01
1.571162044999999952e-01,1.760585238796708030e-01
1.624787002799999991e-01,1.818317702945925207e-01
1.773491054770000019e-01,1.723048575743180155e-01
1.815999448299999985e-01,1.952575676312787445e-01
1.852913051839999992e-01,1.941326554149555572e-01
1.884922981259999908e-01,1.858778902485076490e-01
1.918683052059999838e-01,1.827075819684007285e-01
2.261683344839999776e-01,2.010854636759192293e-01
2.014196962120000101e-01,2.113630506358131211e-01
1.973526030779999829e-01,1.738952654922025221e-01
1.941564679150000194e-01,1.884659277073901795e-01
2.078395932910000188e-01,1.929907961444294606e-01
1.838871985670000042e-01,2.056043957373039077e-01
2.030725032089999993e-01,1.634466003875588436e-01
1.920516937969999893e-01,2.133082111589501284e-01
1.887007951740000411e-01,1.797389606954172825e-01
1.887437999249999832e-01,1.840309681054305702e-01
1.873788982629999988e-01,2.033607525253816606e-01
1.891151070590000038e-01,1.816630885564405051e-01
1.895716041330000323e-01,1.950745526389295048e-01
1.892361938949999878e-01,1.917177154765846436e-01
1.986678987739999847e-01,1.945439559366348992e-01
2.600212097169999903e-01,2.007710604723912107e-01
2.536996603009999962e-01,2.565180722985336281e-01
2.486595213409999727e-01,1.850561726796550177e-01
2.238901853559999988e-01,1.894801776945865546e-01
1.916601955889999931e-01,1.916995707638993740e-01
1.912304460999999789e-01,1.846685016860011852e-01
2.217618972060000082e-01,1.937136505350389448e-01
2.349424958230000027e-01,2.327211613039884830e-01
2.342955172060000035e-01,2.089737854922946170e-01
2.245461940769999942e-01,2.247639296723599744e-01
2.107733041050000034e-01,2.114494543589440223e-01
2.195045053959999715e-01,1.804757514349125402e-01
1.867112517360000057e-01,2.128835437746459114e-01
1.782344579700000098e-01,1.745353955841644766e-01
1.810989975930000218e-01,1.850634612657927891e-01
1.992904990909999952e-01,1.787918941673957707e-01
2.188781946900000275e-01,2.078947430364146420e-01
3.330821096900000167e-01,2.200985175605142952e-01
2.986789345740000212e-01,3.505439041110822163e-01
3.000943064689999829e-01,1.852472800280403897e-01
2.386572659019999820e-01,2.259337213338375727e-01
2.014694958929999502e-01,1.781009282078464262e-01
2.121156007049999903e-01,1.992990597377856943e-01
2.050123065709999748e-01,2.075268442180200068e-01
1.987702995540000239e-01,1.905397565679695371e-01
1.788948029280000296e-01,1.827046889098837557e-01
2.083670347930000055e-01,1.706633629642040351e-01
2.080235034229999946e-01,2.199482141071026353e-01
1.859974563120000146e-01,2.026360026122227820e-01
2.174742072819999816e-01,1.683070921371670192e-01
2.246447950599999854e-01,2.349491708662303224e-01
2.117234021429999780e-01,1.992195024909624579e-01
2.041544467209999714e-01,1.779993508491793941e-01
2.146971523759999834e-01,2.059630707305479258e-01
2.150782048699999838e-01,2.222582733432522106e-01
2.338068932289999735e-01,1.957108145783151842e-01
3.202091157440000169e-01,2.390848989043259376e-01
3.246116042139999824e-01,3.215672405648757892e-01
3.107064068320000150e-01,2.523219910747251382e-01
3.095698356630000037e-01,2.179975195046286174e-01
2.792485058309999713e-01,2.665859753145353173e-01
2.426900416609999722e-01,2.520565240482897096e-01
2.526278495789999745e-01,2.040439841417148459e-01
2.839281857009999799e-01,2.366510371616877551e-01
2.947731912139999744e-01,2.647383713197333233e-01
2.706804275510000246e-01,2.672827915616520222e-01
2.213104963300000227e-01,2.110987000422617499e-01
2.309004068370000273e-01,1.741857608365545707e-01
2.387782931329999747e-01,2.270156527127556723e-01
2.419604510069999770e-01,2.291255957653698938e-01
2.565485239029999809e-01,2.413593410996917876e-01
2.649432718749999971e-01,2.041708216222308248e-01
2.552419006819999781e-01,2.491138811617863436e-01
2.503576874729999679e-01,2.038890070405803556e-01
2.851879894730000031e-01,2.104581667482137430e-01
3.117785453800000495e-01,2.887467839450406637e-01
2.945955097679999746e-01,2.911010038625037044e-01
3.066652119159999912e-01,2.062268596628669681e-01
2.395841330290000293e-01,2.520714898823919192e-01
1.883951872589999799e-01,1.679282120757731589e-01
1.851434856649999960e-01,1.834794885691313215e-01
2.226487994190000097e-01,1.964979786627683300e-01
2.192545831199999851e-01,2.295513933086444358e-01
2.097330987449999851e-01,1.818036721448176851e-01
1.943479031319999828e-01,1.835923833339966338e-01
1.941306889060000207e-01,1.809236545287755960e-01
2.030006051060000150e-01,1.940827273221541471e-01
1.910956948999999738e-01,1.902333356199531478e-01
1.403214633459999860e-01,1.829201218260660955e-01
1.376174986360000074e-01,1.454180726046368222e-01
1.550265699630000160e-01,1.660135406620286969e-01
2.001304924489999970e-01,1.839732364150104826e-01
1.929156184199999624e-01,2.150404360182422980e-01
1.806230992080000430e-01,1.827396726056680076e-01
1.619705408809999914e-01,1.743584979700459336e-01
1.889210045340000144e-01,1.741203890157045353e-01
1.788192987439999881e-01,2.004526995071894968e-01
1.769654452799999944e-01,1.796441265565114909e-01
1.813704073430000008e-01,1.755790784385068415e-01
2.045527994630000068e-01,1.869098829212435253e-01
2.115447074170000163e-01,2.107356494282378034e-01
2.114014774559999921e-01,1.826019021736714210e-01
1.859614849089999966e-01,1.907139969326242801e-01
1.966694146390000064e-01,1.801109251037325831e-01
1.941680759189999828e-01,2.019440088891240048e-01
