1,0.006
2,0.001
3,0.008
4,0.002
5,0.001
6,0.002
7,0.001
8,0.003
9,0.003
10,0.014
11,0.011
12,0.002
13,0.009
14,0.001
15,0.003
16,0.009
17,0.018
18,0.005
19,0.006
20,0.009
21,0.001
22,0.009
23,0.001
24,0.007
25,0.004
26,0.01
27,0.001
28,0.005
29,0.001
30,0.001
31,0.002
32,0.001
33,0.001
34,0.008
35,0.001
36,0.001
37,0.007
38,0.001
39,0.006
40,0.001
41,0.001
42,0.003
43,0.012
44,0.003
45,0.004
46,0.005
47,0.001
48,0.001
49,0.002
50,0.001
51,0.001
52,0.001
53,0.002
54,0.001
55,0.001
56,0.001
57,0.003
58,0.001
59,0.002
60,0.006
61,0.002
62,0.054
63,0.005
64,0.006
65,0.005
66,0.004
67,0.006
68,0.001
69,0.001
70,0.002
71,0.002
72,0.005
73,0.001
74,0.004
75,0.001
76,0.008
77,0.003
78,0.001
79,0.002
80,0.003
81,0.023
82,0.003
83,0.005
84,0.001
85,0.102
86,0.008
87,0.013
88,0.006
89,0.025
90,0.003
91,0.004
92,0.001
93,0.003
94,0.038
95,0.014
96,0.032
97,0.069
98,0.012
99,0.003
100,0.003
101,0.003
102,0.04
103,0.007
104,0.005
105,0.003
106,0.003
107,0.019
108,0.005
109,0.006
110,0
111,0.01
112,0.002
113,0.02
114,0.005
115,0.002
116,0.004
117,0.017
118,0.002
119,0.003
120,0.004
121,0.005
122,0.003
123,0.004
124,0.01
125,0.002
126,0.002
127,0.003
128,0.002
129,0.08
130,0.012
131,0.01
132,0.003
133,0.003
134,0.003
135,0.001
136,0.001
137,0.003
138,0.006
139,0.001
140,0.004
141,0.029
142,0.007
143,0.009
144,0.002
145,0.002
146,0.001
147,0.002
148,0.004
149,0.006
150,0.001
151,0.003
152,0.005
153,0.002
154,0.002
155,0.002
156,0.002
157,0.005
158,0.001
159,0.002
160,0
161,0.004
162,0.022
163,0.002
164,0.002
165,0.002
166,0.003
167,0.001
168,0.004
169,0.001
170,0.002
171,0.002
172,0.001
173,0.007
174,0.001
175,0.006
176,0.001
177,0.002
178,0.001
179,0.01
180,0.001
181,0.001
182,0.007
183,0.002
184,0.002
185,0.002
186,0.001
187,0.001
188,0.002
189,0.014
190,0.003
191,0.001
192,0.002
193,0.006
194,0.001
195,0.009
196,0.004
197,0.001
198,0.002
199,0.002
200,0.002
201,0.006
202,0.002
203,0.007
204,0.003
205,0.001
206,0.002
207,0.004
208,0.002
209,0.003
210,0.001
211,0.003
212,0.001
213,0.001
214,0.001
215,0.001
216,0.002
217,0.001
218,0.001
219,0.001
220,0.004
221,0.008
222,0.002
223,0.008
224,0.017
225,0.005
226,0.001
227,0.007
228,0.002
229,0.004
230,0.001
231,0.001
232,0.001
233,0.002
234,0.008
235,0.003
236,0.016
237,0.003
238,0.009
239,0.001
240,0.002
241,0.001
242,0.011
243,0.007
244,0.009
245,0.016
246,0.006
247,0.01
248,0.002
249,0.003
250,0.001
251,0.007
252,0.002
253,0.005
254,0.011
255,0.003
256,0.001
257,0.006
258,0.001
259,0.039
260,0.008
261,0.007
262,0.002
263,0.009
264,0.002
265,0.012
266,0.002
267,0.003
268,0.006
269,0.008
270,0.009
271,0.002
272,0.002
273,0.008
274,0.003
275,0.002
276,0.005
277,0.001
278,0.005
279,0.003
280,0.007
281,0.004
282,0.011
283,0.095
284,0.007
285,0.034
286,0.004
287,0.015
288,0.002
289,0.011
290,0.002
291,0.015
292,0.003
293,0.005
294,0.003
295,0.001
296,0.018
297,0.005
298,0.004
299,0.002
300,0.001
301,0.011
302,0.005
303,0.002
304,0.006
305,0.002
306,0.012
307,0.007
308,0.003
309,0.008
310,0.002
311,0.002
312,0.004
313,0.005
314,0.003
315,0.011
316,0.002
317,0.004
318,0.002
319,0.003
320,0.002
321,0.001
322,0.002
323,0.002
324,0.004
325,0.012
326,0.011
327,0.005
328,0.007
329,0.01
330,0.002
331,0.001
332,0.003
333,0.002
334,0.004
335,0.01
336,0.003
337,0.004
338,0.007
339,0.002
340,0.004
341,0.006
342,0.004
343,0.001
344,0.003
345,0.001
346,0.001
347,0.018
348,0.003
349,0.003
350,0.003
351,0.017
352,0.004
353,0.001
354,0.001
355,0.005
356,0.002
357,0.008
358,0.003
359,0.011
360,0.002
361,0.003
362,0.002
363,0.003
364,0.007
365,0.002
366,0.012
367,0.002
368,0.001
369,0.008
370,0.002
371,0.002
372,0.009
373,0.002
374,0.002
375,0.024
376,0.004
377,0.002
378,0.003
379,0.001
380,0.006
381,0.024
382,0.003
383,0.012
384,0.003
385,0.004
386,0.002
387,0.013
388,0.008
389,0.002
390,0.003
391,0.013
392,0.002
393,0.001
394,0.001
395,0.009
396,0.004
397,0.016
398,0.003
399,0.006
400,0.002
401,0.04
402,0.05
403,0.013
404,0.003
405,0.006
406,0.002
407,0.013
408,0.007
409,0.002
410,0.008
411,0.001
412,0.012
413,0.004
414,0.001
415,0.011
416,0.003
417,0.001
418,0.001
419,0.002
420,0.001
421,0.039
422,0.006
423,0.019
424,0.002
425,0.071
426,0.005
427,0.01
428,0.005
429,0.002
430,0.009
431,0.002
432,0.003
433,0.002
434,0.011
435,0.002
436,0.003
437,0.001
438,0.001
439,0.009
440,0.003
441,0.011
442,0.003
443,0.004
444,0.058
445,0.008
446,0.005
447,0.004
448,0.002
449,0.005
450,0.002
451,0.009
452,0.005
453,0.002
454,0.002
455,0.006
456,0.001
457,0.001
458,0.004
459,0.001
460,0.007
461,0.002
462,0.005
463,0.001
464,0.001
465,0.001
466,0.001
467,0.004
468,0.005
469,0.001
470,0.008
471,0.003
472,0.002
473,0.009
474,0.002
475,0.001
476,0.008
477,0.002
478,0.001
479,0.001
480,0.001
481,0.001
482,0.001
483,0.003
484,0.003
485,0.001
486,0.003
487,0.001
488,0.001
489,0.004
490,0.001
491,0.002
492,0.002
493,0.003
494,0.005
495,0.004
496,0.003
497,0.003
498,0.001
499,0.001
500,0.001
501,0.001
502,0.001
503,0.002
504,0.003
505,0.004
506,0.002
507,0.008
508,0.016
509,0.008
510,0.011
511,0.001
512,0.004
513,0.029
514,0.005
515,0.098
516,0.012
517,0.021
518,0.01
519,0.002
520,0.013
521,0.002
522,0.006
523,0.003
524,0.001
525,0.041
526,0.007
527,0.002
528,0.005
529,0.01
530,0.01
531,0.014
532,0.014
533,0.005
534,0.004
535,0.001
536,0.005
537,0.204
538,0.023
539,0.039
540,0.001
541,0.018
542,0.003
543,0.134
544,0.013
545,0.026
546,0.002
547,0.001
548,0.003
549,0.004
550,0.001
551,0.006
552,0.005
553,0.004
554,0.003
555,0.002
556,0.007
557,0.001
558,0.005
559,0.001
560,0.002
561,0.002
562,0.001
563,0.002
564,0.044
565,0.006
566,0.009
567,0.001
568,0.048
569,0.005
570,0.003
571,0.007
572,0.073
573,0.01
574,0.021
575,0.003
576,0.004
577,0.001
578,0.001
579,0.001
580,0.001
581,0.002
582,0.001
583,0.002
584,0.005
585,0.002
586,0.001
587,0.001
588,0.002
589,0.003
590,0.003
591,0.005
592,0.004
593,0.001
594,0.009
595,0.007
596,0.007
597,0.012
598,0.003
599,0.003
600,0.001
601,0.011
602,0.001
603,0.012
604,0.002
605,0.006
606,0.002
607,0.005
608,0.001
609,0.001
610,0.038
611,0.024
612,0.008
613,0.023
614,0.013
615,0.002
616,0.001
617,0.005
618,0.001
619,0.003
620,0.001
621,0.008
622,0.004
623,0.011
624,0.004
625,0.006
626,0.001
627,0.001
628,0.001
629,0.002
630,0.004
631,0.012
632,0.002
633,0.001
634,0.002
635,0.002
636,0.004
637,0.001
638,0.017
639,0.005
640,0.006
641,0.002
642,0.001
643,0.002
644,0.001
645,0.001
646,0.002
647,0.003
648,0.004
649,0.002
650,0.001
651,0.008
652,0.001
653,0.001
654,0.001
655,0.002
656,0.002
657,0.001
658,0.001
659,0.001
660,0.002
661,0.001
662,0.002
663,0.001
664,0.001
665,0.014
666,0.003
667,0.007
668,0.002
669,0.011
670,0.011
671,0.004
672,0.002
673,0.004
674,0.005
675,0.002
676,0.015
677,0.007
678,0.014
679,0.001
680,0.012
681,0.004
682,0.006
683,0.002
684,0.005
685,0.007
686,0.001
687,0.003
688,0.001
689,0.002
690,0.001
691,0.054
692,0.006
693,0.013
694,0.001
695,0.001
696,0.002
697,0.001
698,0.011
699,0.009
700,0.002
701,0.002
702,0.009
703,0.002
704,0.003
705,0.001
706,0.005
707,0.087
708,0.009
709,0.013
710,0.033
711,0.01
712,0.006
713,0.001
714,0.027
715,0.006
716,0.009
717,0.002
718,0.007
719,0.01
720,0.002
721,0.002
722,0.001
723,0.009
724,0.001
725,0.014
726,0.003
727,0.017
728,0.004
729,0.002
730,0.002
731,0.003
732,0.004
733,0.001
734,0.002
735,0.012
736,0.002
737,0.002
738,0.004
739,0.006
740,0.002
741,0.001
742,0.008
743,0.002
744,0.003
745,0.001
746,0.001
747,0.057
748,0.02
749,0.004
750,0.012
751,0.004
752,0.002
753,0.01
754,0.002
755,0.002
756,0.001
757,0.007
758,0.001
759,0.006
760,0.002
761,0.019
762,0.003
763,0.014
764,0.002
765,0.003
766,0.001
767,0.003
768,0.004
769,0.005
770,0.006
771,0.009
772,0.002
773,0.006
774,0.004
775,0.002
776,0.008
777,0.002
778,0.005
779,0.001
780,0.001
781,0.001
782,0.004
783,0.002
784,0.002
785,0.005
786,0.001
787,0.003
788,0.001
789,0.001
790,0.001
791,0.016
792,0.003
793,0.011
794,0.004
795,0.001
796,0.001
797,0.009
798,0.006
799,0.001
800,0.007
801,0.005
802,0.021
803,0.003
804,0.007
805,0.002
806,0.001
807,0.008
808,0.006
809,0.02
810,0.005
811,0.009
812,0.009
813,0.001
814,0.008
815,0.002
816,0.01
817,0.002
818,0.012
819,0.068
820,0.014
821,0.004
822,0.005
823,0.002
824,0.014
825,0.002
826,0.001
827,0.075
828,0.049
829,0.014
830,0.023
831,0.003
832,0.013
833,0.001
834,0.001
835,0.002
836,0.002
837,0.003
838,0.007
839,0.004
840,0.008
841,0.008
842,0.01
843,0.004
844,0.002
845,0.005
846,0.004
847,0.001
848,0.01
849,0.001
850,0.011
851,0.002
852,0.001
853,0.001
854,0.003
855,0.004
856,0.002
857,0.023
858,0.007
859,0.006
860,0.002
861,0.008
862,0.002
863,0.005
864,0.002
865,0.003
866,0.01
867,0.008
868,0.007
869,0.008
870,0.003
871,0.004
872,0.007
873,0.003
874,0.009
875,0.004
876,0.007
877,0.002
878,0.006
879,0.019
880,0.004
881,0.018
882,0.002
883,0.003
884,0.013
885,0.003
886,0.001
887,0.001
888,0.002
889,0.01
890,0.001
891,0.001
892,0.03
893,0.046
894,0.026
895,0.026
896,0.001
897,0.005
898,0.001
899,0.005
900,0.001
901,0.001
902,0.009
903,0.001
904,0.016
905,0.003
906,0.007
907,0.002
908,0.001
909,0.003
910,0.001
911,0.002
912,0.011
913,0.004
914,0.002
915,0.003
916,0.007
917,0.003
918,0.001
919,0.001
920,0.004
921,0.006
922,0.001
923,0.003
924,0.004
925,0.001
926,0.011
927,0.002
928,0.003
929,0.002
930,0.001
931,0.008
932,0.004
933,0.004
934,0.003
935,0.002
936,0.003
937,0.001
938,0.004
939,0.005
940,0.004
941,0.001
942,0.013
943,0.002
944,0.006
945,0.002
946,0.002
947,0.005
948,0.005
949,0.001
950,0.002
951,0.001
952,0.019
953,0.017
954,0.009
955,0.002
956,0.01
957,0.012
958,0.004
959,0.003
960,0.031
961,0.002
962,0.005
963,0.089
964,0.005
965,0.039
966,0.002
967,0.005
968,0.01
969,0.002
970,0.019
971,0.002
972,0.002
973,0.001
974,0.006
975,0.002
976,0.005
977,0.004
978,0.034
979,0.004
980,0.008
981,0.001
982,0.003
983,0.019
984,0.003
985,0.003
986,0.001
987,0.001
988,0.004
989,0.002
990,0.001
991,0.001
992,0.001
993,0.023
994,0.004
995,0.004
996,0.025
997,0.003
998,0.007
999,0.001
1000,0.031
1001,0.004
1002,0.004
1003,0.002
1004,0.004
1005,0.001
1006,0.003
1007,0.036
1008,0.007
1009,0.073
1010,0.01
1011,0.011
1012,0.002
1013,0.015
1014,0.003
1015,0.009
1016,0.001
1017,0.001
1018,0.019
1019,0.004
1020,0.003
1021,0.005
1022,0.012
1023,0.005
1024,0.026
1025,0.004
1026,0.003
1027,0.002
1028,0.007
1029,0.001
1030,0.004
1031,0.002
1032,0.005
1033,0.001
1034,0.002
1035,0.003
1036,0.001
1037,0.001
1038,0.001
1039,0.002
1040,0.001
1041,0.001
1042,0.005
1043,0.001
1044,0.012
1045,0.002
1046,0.001
1047,0.003
1048,0.002
1049,0.004
1050,0.001
1051,0.002
1052,0.004
1053,0.004
1054,0.001
1055,0.001
1056,0.006
1057,0.015
1058,0.003
1059,0.002
1060,0.001
1061,0.001
1062,0.001
1063,0.001
1064,0.004
1065,0.002
1066,0.003
1067,0.002
1068,0.001
1069,0.007
1070,0.006
1071,0.006
1072,0.001
1073,0.004
1074,0.001
1075,0.002
1076,0.001
1077,0.003
1078,0.01
1079,0.002
1080,0.006
1081,0.002
1082,0.002
1083,0.001
1084,0.001
1085,0.005
1086,0.002
1087,0.009
1088,0.002
1089,0.007
1090,0.003
1091,0.007
1092,0.002
1093,0.003
1094,0.004
1095,0.002
1096,0.001
1097,0.001
1098,0.004
1099,0.001
1100,0.003
1101,0.005
1102,0.006
1103,0.005
1104,0.004
1105,0.002
1106,0.003
1107,0.001
1108,0.006
1109,0.012
1110,0.005
1111,0.002
1112,0.002
1113,0.002
1114,0.001
1115,0.004
1116,0.008
1117,0.003
1118,0.006
1119,0.005
1120,0.002
1121,0.017
1122,0.003
1123,0
1124,0.001
1125,0.006
1126,0.02
1127,0.003
1128,0.009
1129,0.002
1130,0.001
1131,0.166
1132,0.026
1133,0.024
1134,0.002
1135,0.002
1136,0.002
1137,0.003
1138,0.005
1139,0.048
1140,0.008
1141,0.026
1142,0.003
1143,0.002
1144,0.002
1145,0.027
1146,0.007
1147,0.003
1148,0.012
1149,0.007
1150,0.006
1151,0.03
1152,0.01
1153,0.008
1154,0.007
1155,0.003
1156,0.001
1157,0.001
1158,0.003
1159,0.002
1160,0.005
1161,0.001
1162,0.002
1163,0.005
1164,0.001
1165,0.001
1166,0.003
1167,0.002
1168,0.005
1169,0.002
1170,0.003
1171,0.005
1172,0.007
1173,0.006
1174,0.001
1175,0.001
1176,0.004
1177,0.002
1178,0.002
1179,0.001
1180,0.001
1181,0.001
1182,0.002
1183,0.001
1184,0.001
1185,0.001
1186,0.003
1187,0.002
1188,0.001
1189,0.002
1190,0.004
1191,0.002
1192,0.002
1193,0.002
1194,0.002
1195,0.003
1196,0.001
1197,0.001
1198,0.001
1199,0.001
1200,0.058
1201,0.022
1202,0.034
1203,0.002
1204,0.001
1205,0.001
1206,0.004
1207,0.002
1208,0.001
1209,0.001
1210,0.001
1211,0.005
1212,0.005
1213,0.002
1214,0.004
1215,0.001
1216,0.012
1217,0.003
1218,0.004
1219,0.002
1220,0.001
1221,0.002
1222,0.001
1223,0.002
1224,0.001
1225,0.002
1226,0.002
1227,0.001
1228,0.002
1229,0.001
1230,0.001
1231,0.003
1232,0.001
1233,0.013
1234,0.002
1235,0.002
1236,0.003
1237,0.001
1238,0.003
1239,0.003
1240,0.001
1241,0.006
1242,0.004
1243,0.013
1244,0.151
1245,0.022
1246,0.031
1247,0.006
1248,0.003
1249,0.004
1250,0.001
1251,0.001
1252,0.002
1253,0.063
1254,0.014
1255,0.012
1256,0.001
1257,0.001
1258,0.001
1259,0.001
1260,0.001
1261,0.001
1262,0.075
1263,0.029
1264,0.018
1265,0.002
1266,0.004
1267,0.005
1268,0.015
1269,0.003
1270,0.01
1271,0.006
1272,0.01
1273,0.003
1274,0.005
1275,0.001
1276,0.002
1277,0.003
1278,0.001
1279,0.008
1280,0.002
1281,0.001
1282,0.001
1283,0.002
1284,0.001
1285,0.003
1286,0.003
1287,0.002
1288,0.001
1289,0.007
1290,0.005
1291,0.018
1292,0.005
1293,0.007
1294,0.001
1295,0.064
1296,0.008
1297,0.006
1298,0.001
1299,0.002
1300,0.001
1301,0.006
1302,0.002
1303,0.005
1304,0.004
1305,0.004
1306,0.003
1307,0.002
1308,0.001
1309,0.001
1310,0.002
1311,0.006
1312,0.001
1313,0.004
1314,0.002
1315,0.002
1316,0.005
1317,0.001
1318,0.001
1319,0.003
1320,0.001
1321,0.003
1322,0.001
1323,0.001
1324,0.01
1325,0.003
1326,0.001
1327,0.013
1328,0.005
1329,0.002
1330,0.003
1331,0.001
1332,0.009
1333,0.002
1334,0.001
1335,0.003
1336,0.002
1337,0.004
1338,0.002
1339,0.002
1340,0.001
1341,0.002
1342,0.001
1343,0.001
1344,0.002
1345,0.008
1346,0.002
1347,0.009
1348,0.002
1349,0.006
1350,0.002
1351,0.001
1352,0.004
1353,0.002
1354,0.001
1355,0.003
1356,0.002
1357,0.013
1358,0.003
1359,0.001
1360,0.001
1361,0.001
1362,0.005
1363,0.002
1364,0.001
1365,0.009
1366,0.002
1367,0.002
1368,0.001
1369,0.006
1370,0.002
1371,0.002
1372,0.002
1373,0.004
1374,0.002
1375,0.008
1376,0.002
1377,0.003
1378,0.002
1379,0.005
1380,0.022
1381,0.003
1382,0.003
1383,0.005
1384,0.003
1385,0.002
1386,0.005
1387,0.002
1388,0.001
1389,0.004
1390,0.002
1391,0.003
1392,0.025
1393,0.005
1394,0.005
1395,0.011
1396,0.003
1397,0.008
1398,0.003
1399,0.029
1400,0.006
1401,0.01
1402,0.002
1403,0.001
1404,0.001
1405,0.006
1406,0.001
1407,0.002
1408,0.002
1409,0.006
1410,0.003
1411,0.002
1412,0.002
1413,0.004
1414,0.003
1415,0.005
1416,0.002
1417,0.002
1418,0.002
1419,0.002
1420,0.005
1421,0.001
1422,0.003
1423,0.001
1424,0.001
1425,0.01
1426,0.002
1427,0.001
1428,0.003
1429,0.002
1430,0.002
1431,0.003
1432,0.005
1433,0.002
1434,0.018
1435,0.004
1436,0.009
1437,0.001
1438,0.068
1439,0.006
1440,0.011
1441,0.003
1442,0.006
1443,0.005
1444,0.001
1445,0.018
1446,0.003
1447,0.022
1448,0.005
1449,0.008
1450,0.002
1451,0.022
1452,0.004
1453,0.007
1454,0.004
1455,0.006
1456,0.002
1457,0.013
1458,0.003
1459,0.003
1460,0.008
1461,0.009
1462,0.012
1463,0.006
1464,0.003
1465,0.008
1466,0.002
1467,0.001
1468,0.001
1469,0.001
1470,0.001
1471,0.007
1472,0.002
1473,0.001
1474,0.001
1475,0.002
1476,0.003
1477,0.004
1478,0.001
1479,0.007
1480,0.002
1481,0.014
1482,0.003
1483,0.002
1484,0.002
1485,0.005
1486,0.007
1487,0.006
1488,0.001
1489,0.003
1490,0.002
1491,0.001
1492,0.005
1493,0.002
1494,0.013
1495,0.004
1496,0.006
1497,0.001
1498,0.001
1499,0.001
1500,0.002
1501,0.003
1502,0.002
1503,0.002
1504,0.003
1505,0.001
1506,0.002
1507,0.003
1508,0.001
1509,0.003
1510,0.001
1511,0.001
1512,0.039
1513,0.014
1514,0.004
1515,0.008
1516,0.001
1517,0.002
1518,0.005
1519,0.003
1520,0.004
1521,0.002
1522,0.001
1523,0.002
1524,0.002
1525,0.002
1526,0.001
1527,0.001
1528,0.003
1529,0.002
1530,0.001
1531,0.001
1532,0.001
1533,0.001
1534,0.004
1535,0.002
1536,0.009
1537,0.013
1538,0.004
1539,0.001
1540,0.004
1541,0.003
1542,0.004
1543,0.002
1544,0.001
1545,0.009
1546,0.006
1547,0.002
1548,0.005
1549,0.001
1550,0.002
1551,0.002
1552,0.001
1553,0.002
1554,0.001
1555,0.001
1556,0.006
1557,0.002
1558,0.003
1559,0.002
1560,0.004
1561,0.014
1562,0.003
1563,0.001
1564,0.003
1565,0.001
1566,0.002
1567,0.002
1568,0.003
1569,0.001
1570,0.004
1571,0.002
1572,0.008
1573,0.002
1574,0.009
1575,0.002
1576,0.006
1577,0.002
1578,0.046
1579,0.007
1580,0.01
1581,0.001
1582,0.001
1583,0.113
1584,0.017
1585,0.029
1586,0.002
1587,0.003
1588,0.005
1589,0.002
1590,0.003
1591,0.005
1592,0.002
1593,0.003
1594,0.002
1595,0.016
1596,0.028
1597,0.018
1598,0.024
1599,0.004
1600,0.006
1601,0.005
1602,0.009
1603,0.002
1604,0.001
1605,0.001
1606,0.01
1607,0.002
1608,0.001
1609,0.002
1610,0.006
1611,0.001
1612,0.001
1613,0.001
1614,0.001
1615,0.007
1616,0.001
1617,0.001
1618,0.004
1619,0.001
1620,0.009
1621,0.005
1622,0.001
1623,0.001
1624,0.001
1625,0.001
1626,0.001
1627,0.003
1628,0.001
1629,0.001
1630,0.006
1631,0.002
1632,0.009
1633,0.001
1634,0.001
1635,0.002
1636,0.001
1637,0.012
1638,0.117
1639,0.018
1640,0.042
1641,0.002
1642,0.002
1643,0.001
1644,0.002
1645,0.004
1646,0.002
1647,0.006
1648,0.007
1649,0.001
1650,0.002
1651,0.004
1652,0.002
1653,0.001
1654,0.001
1655,0.001
1656,0.001
1657,0.001
1658,0.002
1659,0.003
1660,0.001
1661,0.001
1662,0.003
1663,0.001
1664,0.002
1665,0.002
1666,0.02
1667,0.003
1668,0.003
1669,0.005
1670,0.004
1671,0.001
1672,0.001
1673,0.003
1674,0.001
1675,0.001
1676,0.005
1677,0.001
1678,0.003
1679,0.002
1680,0.002
1681,0.01
1682,0.003
1683,0.002
1684,0.001
1685,0.001
1686,0.004
1687,0.001
1688,0.014
1689,0.004
1690,0.003
1691,0.01
1692,0.002
1693,0.002
1694,0.003
1695,0.004
1696,0.001
1697,0.002
1698,0.002
1699,0.001
1700,0.001
1701,0.003
1702,0.001
1703,0.009
1704,0.001
1705,0.002
1706,0.001
1707,0.001
1708,0.001
1709,0.003
1710,0
1711,0.001
1712,0.004
1713,0.001
1714,0.001
1715,0.005
1716,0.002
1717,0.001
1718,0.009
1719,0.002
1720,0.001
1721,0.005
1722,0.002
1723,0.002
1724,0.003
1725,0.001
1726,0.041
1727,0.007
1728,0.007
1729,0.001
1730,0.025
1731,0.004
1732,0.008
1733,0.002
1734,0.007
1735,0.005
1736,0.009
1737,0.002
1738,0.005
1739,0.007
1740,0.002
1741,0.003
1742,0.001
1743,0.004
1744,0.007
1745,0.002
1746,0.001
1747,0.007
1748,0.002
1749,0.001
1750,0.001
1751,0.002
1752,0.001
1753,0.001
1754,0.003
1755,0.003
1756,0.001
1757,0.002
1758,0.001
1759,0.001
1760,0.002
1761,0.002
1762,0.001
1763,0.001
1764,0.004
1765,0.004
1766,0.002
1767,0.007
1768,0.003
1769,0.009
1770,0.002
1771,0.001
1772,0.001
1773,0.007
1774,0.002
1775,0.001
1776,0.019
1777,0.01
1778,0.016
1779,0.018
1780,0.001
1781,0.004
1782,0.002
1783,0.009
1784,0.002
1785,0.003
1786,0.001
1787,0.007
1788,0.004
1789,0.008
1790,0.004
1791,0.001
1792,0.007
1793,0.001
1794,0.003
1795,0.002
1796,0.001
1797,0.003
1798,0.001
1799,0.001
1800,0.002
1801,0.001
1802,0.001
1803,0.004
1804,0.005
1805,0.002
1806,0.001
1807,0.001
1808,0.001
1809,0.003
1810,0.001
1811,0.002
1812,0.003
1813,0.002
1814,0.002
1815,0.008
1816,0.007
1817,0.001
1818,0.004
1819,0.007
1820,0.002
1821,0
1822,0.001
1823,0.004
1824,0.001
1825,0.004
1826,0.003
1827,0.003
1828,0.001
1829,0.002
1830,0.001
1831,0.002
1832,0.003
1833,0.001
1834,0.001
1835,0.001
1836,0.005
1837,0.005
1838,0.001
1839,0.001
1840,0.001
1841,0.001
1842,0.001
1843,0.009
1844,0.002
1845,0.003
1846,0.001
1847,0.002
1848,0.002
1849,0.047
1850,0.078
1851,0.017
1852,0.029
1853,0.002
1854,0.002
1855,0.01
1856,0.002
1857,0.001
1858,0.001
1859,0.001
1860,0.003
1861,0.002
1862,0.006
1863,0.001
1864,0.002
1865,0.004
1866,0.002
1867,0.002
1868,0.002
1869,0.001
1870,0.003
1871,0.001
1872,0.004
1873,0.001
1874,0.002
1875,0.002
1876,0.013
1877,0.004
1878,0.005
1879,0.001
1880,0.008
1881,0.004
1882,0.002
1883,0.011
1884,0.031
1885,0.007
1886,0.009
1887,0.002
1888,0.002
1889,0.003
1890,0.001
1891,0.006
1892,0.002
1893,0.005
1894,0.006
1895,0.002
1896,0.004
1897,0.009
1898,0.002
1899,0.009
1900,0.003
1901,0.007
1902,0.001
1903,0.006
1904,0.117
1905,0.017
1906,0.058
1907,0.002
1908,0.006
1909,0.004
1910,0.005
1911,0.004
1912,0.001
1913,0.002
1914,0.001
1915,0.002
1916,0.001
1917,0.001
1918,0.011
1919,0.002
1920,0.003
1921,0.005
1922,0.002
1923,0.002
1924,0.003
1925,0.001
1926,0.001
1927,0.001
1928,0.001
1929,0.001
1930,0.001
1931,0.001
1932,0.001
1933,0.001
1934,0.001
1935,0.001
1936,0.001
1937,0.001
1938,0.001
1939,0.001
1940,0.001
1941,0.001
1942,0.001
1943,0.001
1944,0.001
1945,0.001
1946,0.001
1947,0.001
1948,0.001
1949,0.001
1950,0.001
1951,0.001
1952,0.001
1953,0.001
1954,0.001
1955,0.001
1956,0.001
1957,0.001
1958,0.001
1959,0.001
1960,0.001
1961,0.001
1962,0.001
1963,0.001
1964,0.001
1965,0.001
1966,0.001
1967,0.001
1968,0.001
1969,0.001
1970,0.001
1971,0.001
1972,0.001
1973,0.001
1974,0.001
1975,0.001
1976,0.001
1977,0.001
1978,0.001
1979,0.001
1980,0.001
1981,0.001
1982,0.001
1983,0.001
1984,0.001
1985,0.001
1986,0.001
1987,0.001
1988,0.001
1989,0.001
1990,0.001
1991,0.001
1992,0.001
1993,0.001
1994,0.001
1995,0.001
1996,0.001
1997,0.001
1998,0.001
1999,0.001
2000,0.001
2001,0.001
2002,0.001
2003,0.001
2004,0.001
2005,0.001
2006,0.001
2007,0.001
2008,0.001
2009,0.001
2010,0.001
2011,0.001
2012,0.001
2013,0.001
2014,0.001
2015,0.001
2016,0.001
2017,0.001
2018,0.001
2019,0.001
2020,0.001
2021,0.001
2022,0.001
2023,0.001
2024,0.001
2025,0.001
2026,0.001
2027,0.001
2028,0.001
2029,0.001
2030,0.001
2031,0.001
2032,0.001
2033,0.001
2034,0.001
2035,0.001
2036,0.001
2037,0.001
2038,0.001
2039,0.001
2040,0.001
2041,0.001
2042,0.001
2043,0.001
2044,0.001
2045,0.001
2046,0.001
2047,0.001
2048,0.001
2049,0.001
2050,0.001
2051,0.001
2052,0.001
2053,0.001
2054,0.001
2055,0.001
2056,0.001
2057,0.001
2058,0.001
2059,0.001
2060,0.001
2061,0.001
2062,0.001
2063,0.001
2064,0.001
2065,0.001
2066,0.001
2067,0.001
2068,0.001
2069,0.001
2070,0.001
2071,0.001
2072,0.001
2073,0.001
2074,0.001
2075,0.001
2076,0.001
2077,0.001
2078,0.001
2079,0.001
2080,0.001
2081,0.001
2082,0.001
2083,0.001
2084,0.001
2085,0.001
2086,0.001
2087,0.001
2088,0.001
2089,0.001
2090,0.001
2091,0.001
2092,0.001
2093,0.001
2094,0.001
2095,0.001
2096,0.001
2097,0.001
2098,0.001
2099,0.001
2100,0.001
2101,0.001
2102,0.001
2103,0.001
2104,0.001
2105,0.001
2106,0.001
2107,0.001
2108,0.001
2109,0.001
2110,0.001
2111,0.001
2112,0.001
2113,0.001
2114,0.001
2115,0.001
2116,0.001
2117,0.001
2118,0.001
2119,0.001
2120,0.001
2121,0.001
2122,0.001
2123,0.001
2124,0.001
2125,0.001
2126,0.001
2127,0.001
2128,0.001
2129,0.001
2130,0.001
2131,0.001
2132,0.001
2133,0.001
2134,0.001
2135,0.001
2136,0.001
2137,0.001
2138,0.001
2139,0.001
2140,0.001
2141,0.001
2142,0.001
2143,0.001
2144,0.001
2145,0.001
2146,0.001
2147,0.001
2148,0.001
2149,0.001
2150,0.001
2151,0.001
2152,0.001
2153,0.001
2154,0.001
2155,0.001
2156,0.001
2157,0.001
2158,0.001
2159,0.001
2160,0.001
2161,0.001
2162,0.001
2163,0.001
2164,0.001
2165,0.001
2166,0.001
2167,0.001
2168,0.001
2169,0.001
2170,0.001
2171,0.001
2172,0.001
2173,0.001
2174,0.001
2175,0.001
2176,0.001
2177,0.001
2178,0.001
2179,0.001
2180,0.001
2181,0.001
2182,0.001
2183,0.001
2184,0.001
2185,0.001
2186,0.001
2187,0.001
2188,0.001
2189,0.001
2190,0.001
2191,0.001
2192,0.001
2193,0.001
2194,0.001
2195,0.001
2196,0.001
2197,0.001
2198,0.001
2199,0.001
2200,0.001
2201,0.001
2202,0.001
2203,0.001
2204,0.001
2205,0.001
2206,0.001
2207,0.001
2208,0.001
2209,0.001
2210,0.001
2211,0.001
2212,0.001
2213,0.001
2214,0.001
2215,0.001
2216,0.001
2217,0.001
2218,0.001
2219,0.001
2220,0.001
2221,0.001
2222,0.001
2223,0.001
2224,0.001
2225,0.001
2226,0.001
2227,0.001
2228,0.001
2229,0.001
2230,0.001
2231,0.001
2232,0.001
2233,0.001
2234,0.001
2235,0.001
2236,0.001
2237,0.001
2238,0.001
2239,0.001
2240,0.001
2241,0.001
2242,0.001
2243,0.001
2244,0.001
2245,0.001
2246,0.001
2247,0.001
2248,0.001
2249,0.001
2250,0.001
2251,0.001
2252,0.001
2253,0.001
2254,0.001
2255,0.001
2256,0.001
2257,0.001
2258,0.001
2259,0.001
2260,0.001
2261,0.001
2262,0.001
2263,0.001
2264,0.001
2265,0.001
2266,0.001
2267,0.001
2268,0.001
2269,0.001
2270,0.001
2271,0.001
2272,0.001
2273,0.001
2274,0.001
2275,0.001
2276,0.001
2277,0.001
2278,0.001
2279,0.001
2280,0.001
2281,0.001
2282,0.001
2283,0.001
2284,0.001
2285,0.001
2286,0.001
2287,0.001
2288,0.001
2289,0.001
2290,0.001
2291,0.001
2292,0.001
2293,0.001
2294,0.001
2295,0.001
2296,0.001
2297,0.001
2298,0.001
2299,0.001
2300,0.001
2301,0.001
2302,0.001
2303,0.001
2304,0.001
2305,0.001
2306,0.001
2307,0.001
2308,0.001
2309,0.001
2310,0.001
2311,0.001
2312,0.001
2313,0.001
2314,0.001
2315,0.001
2316,0.001
2317,0.001
2318,0.001
2319,0.001
2320,0.001
2321,0.001
2322,0.001
2323,0.001
2324,0.001
2325,0.001
2326,0.001
2327,0.001
2328,0.001
2329,0.001
2330,0.001
2331,0.001
2332,0.001
2333,0.001
2334,0.001
2335,0.001
2336,0.001
2337,0.001
2338,0.001
2339,0.001
2340,0.001
2341,0.001
2342,0.001
2343,0.001
2344,0.001
2345,0.001
2346,0.001
2347,0.001
2348,0.001
2349,0.001
2350,0.001
2351,0.001
2352,0.001
2353,0.001
2354,0.001
2355,0.001
2356,0.001
2357,0.001
2358,0.001
2359,0.001
2360,0.001
2361,0.001
2362,0.001
2363,0.001
2364,0.001
2365,0.001
2366,0.001
2367,0.001
2368,0.001
2369,0.001
2370,0.001
2371,0.001
2372,0.001
2373,0.001
2374,0.001
2375,0.001
2376,0.001
2377,0.001
2378,0.001
2379,0.001
2380,0.001
2381,0.001
2382,0.001
2383,0.001
2384,0.001
2385,0.001
2386,0.001
2387,0.001
2388,0.001
2389,0.001
2390,0.001
2391,0.001
2392,0.001
2393,0.001
2394,0.001
2395,0.001
2396,0.001
2397,0.001
2398,0.001
2399,0.001
2400,0.001
2401,0.001
2402,0.001
2403,0.001
2404,0.001
2405,0.001
2406,0.001
2407,0.001
2408,0.001
2409,0.001
2410,0.001
2411,0.001
2412,0.001
2413,0.001
2414,0.001
2415,0.001
2416,0.001
2417,0.001
2418,0.001
2419,0.001
2420,0.001
2421,0.001
2422,0.001
2423,0.001
2424,0.001
2425,0.001
2426,0.001
2427,0.001
2428,0.001
2429,0.001
2430,0.001
2431,0.001
2432,0.001
2433,0.001
2434,0.001
2435,0.001
2436,0.001
2437,0.001
2438,0.001
2439,0.001
2440,0.001
2441,0.001
2442,0.001
2443,0.001
2444,0.001
2445,0.001
2446,0.001
2447,0.001
2448,0.001
2449,0.001
2450,0.001
2451,0.001
2452,0.001
2453,0.001
2454,0.001
2455,0.001
2456,0.001
2457,0.001
2458,0.001
2459,0.001
2460,0.001
2461,0.001
2462,0.001
2463,0.001
2464,0.001
2465,0.001
2466,0.001
2467,0.001
2468,0.001
2469,0.001
2470,0.001
2471,0.001
2472,0.001
2473,0.001
2474,0.001
2475,0.001
2476,0.001
2477,0.001
2478,0.001
2479,0.001
2480,0.001
2481,0.001
2482,0.001
2483,0.001
2484,0.001
2485,0.001
2486,0.001
2487,0.001
2488,0.001
2489,0.001
2490,0.001
2491,0.001
2492,0.001
2493,0.001
2494,0.001
2495,0.001
2496,0.001
2497,0.001
2498,0.001
2499,0.001
2500,0.001
2501,0.001
2502,0.001
2503,0.001
2504,0.001
2505,0.001
2506,0.001
2507,0.001
2508,0.001
2509,0.001
2510,0.001
2511,0.001
2512,0.001
2513,0.001
2514,0.001
2515,0.001
2516,0.001
2517,0.001
2518,0.001
2519,0.001
2520,0.001
2521,0.001
2522,0.001
2523,0.001
2524,0.001
2525,0.001
2526,0.001
2527,0.001
2528,0.001
2529,0.001
2530,0.001
2531,0.001
2532,0.001
2533,0.001
2534,0.001
2535,0.001
2536,0.001
2537,0.001
2538,0.001
2539,0.001
2540,0.001
2541,0.001
2542,0.001
2543,0.001
2544,0.001
2545,0.001
2546,0.001
2547,0.001
2548,0.001
2549,0.001
2550,0.001
2551,0.001
2552,0.001
2553,0.001
2554,0.001
2555,0.001
2556,0.001
2557,0.001
2558,0.001
2559,0.001
2560,0.001
2561,0.001
2562,0.001
2563,0.001
2564,0.001
2565,0.001
2566,0.001
2567,0.001
2568,0.001
2569,0.001
2570,0.001
2571,0.001
2572,0.001
2573,0.001
2574,0.001
2575,0.001
2576,0.001
2577,0.001
2578,0.001
2579,0.001
2580,0.001
2581,0.001
2582,0.001
2583,0.001
2584,0.001
2585,0.001
2586,0.001
2587,0.001
2588,0.001
2589,0.001
2590,0.001
2591,0.001
2592,0.001
2593,0.001
2594,0.001
2595,0.001
2596,0.001
2597,0.001
2598,0.001
2599,0.001
2600,0.001
2601,0.001
2602,0.001
2603,0.001
2604,0.001
2605,0.001
2606,0.001
2607,0.001
2608,0.001
2609,0.001
2610,0.001
2611,0.001
2612,0.001
2613,0.001
2614,0.001
2615,0.001
2616,0.001
2617,0.001
2618,0.001
2619,0.001
2620,0.001
2621,0.001
2622,0.001
2623,0.001
2624,0.001
2625,0.001
2626,0.001
2627,0.001
2628,0.001
2629,0.001
2630,0.001
2631,0.001
2632,0.001
2633,0.001
2634,0.001
2635,0.001
2636,0.001
2637,0.001
2638,0.001
2639,0.001
2640,0.001
2641,0.001
2642,0.001
2643,0.001
2644,0.001
2645,0.001
2646,0.001
2647,0.001
2648,0.001
2649,0.001
2650,0.001
2651,0.001
2652,0.001
2653,0.001
2654,0.001
2655,0.001
2656,0.001
2657,0.001
2658,0.001
2659,0.001
2660,0.001
2661,0.001
2662,0.001
2663,0.001
2664,0.001
2665,0.001
2666,0.001
2667,0.001
2668,0.001
2669,0.001
2670,0.001
2671,0.001
2672,0.001
2673,0.001
2674,0.001
2675,0.001
2676,0.001
2677,0.001
2678,0.001
2679,0.001
2680,0.001
2681,0.001
2682,0.001
2683,0.001
2684,0.001
2685,0.001
2686,0.001
2687,0.001
2688,0.001
2689,0.001
2690,0.001
2691,0.001
2692,0.001
2693,0.001
2694,0.001
2695,0.001
2696,0.001
2697,0.001
2698,0.001
2699,0.001
2700,0.001
2701,0.001
2702,0.001
2703,0.001
2704,0.001
2705,0.001
2706,0.001
2707,0.001
2708,0.001
2709,0.001
2710,0.001
2711,0.001
2712,0.001
2713,0.001
2714,0.001
2715,0.001
2716,0.001
2717,0.001
2718,0.001
2719,0.001
2720,0.001
2721,0.001
2722,0.001
2723,0.001
2724,0.001
2725,0.001
2726,0.001
2727,0.001
2728,0.001
2729,0.001
2730,0.001
2731,0.001
2732,0.001
2733,0.001
2734,0.001
2735,0.001
2736,0.001
2737,0.001
2738,0.001
2739,0.001
2740,0.001
2741,0.001
2742,0.001
2743,0.001
2744,0.001
2745,0.001
2746,0.001
2747,0.001
2748,0.001
2749,0.001
2750,0.001
2751,0.001
2752,0.001
2753,0.001
2754,0.001
2755,0.001
2756,0.001
2757,0.001
2758,0.001
2759,0.001
2760,0.001
2761,0.001
2762,0.001
2763,0.001
2764,0.001
2765,0.001
2766,0.001
2767,0.001
2768,0.001
2769,0.001
2770,0.001
2771,0.001
2772,0.001
2773,0.001
2774,0.001
2775,0.001
2776,0.001
2777,0.001
2778,0.001
2779,0.001
2780,0.001
2781,0.001
2782,0.001
2783,0.001
2784,0.001
2785,0.001
2786,0.001
2787,0.001
2788,0.001
2789,0.001
2790,0.001
2791,0.001
2792,0.001
2793,0.001
2794,0.001
2795,0.001
2796,0.001
2797,0.001
2798,0.001
2799,0.001
2800,0.001
2801,0.001
2802,0.001
2803,0.001
2804,0.001
2805,0.001
2806,0.001
2807,0.001
2808,0.001
2809,0.001
2810,0.001
2811,0.001
2812,0.001
2813,0.001
2814,0.001
2815,0.001
2816,0.001
2817,0.001
2818,0.001
2819,0.001
2820,0.001
2821,0.001
2822,0.001
2823,0.001
2824,0.001
2825,0.001
2826,0.001
2827,0.001
2828,0.001
2829,0.001
2830,0.001
2831,0.001
2832,0.001
2833,0.001
2834,0.001
2835,0.001
2836,0.001
2837,0.001
2838,0.001
2839,0.001
2840,0.001
2841,0.001
2842,0.001
2843,0.001
2844,0.001
2845,0.001
2846,0.001
2847,0.001
2848,0.001
2849,0.001
2850,0.001
2851,0.001
2852,0.001
2853,0.001
2854,0.001
2855,0.001
2856,0.001
2857,0.001
2858,0.001
2859,0.001
2860,0.001
2861,0.001
2862,0.001
2863,0.001
2864,0.001
2865,0.001
2866,0.001
2867,0.001
2868,0.001
2869,0.001
2870,0.001
2871,0.001
2872,0.001
2873,0.001
2874,0.001
2875,0.001
2876,0.001
2877,0.001
2878,0.001
2879,0.001
2880,0.001
2881,0.001
2882,0.001
2883,0.001
2884,0.001
2885,0.001
2886,0.001
2887,0.001
2888,0.001
2889,0.001
2890,0.001
2891,0.001
2892,0.001
2893,0.001
2894,0.001
2895,0.001
2896,0.001
2897,0.001
2898,0.001
2899,0.001
2900,0.001
2901,0.001
2902,0.001
2903,0.001
2904,0.001
2905,0.001
2906,0.001
2907,0.001
2908,0.001
2909,0.001
2910,0.001
2911,0.001
2912,0.001
2913,0.001
2914,0.001
2915,0.001
2916,0.001
2917,0.001
2918,0.001
2919,0.001
2920,0.001
2921,0.001
2922,0.001
2923,0.001
2924,0.001
2925,0.001
2926,0.001
2927,0.001
2928,0.001
2929,0.001
2930,0.001
2931,0.001
2932,0.001
2933,0.001
2934,0.001
2935,0.001
2936,0.001
2937,0.001
2938,0.001
2939,0.001
2940,0.001
2941,0.001
2942,0.001
2943,0.001
2944,0.001
2945,0.001
2946,0.001
2947,0.001
2948,0.001
2949,0.001
2950,0.001
2951,0.001
2952,0.001
2953,0.001
2954,0.001
2955,0.001
2956,0.001
2957,0.001
2958,0.001
2959,0.001
2960,0.001
2961,0.001
2962,0.001
2963,0.001
2964,0.001
2965,0.001
2966,0.001
2967,0.001
2968,0.001
2969,0.001
2970,0.001
2971,0.001
2972,0.001
2973,0.001
2974,0.001
2975,0.001
2976,0.001
2977,0.001
2978,0.001
2979,0.001
2980,0.001
2981,0.001
2982,0.001
2983,0.001
2984,0.001
2985,0.001
2986,0.001
2987,0.001
2988,0.001
2989,0.001
2990,0.001
2991,0.001
2992,0.001
2993,0.001
2994,0.001
2995,0.001
2996,0.001
2997,0.001
2998,0.001
2999,0.001
3000,0.001
3001,0.001
3002,0.001
3003,0.001
3004,0.001
3005,0.001
3006,0.001
3007,0.001
3008,0.001
3009,0.001
3010,0.001
3011,0.001
3012,0.001
3013,0.001
3014,0.001
3015,0.001
3016,0.001
3017,0.001
3018,0.001
3019,0.001
3020,0.001
3021,0.001
3022,0.001
3023,0.001
3024,0.001
3025,0.001
3026,0.001
3027,0.001
3028,0.001
3029,0.001
3030,0.001
3031,0.001
3032,0.001
3033,0.001
3034,0.001
3035,0.001
3036,0.001
3037,0.001
3038,0.001
3039,0.001
3040,0.001
3041,0.001
3042,0.001
3043,0.001
3044,0.001
3045,0.001
3046,0.001
3047,0.001
3048,0.001
3049,0.001
3050,0.001
3051,0.001
3052,0.001
3053,0.001
3054,0.001
3055,0.001
3056,0.001
3057,0.001
3058,0.001
3059,0.001
3060,0.001
3061,0.001
3062,0.001
3063,0.001
3064,0.001
3065,0.001
3066,0.001
3067,0.001
3068,0.001
3069,0.001
3070,0.001
3071,0.001
3072,0.001
3073,0.001
3074,0.001
3075,0.001
3076,0.001
3077,0.001
3078,0.001
3079,0.001
3080,0.001
3081,0.001
3082,0.001
3083,0.001
3084,0.001
3085,0.001
3086,0.001
3087,0.001
3088,0.001
3089,0.001
3090,0.001
3091,0.001
3092,0.001
3093,0.001
3094,0.001
3095,0.001
3096,0.001
3097,0.001
3098,0.001
3099,0.001
3100,0.001
3101,0.001
3102,0.001
3103,0.001
3104,0.001
3105,0.001
3106,0.001
3107,0.001
3108,0.001
3109,0.001
3110,0.001
3111,0.001
3112,0.001
3113,0.001
3114,0.001
3115,0.001
3116,0.001
3117,0.001
3118,0.001
3119,0.001
3120,0.001
3121,0.001
3122,0.001
3123,0.001
3124,0.001
3125,0.001
3126,0.001
3127,0.001
3128,0.001
3129,0.001
3130,0.001
3131,0.001
3132,0.001
3133,0.001
3134,0.001
3135,0.001
3136,0.001
3137,0.001
3138,0.001
3139,0.001
3140,0.001
3141,0.001
3142,0.001
3143,0.001
3144,0.001
3145,0.001
3146,0.001
3147,0.001
3148,0.001
3149,0.001
3150,0.001
3151,0.001
3152,0.001
3153,0.001
3154,0.001
3155,0.001
3156,0.001
3157,0.001
3158,0.001
3159,0.001
3160,0.001
3161,0.001
3162,0.001
3163,0.001
3164,0.001
3165,0.001
3166,0.001
3167,0.001
3168,0.001
3169,0.001
3170,0.001
3171,0.001
3172,0.001
3173,0.001
3174,0.001
3175,0.001
3176,0.001
3177,0.001
3178,0.001
3179,0.001
3180,0.001
3181,0.001
3182,0.001
3183,0.001
3184,0.001
3185,0.001
3186,0.001
3187,0.001
3188,0.001
3189,0.001
3190,0.001
3191,0.001
3192,0.001
3193,0.001
3194,0.001
3195,0.001
3196,0.001
3197,0.001
3198,0.001
3199,0.001
3200,0.001
3201,0.001
3202,0.001
3203,0.001
3204,0.001
3205,0.001
3206,0.001
3207,0.001
3208,0.001
3209,0.001
3210,0.001
3211,0.001
3212,0.001
3213,0.001
3214,0.001
3215,0.001
3216,0.001
3217,0.001
3218,0.001
3219,0.001
3220,0.001
3221,0.001
3222,0.001
3223,0.001
3224,0.001
3225,0.001
3226,0.001
3227,0.001
3228,0.001
3229,0.001
3230,0.001
3231,0.001
3232,0.001
3233,0.001
3234,0.001
3235,0.001
3236,0.001
3237,0.001
3238,0.001
3239,0.001
3240,0.001
3241,0.001
3242,0.001
3243,0.001
3244,0.001
3245,0.001
3246,0.001
3247,0.001
3248,0.001
3249,0.001
3250,0.001
3251,0.001
3252,0.001
3253,0.001
3254,0.001
3255,0.001
3256,0.001
3257,0.001
3258,0.001
3259,0.001
3260,0.001
3261,0.001
3262,0.001
3263,0.001
3264,0.001
3265,0.001
3266,0.001
3267,0.001
3268,0.001
3269,0.001
3270,0.001
3271,0.001
3272,0.001
3273,0.001
3274,0.001
3275,0.001
3276,0.001
3277,0.001
3278,0.001
3279,0.001
3280,0.001
3281,0.001
3282,0.001
3283,0.001
3284,0.001
3285,0.001
3286,0.001
3287,0.001
3288,0.001
3289,0.001
3290,0.001
3291,0.001
3292,0.001
3293,0.001
3294,0.001
3295,0.001
3296,0.001
3297,0.001
3298,0.001
3299,0.001
3300,0.001
3301,0.001
3302,0.001
3303,0.001
3304,0.001
3305,0.001
3306,0.001
3307,0.001
3308,0.001
3309,0.001
3310,0.001
3311,0.001
3312,0.001
3313,0.001
3314,0.001
3315,0.001
3316,0.001
3317,0.001
3318,0.001
3319,0.001
3320,0.001
3321,0.001
3322,0.001
3323,0.001
3324,0.001
3325,0.001
3326,0.001
3327,0.001
3328,0.001
3329,0.001
3330,0.001
3331,0.001
3332,0.001
3333,0.001
3334,0.001
3335,0.001
3336,0.001
3337,0.001
3338,0.001
3339,0.001
3340,0.001
3341,0.001
3342,0.001
3343,0.001
3344,0.001
3345,0.001
3346,0.001
3347,0.001
3348,0.001
3349,0.001
3350,0.001
3351,0.001
3352,0.001
3353,0.001
3354,0.001
3355,0.001
3356,0.001
3357,0.001
3358,0.001
3359,0.001
3360,0.001
3361,0.001
3362,0.001
3363,0.001
3364,0.001
3365,0.001
3366,0.001
3367,0.001
3368,0.001
3369,0.001
3370,0.001
3371,0.001
3372,0.001
3373,0.001
3374,0.001
3375,0.001
3376,0.001
3377,0.001
3378,0.001
3379,0.001
3380,0.001
3381,0.001
3382,0.001
3383,0.001
3384,0.001
3385,0.001
3386,0.001
3387,0.001
3388,0.001
3389,0.001
3390,0.001
3391,0.001
3392,0.001
3393,0.001
3394,0.001
3395,0.001
3396,0.001
3397,0.001
3398,0.001
3399,0.001
3400,0.001
3401,0.001
3402,0.001
3403,0.001
3404,0.001
3405,0.001
3406,0.001
3407,0.001
3408,0.001
3409,0.001
3410,0.001
3411,0.001
3412,0.001
3413,0.001
3414,0.001
3415,0.001
3416,0.001
3417,0.001
3418,0.001
3419,0.001
3420,0.001
3421,0.001
3422,0.001
3423,0.001
3424,0.001
3425,0.001
3426,0.001
3427,0.001
3428,0.001
3429,0.001
3430,0.001
3431,0.001
3432,0.001
3433,0.001
3434,0.001
3435,0.001
3436,0.001
3437,0.001
3438,0.001
3439,0.001
3440,0.001
3441,0.001
3442,0.001
3443,0.001
3444,0.001
3445,0.001
3446,0.001
3447,0.001
3448,0.001
3449,0.001
3450,0.001
3451,0.001
3452,0.001
3453,0.001
3454,0.001
3455,0.001
3456,0.001
3457,0.001
3458,0.001
3459,0.001
3460,0.001
3461,0.001
3462,0.001
3463,0.001
3464,0.001
3465,0.001
3466,0.001
3467,0.001
3468,0.001
3469,0.001
3470,0.001
3471,0.001
3472,0.001
3473,0.001
3474,0.001
3475,0.001
3476,0.001
3477,0.001
3478,0.001
3479,0.001
3480,0.001
3481,0.001
3482,0.001
3483,0.001
3484,0.001
3485,0.001
3486,0.001
3487,0.001
3488,0.001
3489,0.001
3490,0.001
3491,0.001
3492,0.001
3493,0.001
3494,0.001
3495,0.001
3496,0.001
3497,0.001
3498,0.001
3499,0.001
3500,0.001
3501,0.001
3502,0.001
3503,0.001
3504,0.001
3505,0.001
3506,0.001
3507,0.001
3508,0.001
3509,0.001
3510,0.001
3511,0.001
3512,0.001
3513,0.001
3514,0.001
3515,0.001
3516,0.001
3517,0.001
3518,0.001
3519,0.001
3520,0.001
3521,0.001
3522,0.001
3523,0.001
3524,0.001
3525,0.001
3526,0.001
3527,0.001
3528,0.001
3529,0.001
3530,0.001
3531,0.001
3532,0.001
3533,0.001
3534,0.001
3535,0.001
3536,0.001
3537,0.001
3538,0.001
3539,0.001
3540,0.001
3541,0.001
3542,0.001
3543,0.001
3544,0.001
3545,0.001
3546,0.001
3547,0.001
3548,0.001
3549,0.001
3550,0.001
3551,0.001
3552,0.001
3553,0.001
3554,0.001
3555,0.001
3556,0.001
3557,0.001
3558,0.001
3559,0.001
3560,0.001
3561,0.001
3562,0.001
3563,0.001
3564,0.001
3565,0.001
3566,0.001
3567,0.001
3568,0.001
3569,0.001
3570,0.001
3571,0.001
3572,0.001
3573,0.001
3574,0.001
3575,0.001
3576,0.001
3577,0.001
3578,0.001
3579,0.001
3580,0.001
3581,0.001
3582,0.001
3583,0.001
3584,0.001
3585,0.001
3586,0.001
3587,0.001
3588,0.001
3589,0.001
3590,0.001
3591,0.001
3592,0.001
3593,0.001
3594,0.001
3595,0.001
3596,0.001
3597,0.001
3598,0.001
3599,0.001
3600,0.001
3601,0.001
3602,0.001
3603,0.001
3604,0.001
3605,0.001
3606,0.001
3607,0.001
3608,0.001
3609,0.001
3610,0.001
3611,0.001
3612,0.001
3613,0.001
3614,0.001
3615,0.001
3616,0.001
3617,0.001
3618,0.001
3619,0.001
3620,0.001
3621,0.001
3622,0.001
3623,0.001
3624,0.001
3625,0.001
3626,0.001
3627,0.001
3628,0.001
3629,0.001
3630,0.001
3631,0.001
3632,0.001
3633,0.001
3634,0.001
3635,0.001
3636,0.001
3637,0.001
3638,0.001
3639,0.001
3640,0.001
3641,0.001
3642,0.001
3643,0.001
3644,0.001
3645,0.001
3646,0.001
3647,0.001
3648,0.001
3649,0.001
3650,0.001
3651,0.001
3652,0.001
3653,0.001
3654,0.001
3655,0.001
3656,0.001
3657,0.001
3658,0.001
3659,0.001
3660,0.001
3661,0.001
3662,0.001
3663,0.001
3664,0.001
3665,0.001
3666,0.001
3667,0.001
3668,0.001
3669,0.001
3670,0.001
3671,0.001
3672,0.001
3673,0.001
3674,0.001
3675,0.001
3676,0.001
3677,0.001
3678,0.001
3679,0.001
3680,0.001
3681,0.001
3682,0.001
3683,0.001
3684,0.001
3685,0.001
3686,0.001
3687,0.001
3688,0.001
3689,0.001
3690,0.001
3691,0.001
3692,0.001
3693,0.001
3694,0.001
3695,0.001
3696,0.001
3697,0.001
3698,0.001
3699,0.001
3700,0.001
3701,0.001
3702,0.001
3703,0.001
3704,0.001
3705,0.001
3706,0.001
3707,0.001
3708,0.001
3709,0.001
3710,0.001
3711,0.001
3712,0.001
3713,0.001
3714,0.001
3715,0.001
3716,0.001
3717,0.001
3718,0.001
3719,0.001
3720,0.001
3721,0.001
3722,0.001
3723,0.001
3724,0.001
3725,0.001
3726,0.001
3727,0.001
3728,0.001
3729,0.001
3730,0.001
3731,0.001
3732,0.001
3733,0.001
3734,0.001
3735,0.001
3736,0.001
3737,0.001
3738,0.001
3739,0.001
3740,0.001
3741,0.001
3742,0.001
3743,0.001
3744,0.001
3745,0.001
3746,0.001
3747,0.001
3748,0.001
3749,0.001
3750,0.001
3751,0.001
3752,0.001
3753,0.001
3754,0.001
3755,0.001
3756,0.001
3757,0.001
3758,0.001
3759,0.001
3760,0.001
3761,0.001
3762,0.001
3763,0.001
3764,0.001
3765,0.001
3766,0.001
3767,0.001
3768,0.001
3769,0.001
3770,0.001
3771,0.001
3772,0.001
3773,0.001
3774,0.001
3775,0.001
3776,0.001
3777,0.001
3778,0.001
3779,0.001
3780,0.001
3781,0.001
3782,0.001
3783,0.001
3784,0.001
3785,0.001
3786,0.001
3787,0.001
3788,0.001
3789,0.001
3790,0.001
3791,0.001
3792,0.001
3793,0.001
3794,0.001
3795,0.001
3796,0.001
3797,0.001
3798,0.001
3799,0.001
3800,0.001
3801,0.001
3802,0.001
3803,0.001
3804,0.001
3805,0.001
3806,0.001
3807,0.001
3808,0.001
3809,0.001
3810,0.001
3811,0.001
3812,0.001
3813,0.001
3814,0.001
3815,0.001
3816,0.001
3817,0.001
3818,0.001
3819,0.001
3820,0.001
3821,0.001
3822,0.001
3823,0.001
3824,0.001
3825,0.001
3826,0.001
3827,0.001
3828,0.001
3829,0.001
3830,0.001
3831,0.001
3832,0.001
3833,0.001
3834,0.001
3835,0.001
3836,0.001
3837,0.001
3838,0.001
3839,0.001
3840,0.001
3841,0.001
3842,0.001
3843,0.001
3844,0.001
3845,0.001
3846,0.001
3847,0.001
3848,0.001
3849,0.001
3850,0.001
3851,0.001
3852,0.001
3853,0.001
3854,0.001
3855,0.001
3856,0.001
3857,0.001
3858,0.001
3859,0.001
3860,0.001
3861,0.001
3862,0.001
3863,0.001
3864,0.001
3865,0.001
3866,0.001
3867,0.001
3868,0.001
3869,0.001
3870,0.001
3871,0.001
3872,0.001
3873,0.001
3874,0.001
3875,0.001
3876,0.001
3877,0.001
3878,0.001
3879,0.001
3880,0.001
3881,0.001
3882,0.001
3883,0.001
3884,0.001
3885,0.001
3886,0.001
3887,0.001
3888,0.001
3889,0.001
3890,0.001
3891,0.001
3892,0.001
3893,0.001
3894,0.001
3895,0.001
3896,0.001
3897,0.001
3898,0.001
3899,0.001
3900,0.001
3901,0.001
3902,0.001
3903,0.001
3904,0.001
3905,0.001
3906,0.001
3907,0.001
3908,0.001
3909,0.001
3910,0.001
3911,0.001
3912,0.001
3913,0.001
3914,0.001
3915,0.001
3916,0.001
3917,0.001
3918,0.001
3919,0.001
3920,0.001
3921,0.001
3922,0.001
3923,0.001
3924,0.001
3925,0.001
3926,0.001
3927,0.001
3928,0.001
3929,0.001
3930,0.001
3931,0.001
3932,0.001
3933,0.001
3934,0.001
3935,0.001
3936,0.001
3937,0.001
3938,0.001
3939,0.001
3940,0.001
3941,0.001
3942,0.001
3943,0.001
3944,0.001
3945,0.001
3946,0.001
3947,0.001
3948,0.001
3949,0.001
3950,0.001
3951,0.001
3952,0.001
3953,0.001
3954,0.001
3955,0.001
3956,0.001
3957,0.001
3958,0.001
3959,0.001
3960,0.001
3961,0.001
3962,0.001
3963,0.001
3964,0.001
3965,0.001
3966,0.001
3967,0.001
3968,0.001
3969,0.001
3970,0.001
3971,0.001
3972,0.001
3973,0.001
3974,0.001
3975,0.001
3976,0.001
3977,0.001
3978,0.001
3979,0.001
3980,0.001
3981,0.001
3982,0.001
3983,0.001
3984,0.001
3985,0.001
3986,0.001
3987,0.001
3988,0.001
3989,0.001
3990,0.001
3991,0.001
3992,0.001
3993,0.001
3994,0.001
3995,0.001
3996,0.001
3997,0.001
3998,0.001
3999,0.001
4000,0.001
4001,0.001
4002,0.001
4003,0.001
4004,0.001
4005,0.001
4006,0.001
4007,0.001
4008,0.001
4009,0.001
4010,0.001
4011,0.001
4012,0.001
4013,0.001
4014,0.001
4015,0.001
4016,0.001
4017,0.001
4018,0.001
4019,0.001
4020,0.001
4021,0.001
4022,0.001
4023,0.001
4024,0.001
4025,0.001
4026,0.001
4027,0.001
4028,0.001
4029,0.001
4030,0.001
4031,0.001
4032,0.001
4033,0.001
4034,0.001
4035,0.001
4036,0.001
4037,0.001
4038,0.001
4039,0.001
4040,0.001
4041,0.001
4042,0.001
4043,0.001
4044,0.001
4045,0.001
4046,0.001
4047,0.001
4048,0.001
4049,0.001
4050,0.001
4051,0.001
4052,0.001
4053,0.001
4054,0.001
4055,0.001
4056,0.001
4057,0.001
4058,0.001
4059,0.001
4060,0.001
4061,0.001
4062,0.001
4063,0.001
4064,0.001
4065,0.001
4066,0.001
4067,0.001
4068,0.001
4069,0.001
4070,0.001
4071,0.001
4072,0.001
4073,0.001
4074,0.001
4075,0.001
4076,0.001
4077,0.001
4078,0.001
4079,0.001
4080,0.001
4081,0.001
4082,0.001
4083,0.001
4084,0.001
4085,0.001
4086,0.001
4087,0.001
4088,0.001
4089,0.001
4090,0.001
4091,0.001
4092,0.001
4093,0.001
4094,0.001
4095,0.001
4096,0.001
4097,0.001
4098,0.001
4099,0.001
4100,0.001
4101,0.001
4102,0.001
4103,0.001
4104,0.001
4105,0.001
4106,0.001
4107,0.001
4108,0.001
4109,0.001
4110,0.001
4111,0.001
4112,0.001
4113,0.001
4114,0.001
4115,0.001
4116,0.001
4117,0.001
4118,0.001
4119,0.001
4120,0.001
4121,0.001
4122,0.001
4123,0.001
4124,0.001
4125,0.001
4126,0.001
4127,0.001
4128,0.001
4129,0.001
4130,0.001
4131,0.001
4132,0.001
4133,0.001
4134,0.001
4135,0.001
4136,0.001
4137,0.001
4138,0.001
4139,0.001
4140,0.001
4141,0.001
4142,0.001
4143,0.001
4144,0.001
4145,0.001
4146,0.001
4147,0.001
4148,0.001
4149,0.001
4150,0.001
4151,0.001
4152,0.001
4153,0.001
4154,0.001
4155,0.001
4156,0.001
4157,0.001
4158,0.001
4159,0.001
4160,0.001
4161,0.001
4162,0.001
4163,0.001
4164,0.001
4165,0.001
4166,0.001
4167,0.001
4168,0.001
4169,0.001
4170,0.001
4171,0.001
4172,0.001
4173,0.001
4174,0.001
4175,0.001
4176,0.001
