1,0.159
2,0.165
3,0.187
4,0.17
5,0.162
6,0.156
7,0.16
8,0.273
9,0.252
10,0.2
11,0.246
12,0.263
13,0.221
14,0.251
15,0.216
16,0.178
17,0.202
18,0.258
19,0.183
20,0.193
21,0.177
22,0.138
23,0.148
24,0.169
25,0.171
26,0.199
27,0.17
28,0.128
29,0.142
30,0.148
31,0.143
32,0.163
33,0.179
34,0.189
35,0.144
36,0.145
37,0.157
38,0.176
39,0.121
40,0.14
41,0.156
42,0.167
43,0.19
44,0.285
45,0.222
46,0.151
47,0.151
48,0.171
49,0.144
50,0.173
51,0.152
52,0.114
53,0.132
54,0.131
55,0.135
56,0.145
57,0.181
58,0.186
59,0.156
60,0.149
61,0.157
62,0.252
63,0.25
64,0.16
65,0.124
66,0.152
67,0.176
68,0.169
69,0.149
70,0.143
71,0.14
72,0.134
73,0.174
74,0.176
75,0.151
76,0.132
77,0.126
78,0.103
79,0.095
80,0.1
81,0.173
82,0.211
83,0.149
84,0.11
85,0.517
86,0.435
87,0.193
88,0.156
89,0.219
90,0.242
91,0.184
92,0.204
93,0.204
94,0.45
95,0.529
96,0.213
97,0.412
98,0.326
99,0.209
100,0.176
101,0.176
102,0.307
103,0.305
104,0.263
105,0.196
106,0.231
107,0.229
108,0.229
109,0.394
110,0
111,0.272
112,0.229
113,0.136
114,0.185
115,0.204
116,0.184
117,0.163
118,0.171
119,0.198
120,0.191
121,0.189
122,0.17
123,0.108
124,0.158
125,0.115
126,0.164
127,0.159
128,0.141
129,0.304
130,0.351
131,0.173
132,0.215
133,0.244
134,0.209
135,0.145
136,0.146
137,0.307
138,0.232
139,0.099
140,0.115
141,0.258
142,0.231
143,0.186
144,0.187
145,0.166
146,0.197
147,0.191
148,0.14
149,0.138
150,0.139
151,0.157
152,0.206
153,0.181
154,0.187
155,0.218
156,0.234
157,0.21
158,0.187
159,0.201
160,0
161,0.187
162,0.215
163,0.242
164,0.186
165,0.246
166,0.202
167,0.152
168,0.171
169,0.163
170,0.162
171,0.16
172,0.16
173,0.163
174,0.183
175,0.153
176,0.163
177,0.191
178,0.168
179,0.174
180,0.176
181,0.158
182,0.173
183,0.156
184,0.165
185,0.135
186,0.161
187,0.158
188,0.158
189,0.206
190,0.19
191,0.172
192,0.142
193,0.168
194,0.153
195,0.17
196,0.147
197,0.126
198,0.112
199,0.1
200,0.108
201,0.135
202,0.168
203,0.154
204,0.152
205,0.194
206,0.196
207,0.168
208,0.201
209,0.156
210,0.181
211,0.133
212,0.13
213,0.167
214,0.137
215,0.143
216,0.162
217,0.153
218,0.149
219,0.143
220,0.138
221,0.17
222,0.147
223,0.135
224,0.205
225,0.198
226,0.187
227,0.201
228,0.191
229,0.192
230,0.167
231,0.159
232,0.161
233,0.131
234,0.152
235,0.166
236,0.236
237,0.198
238,0.197
239,0.164
240,0.192
241,0.195
242,0.195
243,0.203
244,0.253
245,0.443
246,0.378
247,0.168
248,0.176
249,0.146
250,0.129
251,0.219
252,0.186
253,0.177
254,0.193
255,0.185
256,0.167
257,0.166
258,0.162
259,0.261
260,0.243
261,0.135
262,0.187
263,0.202
264,0.193
265,0.16
266,0.179
267,0.147
268,0.205
269,0.423
270,0.295
271,0.155
272,0.169
273,0.167
274,0.182
275,0.178
276,0.161
277,0.172
278,0.185
279,0.226
280,0.193
281,0.181
282,0.159
283,0.379
284,0.343
285,0.271
286,0.26
287,0.149
288,0.14
289,0.173
290,0.175
291,0.267
292,0.184
293,0.148
294,0.174
295,0.184
296,0.174
297,0.241
298,0.187
299,0.183
300,0.181
301,0.251
302,0.205
303,0.179
304,0.196
305,0.211
306,0.208
307,0.259
308,0.228
309,0.197
310,0.198
311,0.219
312,0.193
313,0.247
314,0.229
315,0.17
316,0.177
317,0.168
318,0.145
319,0.129
320,0.127
321,0.111
322,0.129
323,0.128
324,0.161
325,0.158
326,0.296
327,0.217
328,0.189
329,0.174
330,0.148
331,0.168
332,0.17
333,0.155
334,0.158
335,0.195
336,0.194
337,0.141
338,0.15
339,0.161
340,0.143
341,0.162
342,0.169
343,0.134
344,0.143
345,0.132
346,0.144
347,0.21
348,0.204
349,0.195
350,0.2
351,0.269
352,0.199
353,0.147
354,0.156
355,0.157
356,0.17
357,0.148
358,0.18
359,0.179
360,0.176
361,0.164
362,0.178
363,0.192
364,0.167
365,0.175
366,0.13
367,0.148
368,0.162
369,0.168
370,0.21
371,0.19
372,0.175
373,0.173
374,0.154
375,0.186
376,0.213
377,0.176
378,0.148
379,0.108
380,0.103
381,0.226
382,0.218
383,0.216
384,0.23
385,0.205
386,0.199
387,0.173
388,0.21
389,0.193
390,0.216
391,0.197
392,0.202
393,0.158
394,0.165
395,0.152
396,0.151
397,0.179
398,0.186
399,0.167
400,0.175
401,0.212
402,0.503
403,0.378
404,0.185
405,0.174
406,0.171
407,0.178
408,0.206
409,0.18
410,0.184
411,0.16
412,0.169
413,0.159
414,0.167
415,0.192
416,0.185
417,0.181
418,0.16
419,0.18
420,0.182
421,0.288
422,0.294
423,0.214
424,0.209
425,0.432
426,0.386
427,0.17
428,0.193
429,0.157
430,0.13
431,0.161
432,0.169
433,0.173
434,0.159
435,0.148
436,0.177
437,0.163
438,0.134
439,0.132
440,0.198
441,0.203
442,0.194
443,0.217
444,0.364
445,0.383
446,0.26
447,0.238
448,0.234
449,0.182
450,0.202
451,0.249
452,0.239
453,0.229
454,0.231
455,0.229
456,0.221
457,0.184
458,0.177
459,0.167
460,0.169
461,0.193
462,0.177
463,0.156
464,0.175
465,0.184
466,0.156
467,0.192
468,0.19
469,0.174
470,0.185
471,0.173
472,0.181
473,0.196
474,0.183
475,0.171
476,0.139
477,0.196
478,0.172
479,0.167
480,0.165
481,0.168
482,0.186
483,0.164
484,0.124
485,0.142
486,0.142
487,0.151
488,0.157
489,0.159
490,0.161
491,0.191
492,0.153
493,0.156
494,0.186
495,0.18
496,0.204
497,0.158
498,0.116
499,0.105
500,0.139
501,0.152
502,0.147
503,0.204
504,0.192
505,0.158
506,0.152
507,0.175
508,0.441
509,0.318
510,0.277
511,0.15
512,0.177
513,0.259
514,0.253
515,0.624
516,0.502
517,0.276
518,0.183
519,0.181
520,0.187
521,0.226
522,0.252
523,0.216
524,0.145
525,0.3
526,0.219
527,0.297
528,0.243
529,0.514
530,0.462
531,0.646
532,0.564
533,0.197
534,0.205
535,0.186
536,0.234
537,0.956
538,0.804
539,0.468
540,0.195
541,0.235
542,0.205
543,0.536
544,0.658
545,0.308
546,0.183
547,0.169
548,0.146
549,0.166
550,0.182
551,0.144
552,0.176
553,0.179
554,0.176
555,0.169
556,0.191
557,0.173
558,0.139
559,0.128
560,0.129
561,0.168
562,0.155
563,0.145
564,0.272
565,0.245
566,0.169
567,0.17
568,0.262
569,0.239
570,0.139
571,0.153
572,0.3
573,0.356
574,0.298
575,0.278
576,0.173
577,0.139
578,0.164
579,0.16
580,0.148
581,0.159
582,0.163
583,0.166
584,0.178
585,0.173
586,0.177
587,0.186
588,0.175
589,0.251
590,0.201
591,0.283
592,0.231
593,0.172
594,0.191
595,0.195
596,0.199
597,0.242
598,0.249
599,0.183
600,0.186
601,0.185
602,0.172
603,0.136
604,0.136
605,0.183
606,0.144
607,0.155
608,0.142
609,0.16
610,0.178
611,0.528
612,0.5
613,0.251
614,0.181
615,0.187
616,0.163
617,0.172
618,0.14
619,0.139
620,0.125
621,0.124
622,0.158
623,0.147
624,0.193
625,0.154
626,0.171
627,0.145
628,0.126
629,0.163
630,0.127
631,0.166
632,0.194
633,0.198
634,0.19
635,0.208
636,0.181
637,0.151
638,0.259
639,0.204
640,0.161
641,0.175
642,0.166
643,0.163
644,0.155
645,0.132
646,0.163
647,0.168
648,0.169
649,0.158
650,0.141
651,0.158
652,0.148
653,0.136
654,0.16
655,0.152
656,0.165
657,0.166
658,0.139
659,0.144
660,0.162
661,0.156
662,0.182
663,0.166
664,0.18
665,0.139
666,0.154
667,0.185
668,0.167
669,0.145
670,0.252
671,0.203
672,0.223
673,0.183
674,0.209
675,0.185
676,0.199
677,0.301
678,0.231
679,0.118
680,0.277
681,0.189
682,0.142
683,0.179
684,0.363
685,0.274
686,0.17
687,0.178
688,0.171
689,0.164
690,0.169
691,0.328
692,0.259
693,0.182
694,0.167
695,0.167
696,0.147
697,0.166
698,0.133
699,0.191
700,0.178
701,0.17
702,0.186
703,0.174
704,0.161
705,0.152
706,0.191
707,0.362
708,0.524
709,0.404
710,0.39
711,0.342
712,0.165
713,0.158
714,0.321
715,0.303
716,0.162
717,0.161
718,0.17
719,0.205
720,0.179
721,0.169
722,0.149
723,0.183
724,0.182
725,0.224
726,0.187
727,0.172
728,0.217
729,0.201
730,0.214
731,0.272
732,0.245
733,0.2
734,0.197
735,0.205
736,0.201
737,0.207
738,0.18
739,0.197
740,0.177
741,0.2
742,0.192
743,0.219
744,0.203
745,0.182
746,0.191
747,0.359
748,0.479
749,0.468
750,0.398
751,0.324
752,0.257
753,0.197
754,0.188
755,0.187
756,0.168
757,0.18
758,0.16
759,0.179
760,0.141
761,0.201
762,0.178
763,0.182
764,0.2
765,0.173
766,0.126
767,0.207
768,0.194
769,0.164
770,0.167
771,0.173
772,0.181
773,0.156
774,0.173
775,0.153
776,0.147
777,0.153
778,0.193
779,0.18
780,0.16
781,0.18
782,0.186
783,0.172
784,0.196
785,0.165
786,0.198
787,0.176
788,0.153
789,0.167
790,0.152
791,0.21
792,0.185
793,0.141
794,0.172
795,0.151
796,0.156
797,0.127
798,0.161
799,0.141
800,0.128
801,0.153
802,0.227
803,0.188
804,0.179
805,0.138
806,0.121
807,0.154
808,0.291
809,0.284
810,0.296
811,0.199
812,0.162
813,0.161
814,0.21
815,0.185
816,0.24
817,0.214
818,0.181
819,0.441
820,0.362
821,0.17
822,0.186
823,0.155
824,0.189
825,0.184
826,0.161
827,0.284
828,0.868
829,0.748
830,0.326
831,0.292
832,0.209
833,0.202
834,0.186
835,0.205
836,0.181
837,0.247
838,0.191
839,0.141
840,0.377
841,0.275
842,0.165
843,0.163
844,0.195
845,0.148
846,0.191
847,0.166
848,0.164
849,0.165
850,0.158
851,0.172
852,0.166
853,0.184
854,0.266
855,0.228
856,0.161
857,0.394
858,0.301
859,0.125
860,0.133
861,0.181
862,0.169
863,0.164
864,0.215
865,0.178
866,0.177
867,0.166
868,0.193
869,0.215
870,0.178
871,0.135
872,0.198
873,0.159
874,0.271
875,0.231
876,0.167
877,0.211
878,0.22
879,0.282
880,0.259
881,0.211
882,0.199
883,0.218
884,0.253
885,0.227
886,0.172
887,0.17
888,0.184
889,0.164
890,0.151
891,0.17
892,0.19
893,1.294
894,0.742
895,0.253
896,0.165
897,0.189
898,0.188
899,0.194
900,0.175
901,0.181
902,0.194
903,0.184
904,0.178
905,0.195
906,0.198
907,0.164
908,0.164
909,0.188
910,0.168
911,0.148
912,0.162
913,0.205
914,0.142
915,0.182
916,0.201
917,0.202
918,0.161
919,0.141
920,0.102
921,0.143
922,0.138
923,0.181
924,0.18
925,0.158
926,0.185
927,0.163
928,0.181
929,0.152
930,0.165
931,0.109
932,0.19
933,0.227
934,0.157
935,0.217
936,0.242
937,0.237
938,0.297
939,0.24
940,0.179
941,0.175
942,0.193
943,0.153
944,0.165
945,0.149
946,0.165
947,0.171
948,0.152
949,0.156
950,0.157
951,0.18
952,0.246
953,0.339
954,0.422
955,0.427
956,0.488
957,0.55
958,0.529
959,0.518
960,0.565
961,0.634
962,0.605
963,0.756
964,0.906
965,0.478
966,0.258
967,0.199
968,0.255
969,0.228
970,0.205
971,0.2
972,0.185
973,0.163
974,0.164
975,0.168
976,0.169
977,0.212
978,0.216
979,0.215
980,0.152
981,0.15
982,0.146
983,0.221
984,0.21
985,0.163
986,0.152
987,0.159
988,0.171
989,0.158
990,0.164
991,0.174
992,0.166
993,0.222
994,0.215
995,0.186
996,0.209
997,0.245
998,0.188
999,0.181
1000,0.247
1001,0.214
1002,0.203
1003,0.156
1004,0.163
1005,0.152
1006,0.149
1007,0.208
1008,0.29
1009,0.338
1010,0.453
1011,0.373
1012,0.188
1013,0.185
1014,0.208
1015,0.161
1016,0.155
1017,0.171
1018,0.224
1019,0.245
1020,0.212
1021,0.183
1022,0.368
1023,0.319
1024,0.2
1025,0.247
1026,0.179
1027,0.218
1028,0.226
1029,0.215
1030,0.218
1031,0.195
1032,0.176
1033,0.158
1034,0.185
1035,0.168
1036,0.18
1037,0.185
1038,0.164
1039,0.137
1040,0.118
1041,0.16
1042,0.184
1043,0.18
1044,0.203
1045,0.203
1046,0.155
1047,0.17
1048,0.174
1049,0.175
1050,0.145
1051,0.175
1052,0.174
1053,0.188
1054,0.172
1055,0.182
1056,0.166
1057,0.21
1058,0.188
1059,0.169
1060,0.179
1061,0.162
1062,0.133
1063,0.174
1064,0.187
1065,0.173
1066,0.176
1067,0.155
1068,0.197
1069,0.146
1070,0.153
1071,0.204
1072,0.188
1073,0.158
1074,0.182
1075,0.197
1076,0.183
1077,0.155
1078,0.194
1079,0.195
1080,0.164
1081,0.157
1082,0.156
1083,0.178
1084,0.172
1085,0.122
1086,0.154
1087,0.195
1088,0.169
1089,0.171
1090,0.219
1091,0.257
1092,0.127
1093,0.194
1094,0.167
1095,0.183
1096,0.184
1097,0.159
1098,0.115
1099,0.132
1100,0.124
1101,0.163
1102,0.156
1103,0.245
1104,0.227
1105,0.235
1106,0.191
1107,0.183
1108,0.318
1109,0.457
1110,0.352
1111,0.207
1112,0.217
1113,0.183
1114,0.171
1115,0.305
1116,0.309
1117,0.295
1118,0.243
1119,0.199
1120,0.187
1121,0.228
1122,0.211
1123,0
1124,0.155
1125,0.16
1126,0.205
1127,0.219
1128,0.191
1129,0.191
1130,0.177
1131,0.574
1132,0.623
1133,0.62
1134,0.169
1135,0.149
1136,0.231
1137,0.195
1138,0.146
1139,0.338
1140,0.296
1141,0.247
1142,0.261
1143,0.232
1144,0.23
1145,0.282
1146,0.304
1147,0.23
1148,0.176
1149,0.264
1150,0.24
1151,0.243
1152,0.283
1153,0.263
1154,0.185
1155,0.178
1156,0.144
1157,0.127
1158,0.166
1159,0.181
1160,0.129
1161,0.11
1162,0.097
1163,0.112
1164,0.133
1165,0.105
1166,0.146
1167,0.136
1168,0.164
1169,0.177
1170,0.267
1171,0.189
1172,0.123
1173,0.181
1174,0.154
1175,0.148
1176,0.144
1177,0.175
1178,0.167
1179,0.154
1180,0.161
1181,0.147
1182,0.151
1183,0.128
1184,0.131
1185,0.133
1186,0.123
1187,0.139
1188,0.141
1189,0.142
1190,0.135
1191,0.152
1192,0.193
1193,0.224
1194,0.215
1195,0.2
1196,0.187
1197,0.176
1198,0.177
1199,0.212
1200,1.092
1201,0.938
1202,0.34
1203,0.15
1204,0.161
1205,0.176
1206,0.182
1207,0.154
1208,0.131
1209,0.154
1210,0.155
1211,0.136
1212,0.147
1213,0.181
1214,0.174
1215,0.145
1216,0.187
1217,0.213
1218,0.173
1219,0.165
1220,0.124
1221,0.117
1222,0.095
1223,0.166
1224,0.157
1225,0.189
1226,0.182
1227,0.15
1228,0.156
1229,0.138
1230,0.154
1231,0.144
1232,0.148
1233,0.188
1234,0.191
1235,0.185
1236,0.148
1237,0.163
1238,0.192
1239,0.17
1240,0.156
1241,0.15
1242,0.165
1243,0.183
1244,1.408
1245,1.147
1246,0.947
1247,0.157
1248,0.252
1249,0.198
1250,0.198
1251,0.193
1252,0.155
1253,0.255
1254,0.393
1255,0.267
1256,0.169
1257,0.185
1258,0.201
1259,0.186
1260,0.162
1261,0.168
1262,0.349
1263,0.932
1264,0.635
1265,0.217
1266,0.188
1267,0.176
1268,0.215
1269,0.208
1270,0.133
1271,0.169
1272,0.173
1273,0.228
1274,0.177
1275,0.174
1276,0.204
1277,0.164
1278,0.147
1279,0.174
1280,0.141
1281,0.133
1282,0.165
1283,0.154
1284,0.165
1285,0.194
1286,0.165
1287,0.175
1288,0.161
1289,0.339
1290,0.282
1291,0.183
1292,0.274
1293,0.209
1294,0.168
1295,0.485
1296,0.401
1297,0.175
1298,0.192
1299,0.185
1300,0.173
1301,0.18
1302,0.176
1303,0.324
1304,0.312
1305,0.3
1306,0.256
1307,0.195
1308,0.161
1309,0.169
1310,0.204
1311,0.193
1312,0.189
1313,0.157
1314,0.188
1315,0.205
1316,0.181
1317,0.172
1318,0.137
1319,0.181
1320,0.181
1321,0.181
1322,0.18
1323,0.169
1324,0.197
1325,0.193
1326,0.187
1327,0.179
1328,0.183
1329,0.185
1330,0.137
1331,0.174
1332,0.205
1333,0.189
1334,0.165
1335,0.142
1336,0.151
1337,0.155
1338,0.148
1339,0.182
1340,0.18
1341,0.149
1342,0.113
1343,0.142
1344,0.14
1345,0.185
1346,0.174
1347,0.187
1348,0.189
1349,0.161
1350,0.172
1351,0.162
1352,0.159
1353,0.135
1354,0.172
1355,0.167
1356,0.174
1357,0.203
1358,0.204
1359,0.184
1360,0.203
1361,0.19
1362,0.194
1363,0.176
1364,0.164
1365,0.166
1366,0.151
1367,0.16
1368,0.145
1369,0.163
1370,0.158
1371,0.173
1372,0.152
1373,0.162
1374,0.167
1375,0.14
1376,0.155
1377,0.155
1378,0.146
1379,0.159
1380,0.236
1381,0.224
1382,0.212
1383,0.206
1384,0.208
1385,0.177
1386,0.133
1387,0.178
1388,0.167
1389,0.165
1390,0.165
1391,0.171
1392,0.27
1393,0.243
1394,0.181
1395,0.207
1396,0.198
1397,0.184
1398,0.172
1399,0.246
1400,0.31
1401,0.26
1402,0.198
1403,0.179
1404,0.179
1405,0.199
1406,0.2
1407,0.172
1408,0.151
1409,0.154
1410,0.187
1411,0.173
1412,0.224
1413,0.19
1414,0.273
1415,0.221
1416,0.197
1417,0.169
1418,0.205
1419,0.165
1420,0.177
1421,0.163
1422,0.166
1423,0.161
1424,0.145
1425,0.174
1426,0.141
1427,0.15
1428,0.155
1429,0.188
1430,0.172
1431,0.25
1432,0.235
1433,0.221
1434,0.168
1435,0.278
1436,0.219
1437,0.163
1438,0.373
1439,0.349
1440,0.158
1441,0.171
1442,0.155
1443,0.159
1444,0.178
1445,0.164
1446,0.228
1447,0.273
1448,0.272
1449,0.235
1450,0.229
1451,0.292
1452,0.321
1453,0.287
1454,0.251
1455,0.173
1456,0.205
1457,0.258
1458,0.238
1459,0.245
1460,0.331
1461,0.389
1462,0.254
1463,0.144
1464,0.208
1465,0.156
1466,0.167
1467,0.179
1468,0.175
1469,0.18
1470,0.183
1471,0.189
1472,0.168
1473,0.203
1474,0.188
1475,0.172
1476,0.175
1477,0.189
1478,0.166
1479,0.153
1480,0.183
1481,0.197
1482,0.195
1483,0.179
1484,0.193
1485,0.18
1486,0.332
1487,0.259
1488,0.185
1489,0.188
1490,0.16
1491,0.146
1492,0.16
1493,0.169
1494,0.247
1495,0.313
1496,0.21
1497,0.173
1498,0.178
1499,0.177
1500,0.155
1501,0.139
1502,0.183
1503,0.151
1504,0.168
1505,0.18
1506,0.167
1507,0.137
1508,0.158
1509,0.184
1510,0.165
1511,0.18
1512,0.298
1513,0.414
1514,0.338
1515,0.199
1516,0.152
1517,0.177
1518,0.145
1519,0.175
1520,0.152
1521,0.156
1522,0.149
1523,0.219
1524,0.181
1525,0.17
1526,0.166
1527,0.172
1528,0.185
1529,0.158
1530,0.174
1531,0.146
1532,0.178
1533,0.173
1534,0.157
1535,0.194
1536,0.181
1537,0.285
1538,0.288
1539,0.229
1540,0.173
1541,0.218
1542,0.198
1543,0.177
1544,0.231
1545,0.159
1546,0.18
1547,0.185
1548,0.159
1549,0.159
1550,0.176
1551,0.199
1552,0.175
1553,0.151
1554,0.146
1555,0.162
1556,0.229
1557,0.202
1558,0.171
1559,0.23
1560,0.195
1561,0.204
1562,0.223
1563,0.202
1564,0.187
1565,0.199
1566,0.191
1567,0.187
1568,0.186
1569,0.181
1570,0.187
1571,0.176
1572,0.183
1573,0.159
1574,0.159
1575,0.2
1576,0.209
1577,0.194
1578,0.251
1579,0.38
1580,0.221
1581,0.121
1582,0.134
1583,0.889
1584,0.874
1585,0.558
1586,0.189
1587,0.137
1588,0.176
1589,0.173
1590,0.15
1591,0.192
1592,0.222
1593,0.288
1594,0.294
1595,0.268
1596,0.326
1597,1.824
1598,1.062
1599,0.181
1600,0.311
1601,0.287
1602,0.191
1603,0.171
1604,0.177
1605,0.161
1606,0.172
1607,0.192
1608,0.179
1609,0.178
1610,0.186
1611,0.182
1612,0.167
1613,0.174
1614,0.196
1615,0.159
1616,0.171
1617,0.162
1618,0.2
1619,0.181
1620,0.182
1621,0.194
1622,0.178
1623,0.18
1624,0.173
1625,0.185
1626,0.181
1627,0.185
1628,0.157
1629,0.164
1630,0.163
1631,0.186
1632,0.179
1633,0.181
1634,0.173
1635,0.162
1636,0.18
1637,0.182
1638,1.28
1639,0.886
1640,0.471
1641,0.121
1642,0.117
1643,0.117
1644,0.156
1645,0.164
1646,0.209
1647,0.162
1648,0.189
1649,0.222
1650,0.185
1651,0.202
1652,0.18
1653,0.188
1654,0.193
1655,0.152
1656,0.167
1657,0.166
1658,0.157
1659,0.173
1660,0.156
1661,0.157
1662,0.179
1663,0.145
1664,0.152
1665,0.191
1666,0.222
1667,0.247
1668,0.192
1669,0.241
1670,0.218
1671,0.169
1672,0.163
1673,0.17
1674,0.143
1675,0.174
1676,0.189
1677,0.162
1678,0.155
1679,0.172
1680,0.168
1681,0.275
1682,0.205
1683,0.199
1684,0.195
1685,0.192
1686,0.186
1687,0.18
1688,0.237
1689,0.221
1690,0.183
1691,0.213
1692,0.226
1693,0.178
1694,0.155
1695,0.176
1696,0.164
1697,0.193
1698,0.167
1699,0.188
1700,0.15
1701,0.147
1702,0.114
1703,0.146
1704,0.152
1705,0.16
1706,0.161
1707,0.163
1708,0.191
1709,0.143
1710,0
1711,0.157
1712,0.179
1713,0.159
1714,0.172
1715,0.173
1716,0.168
1717,0.168
1718,0.214
1719,0.175
1720,0.177
1721,0.169
1722,0.181
1723,0.173
1724,0.176
1725,0.181
1726,0.323
1727,0.316
1728,0.188
1729,0.162
1730,0.213
1731,0.262
1732,0.21
1733,0.199
1734,0.199
1735,0.192
1736,0.214
1737,0.239
1738,0.242
1739,0.299
1740,0.276
1741,0.26
1742,0.198
1743,0.174
1744,0.193
1745,0.184
1746,0.166
1747,0.205
1748,0.186
1749,0.154
1750,0.165
1751,0.174
1752,0.171
1753,0.166
1754,0.148
1755,0.193
1756,0.179
1757,0.172
1758,0.146
1759,0.159
1760,0.163
1761,0.162
1762,0.146
1763,0.138
1764,0.122
1765,0.14
1766,0.182
1767,0.214
1768,0.199
1769,0.144
1770,0.173
1771,0.139
1772,0.183
1773,0.185
1774,0.163
1775,0.168
1776,0.216
1777,0.335
1778,0.729
1779,0.569
1780,0.167
1781,0.196
1782,0.171
1783,0.195
1784,0.199
1785,0.148
1786,0.153
1787,0.179
1788,0.19
1789,0.194
1790,0.206
1791,0.204
1792,0.192
1793,0.162
1794,0.203
1795,0.197
1796,0.191
1797,0.134
1798,0.121
1799,0.161
1800,0.164
1801,0.135
1802,0.134
1803,0.207
1804,0.203
1805,0.17
1806,0.131
1807,0.138
1808,0.169
1809,0.148
1810,0.174
1811,0.229
1812,0.176
1813,0.119
1814,0.161
1815,0.206
1816,0.233
1817,0.223
1818,0.179
1819,0.21
1820,0.184
1821,0.14
1822,0.149
1823,0.158
1824,0.128
1825,0.135
1826,0.179
1827,0.172
1828,0.178
1829,0.167
1830,0.194
1831,0.166
1832,0.198
1833,0.181
1834,0.182
1835,0.186
1836,0.21
1837,0.189
1838,0.192
1839,0.19
1840,0.168
1841,0.171
1842,0.168
1843,0.183
1844,0.177
1845,0.148
1846,0.168
1847,0.178
1848,0.21
1849,0.42
1850,0.603
1851,0.583
1852,0.38
1853,0.22
1854,0.18
1855,0.209
1856,0.198
1857,0.159
1858,0.178
1859,0.155
1860,0.199
1861,0.199
1862,0.154
1863,0.174
1864,0.197
1865,0.138
1866,0.153
1867,0.174
1868,0.138
1869,0.132
1870,0.135
1871,0.16
1872,0.159
1873,0.141
1874,0.169
1875,0.198
1876,0.22
1877,0.24
1878,0.179
1879,0.197
1880,0.189
1881,0.21
1882,0.199
1883,0.223
1884,0.353
1885,0.367
1886,0.245
1887,0.171
1888,0.231
1889,0.195
1890,0.169
1891,0.177
1892,0.202
1893,0.162
1894,0.183
1895,0.184
1896,0.15
1897,0.163
1898,0.196
1899,0.213
1900,0.162
1901,0.173
1902,0.154
1903,0.191
1904,1.285
1905,1.034
1906,0.536
1907,0.225
1908,0.18
1909,0.185
1910,0.202
1911,0.193
1912,0.181
1913,0.17
1914,0.175
1915,0.167
1916,0.168
1917,0.152
1918,0.199
1919,0.203
1920,0.147
1921,0.162
1922,0.165
1923,0.209
1924,0.175
1925,0.178
1926,0.154
1927,0.158
1928,0.178
1929,0.17
1930,0.166
1931,0.194
1932,0.198
1933,0.148
1934,0.205
1935,0.198
1936,0.164
1937,0.154
1938,0.214
1939,0.21
1940,0.168
1941,0.18
1942,0.139
1943,0.137
1944,0.138
1945,0.169
1946,0.178
1947,0.157
1948,0.169
1949,0.185
1950,0.167
1951,0.171
1952,0.177
1953,0.178
1954,0.173
1955,0.172
1956,0.168
1957,0.17
1958,0.231
1959,0.195
1960,0.159
1961,0.187
1962,0.173
1963,0.185
1964,0.196
1965,0.18
1966,0.18
1967,0.183
1968,0.132
1969,0.159
1970,0.197
1971,0.207
1972,0.236
1973,0.216
1974,0.236
1975,0.204
1976,0.197
1977,0.211
1978,0.183
1979,0.186
1980,0.215
1981,0.166
1982,0.192
1983,0.193
1984,0.161
1985,0.244
1986,1.769
1987,1.352
1988,2.328
1989,2.384
1990,2.477
1991,1.344
1992,1.429
1993,3.06
1994,1.976
1995,2.695
1996,3.261
1997,1.976
1998,1.991
1999,1.458
2000,1.59
2001,0.729
2002,0.759
2003,0.588
2004,0.645
2005,0.68
2006,0.568
2007,0.614
2008,0.602
2009,0.671
2010,0.834
2011,0.818
2012,0.739
2013,0.558
2014,0.599
2015,0.549
2016,0.601
2017,0.634
2018,0.216
2019,0.197
2020,0.191
2021,0.203
2022,0.17
2023,0.165
2024,0.245
2025,0.273
2026,0.332
2027,0.205
2028,0.205
2029,0.192
2030,0.195
2031,0.178
2032,0.55
2033,0.533
2034,0.261
2035,0.176
2036,0.204
2037,0.164
2038,0.17
2039,0.159
2040,0.175
2041,0.228
2042,0.149
2043,0.178
2044,0.171
2045,0.178
2046,0.169
2047,0.186
2048,0.172
2049,0.177
2050,0.162
2051,0.195
2052,0.181
2053,0.175
2054,0.163
2055,0.174
2056,0.18
2057,0.213
2058,0.19
2059,0.146
2060,0.177
2061,0.172
2062,0.133
2063,0.135
2064,0.149
2065,0.153
2066,0.155
2067,0.26
2068,1.912
2069,1.635
2070,2.026
2071,1.281
2072,1.822
2073,0.956
2074,1.255
2075,1.972
2076,1.327
2077,1.413
2078,1.668
2079,1.367
2080,2.354
2081,1.603
2082,1.214
2083,1.037
2084,1.651
2085,2.024
2086,2.771
2087,1.85
2088,1.638
2089,0.222
2090,0.232
2091,0.179
2092,0.183
2093,0.186
2094,0.151
2095,0.198
2096,0.181
2097,0.186
2098,0.168
2099,0.22
2100,0.241
2101,0.236
2102,0.176
2103,0.001
2104,0.238
2105,0.229
2106,0.205
2107,0.163
2108,0.175
2109,0.184
2110,0.183
2111,0.18
2112,0.14
2113,0.17
2114,0.29
2115,0.221
2116,0.356
2117,0.562
2118,0.623
2119,0.644
2120,0
2121,0.536
2122,0.547
2123,0.729
2124,0.672
2125,0.643
2126,0.791
2127,0.677
2128,0.746
2129,1.718
2130,1.082
2131,1.568
2132,1.106
2133,1.486
2134,1.976
2135,1.467
2136,1.639
2137,1.937
2138,3.172
2139,2.186
2140,2.346
2141,1.331
2142,1.536
2143,1.237
2144,1.521
2145,1.44
2146,1.776
2147,2.003
2148,2.097
2149,1.966
2150,2.429
2151,2.199
2152,1.284
2153,1.135
2154,1.209
2155,0.929
2156,1.3
2157,0.98
2158,1.133
2159,1.92
2160,1.896
2161,1.497
2162,0.894
2163,0.773
2164,1.017
2165,1.007
2166,0.773
2167,0.744
2168,0.674
2169,1.139
2170,1.322
2171,1.07
2172,1.021
2173,0.831
2174,0.609
2175,0.886
2176,1.033
2177,1.145
2178,1.075
2179,1.154
2180,1.407
2181,1.21
2182,1.865
2183,2.65
2184,3.045
2185,2.438
2186,1.788
2187,0.422
2188,0.19
2189,0.174
2190,0.178
2191,0.183
2192,0.148
2193,0.131
2194,0.165
2195,0.148
2196,0.12
2197,0.135
2198,0.156
2199,0.163
2200,0.139
2201,0.161
2202,0.161
2203,0.147
2204,0.213
2205,0.183
2206,0.132
2207,0.175
2208,0.159
2209,0.153
2210,0.145
2211,0.147
2212,0.156
2213,0.157
2214,0.135
2215,0.133
2216,0.191
2217,0.174
2218,0.136
2219,0.183
2220,0.151
2221,0.204
2222,0.214
2223,0.236
2224,0.203
2225,0.153
2226,0.179
2227,0.219
2228,0.175
2229,0.174
2230,0.177
2231,0.166
2232,0.16
2233,0.124
2234,0.144
2235,0.251
2236,0.193
2237,0.127
2238,0.168
2239,0.147
2240,0.15
2241,0.171
2242,0.144
2243,0.102
2244,0.108
2245,0.14
2246,0.275
2247,0.231
2248,0.176
2249,0.26
2250,0.237
2251,0.142
2252,0.138
2253,0.139
2254,0.137
2255,0.171
2256,0.192
2257,0.154
2258,0.16
2259,0.27
2260,0.243
2261,0.244
2262,0.191
2263,0.172
2264,0.196
2265,0.229
2266,0.166
2267,0.159
2268,0.163
2269,0.162
2270,0.153
2271,0.184
2272,0.294
2273,0.315
2274,0.217
2275,0.175
2276,0.179
2277,0.184
2278,0.26
2279,0.214
2280,0.177
2281,0.184
2282,0.181
2283,0.182
2284,0.194
2285,0.174
2286,0.278
2287,0.306
2288,0.499
2289,0.515
2290,0.223
2291,0.194
2292,0.162
2293,0.18
2294,0.179
2295,0.232
2296,0.238
2297,0.406
2298,0.284
2299,0.192
2300,0.221
2301,0.219
2302,0.255
2303,0.17
2304,0.131
2305,0.142
2306,0.178
2307,0.159
2308,0.169
2309,0.168
2310,0.186
2311,0.182
2312,0.182
2313,0.304
2314,0.279
2315,0.363
2316,0.34
2317,0.307
2318,0.244
2319,0.184
2320,0.183
2321,0.163
2322,0.183
2323,0.158
2324,0.176
2325,0.157
2326,0.14
2327,0.154
2328,0.153
2329,0.143
2330,0.193
2331,0.168
2332,0.205
2333,0.196
2334,0.175
2335,0.177
2336,0.161
2337,0.262
2338,0.253
2339,0.141
2340,0.18
2341,0.504
2342,0.438
2343,0.231
2344,0.168
2345,0.163
2346,0.163
2347,0.174
2348,0.169
2349,0.17
2350,0.161
2351,0.159
2352,0.169
2353,0.164
2354,0.148
2355,0.164
2356,0.189
2357,0.148
2358,0.175
2359,0.17
2360,0.156
2361,0.174
2362,0.149
2363,0.127
2364,0.096
2365,0.17
2366,0.17
2367,0.176
2368,0.138
2369,0.106
2370,0.17
2371,0.183
2372,0.171
2373,0.087
2374,0.145
2375,0.144
2376,0.161
2377,0.149
2378,0.146
2379,0.139
2380,0.147
2381,0.147
2382,0.136
2383,0.146
2384,0.128
2385,0.136
2386,0.147
2387,0.149
2388,0.158
2389,0.212
2390,0.262
2391,0.158
2392,0.165
2393,0.155
2394,0.164
2395,0.166
2396,0.145
2397,0.135
2398,0.258
2399,0.211
2400,0.144
2401,0.143
2402,0.15
2403,0.158
2404,0.26
2405,0.204
2406,0.241
2407,0.25
2408,0.424
2409,0.38
2410,0.205
2411,0.193
2412,0.199
2413,0.278
2414,0.207
2415,0.194
2416,0.171
2417,0.132
2418,0.28
2419,0.304
2420,0.206
2421,0.173
2422,0.142
2423,0.157
2424,0.122
2425,0.135
2426,0.182
2427,0.299
2428,0.249
2429,0.41
2430,0.345
2431,0.175
2432,0.175
2433,0.254
2434,0.211
2435,0.211
2436,0.18
2437,0.195
2438,0.195
2439,0.29
2440,0.363
2441,0.312
2442,0.22
2443,0.263
2444,0.22
2445,0.21
2446,0.202
2447,0.213
2448,0.317
2449,0.302
2450,0.176
2451,0.19
2452,0.18
2453,0.161
2454,0.169
2455,0.178
2456,0.168
2457,0.42
2458,0.439
2459,0.292
2460,0.234
2461,0.204
2462,0.189
2463,0.174
2464,0.206
2465,0.253
2466,0.324
2467,0.254
2468,0.199
2469,0.205
2470,0.194
2471,0.171
2472,0.248
2473,0.433
2474,0.355
2475,0.191
2476,0.174
2477,0.181
2478,0.155
2479,0.168
2480,0.163
2481,0.177
2482,0.126
2483,0.143
2484,0.107
2485,0.127
2486,0.208
2487,0.142
2488,0.192
2489,0.176
2490,0.185
2491,0.165
2492,0.152
2493,0.163
2494,0.161
2495,0.157
2496,0.171
2497,0.165
2498,0.164
2499,0.152
2500,0.389
2501,0.361
2502,0.991
2503,0.757
2504,0.349
2505,0.349
2506,0.257
2507,0.214
2508,0.179
2509,0.184
2510,0.18
2511,0.176
2512,0.381
2513,0.375
2514,0.168
2515,0.153
2516,0.173
2517,0.152
2518,0.197
2519,0.176
2520,0.188
2521,0.133
2522,0.155
2523,0.923
2524,0.682
2525,0.204
2526,0.171
2527,0.16
2528,0.157
2529,0.166
2530,0.129
2531,0.163
2532,0.147
2533,0.156
2534,0.19
2535,0.31
2536,0.227
2537,0.186
2538,0.148
2539,0.206
2540,0.158
2541,0.169
2542,0.134
2543,0.119
2544,0.113
2545,0.157
2546,0.16
2547,0
2548,0.161
2549,0.18
2550,0.178
2551,0.249
2552,0.25
2553,0.226
2554,0.379
2555,0.326
2556,0.196
2557,0.175
2558,0.188
2559,0.206
2560,0.246
2561,0.212
2562,0.19
2563,0.181
2564,0.164
2565,0.179
2566,0.161
2567,0.304
2568,0.442
2569,0.334
2570,0.422
2571,0.378
2572,0.541
2573,0.492
2574,0.286
2575,0.184
2576,0.209
2577,0.323
2578,1.064
2579,1.012
2580,0.688
2581,0.416
2582,0.327
2583,0.289
2584,0.187
2585,0.627
2586,2.255
2587,2.587
2588,2.5
2589,3.022
2590,3.046
2591,3.563
2592,2.637
2593,1.886
2594,3.393
2595,2.714
2596,2.825
2597,3.228
2598,2.227
2599,0.632
2600,0.261
2601,0.237
2602,0.266
2603,0.323
2604,0.254
2605,0.231
2606,0.181
2607,0.186
2608,0.197
2609,0.198
2610,0.187
2611,0.164
2612,0.176
2613,0.21
2614,0.176
2615,0.174
2616,0.13
2617,0.171
2618,0.197
2619,0.207
2620,0.201
2621,0.164
2622,0.188
2623,0.195
2624,0.184
2625,0.207
2626,0.193
2627,0.178
2628,0.26
2629,0.236
2630,0.165
2631,0.203
2632,0.219
2633,0.218
2634,0.208
2635,0.222
2636,0.161
2637,0.181
2638,0.204
2639,0.208
2640,0.204
2641,0.178
2642,0.187
2643,0.19
2644,0.187
2645,0.161
2646,0.178
2647,0.162
2648,0.189
2649,0.184
2650,0.169
2651,0.171
2652,0.202
2653,0.179
2654,0.2
2655,0.185
2656,0.234
2657,0.2
2658,0.182
2659,0.216
2660,0.194
2661,0.159
2662,0.178
2663,0.124
2664,0.119
2665,0.157
2666,0.172
2667,0.191
2668,0.18
2669,0.2
2670,0.223
2671,0.216
2672,0.17
2673,0.172
2674,0.189
2675,0.166
2676,0.156
2677,0.186
2678,0.266
2679,0.264
2680,0.237
2681,0.193
2682,0.193
2683,0.177
2684,0.176
2685,0.189
2686,0.162
2687,0.174
2688,0.169
2689,0.176
2690,0.197
2691,0.183
2692,0.175
2693,0.174
2694,0.18
2695,0.196
2696,0.199
2697,0.329
2698,0.289
2699,0.195
2700,0.201
2701,0.203
2702,0.21
2703,0.23
2704,0.219
2705,0.161
2706,0.165
2707,0.178
2708,0.177
2709,0.205
2710,0.165
2711,0.181
2712,0.184
2713,0.164
2714,0.175
2715,0.182
2716,0.195
2717,0.197
2718,0.185
2719,0.165
2720,0.16
2721,0.17
2722,0.194
2723,0.176
2724,0.162
2725,0.119
2726,0.133
2727,0.154
2728,0.163
2729,0.174
2730,0.126
2731,0.356
2732,0.311
2733,0.145
2734,0.16
2735,0.148
2736,0.325
2737,0.263
2738,0.153
2739,0.17
2740,0.165
2741,0.199
2742,0.191
2743,0.163
2744,0.177
2745,0.157
2746,0.249
2747,0.314
2748,0.314
2749,0.257
2750,0.176
2751,0.195
2752,0.182
2753,0.143
2754,0.166
2755,0.183
2756,0.177
2757,0.148
2758,0.358
2759,0.25
2760,0.22
2761,1.713
2762,3.381
2763,4.967
2764,5.397
2765,5.464
2766,5.545
2767,3.415
2768,2.887
2769,0.435
2770,0.366
2771,0.198
2772,0.169
2773,0.166
2774,0.188
2775,0.187
2776,0.193
2777,0.2
2778,0.186
2779,0.202
2780,0.17
2781,0.175
2782,0.17
2783,0.159
2784,0.168
2785,0.141
2786,0.113
2787,0.136
2788,0.191
2789,0.18
2790,0.186
2791,0.181
2792,0.185
2793,0.163
2794,0.178
2795,0.162
2796,0.167
2797,0.164
2798,0.205
2799,0.172
2800,0.181
2801,0.217
2802,0.215
2803,0.164
2804,0.187
2805,0.195
2806,0.181
2807,0.167
2808,0.19
2809,0.174
2810,0.167
2811,0.169
2812,0.161
2813,0.172
2814,0.166
2815,0.153
2816,0.164
2817,0.179
2818,0.183
2819,0.155
2820,0.184
2821,0.154
2822,0.14
2823,0.166
2824,0.195
2825,0.157
2826,0.139
2827,0.226
2828,0.293
2829,0.26
2830,0.207
2831,0.184
2832,0.184
2833,0.148
2834,0.174
2835,0.176
2836,0.148
2837,0.186
2838,0.161
2839,0.162
2840,0.288
2841,0.264
2842,0.386
2843,0.423
2844,0.221
2845,0.175
2846,0.174
2847,0.175
2848,0.196
2849,0.206
2850,0.193
2851,0.155
2852,0.174
2853,0.182
2854,0.155
2855,0.168
2856,0.173
2857,0.18
2858,0.165
2859,0.343
2860,0.341
2861,0.906
2862,0.644
2863,0.297
2864,0.168
2865,0.181
2866,0.18
2867,0.162
2868,0.156
2869,0.18
2870,0.191
2871,0.177
2872,0.17
2873,0.174
2874,0.169
2875,0.167
2876,0.295
2877,0.286
2878,0.17
2879,0.169
2880,0.337
2881,0.306
2882,0.168
2883,0.167
2884,0.148
2885,0.189
2886,0.168
2887,0.158
2888,0.181
2889,0.168
2890,0.338
2891,0.329
2892,0.369
2893,0.26
2894,0.171
2895,0.176
2896,0.155
2897,0.15
2898,0.178
2899,0.162
2900,0.199
2901,0.201
2902,0.178
2903,0.156
2904,0.143
2905,0.112
2906,0.12
2907,0.135
2908,0.165
2909,0.187
2910,0.161
2911,0.134
2912,0.179
2913,0.177
2914,0.175
2915,0.163
2916,0.151
2917,0.15
2918,0.159
2919,0.183
2920,0.209
2921,0.191
2922,0.167
2923,0.164
2924,0.162
2925,0.168
2926,0.164
2927,0.163
2928,0.177
2929,0.166
2930,0.162
2931,0.183
2932,0.153
2933,0.163
2934,0.169
2935,0.158
2936,0.164
2937,0.177
2938,0.168
2939,0.148
2940,0.149
2941,0.189
2942,0.203
2943,0.157
2944,0.171
2945,0.18
2946,0.165
2947,0.167
2948,0.178
2949,0.19
2950,0.153
2951,0.168
2952,0.187
2953,0.154
2954,0.16
2955,0.145
2956,0.182
2957,0.182
2958,0.173
2959,0.156
2960,0.172
2961,0.141
2962,0.17
2963,0.178
2964,0.131
2965,0.123
2966,0.126
2967,0.233
2968,0.23
2969,0.251
2970,0.192
2971,0.184
2972,0.199
2973,0.182
2974,0.188
2975,0.151
2976,0.165
2977,0.154
2978,0.163
2979,0.176
2980,0.162
2981,0.202
2982,0.189
2983,0.171
2984,0.279
2985,0.322
2986,0.329
2987,0.203
2988,0.212
2989,0.209
2990,0.172
2991,0.195
2992,0.209
2993,0.206
2994,0.373
2995,0.29
2996,0.184
2997,0.17
2998,0.193
2999,0.155
3000,0.154
3001,0.198
3002,0.329
3003,0.679
3004,0.508
3005,0.241
3006,0.147
3007,0.189
3008,0.172
3009,0.168
3010,0.18
3011,0.181
3012,0.164
3013,0.158
3014,0.175
3015,0.172
3016,0.178
3017,0.178
3018,0.189
3019,0.162
3020,0.211
3021,0.288
3022,0.194
3023,0.175
3024,0.148
3025,0.26
3026,0.209
3027,0.15
3028,0.154
3029,0.179
3030,0.174
3031,0.154
3032,0.177
3033,0.538
3034,0.526
3035,0.248
3036,0.332
3037,0.264
3038,0.179
3039,0.213
3040,0.172
3041,0.167
3042,0.191
3043,0.149
3044,0.208
3045,0.183
3046,0.179
3047,0.174
3048,0.164
3049,0.179
3050,0.177
3051,0.18
3052,0.145
3053,0.16
3054,0.177
3055,0.168
3056,0.186
3057,0.192
3058,0.179
3059,0.193
3060,0.186
3061,0.154
3062,0.172
3063,0.178
3064,0.176
3065,0.191
3066,0.172
3067,0.188
3068,0.181
3069,0.202
3070,0.19
3071,0.184
3072,0.181
3073,0.187
3074,0.182
3075,0.174
3076,0.16
3077,0.199
3078,0.188
3079,0.169
3080,0.172
3081,0.151
3082,0.195
3083,0.18
3084,0.139
3085,0.132
3086,0.111
3087,0.153
3088,0.135
3089,0.112
3090,0.287
3091,0.217
3092,0.16
3093,0.207
3094,0.197
3095,0.149
3096,0.147
3097,0.166
3098,0.178
3099,0.169
3100,0.175
3101,0.181
3102,0.178
3103,0.173
3104,0.185
3105,0.161
3106,0.17
3107,0.164
3108,0.169
3109,0.175
3110,0.167
3111,0.208
3112,0.309
3113,0.198
3114,0.173
3115,0.162
3116,0.164
3117,0.181
3118,0.143
3119,0.171
3120,0.136
3121,0.151
3122,0.172
3123,0.176
3124,0.146
3125,0.173
3126,0.317
3127,0.31
3128,0.221
3129,0.292
3130,0.344
3131,0.204
3132,0.224
3133,0.174
3134,0.205
3135,0.219
3136,0.197
3137,0.186
3138,0.166
3139,0.158
3140,0.173
3141,0.179
3142,0.237
3143,0.181
3144,0.235
3145,0.226
3146,0.154
3147,0.355
3148,0.126
3149,0.252
3150,0.28
3151,0.27
3152,0.224
3153,0.176
3154,0.194
3155,0.149
3156,0.148
3157,0.159
3158,0.196
3159,0.162
3160,0.179
3161,0.172
3162,0.163
3163,0.215
3164,0.515
3165,0.993
3166,0.833
3167,0.387
3168,0.41
3169,0.404
3170,0.27
3171,0.215
3172,0.188
3173,0.255
3174,0.296
3175,0.225
3176,0.15
3177,0.152
3178,0.141
3179,0.188
3180,0.238
3181,0.294
3182,0.216
3183,0.198
3184,0.209
3185,0.194
3186,0.167
3187,0.145
3188,0.193
3189,0.145
3190,0.151
3191,0.166
3192,0.206
3193,0.145
3194,0.138
3195,0.164
3196,0.176
3197,0.294
3198,0.244
3199,0.181
3200,0.138
3201,0.146
3202,0.148
3203,0.183
3204,0.191
3205,0.158
3206,0.147
3207,0.137
3208,0.13
3209,0.103
3210,0.111
3211,0.169
3212,0.138
3213,0.178
3214,0.191
3215,0.203
3216,0.203
3217,0.145
3218,0.133
3219,0.218
3220,0.17
3221,0.153
3222,0.162
3223,0.148
3224,0.189
3225,0.152
3226,0.175
3227,0
3228,0.164
3229,0.161
3230,0.147
3231,0.149
3232,0.16
3233,0.201
3234,0.176
3235,0.211
3236,0.267
3237,0.218
3238,0.205
3239,0.182
3240,0.176
3241,0.188
3242,0.172
3243,0.182
3244,0.175
3245,0.182
3246,0.18
3247,0.207
3248,0.159
3249,0.147
3250,0.187
3251,0.167
3252,0.188
3253,0.165
3254,0.174
3255,0.209
3256,0.211
3257,0.185
3258,0.182
3259,0.184
3260,0.324
3261,0.289
3262,0.204
3263,0.218
3264,0.201
3265,0.177
3266,0.187
3267,0.145
3268,0.145
3269,0.171
3270,0.147
3271,0.144
3272,0.155
3273,0.178
3274,0.158
3275,0.276
3276,0.223
3277,0.248
3278,0.008
3279,0.282
3280,0.183
3281,0.203
3282,0.174
3283,0.198
3284,0.204
3285,0.192
3286,0.171
3287,0.178
3288,0.162
3289,0.158
3290,0.188
3291,0.171
3292,0.172
3293,0.167
3294,0.194
3295,0.19
3296,0.161
3297,0.173
3298,0.182
3299,0.18
3300,0.186
3301,0.178
3302,0.172
3303,0.2
3304,0.3
3305,0.397
3306,0.882
3307,0.684
3308,0.212
3309,0.201
3310,0.206
3311,0.316
3312,0.349
3313,0.154
3314,0.196
3315,0.189
3316,0.447
3317,0.377
3318,0.189
3319,0.175
3320,0.182
3321,0.187
3322,0.172
3323,0.168
3324,0.178
3325,0.187
3326,0.32
3327,0.313
3328,0.317
3329,0.22
3330,0.166
3331,0.142
3332,0.185
3333,0.181
3334,0.191
3335,0.181
3336,0.195
3337,0.203
3338,0.186
3339,0.412
3340,0.357
3341,0.241
3342,0.194
3343,0.162
3344,0.188
3345,0.195
3346,0.166
3347,0.216
3348,0.177
3349,0.195
3350,0.178
3351,0.168
3352,0.171
3353,0.209
3354,0.183
3355,0.178
3356,0.197
3357,0.198
3358,0.184
3359,0.203
3360,0.196
3361,0.166
3362,0.185
3363,0.201
3364,0.195
3365,0.162
3366,0.206
3367,0.214
3368,0.197
3369,0.181
3370,0.201
3371,0.242
3372,0.211
3373,0.17
3374,0.175
3375,0.169
3376,0.18
3377,0.178
3378,0.186
3379,0.186
3380,0.195
3381,0.187
3382,0.199
3383,0.172
3384,0.211
3385,0.21
3386,0.233
3387,0.201
3388,0.14
3389,0.21
3390,0.17
3391,0.199
3392,0.176
3393,0.185
3394,0.182
3395,0.209
3396,0.188
3397,0.213
3398,0.193
3399,0.173
3400,0.19
3401,0.172
3402,0.186
3403,0.23
3404,0.299
3405,0.189
3406,0.261
3407,0.215
3408,0.168
3409,0.181
3410,0.187
3411,0.194
3412,0.166
3413,0.188
3414,0.215
3415,0.147
3416,0.198
3417,0.187
3418,0.179
3419,0.401
3420,0.345
3421,0.341
3422,0.305
3423,0.243
3424,0.216
3425,0.179
3426,0.226
3427,0.217
3428,0.296
3429,0.255
3430,0.209
3431,0.191
3432,0.176
3433,0.18
3434,0.18
3435,0.239
3436,0.26
3437,0.169
3438,0.193
3439,0.197
3440,0.192
3441,0.178
3442,0.203
3443,0.178
3444,0.174
3445,0.17
3446,0.177
3447,0.192
3448,0.153
3449,0.112
3450,0.174
3451,0.19
3452,0.185
3453,0.233
3454,0.185
3455,0.178
3456,0.207
3457,0.2
3458,0.411
3459,0.376
3460,0.205
3461,0.223
3462,0.199
3463,0.171
3464,0.188
3465,0.193
3466,0.192
3467,0.198
3468,0.284
3469,0.218
3470,0.301
3471,0.355
3472,0.305
3473,0.167
3474,0.246
3475,0.26
3476,0.208
3477,0.189
3478,0.184
3479,0.193
3480,0.162
3481,0.151
3482,0.235
3483,0.349
3484,0.727
3485,0.695
3486,0.51
3487,0.327
3488,0.277
3489,0.265
3490,0.263
3491,0.197
3492,0.155
3493,0.215
3494,0.2
3495,0.189
3496,0.27
3497,0.513
3498,0.416
3499,0.179
3500,0.171
3501,0.177
3502,0.204
3503,0.182
3504,0.189
3505,0.196
3506,0.178
3507,0.149
3508,0.122
3509,0.119
3510,0.166
3511,0.182
3512,0.177
3513,0.189
3514,0.214
3515,0.186
3516,0.202
3517,0.195
3518,0.26
3519,0.381
3520,0.303
3521,0.225
3522,0.262
3523,0.203
3524,0.167
3525,0.199
3526,0.157
3527,0.167
3528,0.225
3529,0.207
3530,0.197
3531,0.167
3532,0.167
3533,0.225
3534,0.215
3535,0.191
3536,0.19
3537,0.187
3538,0.201
3539,0.192
3540,0.192
3541,0.179
3542,0.195
3543,0.162
3544,0.147
3545,0.189
3546,0.265
3547,0.261
3548,0.331
3549,0.29
3550,0.179
3551,0.221
3552,0.244
3553,0.183
3554,0
3555,0.177
3556,0.176
3557,0.194
3558,0.222
3559,0.194
3560,0.171
3561,0.242
3562,0.246
3563,0.215
3564,0.262
3565,0.343
3566,0.293
3567,0.254
3568,0.227
3569,0.184
3570,0.164
3571,0.219
3572,0.231
3573,0.25
3574,0.245
3575,0.233
3576,0.256
3577,0.218
3578,0.283
3579,0.572
3580,0.501
3581,0.206
3582,0.22
3583,0.258
3584,0.199
3585,0.18
3586,0.152
3587,0.183
3588,0.169
3589,0.19
3590,0.159
3591,0.337
3592,0.284
3593,0.181
3594,0.236
3595,0.227
3596,0.218
3597,0.245
3598,0.214
3599,0.491
3600,0.337
3601,0.19
3602,0.375
3603,0.357
3604,0.171
3605,0.188
3606,0.217
3607,0.221
3608,0.241
3609,0.221
3610,0.188
3611,0.202
3612,0.188
3613,0.192
3614,0.23
3615,0.274
3616,0.232
3617,0.208
3618,0.304
3619,0.338
3620,0.32
3621,0.359
3622,0.314
3623,0.252
3624,0.226
3625,0.183
3626,0.244
3627,0.19
3628,0.18
3629,0.156
3630,0.153
3631,0.177
3632,0.156
3633,0.189
3634,0.176
3635,0.191
3636,0.189
3637,0.201
3638,0.198
3639,0.174
3640,0.167
3641,0.179
3642,0.216
3643,0.195
3644,0.2
3645,0.187
3646,0.203
3647,0.207
3648,0.165
3649,0.21
3650,0.225
3651,0.248
3652,0.22
3653,0.2
3654,0.172
3655,0.209
3656,0.235
3657,0.232
3658,0.236
3659,0.175
3660,0.193
3661,0.19
3662,0.187
3663,0.135
3664,0.194
3665,0.231
3666,0.367
3667,0.405
3668,0.268
3669,0.251
3670,0.233
3671,0.17
3672,0.218
3673,0.215
3674,0.199
3675,0.22
3676,0.231
3677,0.18
3678,0.189
3679,0.169
3680,0.196
3681,0.164
3682,0.218
3683,0.182
3684,0.18
3685,0.17
3686,0.177
3687,0.186
3688,0.179
3689,0.116
3690,0.157
3691,0.179
3692,0.296
3693,0.276
3694,0.327
3695,0.261
3696,0.181
3697,0.205
3698,0.201
3699,0.221
3700,0.216
3701,0.181
3702,0.196
3703,0.237
3704,0.187
3705,0.189
3706,0.193
3707,0.21
3708,0.453
3709,0.41
3710,0.276
3711,0.303
3712,0.277
3713,0.36
3714,0.315
3715,0.21
3716,0.217
3717,0.214
3718,0.209
3719,0.193
3720,0.184
3721,0.195
3722,0.174
3723,0.2
3724,0.193
3725,0.21
3726,0.188
3727,0.195
3728,0.181
3729,0.202
3730,0.214
3731,0.253
3732,0.302
3733,0.34
3734,0.259
3735,0.186
3736,0.205
3737,0.201
3738,0.217
3739,0.202
3740,0.197
3741,0.207
3742,0.231
3743,0.214
3744,0.221
3745,0.203
3746,0.192
3747,0.186
3748,0.3
3749,0.244
3750,0.168
3751,0.185
3752,0.198
3753,0.215
3754,0.274
3755,0.207
3756,0.197
3757,0.203
3758,0.197
3759,0.237
3760,0.21
3761,0.219
3762,0.299
3763,0
3764,0.341
3765,0.266
3766,0.235
3767,0.201
3768,0.211
3769,0.214
3770,0.192
3771,0.207
3772,0.193
3773,0.214
3774,0.329
3775,0.402
3776,0.328
3777,0.287
3778,0.315
3779,0.283
3780,0.205
3781,0.217
3782,0.216
3783,0.224
3784,0.204
3785,0.221
3786,0.211
3787,0.193
3788,0.236
3789,0.235
3790,0.2
3791,0.189
3792,0.178
3793,0.177
3794,0.173
3795,0.189
3796,0.202
3797,0.191
3798,0.255
3799,0.227
3800,0.236
3801,0.215
3802,0.196
3803,0.191
3804,0.187
3805,0.187
3806,0.198
3807,0.227
3808,0.243
3809,0.252
3810,0.178
3811,0.186
3812,0.174
3813,0.189
3814,0.254
3815,0.226
3816,0.239
3817,0.238
3818,0.221
3819,0.224
3820,0.194
3821,0.163
3822,0.177
3823,0.183
3824,0.161
3825,0.179
3826,0.176
3827,0.192
3828,0.247
3829,0.242
3830,0.161
3831,0.168
3832,0.185
3833,0.199
3834,0.19
3835,0.244
3836,0.228
3837,0.211
3838,0.198
3839,0.273
3840,0.24
3841,0.165
3842,0.172
3843,0.235
3844,0.225
3845,0.233
3846,0.202
3847,0.188
3848,0.223
3849,0.242
3850,0.202
3851,0.167
3852,0.177
3853,0.215
3854,0.29
3855,0.293
3856,0.26
3857,0.218
3858,0.205
3859,0.206
3860,0.199
3861,0.203
3862,0.203
3863,0.234
3864,0.231
3865,0.19
3866,0.225
3867,0.199
3868,0.193
3869,0.19
3870,0.186
3871,0.167
3872,0.194
3873,0.208
3874,0.18
3875,0.201
3876,0.195
3877,0.183
3878,0.153
3879,0.17
3880,0.158
3881,0.173
3882,0.22
3883,0.282
3884,0.356
3885,0.35
3886,0.24
3887,0.184
3888,0.168
3889,0.207
3890,0.302
3891,0.259
3892,0.205
3893,0.262
3894,0.254
3895,0.242
3896,0.246
3897,0.268
3898,0.254
3899,0.251
3900,0.236
3901,0.201
3902,0.197
3903,0.168
3904,0.216
3905,0.184
3906,0.271
3907,0.332
3908,0.342
3909,0.333
3910,0.224
3911,0.213
3912,0.264
3913,0.234
3914,0.224
3915,0.197
3916,0.221
3917,0.199
3918,0.19
3919,0.2
3920,0.188
3921,0.226
3922,0.191
3923,0.213
3924,0.2
3925,0.204
3926,0.191
3927,0.26
3928,0.241
3929,0.206
3930,0.172
3931,0.169
3932,0.194
3933,0.203
3934,0.218
3935,0.204
3936,0.242
3937,0.22
3938,0.247
3939,0.245
3940,0.215
3941,0.198
3942,0.215
3943,0.195
3944,0.227
3945,0.177
3946,0.335
3947,0.306
3948,0.204
3949,0.264
3950,0.284
3951,0.257
3952,0.16
3953,0.178
3954,0.199
3955,0.188
3956,0.192
3957,0.214
3958,0.221
3959,0.218
3960,0.241
3961,0.23
3962,0.224
3963,0.208
3964,0.195
3965,0.187
3966,0.215
3967,0.189
3968,0.189
3969,0.181
3970,0.208
3971,0.202
3972,0.206
3973,0.197
3974,0.195
3975,0.179
3976,0.195
3977,0.193
3978,0.198
3979,0.208
3980,0.184
3981,0.339
3982,0.259
3983,0.213
3984,0.203
3985,0.189
3986,0.153
3987,0.193
3988,0.198
3989,0.161
3990,0.146
3991,0.115
3992,0.177
3993,0.172
3994,0.209
3995,0.201
3996,0.186
3997,0.267
3998,0.253
3999,0.277
4000,0.222
4001,0.203
4002,0.195
4003,0.225
4004,0.207
4005,0.261
4006,0.224
4007,0.23
4008,0.205
4009,0.228
4010,0.193
4011,0.172
4012,0.174
4013,0.197
4014,0.203
4015,0.201
4016,0.193
4017,0.203
4018,0.182
4019,0.184
4020,0.185
4021,0.207
4022,0.189
4023,0.177
4024,0.19
4025,0.204
4026,0.173
4027,0.169
4028,0.182
4029,0.242
4030,0.21
4031,0.183
4032,0.198
4033,0.403
4034,0.501
4035,0.256
4036,0.22
4037,0.194
4038,0.2
4039,0.205
4040,0.186
4041,0.189
4042,0.206
4043,0.204
4044,0.196
4045,0.178
4046,0.179
4047,0.191
4048,0.202
4049,0.182
4050,0.18
4051,0.219
4052,0.272
4053,0.361
4054,0.271
4055,0.176
4056,0.207
4057,0.208
4058,0.196
4059,0.172
4060,0.187
4061,0.187
4062,0.195
4063,0.182
4064,0.212
4065,0.2
4066,0.204
4067,0.207
4068,0.205
4069,0.195
4070,0.206
4071,0.198
4072,0.197
4073,0.17
4074,0.162
4075,0.215
4076,0.202
4077,0.199
4078,0.189
4079,0.178
4080,0.17
4081,0.178
4082,0.198
4083,0.186
4084,0.19
4085,0.189
4086,0.189
4087,0.203
4088,0.194
4089,0.193
4090,0.172
4091,0.193
4092,0.199
4093,0.183
4094,0.199
4095,0.199
4096,0.196
4097,0.181
4098,0.223
4099,0.165
4100,0.195
4101,0.183
4102,0.274
4103,0.269
4104,0.259
4105,0.224
4106,0.2
4107,0.206
4108,0.166
4109,0.187
4110,0.145
4111,0.14
4112,0.151
4113,0.162
4114,0.182
4115,0.188
4116,0.226
4117,0.197
4118,0.208
4119,0.203
4120,0.189
4121,0.187
4122,0.19
4123,0.199
4124,0.254
4125,0.224
4126,0.191
4127,0.235
4128,0.225
4129,0.22
4130,0.178
4131,0.199
4132,0.333
4133,0.3
4134,0.201
4135,0.205
4136,0.179
4137,0.208
4138,0.217
4139,0.212
4140,0.215
4141,0.234
4142,0.325
4143,0.31
4144,0.243
4145,0.284
4146,0.271
4147,0.231
4148,0.242
4149,0.265
4150,0.25
4151,0.312
4152,0.307
4153,0.188
4154,0.223
4155,0.21
4156,0.194
4157,0.191
4158,0.138
4159,0.2
4160,0.181
4161,0.191
4162,0.177
4163,0.205
4164,0.211
4165,0.197
4166,0.186
4167,0.206
4168,0.209
4169,0.205
4170,0.193
4171,0.158
4172,0.161
4173,0.183
4174,0.197
4175,0.203
4176,0.232
