1,0.668
2,0.558
3,0.959
4,0.418
5,0.603
6,0.617
7,0.515
8,2.087
9,1.458
10,1.338
11,1.942
12,1.348
13,1.372
14,1.652
15,0.952
16,1.014
17,1.358
18,1.037
19,0.475
20,1.065
21,0.58
22,0.545
23,0.335
24,0.863
25,0.779
26,1.114
27,0.362
28,0.324
29,0.412
30,0.527
31,0.488
32,0.472
33,0.978
34,0.951
35,0.269
36,0.455
37,0.812
38,0.683
39,0.247
40,0.319
41,0.315
42,0.746
43,1.173
44,0.668
45,0.404
46,0.575
47,0.507
48,0.554
49,0.403
50,0.563
51,0.52
52,0.138
53,0.37
54,0.35
55,0.364
56,0.538
57,0.815
58,0.751
59,0.462
60,0.635
61,0.569
62,2.585
63,0.394
64,0.249
65,0.412
66,0.663
67,1.073
68,0.625
69,0.363
70,0.386
71,0.456
72,0.449
73,0.535
74,0.883
75,0.358
76,0.426
77,0.345
78,0.093
79,0.095
80,0.133
81,1.185
82,0.963
83,0.536
84,0.152
85,5.016
86,0.866
87,0.284
88,0.565
89,1.413
90,1.252
91,0.406
92,0.913
93,1.064
94,3.517
95,5.404
96,1.379
97,2.849
98,0.965
99,1.305
100,0.682
101,1.218
102,2.728
103,1.042
104,1.579
105,0.6
106,1.189
107,1.568
108,0.66
109,3.771
110,0
111,1.749
112,0.891
113,0.665
114,1.12
115,0.644
116,0.579
117,1.119
118,0.766
119,0.944
120,0.937
121,1.252
122,0.631
123,0.356
124,0.984
125,0.273
126,0.628
127,0.777
128,0.504
129,3.511
130,1.25
131,0.443
132,0.943
133,0.661
134,0.431
135,0.624
136,0.674
137,0.532
138,0.22
139,0.199
140,0.415
141,1.659
142,0.632
143,1.158
144,0.901
145,0.886
146,1.049
147,0.798
148,0.334
149,0.752
150,0.411
151,0.705
152,1.754
153,0.838
154,1.11
155,1.553
156,1.45
157,1.533
158,0.855
159,1.056
160,0
161,0.825
162,1.737
163,1.552
164,1.322
165,1.917
166,1.01
167,0.541
168,1.037
169,0.629
170,0.491
171,0.773
172,0.722
173,0.913
174,0.942
175,0.665
176,0.765
177,1.05
178,0.799
179,1.19
180,0.914
181,0.577
182,0.965
183,0.595
184,0.581
185,0.405
186,0.541
187,0.562
188,0.734
189,1.397
190,0.995
191,0.85
192,0.498
193,0.977
194,0.63
195,0.911
196,0.623
197,0.318
198,0.27
199,0.17
200,0.278
201,0.505
202,0.553
203,0.795
204,0.639
205,0.716
206,0.864
207,0.7
208,0.796
209,0.388
210,0.954
211,0.417
212,0.408
213,0.82
214,0.314
215,0.598
216,0.54
217,0.645
218,0.537
219,0.412
220,0.485
221,1.051
222,0.478
223,0.7
224,1.715
225,1.067
226,0.624
227,1.278
228,0.615
229,1.124
230,0.792
231,0.66
232,0.689
233,0.455
234,0.888
235,1.012
236,2.309
237,0.505
238,1.623
239,0.471
240,1.286
241,1.033
242,1.296
243,1.331
244,2.15
245,1.896
246,1.123
247,0.896
248,0.533
249,0.35
250,0.257
251,0.961
252,0.513
253,0.7
254,0.921
255,0.748
256,0.698
257,0.644
258,0.66
259,2.433
260,0.695
261,0.372
262,1.223
263,1.578
264,0.82
265,0.667
266,0.538
267,0.474
268,1.346
269,2.253
270,0.694
271,0.7
272,0.737
273,0.699
274,1.025
275,0.684
276,0.66
277,0.821
278,0.832
279,0.382
280,0.486
281,0.951
282,0.819
283,2.437
284,0.558
285,1.164
286,0.92
287,0.57
288,0.301
289,0.94
290,0.84
291,1.922
292,0.375
293,0.659
294,0.816
295,0.868
296,1.797
297,1.24
298,0.777
299,1.182
300,1.151
301,1.701
302,0.815
303,0.599
304,1.346
305,1.071
306,1.702
307,2.095
308,1.067
309,1.289
310,0.871
311,1.086
312,0.861
313,1.244
314,0.893
315,0.859
316,0.504
317,0.588
318,0.455
319,0.325
320,0.229
321,0.201
322,0.365
323,0.379
324,0.568
325,0.595
326,2.165
327,0.486
328,0.631
329,0.807
330,0.359
331,0.645
332,0.599
333,0.64
334,0.633
335,1.18
336,0.91
337,0.449
338,0.582
339,0.683
340,0.555
341,0.838
342,0.945
343,0.29
344,0.493
345,0.311
346,0.522
347,1.267
348,1.221
349,0.824
350,0.827
351,2.319
352,0.544
353,0.501
354,0.734
355,0.779
356,0.801
357,0.663
358,0.759
359,0.932
360,0.862
361,0.802
362,0.537
363,1.005
364,0.993
365,0.578
366,0.481
367,0.576
368,0.671
369,0.999
370,1.283
371,0.68
372,0.732
373,0.71
374,0.616
375,1.338
376,0.877
377,0.857
378,0.444
379,0.221
380,0.206
381,1.968
382,0.723
383,1.548
384,1.254
385,1.25
386,1.05
387,0.972
388,1.586
389,0.846
390,1.043
391,1.193
392,0.986
393,0.442
394,0.672
395,0.615
396,0.617
397,1.013
398,0.611
399,0.824
400,0.738
401,1.86
402,2.134
403,0.922
404,0.917
405,1.045
406,0.647
407,1.044
408,1.382
409,0.806
410,1.249
411,0.558
412,1.105
413,0.718
414,0.741
415,1.194
416,0.727
417,0.888
418,0.729
419,0.708
420,0.82
421,2.351
422,1.114
423,1.158
424,1.193
425,2.231
426,1.318
427,0.76
428,1.279
429,0.438
430,0.459
431,0.523
432,1.048
433,0.695
434,0.779
435,0.503
436,0.923
437,0.616
438,0.302
439,0.5
440,1.004
441,1.553
442,0.806
443,1.442
444,4.083
445,1.717
446,1.338
447,1.477
448,1.404
449,0.937
450,0.956
451,1.965
452,1.719
453,1.358
454,0.763
455,1.395
456,1.221
457,0.874
458,0.887
459,0.509
460,0.684
461,0.868
462,0.919
463,0.502
464,0.855
465,0.871
466,0.364
467,1.182
468,1.184
469,0.71
470,1.13
471,0.746
472,0.582
473,1.143
474,0.628
475,0.549
476,0.457
477,0.993
478,0.644
479,0.693
480,0.669
481,0.635
482,0.802
483,0.535
484,0.309
485,0.42
486,0.45
487,0.515
488,0.639
489,0.56
490,0.584
491,0.772
492,0.383
493,0.601
494,0.881
495,0.852
496,1.108
497,0.506
498,0.16
499,0.142
500,0.462
501,0.552
502,0.333
503,0.598
504,0.68
505,0.74
506,0.535
507,0.493
508,3.813
509,0.616
510,0.648
511,0.508
512,0.956
513,2.202
514,1.255
515,5.777
516,0.946
517,0.599
518,0.844
519,0.683
520,1.024
521,1.049
522,1.127
523,0.622
524,0.435
525,3.236
526,0.459
527,2.517
528,1.007
529,1.714
530,1.457
531,2.402
532,1.327
533,0.684
534,1.211
535,0.793
536,1.166
537,14.625
538,1.323
539,0.551
540,0.686
541,1.224
542,0.719
543,5.552
544,4.719
545,0.408
546,0.597
547,0.763
548,0.443
549,0.892
550,0.872
551,0.529
552,0.955
553,0.967
554,0.77
555,0.791
556,1.16
557,0.688
558,0.469
559,0.293
560,0.415
561,0.765
562,0.488
563,0.512
564,2.346
565,0.592
566,0.805
567,0.758
568,1.563
569,0.483
570,0.485
571,0.802
572,2.506
573,1.134
574,1.515
575,1.214
576,0.83
577,0.397
578,0.547
579,0.518
580,0.537
581,0.695
582,0.719
583,0.743
584,1.026
585,0.842
586,0.887
587,1.215
588,0.627
589,1.737
590,0.693
591,2.126
592,1.014
593,0.725
594,1.003
595,1.238
596,1.041
597,1.906
598,1.489
599,0.899
600,1.217
601,1.153
602,0.391
603,0.449
604,0.361
605,0.802
606,0.325
607,0.794
608,0.405
609,0.484
610,1.083
611,3.544
612,1.783
613,0.396
614,0.97
615,0.638
616,0.557
617,0.873
618,0.316
619,0.438
620,0.155
621,0.301
622,0.687
623,0.641
624,0.617
625,0.581
626,0.718
627,0.415
628,0.226
629,0.695
630,0.28
631,0.868
632,0.964
633,0.716
634,0.901
635,0.923
636,0.711
637,0.562
638,1.615
639,0.603
640,0.726
641,0.697
642,0.579
643,0.753
644,0.551
645,0.317
646,0.724
647,0.851
648,0.867
649,0.641
650,0.467
651,0.848
652,0.505
653,0.289
654,0.6
655,0.572
656,0.732
657,0.807
658,0.327
659,0.405
660,0.53
661,0.621
662,1.025
663,0.66
664,0.778
665,0.456
666,0.594
667,1.277
668,0.56
669,0.613
670,2.327
671,0.719
672,1.053
673,0.701
674,1.377
675,0.871
676,1.287
677,0.623
678,0.44
679,0.169
680,1.874
681,0.335
682,0.495
683,0.867
684,1.099
685,0.446
686,0.619
687,1.085
688,0.738
689,0.652
690,0.695
691,3.68
692,0.485
693,0.506
694,0.761
695,0.527
696,0.486
697,0.451
698,0.37
699,1.2
700,0.718
701,0.712
702,1.089
703,0.601
704,0.73
705,0.507
706,1.057
707,3.796
708,2.708
709,1.508
710,3.079
711,1.261
712,0.506
713,0.523
714,2.189
715,1.091
716,0.651
717,0.477
718,0.714
719,1.473
720,0.549
721,0.735
722,0.316
723,1.099
724,0.835
725,1.558
726,0.708
727,0.998
728,1.341
729,0.989
730,1.113
731,2.1
732,1.426
733,1.219
734,0.791
735,1.4
736,0.796
737,1.136
738,1.028
739,1.174
740,0.534
741,1.149
742,1.141
743,1.197
744,1.374
745,0.599
746,0.873
747,3.387
748,3.947
749,2.041
750,1.886
751,1.131
752,0.641
753,0.388
754,0.757
755,0.941
756,0.724
757,0.886
758,0.563
759,0.932
760,0.329
761,1.378
762,0.459
763,0.901
764,0.719
765,0.499
766,0.336
767,0.483
768,0.705
769,0.582
770,0.797
771,0.81
772,0.656
773,0.767
774,0.904
775,0.529
776,0.623
777,0.584
778,1.067
779,0.718
780,0.318
781,0.633
782,0.919
783,0.659
784,0.727
785,0.529
786,0.551
787,0.808
788,0.512
789,0.753
790,0.448
791,1.457
792,0.65
793,0.429
794,0.792
795,0.468
796,0.496
797,0.362
798,0.715
799,0.341
800,0.422
801,0.651
802,1.123
803,0.57
804,1.033
805,0.286
806,0.306
807,0.742
808,0.725
809,1.262
810,0.9
811,0.513
812,0.771
813,0.539
814,1.503
815,0.732
816,1.897
817,0.706
818,0.792
819,3.301
820,1.23
821,0.572
822,1.058
823,0.399
824,1.254
825,0.505
826,0.634
827,2.604
828,5.118
829,1.987
830,2.076
831,1.052
832,0.924
833,0.896
834,0.567
835,0.888
836,0.628
837,1.001
838,0.506
839,0.483
840,1.951
841,0.55
842,0.775
843,0.757
844,0.862
845,0.503
846,1.037
847,0.685
848,0.818
849,0.69
850,0.756
851,0.827
852,0.548
853,0.743
854,0.68
855,0.601
856,0.673
857,1.776
858,0.408
859,0.269
860,0.35
861,0.947
862,0.534
863,0.798
864,0.999
865,0.746
866,0.942
867,0.782
868,0.895
869,1.23
870,0.439
871,0.422
872,1.488
873,0.561
874,2.484
875,1.325
876,0.887
877,0.908
878,1.731
879,2.488
880,1.549
881,1.346
882,0.781
883,0.989
884,2.208
885,1.248
886,0.746
887,0.627
888,0.58
889,0.626
890,0.391
891,0.663
892,1.055
893,13.939
894,1.124
895,0.798
896,0.467
897,0.924
898,0.554
899,1.021
900,0.626
901,0.671
902,0.902
903,0.596
904,1.011
905,0.865
906,1.006
907,0.394
908,0.501
909,0.935
910,0.505
911,0.494
912,0.694
913,1.188
914,0.214
915,0.765
916,0.983
917,1.303
918,0.486
919,0.268
920,0.146
921,0.5
922,0.399
923,0.681
924,0.989
925,0.413
926,0.905
927,0.415
928,0.798
929,0.332
930,0.603
931,0.194
932,0.471
933,1.334
934,0.282
935,0.718
936,1.037
937,0.888
938,1.172
939,0.887
940,0.794
941,0.665
942,0.849
943,0.3
944,0.787
945,0.501
946,0.737
947,0.85
948,0.532
949,0.405
950,0.523
951,0.729
952,1.55
953,2.186
954,2.584
955,2.739
956,3.293
957,3.119
958,2.536
959,3.292
960,4.299
961,4.118
962,3.512
963,5.936
964,3.78
965,1.062
966,1.278
967,0.733
968,1.794
969,0.977
970,1.172
971,0.964
972,0.734
973,0.669
974,0.81
975,0.815
976,0.802
977,1.04
978,1.623
979,0.279
980,0.157
981,0.527
982,0.461
983,1.371
984,0.808
985,0.665
986,0.432
987,0.636
988,0.668
989,0.622
990,0.679
991,0.429
992,0.555
993,1.538
994,0.698
995,0.946
996,1.327
997,0.651
998,0.719
999,0.802
1000,1.953
1001,0.381
1002,0.838
1003,0.472
1004,0.688
1005,0.44
1006,0.551
1007,1.333
1008,0.88
1009,3.189
1010,0.672
1011,0.692
1012,0.668
1013,0.992
1014,0.822
1015,0.554
1016,0.403
1017,0.621
1018,1.854
1019,1.842
1020,0.974
1021,0.879
1022,2.555
1023,1.152
1024,1.288
1025,1.317
1026,0.329
1027,0.7
1028,1.573
1029,0.966
1030,1.415
1031,0.649
1032,0.937
1033,0.418
1034,0.674
1035,0.455
1036,0.524
1037,0.882
1038,0.434
1039,0.216
1040,0.175
1041,0.455
1042,1.005
1043,0.921
1044,0.974
1045,0.927
1046,0.474
1047,0.736
1048,0.592
1049,0.862
1050,0.383
1051,0.77
1052,0.764
1053,0.993
1054,0.554
1055,0.896
1056,0.745
1057,1.734
1058,0.499
1059,0.661
1060,0.818
1061,0.561
1062,0.317
1063,0.636
1064,0.978
1065,0.538
1066,0.804
1067,0.455
1068,0.662
1069,0.447
1070,0.484
1071,1.055
1072,0.67
1073,0.69
1074,0.678
1075,0.966
1076,0.87
1077,0.559
1078,1.189
1079,0.689
1080,0.789
1081,0.576
1082,0.542
1083,0.571
1084,0.503
1085,0.227
1086,0.667
1087,1.229
1088,0.458
1089,0.835
1090,0.333
1091,1.395
1092,0.348
1093,0.666
1094,0.569
1095,0.816
1096,0.851
1097,0.464
1098,0.145
1099,0.274
1100,0.305
1101,0.788
1102,0.595
1103,1.05
1104,0.951
1105,1.449
1106,0.743
1107,0.85
1108,0.905
1109,3.303
1110,1.105
1111,1.12
1112,0.85
1113,0.944
1114,0.553
1115,1.275
1116,1.526
1117,0.992
1118,0.535
1119,1.027
1120,0.786
1121,1.622
1122,0.812
1123,0
1124,0.385
1125,0.712
1126,1.298
1127,0.861
1128,1.119
1129,1.01
1130,0.728
1131,6.071
1132,0.84
1133,1.09
1134,0.658
1135,0.422
1136,1.271
1137,0.776
1138,0.471
1139,2.18
1140,0.691
1141,1.426
1142,1.653
1143,1.01
1144,0.757
1145,1.473
1146,2.032
1147,0.507
1148,0.91
1149,1.181
1150,0.923
1151,2.931
1152,0.835
1153,1.049
1154,1.386
1155,0.868
1156,0.505
1157,0.333
1158,0.815
1159,0.561
1160,0.377
1161,0.322
1162,0.258
1163,0.471
1164,0.565
1165,0.27
1166,0.641
1167,0.476
1168,1.077
1169,1.014
1170,1.479
1171,0.664
1172,0.522
1173,1.018
1174,0.722
1175,0.678
1176,0.824
1177,0.995
1178,0.904
1179,0.71
1180,0.795
1181,0.741
1182,0.894
1183,0.237
1184,0.538
1185,0.349
1186,0.447
1187,0.61
1188,0.591
1189,0.576
1190,0.66
1191,0.804
1192,1.355
1193,1.496
1194,1.554
1195,1.399
1196,1.203
1197,0.921
1198,1.069
1199,1.446
1200,8.334
1201,3.045
1202,0.937
1203,0.389
1204,0.915
1205,0.952
1206,0.939
1207,0.571
1208,0.503
1209,0.757
1210,0.728
1211,0.668
1212,0.703
1213,0.909
1214,1.086
1215,0.506
1216,1.405
1217,0.945
1218,1.016
1219,0.745
1220,0.431
1221,0.403
1222,0.162
1223,0.982
1224,0.512
1225,1.089
1226,0.818
1227,0.527
1228,0.842
1229,0.586
1230,0.646
1231,0.673
1232,0.56
1233,1.527
1234,0.998
1235,1.206
1236,0.688
1237,0.816
1238,0.719
1239,0.61
1240,0.758
1241,0.741
1242,0.868
1243,1.377
1244,15.168
1245,1.477
1246,0.855
1247,0.801
1248,1.463
1249,0.861
1250,1.363
1251,0.918
1252,0.728
1253,2.44
1254,1.315
1255,0.948
1256,0.65
1257,0.8
1258,1.164
1259,0.87
1260,0.681
1261,0.642
1262,3.814
1263,3.9
1264,1.257
1265,0.895
1266,0.709
1267,1.001
1268,1.334
1269,0.713
1270,0.491
1271,0.831
1272,0.852
1273,1.115
1274,0.965
1275,0.712
1276,0.774
1277,0.676
1278,0.475
1279,1.089
1280,0.385
1281,0.325
1282,0.698
1283,0.698
1284,0.599
1285,1.113
1286,0.843
1287,0.857
1288,0.929
1289,1.915
1290,0.879
1291,1.461
1292,0.987
1293,0.63
1294,0.867
1295,2.932
1296,0.883
1297,0.724
1298,0.747
1299,0.886
1300,0.949
1301,1.224
1302,0.739
1303,1.202
1304,1.403
1305,1.576
1306,1.502
1307,1.154
1308,0.606
1309,0.881
1310,1.034
1311,1.272
1312,1.011
1313,0.617
1314,0.911
1315,0.887
1316,0.83
1317,0.728
1318,0.372
1319,1.132
1320,0.825
1321,0.997
1322,0.89
1323,0.893
1324,1.185
1325,0.927
1326,0.973
1327,1.037
1328,0.937
1329,0.793
1330,0.445
1331,0.661
1332,1.572
1333,0.783
1334,0.595
1335,0.5
1336,0.725
1337,0.621
1338,0.546
1339,0.844
1340,0.794
1341,0.391
1342,0.195
1343,0.432
1344,0.494
1345,1.149
1346,0.723
1347,1.095
1348,0.727
1349,0.798
1350,0.958
1351,0.57
1352,0.788
1353,0.423
1354,0.824
1355,0.727
1356,0.872
1357,0.996
1358,1.009
1359,0.716
1360,1.018
1361,1.071
1362,1.379
1363,0.634
1364,0.667
1365,0.896
1366,0.571
1367,0.779
1368,0.552
1369,0.872
1370,0.694
1371,0.916
1372,0.521
1373,0.879
1374,0.683
1375,0.546
1376,0.763
1377,0.818
1378,0.66
1379,0.798
1380,2.117
1381,0.808
1382,1.464
1383,1.138
1384,1.252
1385,0.645
1386,0.506
1387,1.008
1388,0.707
1389,1.002
1390,0.589
1391,0.927
1392,2.847
1393,0.915
1394,1.261
1395,1.323
1396,0.932
1397,1.129
1398,0.956
1399,2.147
1400,0.54
1401,0.75
1402,0.971
1403,0.626
1404,0.58
1405,1.424
1406,1.116
1407,0.824
1408,0.49
1409,0.796
1410,1.041
1411,0.552
1412,1.034
1413,0.581
1414,1.387
1415,0.804
1416,0.948
1417,0.604
1418,0.879
1419,0.67
1420,1.092
1421,0.631
1422,0.895
1423,0.572
1424,0.449
1425,1.132
1426,0.327
1427,0.548
1428,0.697
1429,1.186
1430,0.794
1431,0.635
1432,1.08
1433,0.833
1434,0.777
1435,0.972
1436,0.732
1437,0.654
1438,2.742
1439,0.769
1440,0.362
1441,0.463
1442,0.627
1443,0.761
1444,0.7
1445,0.922
1446,1.015
1447,2.025
1448,1.412
1449,2.008
1450,1.094
1451,3.352
1452,1.928
1453,1.972
1454,1.254
1455,1.101
1456,0.774
1457,1.749
1458,1.516
1459,1.058
1460,2.84
1461,1.67
1462,0.566
1463,0.657
1464,1.018
1465,0.67
1466,0.781
1467,0.754
1468,0.544
1469,0.789
1470,0.952
1471,0.969
1472,0.568
1473,1.123
1474,0.944
1475,0.767
1476,1.105
1477,1.279
1478,0.589
1479,0.873
1480,0.867
1481,1.284
1482,0.638
1483,0.785
1484,1.152
1485,1.016
1486,0.742
1487,0.353
1488,0.741
1489,1.089
1490,0.448
1491,0.559
1492,0.786
1493,0.828
1494,1.196
1495,1.492
1496,0.239
1497,0.668
1498,0.683
1499,0.931
1500,0.477
1501,0.639
1502,0.627
1503,0.539
1504,0.817
1505,0.584
1506,0.663
1507,0.453
1508,0.686
1509,0.934
1510,0.591
1511,0.952
1512,1.975
1513,2.527
1514,0.874
1515,0.8
1516,0.476
1517,0.752
1518,0.475
1519,0.986
1520,0.507
1521,0.502
1522,0.502
1523,1.059
1524,0.606
1525,0.799
1526,0.761
1527,0.73
1528,1.023
1529,0.576
1530,0.984
1531,0.415
1532,0.564
1533,0.76
1534,0.655
1535,0.732
1536,0.893
1537,1.607
1538,1.855
1539,1.664
1540,0.532
1541,0.844
1542,1.095
1543,0.772
1544,1.031
1545,0.568
1546,1.048
1547,0.676
1548,0.618
1549,0.684
1550,0.624
1551,1.078
1552,0.54
1553,0.518
1554,0.495
1555,0.696
1556,1.671
1557,0.775
1558,0.906
1559,1.057
1560,0.649
1561,1.432
1562,1.131
1563,1.282
1564,1.047
1565,0.783
1566,1.019
1567,1.051
1568,0.937
1569,0.799
1570,0.825
1571,0.583
1572,1.037
1573,0.474
1574,0.803
1575,0.767
1576,1.665
1577,0.85
1578,2.469
1579,2.045
1580,0.411
1581,0.184
1582,0.318
1583,9.918
1584,3.246
1585,0.703
1586,0.616
1587,0.386
1588,0.857
1589,0.704
1590,0.673
1591,0.861
1592,1.155
1593,1.99
1594,1.752
1595,1.732
1596,2.543
1597,13.378
1598,1.251
1599,0.845
1600,0.813
1601,0.692
1602,1.301
1603,0.65
1604,0.814
1605,0.654
1606,0.784
1607,0.925
1608,0.503
1609,0.642
1610,1.201
1611,0.784
1612,0.651
1613,0.768
1614,0.854
1615,0.588
1616,0.658
1617,0.637
1618,1.303
1619,0.858
1620,1.005
1621,1.163
1622,0.8
1623,0.719
1624,0.605
1625,0.869
1626,0.87
1627,1.126
1628,0.495
1629,0.525
1630,0.773
1631,0.738
1632,1.064
1633,0.501
1634,0.589
1635,0.612
1636,0.594
1637,1.108
1638,13.062
1639,1.165
1640,0.267
1641,0.269
1642,0.22
1643,0.174
1644,0.603
1645,0.738
1646,0.674
1647,0.561
1648,0.957
1649,1.16
1650,0.648
1651,1.187
1652,0.631
1653,0.874
1654,0.962
1655,0.507
1656,0.749
1657,0.398
1658,0.569
1659,0.822
1660,0.545
1661,0.48
1662,1.129
1663,0.309
1664,0.503
1665,0.718
1666,1.613
1667,1.103
1668,0.437
1669,1.272
1670,1.034
1671,0.645
1672,0.771
1673,0.943
1674,0.373
1675,0.883
1676,1.055
1677,0.518
1678,0.643
1679,0.9
1680,0.766
1681,2.409
1682,0.646
1683,1.199
1684,0.842
1685,1.012
1686,0.995
1687,0.844
1688,1.809
1689,0.859
1690,1.005
1691,1.667
1692,1.09
1693,0.804
1694,0.535
1695,0.974
1696,0.571
1697,0.686
1698,0.414
1699,0.895
1700,0.397
1701,0.469
1702,0.207
1703,0.713
1704,0.488
1705,0.794
1706,0.584
1707,0.716
1708,0.938
1709,0.337
1710,0
1711,0.61
1712,0.968
1713,0.639
1714,0.587
1715,0.792
1716,0.785
1717,0.527
1718,1.457
1719,0.592
1720,0.601
1721,0.882
1722,0.627
1723,0.576
1724,0.939
1725,0.752
1726,2.203
1727,0.966
1728,0.889
1729,0.551
1730,1.706
1731,0.665
1732,0.4
1733,0.99
1734,1.144
1735,0.977
1736,1.529
1737,1.261
1738,1.761
1739,2.964
1740,1.394
1741,1.095
1742,0.751
1743,0.832
1744,0.797
1745,0.499
1746,0.616
1747,1.173
1748,0.603
1749,0.595
1750,0.681
1751,0.847
1752,0.67
1753,0.721
1754,0.522
1755,1.061
1756,0.704
1757,0.818
1758,0.363
1759,0.579
1760,0.557
1761,0.601
1762,0.297
1763,0.192
1764,0.148
1765,0.417
1766,0.79
1767,1.388
1768,1.021
1769,0.709
1770,0.693
1771,0.343
1772,0.702
1773,0.864
1774,0.455
1775,0.74
1776,1.583
1777,2.665
1778,4.351
1779,1.655
1780,0.74
1781,1.098
1782,0.619
1783,1.078
1784,0.73
1785,0.557
1786,0.352
1787,0.952
1788,1.1
1789,1.104
1790,0.954
1791,0.952
1792,1.035
1793,0.446
1794,1.201
1795,1.247
1796,0.89
1797,0.211
1798,0.227
1799,0.782
1800,0.823
1801,0.342
1802,0.437
1803,1.291
1804,1.095
1805,0.502
1806,0.367
1807,0.378
1808,0.547
1809,0.419
1810,0.868
1811,1.013
1812,0.416
1813,0.298
1814,0.614
1815,1.711
1816,2.174
1817,1.234
1818,0.855
1819,1.26
1820,0.679
1821,0.364
1822,0.338
1823,0.594
1824,0.251
1825,0.413
1826,0.574
1827,0.914
1828,0.698
1829,0.692
1830,1.214
1831,0.59
1832,0.876
1833,0.564
1834,1.015
1835,1.003
1836,1.36
1837,1.025
1838,0.964
1839,0.952
1840,0.591
1841,0.54
1842,0.537
1843,0.998
1844,0.706
1845,0.545
1846,0.465
1847,0.655
1848,1.275
1849,4.181
1850,7.102
1851,1.116
1852,1.061
1853,0.747
1854,0.896
1855,1.412
1856,0.588
1857,0.442
1858,0.696
1859,0.512
1860,0.847
1861,0.561
1862,0.459
1863,0.862
1864,0.89
1865,0.314
1866,0.27
1867,0.828
1868,0.338
1869,0.279
1870,0.412
1871,0.582
1872,0.62
1873,0.306
1874,0.729
1875,0.602
1876,1.67
1877,0.888
1878,0.7
1879,1.115
1880,1.145
1881,0.813
1882,0.507
1883,1.637
1884,4.349
1885,1.756
1886,1.4
1887,0.33
1888,1.184
1889,0.732
1890,0.522
1891,0.806
1892,1.057
1893,0.59
1894,0.987
1895,0.737
1896,0.537
1897,0.69
1898,0.916
1899,1.38
1900,0.339
1901,0.761
1902,0.379
1903,1.184
1904,10.268
1905,2.703
1906,0.487
1907,0.919
1908,0.898
1909,0.86
1910,0.966
1911,0.822
1912,0.605
1913,0.762
1914,0.834
1915,0.652
1916,0.663
1917,0.318
1918,1.191
1919,0.727
1920,0.454
1921,0.67
1922,0.39
1923,0.863
1924,0.545
1925,0.671
1926,0.531
1927,0.693
1928,0.918
1929,0.703
1930,0.627
1931,1.082
1932,0.827
1933,0.477
1934,1.117
1935,0.641
1936,0.578
1937,0.429
1938,0.596
1939,0.671
1940,0.792
1941,0.622
1942,0.396
1943,0.248
1944,0.324
1945,0.844
1946,0.816
1947,0.465
1948,0.772
1949,0.955
1950,0.553
1951,0.887
1952,0.677
1953,0.762
1954,0.62
1955,0.807
1956,0.698
1957,1.12
1958,0.697
1959,0.786
1960,0.371
1961,1.137
1962,0.883
1963,1.044
1964,0.626
1965,0.593
1966,0.969
1967,0.728
1968,0.157
1969,0.653
1970,0.506
1971,1.162
1972,1.103
1973,1.009
1974,1.365
1975,1.001
1976,1.394
1977,0.724
1978,0.688
1979,0.847
1980,0.97
1981,0.569
1982,0.643
1983,0.894
1984,0.58
1985,1.775
1986,14.045
1987,3.508
1988,19.283
1989,4.965
1990,5.341
1991,8.055
1992,9.517
1993,25.569
1994,1.801
1995,11.058
1996,27.078
1997,1.818
1998,4.939
1999,5.422
2000,4.603
2001,1.412
2002,1.93
2003,0.573
2004,1.305
2005,2.755
2006,0.959
2007,1.976
2008,2.295
2009,0.691
2010,3.228
2011,2.862
2012,1.514
2013,2.168
2014,0.855
2015,1.08
2016,0.661
2017,1.046
2018,0.766
2019,0.706
2020,0.881
2021,0.681
2022,0.531
2023,0.534
2024,1.849
2025,1.968
2026,2.524
2027,0.525
2028,1.043
2029,0.456
2030,0.68
2031,0.808
2032,3.819
2033,1.552
2034,1.079
2035,0.378
2036,0.819
2037,0.579
2038,0.666
2039,0.372
2040,0.955
2041,0.717
2042,0.428
2043,0.922
2044,0.722
2045,0.862
2046,0.722
2047,0.943
2048,0.489
2049,0.818
2050,0.463
2051,0.686
2052,0.621
2053,0.751
2054,0.491
2055,0.932
2056,0.775
2057,0.851
2058,0.539
2059,0.474
2060,0.65
2061,0.545
2062,0.355
2063,0.236
2064,0.486
2065,0.533
2066,0.416
2067,1.767
2068,15.708
2069,1.352
2070,5.908
2071,2.831
2072,8.953
2073,0.791
2074,6.334
2075,12.253
2076,0.977
2077,7.152
2078,6.147
2079,2.863
2080,18.007
2081,4.998
2082,8.152
2083,1.403
2084,11.804
2085,8.005
2086,18.357
2087,1.682
2088,0.854
2089,0.269
2090,0.812
2091,0.574
2092,0.585
2093,0.839
2094,0.347
2095,1.169
2096,0.676
2097,0.866
2098,0.39
2099,1.23
2100,1.15
2101,1.776
2102,0.497
2103,0.006
2104,1.876
2105,0.727
2106,0.735
2107,0.621
2108,0.842
2109,0.972
2110,0.941
2111,0.753
2112,0.532
2113,0.946
2114,2.969
2115,0.523
2116,2.265
2117,2.055
2118,2.583
2119,1.309
2120,0
2121,1.847
2122,2.223
2123,3.367
2124,2.006
2125,2.254
2126,2.801
2127,1.631
2128,4.083
2129,12.903
2130,1.471
2131,10.596
2132,1.432
2133,7.723
2134,13.85
2135,1.758
2136,8.137
2137,2.231
2138,26.017
2139,3.216
2140,4.791
2141,6.43
2142,7.906
2143,1.608
2144,7.637
2145,5.079
2146,12.525
2147,13.635
2148,11.839
2149,11.926
2150,14.557
2151,6.793
2152,5.115
2153,1.537
2154,3.466
2155,1.084
2156,7.032
2157,1.009
2158,6.487
2159,12.611
2160,10.769
2161,2.811
2162,1.648
2163,7.249
2164,1.457
2165,2.159
2166,1.329
2167,1.245
2168,3.013
2169,3.988
2170,6.552
2171,2.103
2172,3.099
2173,1.146
2174,2.511
2175,3.046
2176,3.465
2177,3.283
2178,2.94
2179,6.698
2180,6.154
2181,2.799
2182,14.103
2183,14.487
2184,15.609
2185,11.241
2186,1.21
2187,0.37
2188,0.127
2189,0.746
2190,1.093
2191,0.95
2192,0.695
2193,0.581
2194,0.941
2195,0.438
2196,0.351
2197,0.451
2198,0.64
2199,0.992
2200,0.519
2201,0.828
2202,0.713
2203,0.686
2204,1.451
2205,0.85
2206,0.619
2207,0.67
2208,0.741
2209,0.762
2210,0.562
2211,0.374
2212,0.896
2213,0.671
2214,0.453
2215,0.624
2216,0.585
2217,0.751
2218,0.508
2219,0.986
2220,0.757
2221,1.3
2222,1.491
2223,1.335
2224,0.83
2225,0.611
2226,1.099
2227,1.37
2228,0.646
2229,0.78
2230,0.97
2231,0.571
2232,0.639
2233,0.201
2234,0.818
2235,1.627
2236,0.462
2237,0.553
2238,0.66
2239,0.643
2240,0.945
2241,0.9
2242,0.432
2243,0.158
2244,0.235
2245,0.665
2246,2.607
2247,1.567
2248,1.051
2249,0.578
2250,0.804
2251,0.647
2252,0.77
2253,0.388
2254,0.366
2255,1.045
2256,0.863
2257,0.749
2258,0.966
2259,1.678
2260,1.468
2261,1.571
2262,0.703
2263,1.136
2264,1.418
2265,1.301
2266,0.888
2267,0.786
2268,1.01
2269,0.478
2270,0.729
2271,0.806
2272,2.722
2273,0.756
2274,0.736
2275,0.668
2276,0.849
2277,1.094
2278,0.877
2279,0.556
2280,1.148
2281,1.001
2282,1.229
2283,1.047
2284,1.411
2285,0.715
2286,2.489
2287,2.455
2288,5.736
2289,2.521
2290,0.748
2291,1.185
2292,0.56
2293,0.948
2294,0.899
2295,1.365
2296,1.121
2297,0.961
2298,0.576
2299,0.515
2300,1.186
2301,1.501
2302,0.817
2303,0.236
2304,0.456
2305,0.622
2306,0.789
2307,0.895
2308,0.659
2309,0.702
2310,1.324
2311,0.899
2312,1.174
2313,2.775
2314,1.709
2315,2.526
2316,1.68
2317,2.155
2318,0.836
2319,0.777
2320,0.782
2321,0.509
2322,0.741
2323,0.612
2324,0.888
2325,0.758
2326,0.349
2327,0.716
2328,0.538
2329,0.542
2330,1.299
2331,0.617
2332,1.587
2333,0.741
2334,0.912
2335,0.847
2336,0.918
2337,0.806
2338,0.801
2339,0.586
2340,1.168
2341,6.292
2342,0.926
2343,0.556
2344,0.802
2345,0.718
2346,0.643
2347,0.853
2348,0.772
2349,0.702
2350,0.653
2351,0.656
2352,0.812
2353,0.64
2354,0.683
2355,0.674
2356,0.97
2357,0.361
2358,0.66
2359,0.754
2360,0.352
2361,0.779
2362,0.317
2363,0.23
2364,0.052
2365,0.904
2366,0.819
2367,1.036
2368,0.226
2369,0.165
2370,0.511
2371,1.029
2372,0.715
2373,0.11
2374,0.322
2375,0.479
2376,0.865
2377,0.521
2378,0.619
2379,0.533
2380,0.555
2381,0.643
2382,0.538
2383,0.391
2384,0.441
2385,0.459
2386,0.552
2387,0.351
2388,0.786
2389,1.758
2390,1.483
2391,0.745
2392,0.49
2393,0.359
2394,0.752
2395,0.61
2396,0.575
2397,0.436
2398,2.296
2399,0.459
2400,0.521
2401,0.357
2402,0.526
2403,0.787
2404,2.656
2405,0.496
2406,2.499
2407,0.716
2408,2.784
2409,1.59
2410,0.919
2411,0.867
2412,1.247
2413,1.926
2414,0.611
2415,1.207
2416,0.803
2417,0.247
2418,3.309
2419,0.96
2420,0.734
2421,0.876
2422,0.503
2423,0.612
2424,0.261
2425,0.476
2426,1.186
2427,1.732
2428,1.232
2429,4.097
2430,1.157
2431,0.948
2432,0.899
2433,1.311
2434,1.212
2435,1.484
2436,0.709
2437,1.27
2438,1.256
2439,2.017
2440,2.044
2441,0.848
2442,1.17
2443,0.963
2444,1.013
2445,0.923
2446,0.974
2447,0.976
2448,2.389
2449,0.948
2450,0.748
2451,1.231
2452,0.765
2453,0.479
2454,0.864
2455,1.068
2456,0.948
2457,3.547
2458,2.961
2459,1.531
2460,0.726
2461,1.253
2462,0.85
2463,0.713
2464,1.158
2465,1.897
2466,2.229
2467,0.596
2468,1.046
2469,1.146
2470,0.854
2471,0.814
2472,2.708
2473,0.789
2474,0.69
2475,0.844
2476,0.793
2477,1.11
2478,0.407
2479,0.61
2480,0.621
2481,0.975
2482,0.189
2483,0.33
2484,0.078
2485,0.353
2486,0.779
2487,0.321
2488,1.052
2489,0.793
2490,0.642
2491,0.853
2492,0.547
2493,0.814
2494,0.723
2495,0.705
2496,0.643
2497,0.751
2498,0.829
2499,0.495
2500,2.803
2501,1.349
2502,7.17
2503,1.786
2504,1.818
2505,1.451
2506,0.552
2507,0.832
2508,0.75
2509,1.004
2510,0.576
2511,0.969
2512,0.728
2513,0.851
2514,0.538
2515,0.551
2516,0.71
2517,0.541
2518,1.319
2519,0.52
2520,1.098
2521,0.404
2522,0.721
2523,6.979
2524,0.833
2525,0.694
2526,0.633
2527,0.484
2528,0.721
2529,0.524
2530,0.33
2531,0.698
2532,0.536
2533,0.421
2534,1.458
2535,2.301
2536,1.282
2537,0.736
2538,0.537
2539,1.086
2540,0.551
2541,0.841
2542,0.195
2543,0.281
2544,0.191
2545,0.632
2546,0.771
2547,0
2548,0.533
2549,0.799
2550,0.976
2551,1.219
2552,1.98
2553,1.38
2554,1.768
2555,1.189
2556,1.236
2557,0.768
2558,1.229
2559,1.054
2560,1.198
2561,1.217
2562,0.713
2563,0.791
2564,0.643
2565,0.79
2566,0.619
2567,1.286
2568,1.832
2569,0.986
2570,2.38
2571,1.552
2572,5.843
2573,0.94
2574,0.523
2575,0.784
2576,1.166
2577,2.063
2578,9.294
2579,2.688
2580,1.936
2581,2.196
2582,1.227
2583,1.054
2584,1.12
2585,6.412
2586,21.947
2587,14.884
2588,16.361
2589,26.929
2590,25.299
2591,11.103
2592,6.763
2593,13.399
2594,22.303
2595,7.527
2596,7.083
2597,34.513
2598,7.057
2599,0.641
2600,0.886
2601,1.779
2602,1.642
2603,1.547
2604,1.329
2605,1.316
2606,1.043
2607,0.869
2608,1.221
2609,0.755
2610,0.87
2611,0.624
2612,0.877
2613,1.036
2614,0.706
2615,0.813
2616,0.229
2617,0.873
2618,1.104
2619,1.175
2620,1.239
2621,0.548
2622,1.036
2623,1.076
2624,0.765
2625,0.9
2626,0.978
2627,1.007
2628,0.583
2629,0.611
2630,0.839
2631,1.314
2632,1.792
2633,1.01
2634,0.843
2635,1.134
2636,0.455
2637,0.892
2638,1.186
2639,1.086
2640,0.781
2641,0.782
2642,0.774
2643,1.006
2644,0.824
2645,0.638
2646,0.8
2647,0.68
2648,1.214
2649,1.032
2650,0.624
2651,0.939
2652,1.147
2653,0.862
2654,0.81
2655,0.837
2656,1.432
2657,0.541
2658,0.968
2659,1.27
2660,0.791
2661,0.701
2662,0.777
2663,0.284
2664,0.257
2665,0.665
2666,0.812
2667,1.101
2668,0.849
2669,0.782
2670,1.284
2671,0.816
2672,0.832
2673,0.681
2674,1.191
2675,0.59
2676,0.631
2677,1.107
2678,2.212
2679,2.07
2680,1.11
2681,0.706
2682,0.876
2683,0.775
2684,0.88
2685,0.898
2686,0.596
2687,0.695
2688,0.693
2689,0.857
2690,1.22
2691,0.902
2692,0.916
2693,0.757
2694,0.984
2695,0.734
2696,1.184
2697,1.183
2698,1.11
2699,1.033
2700,1.008
2701,1.467
2702,1.278
2703,1.514
2704,0.854
2705,0.581
2706,0.591
2707,0.817
2708,0.635
2709,1.305
2710,0.414
2711,0.999
2712,0.801
2713,0.742
2714,0.859
2715,0.895
2716,0.953
2717,1.192
2718,0.721
2719,0.61
2720,0.662
2721,0.759
2722,1.04
2723,0.786
2724,0.393
2725,0.236
2726,0.424
2727,0.683
2728,0.821
2729,0.818
2730,0.234
2731,0.941
2732,0.731
2733,0.614
2734,0.757
2735,0.586
2736,1.933
2737,0.645
2738,0.53
2739,0.794
2740,0.727
2741,1.355
2742,0.787
2743,0.572
2744,0.899
2745,0.442
2746,2.536
2747,2.817
2748,2.537
2749,0.653
2750,0.95
2751,1.167
2752,0.798
2753,0.317
2754,0.811
2755,0.704
2756,1.126
2757,0.372
2758,3.22
2759,0.559
2760,1.749
2761,16.345
2762,31.441
2763,42.773
2764,45.607
2765,56.93
2766,37.397
2767,7.036
2768,1.31
2769,0.975
2770,0.751
2771,0.931
2772,0.346
2773,0.502
2774,0.884
2775,0.702
2776,0.836
2777,0.753
2778,0.798
2779,0.738
2780,0.517
2781,0.495
2782,0.699
2783,0.6
2784,0.603
2785,0.26
2786,0.146
2787,0.275
2788,0.828
2789,0.826
2790,0.969
2791,0.705
2792,0.815
2793,0.522
2794,0.753
2795,0.53
2796,0.62
2797,0.629
2798,1.027
2799,0.67
2800,0.589
2801,1.249
2802,0.852
2803,0.468
2804,1.005
2805,1.001
2806,0.711
2807,0.53
2808,0.937
2809,0.537
2810,0.674
2811,0.482
2812,0.471
2813,0.834
2814,0.476
2815,0.592
2816,0.479
2817,0.915
2818,0.794
2819,0.48
2820,0.483
2821,0.443
2822,0.367
2823,0.578
2824,0.47
2825,0.3
2826,0.453
2827,2.053
2828,1.05
2829,1.778
2830,0.683
2831,0.98
2832,1.007
2833,0.354
2834,0.716
2835,0.493
2836,0.473
2837,0.701
2838,0.445
2839,0.719
2840,2.579
2841,0.989
2842,3.596
2843,2.181
2844,0.611
2845,0.832
2846,0.596
2847,0.935
2848,1.101
2849,1.163
2850,0.955
2851,0.322
2852,0.825
2853,0.859
2854,0.593
2855,0.682
2856,0.706
2857,0.967
2858,0.642
2859,3.473
2860,1.387
2861,7.362
2862,1.107
2863,0.769
2864,0.436
2865,0.831
2866,0.682
2867,0.673
2868,0.401
2869,0.865
2870,0.894
2871,0.849
2872,0.559
2873,0.743
2874,0.782
2875,0.552
2876,0.65
2877,0.94
2878,0.896
2879,0.861
2880,2.634
2881,0.873
2882,0.764
2883,0.793
2884,0.43
2885,1.096
2886,0.866
2887,0.414
2888,0.962
2889,0.626
2890,2.382
2891,2.106
2892,1.804
2893,0.631
2894,0.645
2895,0.757
2896,0.557
2897,0.642
2898,0.942
2899,0.504
2900,1.021
2901,1.04
2902,0.606
2903,0.372
2904,0.393
2905,0.122
2906,0.312
2907,0.44
2908,0.931
2909,0.851
2910,0.571
2911,0.229
2912,0.804
2913,1.006
2914,0.643
2915,0.582
2916,0.423
2917,0.595
2918,0.643
2919,0.811
2920,1.552
2921,0.921
2922,0.469
2923,0.608
2924,0.627
2925,0.744
2926,0.676
2927,0.473
2928,0.771
2929,0.602
2930,0.528
2931,0.782
2932,0.582
2933,0.576
2934,0.55
2935,0.566
2936,0.508
2937,0.821
2938,0.614
2939,0.511
2940,0.317
2941,1.012
2942,0.856
2943,0.521
2944,0.787
2945,1.055
2946,0.508
2947,0.633
2948,0.695
2949,0.684
2950,0.428
2951,0.637
2952,0.935
2953,0.381
2954,0.583
2955,0.496
2956,0.919
2957,0.608
2958,0.778
2959,0.36
2960,0.88
2961,0.289
2962,0.809
2963,0.704
2964,0.301
2965,0.222
2966,0.267
2967,0.957
2968,1.566
2969,1.268
2970,0.811
2971,0.974
2972,1.16
2973,0.724
2974,0.781
2975,0.483
2976,0.697
2977,0.524
2978,0.722
2979,0.546
2980,0.73
2981,1.103
2982,0.794
2983,0.539
2984,2.103
2985,0.565
2986,0.914
2987,1.041
2988,0.965
2989,1.228
2990,0.38
2991,1.18
2992,1.036
2993,0.912
2994,2.718
2995,0.527
2996,0.749
2997,0.643
2998,1.062
2999,0.48
3000,0.546
3001,1.154
3002,2.56
3003,6.545
3004,1.171
3005,0.511
3006,0.312
3007,0.919
3008,0.786
3009,0.576
3010,0.752
3011,0.899
3012,0.572
3013,0.552
3014,0.825
3015,0.681
3016,0.821
3017,0.714
3018,0.595
3019,0.454
3020,1.561
3021,0.672
3022,0.388
3023,0.785
3024,0.288
3025,1.621
3026,0.27
3027,0.528
3028,0.56
3029,0.692
3030,0.735
3031,0.356
3032,0.682
3033,2.845
3034,1.809
3035,1.454
3036,1.359
3037,0.712
3038,0.714
3039,0.837
3040,0.742
3041,0.552
3042,0.89
3043,0.496
3044,1.087
3045,0.577
3046,0.485
3047,0.704
3048,0.613
3049,0.622
3050,0.704
3051,0.68
3052,0.487
3053,0.621
3054,0.626
3055,0.495
3056,0.98
3057,0.737
3058,0.615
3059,0.771
3060,0.573
3061,0.526
3062,0.734
3063,0.731
3064,0.683
3065,0.867
3066,0.59
3067,0.564
3068,0.616
3069,0.988
3070,0.751
3071,0.707
3072,0.445
3073,0.619
3074,0.675
3075,0.593
3076,0.651
3077,0.822
3078,0.902
3079,0.641
3080,0.621
3081,0.386
3082,0.599
3083,0.778
3084,0.185
3085,0.133
3086,0.133
3087,0.562
3088,0.235
3089,0.193
3090,2.056
3091,0.419
3092,0.611
3093,0.928
3094,0.676
3095,0.521
3096,0.534
3097,0.703
3098,0.649
3099,0.785
3100,0.837
3101,0.544
3102,0.567
3103,0.597
3104,0.974
3105,0.44
3106,0.624
3107,0.71
3108,0.643
3109,0.497
3110,0.457
3111,1.508
3112,1.551
3113,0.441
3114,0.828
3115,0.589
3116,0.62
3117,0.697
3118,0.431
3119,0.672
3120,0.383
3121,0.54
3122,0.819
3123,0.697
3124,0.42
3125,0.6
3126,1.785
3127,0.786
3128,1.064
3129,1.928
3130,1.125
3131,0.833
3132,0.938
3133,0.752
3134,0.858
3135,1.421
3136,0.652
3137,1.004
3138,0.485
3139,0.522
3140,0.868
3141,0.917
3142,0.879
3143,0.656
3144,1.384
3145,0.921
3146,0.551
3147,1.556
3148,0.405
3149,2.254
3150,1.273
3151,0.715
3152,0.57
3153,1.145
3154,0.796
3155,0.564
3156,0.62
3157,1.001
3158,0.94
3159,0.457
3160,1.142
3161,0.648
3162,0.858
3163,1.047
3164,2.805
3165,6.818
3166,1.923
3167,1.529
3168,3.204
3169,1.519
3170,1.203
3171,0.559
3172,0.864
3173,1.129
3174,1.269
3175,0.552
3176,0.645
3177,0.6
3178,0.551
3179,1.037
3180,0.963
3181,1.724
3182,0.684
3183,0.955
3184,0.92
3185,0.589
3186,0.68
3187,0.427
3188,0.7
3189,0.441
3190,0.541
3191,0.768
3192,0.527
3193,0.196
3194,0.467
3195,0.555
3196,0.885
3197,2.149
3198,0.609
3199,0.713
3200,0.365
3201,0.59
3202,0.516
3203,0.992
3204,1.059
3205,0.725
3206,0.373
3207,0.476
3208,0.342
3209,0.202
3210,0.284
3211,0.744
3212,0.485
3213,1.064
3214,0.83
3215,1.429
3216,0.696
3217,0.595
3218,0.257
3219,0.896
3220,0.566
3221,0.64
3222,0.857
3223,0.639
3224,1.258
3225,0.451
3226,0.632
3227,0
3228,0.589
3229,0.78
3230,0.55
3231,0.679
3232,0.781
3233,1.159
3234,0.872
3235,0.605
3236,1.565
3237,0.654
3238,1.019
3239,0.736
3240,0.757
3241,0.881
3242,0.885
3243,0.808
3244,1.13
3245,0.74
3246,0.927
3247,1.218
3248,0.399
3249,0.611
3250,0.79
3251,0.64
3252,1.117
3253,0.503
3254,0.955
3255,1.681
3256,0.78
3257,1.058
3258,1.007
3259,0.899
3260,3.34
3261,1.388
3262,1.53
3263,1.328
3264,1.071
3265,0.577
3266,0.757
3267,0.477
3268,0.578
3269,0.883
3270,0.399
3271,0.59
3272,0.733
3273,0.665
3274,0.458
3275,1.999
3276,1.042
3277,1.433
3278,0.039
3279,0.746
3280,0.732
3281,1.321
3282,0.637
3283,1.095
3284,1.258
3285,0.857
3286,0.691
3287,0.695
3288,0.781
3289,0.699
3290,0.935
3291,0.68
3292,0.583
3293,0.808
3294,1.034
3295,0.851
3296,0.613
3297,0.943
3298,0.536
3299,0.798
3300,0.729
3301,0.882
3302,0.756
3303,1.148
3304,1.74
3305,2.914
3306,4.963
3307,1.471
3308,1.001
3309,0.822
3310,0.936
3311,0.549
3312,1.111
3313,0.715
3314,1.052
3315,0.896
3316,0.777
3317,0.57
3318,0.824
3319,0.58
3320,0.949
3321,0.792
3322,0.694
3323,0.683
3324,0.947
3325,1.033
3326,2.556
3327,2.465
3328,2.728
3329,0.356
3330,0.326
3331,0.378
3332,0.631
3333,0.885
3334,0.974
3335,0.731
3336,0.952
3337,1.012
3338,0.779
3339,1.055
3340,0.792
3341,0.888
3342,0.508
3343,0.573
3344,0.918
3345,0.961
3346,0.347
3347,1.294
3348,0.477
3349,0.872
3350,0.732
3351,0.407
3352,0.878
3353,1.258
3354,0.727
3355,0.624
3356,0.856
3357,1.015
3358,0.418
3359,1.219
3360,0.653
3361,0.601
3362,0.654
3363,1.206
3364,0.829
3365,0.562
3366,1.1
3367,0.729
3368,0.863
3369,0.822
3370,0.83
3371,1.546
3372,0.639
3373,0.688
3374,0.65
3375,0.441
3376,0.758
3377,0.685
3378,0.865
3379,0.807
3380,1.114
3381,0.475
3382,0.946
3383,0.35
3384,0.987
3385,1.03
3386,0.933
3387,0.642
3388,0.471
3389,0.788
3390,0.399
3391,0.763
3392,0.626
3393,0.93
3394,0.866
3395,0.94
3396,0.732
3397,0.87
3398,1.026
3399,0.735
3400,1.014
3401,0.483
3402,0.876
3403,1.944
3404,2.105
3405,0.787
3406,0.566
3407,0.319
3408,0.754
3409,0.601
3410,0.878
3411,0.725
3412,0.701
3413,0.781
3414,0.918
3415,0.41
3416,1.231
3417,0.936
3418,0.625
3419,2.476
3420,1.294
3421,2.03
3422,1.322
3423,1.618
3424,0.85
3425,0.617
3426,1.177
3427,0.984
3428,1.342
3429,0.793
3430,0.821
3431,0.526
3432,0.721
3433,0.846
3434,0.659
3435,1.282
3436,1.113
3437,0.686
3438,0.734
3439,0.883
3440,0.949
3441,0.721
3442,0.717
3443,0.653
3444,0.658
3445,0.663
3446,0.757
3447,0.707
3448,0.342
3449,0.146
3450,0.968
3451,0.833
3452,0.691
3453,0.723
3454,0.761
3455,0.589
3456,1.045
3457,1.047
3458,2.56
3459,0.717
3460,0.568
3461,0.797
3462,0.992
3463,0.61
3464,0.814
3465,0.916
3466,0.733
3467,0.964
3468,0.675
3469,0.707
3470,1.255
3471,1.692
3472,1.036
3473,0.707
3474,1.881
3475,1.329
3476,0.638
3477,0.659
3478,0.874
3479,0.895
3480,0.415
3481,0.491
3482,1.224
3483,2.633
3484,6.651
3485,1.284
3486,1.354
3487,1.461
3488,1.471
3489,1.58
3490,0.804
3491,0.269
3492,0.418
3493,1.018
3494,0.619
3495,0.805
3496,2.566
3497,0.931
3498,0.461
3499,0.794
3500,0.67
3501,0.69
3502,0.973
3503,0.512
3504,0.832
3505,0.905
3506,0.657
3507,0.327
3508,0.216
3509,0.151
3510,0.734
3511,0.791
3512,0.743
3513,0.738
3514,0.834
3515,0.893
3516,0.415
3517,0.592
3518,2.694
3519,0.896
3520,1.195
3521,0.978
3522,1.404
3523,0.66
3524,0.555
3525,0.621
3526,0.306
3527,0.546
3528,0.818
3529,0.737
3530,0.915
3531,0.496
3532,0.883
3533,0.886
3534,0.905
3535,0.876
3536,1.074
3537,0.639
3538,0.965
3539,0.701
3540,1.01
3541,0.793
3542,1.161
3543,0.374
3544,0.489
3545,0.737
3546,1.976
3547,0.798
3548,3.179
3549,1.061
3550,0.665
3551,1.368
3552,1.032
3553,0.973
3554,0
3555,0.841
3556,0.676
3557,1.084
3558,1.359
3559,0.536
3560,0.784
3561,1.015
3562,1.319
3563,1.176
3564,1.307
3565,2.298
3566,0.879
3567,1.579
3568,0.993
3569,1.017
3570,0.488
3571,1.21
3572,1.52
3573,1.571
3574,1.192
3575,1.402
3576,1.163
3577,1.254
3578,1.734
3579,2.394
3580,1.887
3581,0.91
3582,1.05
3583,1.284
3584,0.485
3585,0.832
3586,0.341
3587,0.815
3588,0.7
3589,0.687
3590,0.702
3591,0.72
3592,0.641
3593,1.002
3594,1.451
3595,1.1
3596,1.254
3597,0.719
3598,0.989
3599,4.281
3600,0.71
3601,0.891
3602,1.609
3603,1.185
3604,0.695
3605,0.775
3606,0.927
3607,0.925
3608,0.875
3609,0.863
3610,0.85
3611,0.613
3612,0.871
3613,0.909
3614,0.986
3615,1.31
3616,0.593
3617,1.132
3618,2.262
3619,2.399
3620,2.27
3621,1.452
3622,1.312
3623,1.275
3624,0.815
3625,0.604
3626,1.102
3627,0.436
3628,0.804
3629,0.573
3630,0.416
3631,0.775
3632,0.384
3633,1.055
3634,0.593
3635,0.836
3636,0.976
3637,1.099
3638,0.806
3639,0.79
3640,0.546
3641,0.771
3642,0.811
3643,1.003
3644,0.916
3645,0.928
3646,0.995
3647,1.039
3648,0.521
3649,1.16
3650,1.196
3651,0.884
3652,0.77
3653,0.894
3654,0.514
3655,0.641
3656,1.204
3657,1.136
3658,0.881
3659,0.865
3660,0.738
3661,0.942
3662,0.716
3663,0.292
3664,1.125
3665,1.247
3666,3.694
3667,0.857
3668,0.839
3669,0.963
3670,0.732
3671,0.701
3672,1.366
3673,0.679
3674,0.819
3675,1.044
3676,0.875
3677,0.716
3678,0.938
3679,0.539
3680,0.809
3681,0.602
3682,0.982
3683,0.787
3684,0.681
3685,0.664
3686,0.604
3687,0.827
3688,0.559
3689,0.163
3690,0.575
3691,0.853
3692,2.15
3693,1.24
3694,2.139
3695,0.694
3696,0.763
3697,1.109
3698,0.924
3699,1.306
3700,0.87
3701,0.86
3702,1.108
3703,0.859
3704,0.904
3705,1.023
3706,0.85
3707,1.528
3708,0.995
3709,1.141
3710,1.99
3711,1.852
3712,1.589
3713,2.124
3714,1.205
3715,1.227
3716,1.131
3717,1.117
3718,1.04
3719,0.768
3720,0.767
3721,0.861
3722,0.53
3723,0.991
3724,0.962
3725,0.838
3726,0.813
3727,0.875
3728,0.881
3729,0.906
3730,1.356
3731,2.044
3732,2.365
3733,2.234
3734,0.837
3735,0.904
3736,0.723
3737,1.033
3738,0.937
3739,0.762
3740,0.772
3741,1.244
3742,0.747
3743,1.42
3744,0.735
3745,1.074
3746,0.969
3747,0.809
3748,0.822
3749,0.576
3750,0.677
3751,0.902
3752,0.863
3753,1.056
3754,0.939
3755,0.782
3756,0.878
3757,1.11
3758,1.165
3759,1.475
3760,0.734
3761,1.143
3762,2.959
3763,0
3764,1.48
3765,1.716
3766,0.89
3767,1.115
3768,0.645
3769,1.244
3770,0.558
3771,0.72
3772,0.54
3773,0.771
3774,2.769
3775,1.116
3776,0.744
3777,1.381
3778,1.573
3779,0.83
3780,0.859
3781,0.812
3782,1.044
3783,1.378
3784,0.755
3785,1.313
3786,0.843
3787,0.685
3788,1.118
3789,0.997
3790,0.85
3791,0.751
3792,0.609
3793,0.51
3794,0.602
3795,0.639
3796,0.797
3797,0.803
3798,1.585
3799,0.918
3800,1.028
3801,0.794
3802,0.533
3803,0.874
3804,0.739
3805,0.776
3806,0.644
3807,0.911
3808,1.002
3809,1.031
3810,0.533
3811,0.761
3812,0.547
3813,0.836
3814,1.274
3815,0.621
3816,1.067
3817,1.266
3818,0.935
3819,1.086
3820,0.588
3821,0.464
3822,0.875
3823,0.483
3824,0.456
3825,0.724
3826,0.475
3827,0.959
3828,1.794
3829,1.21
3830,0.401
3831,0.586
3832,0.866
3833,0.776
3834,0.589
3835,0.433
3836,0.555
3837,1.15
3838,0.978
3839,2.303
3840,0.796
3841,0.61
3842,0.652
3843,1.032
3844,0.82
3845,1.039
3846,0.951
3847,0.774
3848,1.384
3849,0.607
3850,0.946
3851,0.392
3852,0.968
3853,0.907
3854,2.48
3855,1.046
3856,1.537
3857,0.481
3858,0.862
3859,1.128
3860,0.99
3861,0.91
3862,1.24
3863,1.38
3864,0.766
3865,0.816
3866,1.299
3867,0.715
3868,0.831
3869,0.909
3870,0.741
3871,0.505
3872,0.97
3873,1.05
3874,0.564
3875,0.959
3876,0.938
3877,0.708
3878,0.448
3879,0.534
3880,0.522
3881,0.641
3882,1.66
3883,1.622
3884,3.624
3885,0.907
3886,0.776
3887,0.644
3888,0.55
3889,1.368
3890,0.815
3891,0.862
3892,0.813
3893,0.906
3894,1.311
3895,1.475
3896,1.186
3897,2.092
3898,1.302
3899,1.222
3900,1.079
3901,0.786
3902,0.709
3903,0.565
3904,1.093
3905,0.396
3906,1.196
3907,2.998
3908,2.586
3909,1.656
3910,0.892
3911,0.896
3912,1.585
3913,1.21
3914,0.986
3915,0.676
3916,0.946
3917,0.514
3918,0.714
3919,0.792
3920,0.602
3921,1.012
3922,0.631
3923,0.543
3924,0.774
3925,0.838
3926,0.75
3927,1.614
3928,0.714
3929,0.649
3930,0.386
3931,0.399
3932,1.104
3933,0.807
3934,1.108
3935,0.717
3936,1.688
3937,0.808
3938,1.565
3939,1.256
3940,0.738
3941,0.836
3942,1.016
3943,0.695
3944,0.952
3945,0.559
3946,1.855
3947,0.821
3948,0.836
3949,0.681
3950,1.03
3951,0.842
3952,0.559
3953,0.733
3954,0.843
3955,0.871
3956,0.886
3957,1.019
3958,1.011
3959,1.215
3960,0.971
3961,0.795
3962,0.888
3963,0.985
3964,0.49
3965,0.631
3966,1.051
3967,0.392
3968,0.772
3969,0.688
3970,1.186
3971,0.821
3972,1.03
3973,0.866
3974,0.676
3975,0.598
3976,0.936
3977,0.716
3978,0.97
3979,0.745
3980,0.894
3981,1.621
3982,1.05
3983,1.043
3984,0.819
3985,0.671
3986,0.346
3987,1.154
3988,0.785
3989,0.563
3990,0.271
3991,0.133
3992,0.659
3993,0.511
3994,0.91
3995,0.831
3996,1.001
3997,1.275
3998,1.382
3999,1.258
4000,1.085
4001,0.779
4002,0.989
4003,1.152
4004,0.879
4005,1.809
4006,0.852
4007,1.263
4008,1.07
4009,1.149
4010,0.74
4011,0.732
4012,0.6
4013,0.761
4014,1.064
4015,0.774
4016,0.891
4017,0.777
4018,0.791
4019,0.788
4020,0.925
4021,0.788
4022,0.657
4023,0.426
4024,0.724
4025,0.719
4026,0.619
4027,0.611
4028,0.591
4029,1.072
4030,0.714
4031,0.737
4032,0.857
4033,3.048
4034,1.186
4035,1.112
4036,0.563
4037,0.921
4038,1
4039,0.84
4040,0.592
4041,0.933
4042,0.983
4043,1.094
4044,0.797
4045,0.78
4046,0.726
4047,0.881
4048,0.97
4049,0.551
4050,0.695
4051,1.308
4052,2.422
4053,2.883
4054,0.51
4055,0.587
4056,1.126
4057,0.798
4058,0.502
4059,0.557
4060,0.738
4061,0.879
4062,0.889
4063,0.514
4064,0.853
4065,0.843
4066,1.025
4067,0.884
4068,1.171
4069,0.767
4070,1.055
4071,1.034
4072,0.763
4073,0.637
4074,0.54
4075,0.818
4076,0.814
4077,0.984
4078,0.899
4079,0.693
4080,0.676
4081,0.655
4082,0.851
4083,0.656
4084,0.886
4085,0.93
4086,0.712
4087,0.654
4088,0.978
4089,0.873
4090,0.632
4091,0.861
4092,0.616
4093,0.669
4094,1.007
4095,0.936
4096,1.113
4097,0.927
4098,0.919
4099,0.65
4100,0.803
4101,0.746
4102,0.76
4103,1.126
4104,1.424
4105,0.532
4106,1.097
4107,0.971
4108,0.566
4109,1.092
4110,0.192
4111,0.375
4112,0.418
4113,0.482
4114,0.9
4115,0.676
4116,1.076
4117,0.76
4118,1.046
4119,1.086
4120,0.713
4121,0.736
4122,0.875
4123,1
4124,0.811
4125,0.833
4126,0.895
4127,1.18
4128,1.307
4129,1.145
4130,0.763
4131,1.029
4132,3.164
4133,1.23
4134,1.063
4135,0.898
4136,0.537
4137,1.101
4138,1.431
4139,0.657
4140,1.386
4141,1.61
4142,1.963
4143,1.995
4144,1.307
4145,2.04
4146,1.351
4147,1.363
4148,1.784
4149,1.763
4150,1.153
4151,2.581
4152,1.713
4153,0.827
4154,1.394
4155,0.69
4156,0.862
4157,0.729
4158,0.335
4159,1.058
4160,0.588
4161,0.883
4162,0.568
4163,1.078
4164,0.772
4165,0.975
4166,0.757
4167,1.184
4168,0.895
4169,0.769
4170,0.407
4171,0.248
4172,0.598
4173,0.88
4174,0.992
4175,0.877
4176,0.809
