1.074290990829999792e+00,7.960585239059135843e-01
9.521890282630000035e-01,8.498708466398652295e-01
9.879170060160000766e-01,7.879394511673631918e-01
1.011654973029999960e+00,6.713865967077304875e-01
0.000000000000000000e+00,9.142719676536263940e-01
7.643579840659999736e-01,-6.002168538101006201e-02
7.788103222849999119e-01,1.904256541654298696e+00
3.306220054629999794e+00,1.050472467362248086e+00
1.055441975589999970e+00,1.401419317132967191e+00
7.543110251430000801e-01,1.394095260467481001e+00
7.915459871289999283e-01,6.407400101213286403e-01
1.409499049189999909e+00,1.382883354790313879e+00
8.875439763070001042e-01,6.313977100668205500e-01
6.401469707490000660e-01,6.401383723685459826e-01
5.082880258560000808e-01,4.861753253470347258e-01
8.640019893649999450e-01,6.927193880138936555e-01
5.725920200349999822e-01,7.198281087576420267e-01
8.469420075419999971e-01,5.892020249272568178e-01
9.181020259860001032e-01,4.780354400342178844e-01
7.976629734039999420e-01,6.956889905857216450e-01
9.608020186419998776e-01,7.230930719837377341e-01
9.555831551549999192e-01,6.988269946075599259e-01
3.470349907879999862e-01,8.686619602448992783e-01
9.546210169789999256e-01,8.120210740603022170e-01
1.293938040730000072e+00,7.594122300917761637e-01
5.251880288119999962e-01,9.727525148962814505e-01
4.773890078070000542e-01,7.101241843254744168e-01
1.275226235389999907e+00,4.930246465854282722e-01
8.723750114439999814e-01,9.109070318457936910e-01
8.355640172959999390e-01,9.547400914155919072e-01
7.321749925609999377e-01,4.735354931983820070e-01
7.640249729160000225e-01,7.590667259128623945e-01
4.072830080990000323e-01,1.021132865892052433e+00
4.752210080619999610e-01,7.961307182338646093e-01
8.781340122220000488e-01,6.024863579869852437e-01
7.414129972460000717e-01,5.327023250997771076e-01
1.258002042770000051e+00,6.900801075899232195e-01
1.069700956339999953e+00,3.564795620163704881e-01
7.274609804150000691e-01,7.360070844429228432e-01
7.892770171170000459e-01,7.806149957871050260e-01
6.237750053410000550e-01,9.580692431578685664e-01
6.914690136910000007e-01,1.086398049611041694e+00
8.557710051540000640e-01,7.704413940208640899e-01
7.093830108640000187e-01,7.719546977280620226e-01
1.014547944070000041e+00,5.965888336322812124e-01
1.115731000900000103e+00,5.933846196842510468e-01
4.182830154900000208e-01,8.275524988593168096e-01
1.002280950550000105e+00,7.731861257220513650e-01
1.218860983849999968e+00,7.708392280790864470e-01
1.143296003339999922e+00,8.779762195912264033e-01
6.528189778330000248e-01,8.326600215276641626e-01
6.746559739110000731e-01,7.840755971341552000e-01
6.009536385540000802e-01,1.004156458628391091e+00
6.694570183749999348e-01,9.211166308210870790e-01
6.538079977039999990e-01,8.981607220863975227e-01
7.814120054240000224e-01,5.395627272816287956e-01
1.206303954120000022e+00,4.517543245820719311e-01
8.469259738919999725e-01,5.851703038046029981e-01
8.286409974099999687e-01,7.485947188903221416e-01
6.482390165329999787e-01,6.941150825073575392e-01
5.623700022700000023e-01,8.309907139255062747e-01
7.183309793469999649e-01,9.026419168639491231e-01
1.099647998810000082e+00,7.242082644738668806e-01
9.541710019110001273e-01,8.222223157339421107e-01
7.290139794350000146e-01,7.139902138346013727e-01
6.694499850270000385e-01,6.794884043032174414e-01
8.631219863889999511e-01,5.840796427576873118e-01
6.464660167689999515e-01,9.868841730780710808e-01
8.223180174830000411e-01,7.209807625263846553e-01
9.235979914669999458e-01,5.309602920083995592e-01
8.300920128820000743e-01,7.409805592797747975e-01
1.067314028740000031e+00,8.162618729689432584e-01
1.546175003050000107e+00,6.672105643291456056e-01
6.827279925350000500e-01,9.900358517155311011e-01
6.385620236399999206e-01,1.040811049071557637e+00
6.464239954950000699e-01,8.516547972071129013e-01
6.881093978879999629e-01,1.025934868806772648e+00
7.273989915849999877e-01,7.520996205716582450e-01
6.500350236890000133e-01,5.645707205217496139e-01
8.693690299990000092e-01,5.403129358640804680e-01
4.408580064769999640e-01,5.481137157536452031e-01
4.518609941010000020e-01,7.026874025924296774e-01
7.575070261959999662e-01,5.406442373560508274e-01
4.952389895920000229e-01,6.339717216586262527e-01
6.850870251659999521e-01,5.986328593311026625e-01
7.243813276289999825e-01,2.622311110991552563e-01
8.653740286830000628e-01,3.939039093998994989e-01
7.400469779970000328e-01,6.329815915217892330e-01
8.070759773250000269e-01,4.947673808788488059e-01
8.204330205920000729e-01,7.289210216151393862e-01
1.114411950110000049e+00,7.300445193330620253e-01
1.108605027200000093e+00,7.667137537465135155e-01
4.751499891279999943e-01,8.892157591093537983e-01
1.039268016820000140e+00,8.758863987515359550e-01
9.457899928090000019e-01,8.303694442363621642e-01
7.877500057220000462e-01,1.050132793996255032e+00
3.504549860949999762e-01,7.135104643433077820e-01
9.367713332179998797e-01,7.153782604382735721e-01
9.868059754369999936e-01,8.028576010379917527e-01
6.470239758489999549e-01,9.266823229239626869e-01
1.029777050020000084e+00,4.296456547652618974e-01
1.187446951870000156e+00,6.327687511892674532e-01
9.328820109369999614e-01,9.506213851455094233e-01
7.528370022769999004e-01,9.886167491553725650e-01
6.420040130619999452e-01,7.288689341455161230e-01
2.307340055699999837e-01,9.312619909691076669e-01
4.714997112749998998e-01,5.379632947956251021e-01
8.772729635240000823e-01,6.182454862794360961e-01
7.876309752460000091e-01,6.191957758056135797e-01
2.742219865320000283e-01,6.841089162816031966e-01
3.992269933219999567e-01,1.485191587499959109e-01
9.923512339589999343e-01,4.860780371824766077e-01
7.627239823340000724e-01,5.209831623016503155e-01
7.200859785079999353e-01,6.429075876641876519e-01
6.264780163759999798e-01,2.576266775176148105e-01
7.269890308380000388e-01,4.873939415779949269e-01
9.301019906999999920e-01,7.452127977297229311e-01
6.872699856759999504e-01,6.379128122888242380e-01
8.662552833559999943e-01,6.311774790841446769e-01
8.352038264269999734e-01,6.214095295633406124e-01
9.402499794959999768e-01,8.087878846033599300e-01
1.023357987399999836e+00,9.302291889251325108e-01
7.322629690170000538e-01,7.399508629339208721e-01
9.300749897960000068e-01,7.581700925861069029e-01
8.702930212019999168e-01,7.826646598086375306e-01
5.104020237919999481e-01,1.114279225006971963e+00
1.025817990299999982e+00,7.328394373560834785e-01
4.551239907739999535e-01,6.256262380723202066e-01
7.345349788670000324e-01,7.599031986778944647e-01
7.012919783589999234e-01,5.902488741287480467e-01
1.014386057849999911e+00,7.061641562891237678e-01
1.123770236970000225e+00,6.764357660033437636e-01
4.825370013710000294e-01,6.013183398792371070e-01
4.689320027830000681e-01,7.539660882038692336e-01
8.755196928980000237e-01,8.222491992755319723e-01
1.145424962039999883e+00,8.730180709919354021e-01
1.943787455560000099e+00,7.608086940997440539e-01
1.557039022450000143e+00,4.626554799670862250e-01
2.104775905609999942e+00,1.320982787250509105e+00
1.062240004540000005e+00,1.210461781344445820e+00
7.867829799650000178e-01,1.677158683859511168e+00
2.247971057890000068e+00,1.371613353177390637e+00
5.664669871329999218e-01,1.958253210310358705e+00
8.389729857439999217e-01,1.972502606911603396e+00
3.188189864160000386e-01,9.701996433774868756e-01
6.386680006980000046e-01,9.054694477103539807e-01
7.540266513819999794e-01,6.216303327389685052e-01
1.085826039310000102e+00,3.758826626236223545e-01
6.014299988750000381e-01,5.555720132928423372e-01
6.923220157619999204e-01,4.634039262707544959e-01
8.782439827919999997e-01,6.258825247297891137e-01
1.279224038119999962e+00,8.117059644744577529e-01
7.251669764520000117e-01,8.379016101722682741e-01
4.283109903339999969e-01,7.207849143612967691e-01
7.012249827380000466e-01,6.479830947973709288e-01
8.846225738529999161e-01,8.660186770945623724e-01
7.809653878210001121e-01,9.510434710853649110e-01
9.259700179100002204e-01,5.949039301872054430e-01
9.178640246389998536e-01,6.663778851430273154e-01
9.073020219799998731e-01,7.533958247298312427e-01
4.099450111390000040e-01,6.740327159094022802e-01
8.741459846500000408e-01,5.672686631370730259e-01
1.231343984599999830e+00,8.980356236176026963e-01
7.683960199359999299e-01,8.749602740501534193e-01
9.357339143750000865e-01,7.545485417138079187e-01
7.523270249369999885e-01,5.795474031714493712e-01
6.247839927670000293e-01,1.060201738228262025e+00
1.977947235109999591e+00,9.527997595496490169e-01
2.476479291920000048e+00,8.381900303770835059e-01
6.822599768639999729e-01,2.054178483900110042e+00
1.294077992440000102e+00,8.895213315744486815e-01
2.116506099700000032e+00,1.248135120771911577e+00
2.030230045320000176e+00,1.481791377610393479e+00
1.727593064309999926e+00,1.670876725209614388e+00
1.321619033810000010e+00,1.068435966544587279e+00
1.114274978639999913e+00,1.628613649912055150e+00
1.618482947350000201e+00,1.484488221108251071e+00
1.102354049679999948e+00,1.630082956396374128e+00
8.501269817350000091e-01,1.532356218219465216e+00
6.531813144679999850e-01,1.200798099061087143e+00
6.168276071549999573e-01,1.139653486228416224e+00
1.023204803470000090e+00,1.181779571760617431e+00
1.176781058310000017e+00,7.944685894002880833e-01
1.108754038809999898e+00,9.286596604350633166e-01
9.838110208509999177e-01,7.014810149145431772e-01
1.829927563669999868e+00,7.860257202051442738e-01
1.342131018639999951e+00,9.433365395475574733e-01
1.265669584270000092e+00,1.873197929572456344e+00
7.930377125740000199e-01,1.159582142347988398e+00
1.030689358710000114e+00,1.214266039484634963e+00
8.210232257839999992e-01,1.114446272855851738e+00
1.099169254300000009e+00,1.083963719247501789e+00
5.255355238910000004e-01,8.583305259144062838e-01
7.758393883709999717e-01,8.469787745014606406e-01
7.209759950640000081e-01,7.738910471576234684e-01
8.666771054269999386e-01,7.130796330384843174e-01
8.462041020389999835e-01,6.980564861199375359e-01
7.614132165909999195e-01,5.984235208949244544e-01
6.587246060370000045e-01,7.624083541746572434e-01
1.078659296040000104e+00,7.580541781286913583e-01
1.281940340999999872e+00,7.483958839960541676e-01
6.600005030629999547e-01,1.075969296737996350e+00
1.112500548360000119e+00,9.840729835395534142e-01
6.280704736709999958e-01,7.505911614180905689e-01
6.864575743680000341e-01,8.867235703648659317e-01
9.000409841539999123e-01,4.487931825771002692e-01
7.342569231990000445e-01,7.937698141501865479e-01
1.011121273039999879e+00,8.521632746811796943e-01
8.827599883079999543e-01,5.333677120634621183e-01
7.521411776540001259e-01,8.026160599797215189e-01
9.489411115650000506e-01,7.115252112094504477e-01
6.799052953720000625e-01,8.379500811742628397e-01
7.211565971369999772e-01,1.005934725082331616e+00
6.504104733470000843e-01,6.268636269584030307e-01
7.167106270790000178e-01,9.196198761359716256e-01
9.056316018100001308e-01,7.160543636766490971e-01
6.526464819910000603e-01,4.580819389059050395e-01
7.056654095649999014e-01,5.697345281547732121e-01
6.581057906149999637e-01,5.178289471674570876e-01
6.592794060709999959e-01,7.683265429273005154e-01
6.634064316750000190e-01,7.138047442933723730e-01
7.808002829549999246e-01,5.410884435605415321e-01
7.565907239910000248e-01,6.219066056788815633e-01
9.280405640600000172e-01,5.909618364486005637e-01
7.073829770089999913e-01,6.553326759920550248e-01
3.888399899009999383e-01,7.597300969055534869e-01
3.422417938710000107e-01,6.333665768639999971e-01
2.337300032380000281e-01,6.046820261736280955e-01
1.459127068520000015e-01,4.443824469973771119e-01
3.949534893039999828e-01,3.027644537454733387e-01
9.678409695629999199e-01,2.676317187729252423e-01
7.839220166210000285e-01,2.061852548821863640e-01
8.333759903910000766e-01,2.953259274740318019e-01
9.723259806630000224e-01,2.167158363474862293e-01
6.905210018160000685e-01,5.890261893925771153e-01
1.345324039460000121e+00,9.202132655320314214e-01
7.227010130879999439e-01,9.947654840101208817e-01
6.804850101469999135e-01,1.014461356211487253e+00
7.610610127449999318e-01,6.958181225442683360e-01
8.075709938999999782e-01,5.698180423889860347e-01
5.886639952659999953e-01,9.252874530515943219e-01
9.960750937460000065e-01,5.335372079552701541e-01
1.045413970949999882e+00,5.461948696103747780e-01
4.713059961800000197e-01,8.770357253147810228e-01
1.047140955920000005e+00,7.163162699216565343e-01
1.126214265820000060e+00,6.246915905043819439e-01
2.560461759570000329e+00,9.773929016697632255e-01
7.747610211370000721e-01,1.885252854558538527e+00
7.172060012819999608e-01,1.275392143179040483e+00
8.005080223080000001e-01,9.942906430960272157e-01
5.680390000339999856e-01,1.048702230089725518e+00
1.195780038829999947e+00,2.344518997259771864e-01
7.970449924470000003e-01,3.174389557576312582e-01
4.899359941480000979e-01,5.773695352719406815e-01
9.918130040170001216e-01,4.475997214374906052e-01
7.445690035819999553e-01,5.813599341202925208e-01
6.096370220180000743e-01,8.089106316364207405e-01
8.565919995309999591e-01,5.405865724969003416e-01
8.144299983980000102e-01,6.739866353813075417e-01
7.605929970739999657e-01,8.424812408646646933e-01
9.157519936560000184e-01,5.985219086601827332e-01
7.421634793279999753e-01,7.056406581179024418e-01
7.329360246660000522e-01,7.558004935950444203e-01
8.745691180230000805e-01,8.270623083508830131e-01
9.644910097120000803e-01,6.907289237415130678e-01
1.477671980859999845e+00,8.301154093255666000e-01
6.752679944040000937e-01,1.350371647166909828e+00
5.030400156970000758e-01,8.911709503008857780e-01
7.066659927370000371e-01,6.518870437593838885e-01
2.968195915220000369e+00,5.758852576962938397e-01
1.255300998690000114e+00,8.326543059034596794e-01
4.084815025330000182e+00,1.228985798588348777e+00
1.692322969440000158e+00,7.461410254551940069e-01
4.121052026750000041e-01,2.589714436426093780e+00
1.035750985149999970e+00,1.909136471186776207e+00
6.408920288089999806e-01,2.107064534078391560e+00
7.065470218660000468e-01,1.517963604289625179e+00
1.060830354689999977e+00,5.681811866705044345e-01
1.880954027180000043e+00,5.310174610942968165e-01
1.886373996729999725e+00,1.023712215654049906e+00
1.328773975370000082e+00,1.027606645791957707e+00
3.931840062139999592e-01,1.226240937392557351e+00
6.382430195809999374e-01,1.437357406681592842e+00
1.045531988140000035e+00,1.608432621045542854e+00
6.588029861449999913e-01,1.143488426987516071e+00
8.046740293499999863e-01,8.234248402060494465e-01
8.740410208700001293e-01,3.781200029960019582e-01
8.532550334930000258e-01,7.005971167470159688e-01
8.952109813689997919e-01,8.401112750154824393e-01
7.301589846610000434e-01,7.108962835393836110e-01
4.149410128589999802e-01,8.582721185101530592e-01
2.700940072540000125e-01,6.747018352498201921e-01
4.911319911480000466e-01,5.523774516042910809e-01
5.079169869420000483e-01,7.125693258509018246e-01
1.224020004270000017e+00,4.606569823153895404e-01
1.267657995220000222e+00,5.566139256213556985e-01
2.633487939829999736e+00,3.980145768057309352e-01
3.999615430829999596e+00,9.813962436068336403e-01
6.651418209080000032e+00,1.646182598630887117e+00
2.102678060530000170e+00,3.789476637495041267e+00
1.283689975739999989e+00,4.287862833689043640e+00
1.291347503659999951e+00,3.008676037013751081e+00
1.353754043579999733e+00,2.860978273640506941e+00
2.390191078189999985e+00,1.282293821912646958e+00
1.461441040039999972e+00,-5.365232970898172749e-01
1.599208951000000045e+00,8.856926403926814739e-01
1.471150994300000070e+00,9.027435463257632575e-01
1.298205018039999992e+00,1.450360658441717687e+00
1.579622030259999921e+00,1.740503082345281616e+00
1.360355019570000268e+00,1.404225790702170462e+00
8.036410212519999874e-01,1.544553431649216879e+00
4.276689887049999750e-01,1.592839560572691271e+00
2.694070041180000041e-01,1.165882260827163064e+00
3.897170126439999938e-01,1.032618851925295900e+00
4.179170131680000067e-01,4.445531856302318285e-01
1.546036005019999937e+00,2.761746307140559575e-01
1.017611026760000037e+00,2.399898682701375741e-01
8.653150200839999640e-01,4.773875093112142087e-01
6.194109916690000439e-01,4.249763780157929660e-01
8.454149961469999974e-01,9.462625103237773949e-01
8.048596382139999728e-01,1.041986528268139089e+00
1.435889005660000217e+00,8.190319242001780076e-01
2.565752029420000024e+00,6.835699397745937933e-01
6.206179142000000759e+00,9.224129142860035824e-01
9.309499859810000943e-01,2.791740446331373082e+00
9.077759981159998492e-01,3.162197645525050227e+00
4.609797894950000141e-01,1.990199633000570012e+00
5.264570117000000327e-01,2.171777757692713973e+00
7.942249774930000283e-01,6.247381053825250552e-01
9.704009890560000295e-01,-4.193786002191186579e-01
6.695889830590000535e-01,2.002586983422513234e-01
6.997730135920000594e-01,3.200821061104138221e-01
6.903669834139999351e-01,5.866860623526417573e-01
6.361600160600000553e-01,8.489649215656239756e-01
9.726700186730000697e-01,7.586297600006335351e-01
6.393389701839999884e-01,6.948546804367965457e-01
5.123779773709999930e-01,6.481653541042425859e-01
5.699130296709999932e-01,5.483663073052523762e-01
8.318089842800000522e-01,5.469311843261717154e-01
4.694110155110000071e-01,7.268582344371681270e-01
9.054309725759998040e-01,4.413069334303645896e-01
8.482750058169999940e-01,4.792181334440088203e-01
6.566630005839999562e-01,6.536990990478678265e-01
6.324055790899999474e-01,5.037322345963474168e-01
3.268550038340000130e-01,4.862761574795189112e-01
3.047409951689999952e-01,7.825295601176009974e-01
2.159480005499999911e-01,5.785106629088397900e-01
2.148479968310000043e-01,3.439528452424689964e-01
1.512310057880000003e-01,3.106128441480047186e-01
4.153338372709999837e-01,8.968775479713012033e-02
7.344200015070000420e-01,1.143102944345165545e-01
9.913370013240001555e-01,1.302257740740566383e-01
7.910000085830000138e-01,2.128643204440606174e-01
7.429170012469999973e-01,2.269797082759023310e-01
7.426548600200000294e-01,5.292611372401252456e-01
8.799139857289999256e-01,8.028690448847439765e-01
7.376829981800000491e-01,8.816593293518680818e-01
1.240342974660000097e+00,7.644787235489790556e-01
8.343409895899999151e-01,7.435492221488192444e-01
3.054729998110000122e-01,9.190974133465447116e-01
8.929460048680000206e-01,6.131589343191939934e-01
1.285866022110000007e+00,7.665248369765402803e-01
4.146400094030000538e-01,9.913480840508203107e-01
1.090137004850000091e+00,7.517203219262633684e-01
5.923830270769999684e-01,5.504150382705393918e-01
3.773260116580000045e-01,8.457943770659994698e-01
2.693597316740000469e+00,4.258449945036985596e-01
2.288666009900000020e+00,7.714720666128219717e-01
8.955270051960000366e-01,2.259492984514228642e+00
8.070570230480000884e-01,9.857952660297449876e-01
1.194862961769999954e+00,1.259920813315230204e+00
8.929409980770000033e-01,1.470062295523149709e+00
9.776080250740001309e-01,7.019975724371376735e-01
1.832507014270000179e+00,5.670246563408312124e-01
1.403792977329999747e+00,8.257724501291868746e-01
7.223749756810000644e-01,1.283509973964466422e+00
6.599410176280000595e-01,9.685553196235361373e-01
7.407349944109999917e-01,1.149328846363856238e+00
5.553659796709999874e-01,1.203846220346542095e+00
1.236768960949999885e+00,9.020657905408576704e-01
6.214020252229999208e-01,6.881443598791375793e-01
7.108730077739999764e-01,7.751932266400740623e-01
3.064779937269999643e-01,5.268180327265192808e-01
6.473349928859999380e-01,6.257405355212165565e-01
5.458269715310000159e-01,6.614031620791898103e-01
1.024247765539999966e+00,6.064633868112542237e-01
8.176820278170000567e-01,3.549361238191338086e-01
7.440620064740001149e-01,7.958085621191224313e-01
7.367150187490000279e-01,5.550113263727192159e-01
5.768560171130000525e-01,5.764584157015488763e-01
9.152600169180000744e-01,4.858306191486667092e-01
1.137029051779999911e+00,8.106159419441947289e-01
4.960080087179999930e-01,6.679258926776628913e-01
4.941360056399999312e-01,5.751946723289451668e-01
8.834533095360000976e-01,4.975187198880167694e-01
1.271524906160000024e+00,9.715483008414611543e-01
8.864369988439999570e-01,8.575853117909999490e-01
8.988280296330000141e-01,8.960023987559004865e-01
9.049779772759998231e-01,7.035756548951657141e-01
8.299319744109999730e-01,9.510597181255631138e-01
8.756300210950000995e-01,7.909147322610299291e-01
5.502920150760000073e-01,8.548702551555079632e-01
1.073919415470000027e+00,7.843587794528875667e-01
8.491920232770000521e-01,7.830571579288135853e-01
6.393229961399998773e-01,9.959342880484725047e-01
7.995309829709998928e-01,6.183796901494892362e-01
9.646000266079999275e-01,6.420453363592810714e-01
8.413559794430000016e-01,9.733921581167553905e-01
7.011449933050000194e-01,7.534752393842101270e-01
7.240070104600000445e-01,6.265226117905956515e-01
1.010308027270000020e+00,6.588350889183882675e-01
6.538060307499999890e-01,8.632943590702356618e-01
7.932850122450000319e-01,7.506093427384096239e-01
6.538396477699999210e-01,6.156831221983619651e-01
1.160789966579999888e+00,7.625379125299746041e-01
8.085789680480000019e-01,8.226993441523600126e-01
3.743770122530000188e-01,8.201457902941214906e-01
2.556999921800000020e-01,6.192328443784479441e-01
4.893150031570000502e-01,6.340941886970801189e-01
1.151844024660000132e+00,8.062691990193304736e-01
7.372779846189999597e-01,6.068579502650144342e-01
1.088750958439999916e+00,3.504218906992643268e-01
1.975852966309999958e+00,2.843285735629290101e-01
8.547700047490001118e-01,1.083396842697834872e+00
7.977370023729999371e-01,1.458076852804331747e+00
1.052428960799999924e+00,8.774680533137463323e-01
3.179450988770000208e+00,1.137432145932657068e+00
1.797067999840000541e+00,1.398338226517532368e+00
1.056702017779999947e+00,1.461428868780995982e+00
8.751260042189999977e-01,1.056519650232630392e+00
6.645399928090000019e-01,1.753260112924163394e+00
7.571684122089999969e-01,1.564674996501059123e+00
1.368484020229999931e+00,1.111605280632519621e+00
9.052469730380000579e-01,9.914279173068820672e-01
1.032060980800000083e+00,1.073992290582663767e+00
6.141330003739999821e-01,6.796866741032480119e-01
9.733130335809999645e-01,8.691474650450566886e-01
6.452289819719999597e-01,6.923079913920862083e-01
4.894390106200000035e-01,8.583381611777394227e-01
8.408679962160000576e-01,6.944355265863245696e-01
7.771940231319999226e-01,7.164674501561730802e-01
6.755350232119999854e-01,7.507942847289403865e-01
6.592059731480000018e-01,5.583892451468321916e-01
1.084153056139999904e+00,5.591950744258784578e-01
9.314100146290000826e-01,7.950176936740181999e-01
1.359479665760000122e+00,7.699485875674743074e-01
7.633988261220000515e-01,7.559506069251612503e-01
5.357339978220000409e-01,1.043993482775001924e+00
6.781889796259998882e-01,8.991930122378134493e-01
7.839810252189999273e-01,8.519524663492837879e-01
1.169367671010000054e+00,8.283585253725452846e-01
1.015287995340000027e+00,5.846620206303381195e-01
9.259430170060000131e-01,1.035022210680774268e+00
1.319244027140000108e+00,7.117054022137525582e-01
9.717460274700000511e-01,9.124236466371282717e-01
1.176299691200000108e+00,1.057149748914782750e+00
1.714609026910000056e+00,7.636875072731094116e-01
1.307337045669999975e+00,1.279420551200243006e+00
6.186890006069999393e-01,1.366383027996360688e+00
2.298435926440000276e+00,1.029945006006183883e+00
1.808241009709999680e+00,1.764245168120612828e+00
8.794149756429999742e-01,1.749854290052157868e+00
1.570945024490000064e+00,9.517701313394206775e-01
1.578516006470000121e+00,9.021166666132529599e-01
6.200309991839999535e-01,1.769534870140520910e+00
9.928810000419999726e-01,1.350502032757936455e+00
4.551869928839999968e-01,1.051921988549486597e+00
1.017398953439999865e+00,1.173601439383380240e+00
8.378469943999999892e-01,8.732210158911993814e-01
4.884769916529999589e-01,8.160092607116318231e-01
1.246340990070000210e+00,6.033567242645504480e-01
1.209630966189999990e+00,7.684292923046198709e-01
1.252451062200000020e+00,9.856055232860808646e-01
1.519726991650000025e+00,7.035425666421060154e-01
1.063797950739999942e+00,9.456118116448689603e-01
1.571495056150000069e+00,1.343972067770456524e+00
1.278105020519999968e+00,1.394120180443774171e+00
1.192077994349999948e+00,1.569512664967182003e+00
8.304439187050000060e-01,1.304168858651632013e+00
1.402015686039999931e+00,1.115683497892806075e+00
1.156504034999999986e+00,1.388479354305153901e+00
1.162554860120000200e+00,1.446524531097960642e+00
6.007519960399999581e-01,1.040144078705872888e+00
1.253835797310000055e+00,9.130975987097327273e-01
1.791844010349999960e+00,1.014376520719713737e+00
1.734062552449999961e+00,1.360850252877931155e+00
4.939970970150000085e+00,1.072440536250562904e+00
2.394351005549999911e+00,2.228689702428629182e+00
2.212575912479999740e+00,3.229758796815137778e+00
1.886527061460000265e+00,2.226672524215922877e+00
9.343829751010001017e-01,2.248786575744247784e+00
9.099829792979999832e-01,1.414122605928741727e+00
8.112999796870000724e-01,1.137177703833636810e+00
1.049708962440000004e+00,1.574827334841311988e+00
1.351788043980000076e+00,1.151601216843893827e+00
1.277305960659999906e+00,8.691521490797432525e-01
7.854449748989998925e-01,1.070078505155755311e+00
4.846229851250000165e-01,9.250551588175043305e-01
6.676359772680000582e-01,9.607102848292208286e-01
8.322510123249999836e-01,9.130170949518352508e-01
5.959370136259999340e-01,8.024549690471188823e-01
3.410890102390000123e-01,5.274389894056332739e-01
6.860110163689999707e-01,4.248645977404700291e-01
8.153510093690000682e-01,6.562844904556497383e-01
3.985430002210000322e-01,6.254407590941557515e-01
6.998159885410000225e-01,3.283541105893370005e-01
4.263690114019999533e-01,3.844640331295531288e-01
6.866139769550000382e-01,7.557047550462235863e-01
1.826770007609999913e-01,5.108018355249591691e-01
7.018824815749999946e-01,1.703294573707563597e-01
1.796682000159999681e+00,3.913770067348260051e-01
7.204269766809999753e-01,1.392490906353978097e+00
4.680640101429999755e-01,7.854254749244659051e-01
6.408870220180000743e-01,1.525559922915638855e-01
7.520520091060001189e-01,6.796871497007891394e-01
1.001817584040000098e+00,5.171835205664015306e-02
1.660804033279999814e+00,2.136375678894990304e-01
1.450595021250000061e+00,6.545418581166482230e-01
1.085010051729999869e+00,8.302669053102117447e-01
1.099555015560000015e+00,1.080922944310247047e+00
7.694180011750000325e-01,1.332023753666992549e+00
1.254430413249999932e+00,1.476712442805225400e+00
1.496320962910000052e+00,1.117184289787854556e+00
7.186369895940000196e-01,1.265730810957532926e+00
8.902019858359999649e-01,1.154651571441569935e+00
9.891759753229998342e-01,9.138177354551909604e-01
2.849014520649999938e+00,9.634675539074699646e-01
4.281075000759999583e+00,1.158228703189945863e+00
1.248739004139999942e+00,2.259591045301211132e+00
7.096589803699999699e-01,1.646734165629317292e+00
7.497439980509998936e-01,1.736871389917632680e+00
8.907449841500001408e-01,2.303374268554049920e+00
1.469527959819999952e+00,1.156140924744629483e+00
1.608888030049999918e+00,7.095140761698790488e-01
1.043460965159999976e+00,1.775659022448685898e+00
1.184751033780000018e+00,9.188587843593624127e-01
5.063725113870000127e-01,1.053584709331832014e+00
6.946156024930000283e-01,7.261685102204387121e-01
9.299110174179999744e-01,3.045956082593669345e-01
7.754629850390000190e-01,8.576035540157216364e-01
8.564696311949999696e-01,7.034536431412534707e-01
9.269009828569999554e-01,5.234040389384907455e-01
7.506660223010001021e-01,9.283397676934053155e-01
9.248849749570000611e-01,7.897639042559267963e-01
1.070162653919999984e+00,7.715334638682348478e-01
8.752880096439998869e-01,8.124270786233676045e-01
7.511039972310000756e-01,9.339962695713976970e-01
8.627579808239999037e-01,7.433344446879004419e-01
5.096570253369999692e-01,7.225830495750500404e-01
8.495249748229999343e-01,6.821994380697145033e-01
6.711369752879999817e-01,5.309759747964677423e-01
6.132180094720000030e-01,7.169978503571351469e-01
3.810549974440000098e-01,7.026325838736207086e-01
8.710420131680000067e-01,4.163773523958152478e-01
6.540319919589999698e-01,5.288166271914185312e-01
9.089673757550000843e-01,5.409995543658107087e-01
9.709029793739999414e-01,3.861903885207934595e-01
9.856920242309999969e-01,7.187918449593807546e-01
1.356256246570000101e+00,8.142298370428744381e-01
1.309872984889999925e+00,7.953294937683947907e-01
6.344919800760000506e-01,1.129583752273229491e+00
5.933508276940000492e-01,9.779839989599287131e-01
8.796380162239999523e-01,9.262304948092512369e-01
1.131836414339999930e+00,8.064448342514307644e-01
1.841274023059999987e+00,7.362260894349128559e-01
2.261745929719999992e+00,7.635201152286559267e-01
2.597975969309999744e+00,1.070709234627842843e+00
2.399192094800000064e+00,1.383064888056315667e+00
1.982298016549999931e+00,2.006117537629608982e+00
2.269547939300000206e+00,2.306186812982127243e+00
2.017889976500000238e+00,2.375355920315409097e+00
1.452262043950000026e+00,2.774267502721837975e+00
1.342797994609999934e+00,2.479887985120653227e+00
1.311915040020000145e+00,1.967774862517127854e+00
1.276762008670000226e+00,1.702316185182772168e+00
1.275267004970000118e+00,1.157261041337125151e+00
1.210446000100000141e+00,1.169834885386053847e+00
8.153480291369999966e-01,1.140367420840970647e+00
7.271119952200000291e-01,1.279576550348856756e+00
6.043019890790000126e-01,1.114141115152496253e+00
9.830358624459998307e-01,9.188903021684500239e-01
1.101529002189999940e+00,8.853238936563792016e-01
1.183724999429999869e+00,9.374807428668892051e-01
4.356400072569999726e-01,5.976439367211715536e-01
3.270040154459999959e-01,6.241033045277495361e-01
8.039849996569999879e-01,5.884276108379796755e-01
4.216859936710000145e-01,1.045627679569819390e+00
5.734559893609999515e-01,6.441416703415162592e-01
3.959457874300000291e-01,1.768802483594433539e-01
4.163750112060000119e-01,4.185323596416302694e-01
5.603970289230000290e-01,5.212855085237059205e-01
7.749050259590000156e-01,3.452124180646892193e-01
6.370840072629999629e-01,4.220790506681308951e-01
3.839260041709999793e-01,3.408194218539982168e-01
5.648739933969999516e-01,3.484676168138415853e-01
1.054715037350000051e+00,5.634285619767910314e-01
6.537709832190000681e-01,5.883209422300972324e-01
5.931029915809999942e-01,5.598789915811500650e-01
1.022608995439999946e+00,3.548215916148676485e-01
8.359869718549999273e-01,7.484795025455202033e-01
6.375340223309999832e-01,8.026162107870572493e-01
9.755985140800000899e-01,5.251569661812065526e-01
4.898079931740000337e-01,7.347503110553523786e-01
1.098647952079999879e+00,9.614804365886703286e-01
1.151165962220000116e+00,6.232232789247936777e-01
8.061249852179999120e-01,8.279496761905735802e-01
4.744769930840000427e-01,7.580017640078063890e-01
7.896029949189999897e-01,6.311155445839033984e-01
4.762530028820000094e-01,9.695848600984223742e-01
5.455229878430000179e-01,9.372587050268308406e-01
6.212809681889999158e-01,4.782530761899930205e-01
7.707700133319999036e-01,4.624685947063512104e-01
9.337069988249999675e-01,5.758853939597609051e-01
8.110550045970000843e-01,5.485293960741159935e-01
6.005529761310000048e-01,6.814970341293289380e-01
1.002521038060000036e+00,5.210727418669681699e-01
8.921650052070000392e-01,6.448270160506671678e-01
9.160850048069999474e-01,8.875716223157695817e-01
7.413420081139999729e-01,6.219195755734451270e-01
9.283249974250000758e-01,6.736401491357487670e-01
6.429409980770000033e-01,8.812755689706017748e-01
9.950090050700001187e-01,1.010893456918430688e+00
6.271365880970000140e-01,6.984656629016536833e-01
1.038689017300000073e+00,7.811622958883686074e-01
6.888009905820000611e-01,7.117577612857126645e-01
5.214130282399999095e-01,7.426459051647718024e-01
6.510270237919999481e-01,6.004114882162394640e-01
1.159701943399999990e+00,8.085212550744224069e-01
6.456400156020000169e-01,7.744315926644638193e-01
1.195862650870000099e+00,6.262178220298642017e-01
1.304703950880000018e+00,5.611678960343750022e-01
8.844429850579998975e-01,1.018983617283098386e+00
7.697709798810000725e-01,1.035616649310985293e+00
7.702100276950000213e-01,7.972875595259253378e-01
6.418280005459999771e-01,9.892974604011374185e-01
8.937159776689999058e-01,6.036336105840279798e-01
5.247250199319999364e-01,8.043009437209779344e-01
5.142210125920000374e-01,6.651634149514615846e-01
7.172748446459999982e-01,5.017375923758216061e-01
6.410769820210000525e-01,5.606107934850064201e-01
4.689820110800000386e-01,8.668460915182418791e-01
1.203750014310000171e+00,3.514887203271380156e-01
7.911959886550000709e-01,5.042424090371611101e-01
1.136301159859999910e+00,6.185768158836824071e-01
8.642929792399999256e-01,4.374021148942663362e-01
8.814030289650001126e-01,9.116355908412364650e-01
5.817409753800000249e-01,8.538377745916290174e-01
8.651199936869999885e-01,6.888824207881112383e-01
9.078124761579998703e-01,5.412609714005427453e-01
7.377740144730000615e-01,8.262204032382883812e-01
1.120375037189999867e+00,7.587644247932426866e-01
9.422479867940000142e-01,6.090338606109527708e-01
1.060060024260000011e+00,8.736268519504022390e-01
7.158420085910000008e-01,8.555487618994529475e-01
4.040209949019999969e-01,9.544557200362020488e-01
2.920779883859999648e-01,8.605666754081806591e-01
6.317924261089999938e-01,7.600878341906565083e-01
1.124665260310000026e+00,7.709215663438908628e-01
1.115690946580000009e+00,5.698117615247751955e-01
1.247418999670000028e+00,4.965733295798965830e-01
6.976169943809999996e-01,5.685417226156084247e-01
3.693974971769999893e+00,8.543565285736566262e-01
8.204839825630000361e-01,1.592032725474899379e+00
8.573070168499999921e-01,2.615788800217522692e+00
6.902359724040000311e-01,9.684590191788520208e-01
8.385969996449998964e-01,1.406231792438207728e+00
1.287726998329999928e+00,7.354292828069366461e-01
9.632229804990000144e-01,-1.464165585843178463e-01
1.343299984930000024e+00,8.895281209831268354e-01
7.316169738770000874e-01,5.888929420677568860e-01
6.809219717980000697e-01,1.041028897385828378e+00
7.014784216880000089e-01,7.056182777233019898e-01
6.698030233380000142e-01,8.564294293679359793e-01
1.365643024439999964e+00,9.644576102883593016e-01
9.781420230869999344e-01,6.909476044951110563e-01
6.786789894100000442e-01,8.859513162382949281e-01
5.976330041890000055e-01,7.035191410530751144e-01
8.193774819369999962e-01,8.312495208091822407e-01
7.911109924320000042e-01,9.308813603267945824e-01
1.044147372249999872e+00,7.403383386331434668e-01
1.400015950200000026e+00,5.610459087472189355e-01
8.748620152470000244e-01,7.997224703229239839e-01
6.228179931639999944e-01,8.085394415860207573e-01
7.164059877399998610e-01,7.826398710377948653e-01
6.523500084880000660e-01,8.373998731621139502e-01
9.379299879070001067e-01,9.469671403555395273e-01
5.936999917030000296e-01,6.535088005123449451e-01
5.393440127369999448e-01,6.506101907217830549e-01
9.370089769359999377e-01,5.400525308739378971e-01
8.087720274930000341e-01,7.352135545560899432e-01
5.654280185700000239e-01,7.565995570255640290e-01
6.020820140839999723e-01,4.449845477013117945e-01
1.146679997439999932e+00,5.224965070598431849e-01
9.824249744419998320e-01,9.002098404523566355e-01
5.671510100359999917e-01,8.005301021317086096e-01
7.866399884220000027e-01,5.082063799752954969e-01
7.388439774510000557e-01,6.330106895886886686e-01
6.810299754140000106e-01,9.509170538901638992e-01
7.086979746820000203e-01,7.046768826279478093e-01
6.642330288889999323e-01,5.524844322875656077e-01
5.124790072439999733e-01,6.570333999565001193e-01
6.040380001070000393e-01,6.671544402492020076e-01
6.728799939159999521e-01,6.017560406088320324e-01
8.265414834020000656e-01,5.219144441798025946e-01
4.546860158439999799e-01,5.283103259706027899e-01
5.594509840010000179e-01,4.768103798968588714e-01
1.332218050960000122e-01,5.421914566964070037e-01
1.633069962260000063e-01,3.905010637762499903e-01
1.797860413789999778e-01,3.307333045851399977e-01
5.747918486599999932e-01,2.605914721245150001e-01
8.508148789409999413e-01,3.290816036839947500e-01
8.527640104289999634e-01,5.832217524547556736e-02
1.687628030779999788e+00,1.216974750277765444e-01
2.149522066120000297e+00,3.266207992155323314e-01
8.122850060459999577e-01,1.399914057429456626e+00
1.239639997479999867e+00,1.288074107869431772e+00
2.128437280650000041e+00,1.234214297313176223e+00
2.139239072800000141e+00,1.486839868270841469e+00
9.779880046840000452e-01,2.008450089240746639e+00
6.937779784199998856e-01,1.290489343711370473e+00
7.218790054320000094e-01,1.474529596594379877e+00
7.631160020829999002e-01,1.425802486770949340e+00
8.565329909319999713e-01,1.061438271103755104e+00
1.109338045120000116e+00,6.558537191128004373e-01
6.476340293879999654e-01,7.009480684534727946e-01
9.241870045660001143e-01,7.484337007996979541e-01
7.877320051189998784e-01,7.716087777696148953e-01
1.305567026139999864e+00,9.491801175558366443e-01
9.107710123060001051e-01,8.206555608351751019e-01
8.699640035629999657e-01,8.896544471562253253e-01
5.743020176890000217e-01,8.325068638258009690e-01
8.599532246590000373e-01,8.036718911858897751e-01
4.775849878790000558e-01,8.982187418817452196e-01
1.108017444610000179e+00,8.552201030553806538e-01
1.290724992749999966e+00,5.869172743931132530e-01
8.591579794879999898e-01,1.093584511658883596e+00
3.058980107309999807e-01,6.434341463315024212e-01
9.039019942279998832e-01,5.036921116883585903e-01
6.352750062940000220e-01,8.507229599888684879e-01
1.023422956470000145e+00,8.794789913492566669e-01
6.730669736859999919e-01,4.818692647379641536e-01
8.504790067669999454e-01,6.789884923579400100e-01
5.141969919200000128e-01,6.836975860935552429e-01
1.527956604959999964e+00,7.207749679951660493e-01
4.094385623930000051e+00,7.187364156043949404e-01
9.952359795569999390e-01,2.054991464090607955e+00
8.670449852940000923e-01,2.043948221595599080e+00
1.141056060789999993e+00,1.025429772064635703e+00
1.622257947919999888e+00,1.799163356042202899e+00
1.980204939840000344e+00,8.022183304283446725e-01
1.375547051430000112e+00,3.717073253838677482e-01
1.851865053179999610e+00,1.011305679901658872e+00
1.420923948290000016e+00,1.541565923914015590e+00
1.589177966120000285e+00,1.866384888613325854e+00
1.673199415210000041e+00,1.568916801892960011e+00
2.123934030530000072e+00,1.509475789373986521e+00
1.648401975629999905e+00,2.247746818544399172e+00
1.204741954800000014e+00,1.694856592798510864e+00
7.920839786529999538e-01,1.567282215946163682e+00
1.227027416229999890e+00,1.392737046876633578e+00
1.226951003070000157e+00,1.158928599543916027e+00
1.131343960759999989e+00,1.361615041163934503e+00
1.252465009690000075e+00,9.546342714642110927e-01
1.116891980170000132e+00,9.621759366730469054e-01
1.122387051579999850e+00,1.323178636924909890e+00
1.040153026579999862e+00,1.194893235644285401e+00
8.091310262680000420e-01,1.211092685850946538e+00
7.681059837340000751e-01,1.206243205169829302e+00
7.982919812199998910e-01,1.015124472011267986e+00
7.666722536090000428e-01,9.071881163636665857e-01
1.057360053060000027e+00,8.771804283835825666e-01
8.607699871060000563e-01,7.602227766221550942e-01
1.070777058600000053e+00,7.824302108812702938e-01
5.301510095600000527e-01,7.200243357715817583e-01
6.604189872739999467e-01,9.035528475922330882e-01
9.909179806709998983e-01,8.804271177002663817e-01
3.561530113220000016e-01,9.182045403775966896e-01
9.618239998819998471e-01,7.163094493074599889e-01
1.244829058649999931e+00,4.515523735246094739e-01
8.381230235100001202e-01,7.537704174690598169e-01
9.245989918709999200e-01,8.455734409325914580e-01
8.131660223010001021e-01,5.828834792514009377e-01
1.003061056139999963e+00,9.744485111043050818e-01
8.752340078350000496e-01,1.011929875630641851e+00
7.991399765009998823e-01,8.465437070643710982e-01
8.812961578369999938e-01,7.928064978293377640e-01
1.063080191609999892e+00,8.094137731092124755e-01
9.057049751279999672e-01,9.255793105078728988e-01
6.909559965129999926e-01,9.692510317721131363e-01
1.355970025060000195e+00,8.016161576456475313e-01
7.572399973869999856e-01,9.207202879504302606e-01
2.043754577640000125e+00,1.107770740170412216e+00
8.576130270960000690e-01,7.922462996264201252e-01
2.364957094190000220e+00,1.591647807585937047e+00
4.179231166840000178e+00,9.365973309867597907e-01
2.233561992649999883e+00,1.702183437737901261e+00
8.013390302660000630e-01,2.356386899454668615e+00
8.372840285299999463e-01,1.930016595006968094e+00
8.851529955859999133e-01,2.499032762051998535e+00
9.040349721909999303e-01,1.922887895328954100e+00
1.302939534190000082e+00,1.343768408182430596e+00
7.228699922560000157e-01,8.046031507728312882e-01
8.009120225910000279e-01,1.013357648000395628e+00
1.032919287679999965e+00,8.746856378649017216e-01
1.321628212929999879e+00,9.059916614437029114e-01
9.367759823799999275e-01,1.035908100235232832e+00
7.007700204850000336e-01,8.695574552726437201e-01
7.624319791789999634e-01,9.510720209880043630e-01
1.144938945770000105e+00,9.817511766785671501e-01
7.721610069269999599e-01,8.527241365021089869e-01
8.772150278090000697e-01,8.924221766714623971e-01
1.243505001070000171e+00,6.480784065609774824e-01
6.381840109830000385e-01,8.788041655492078164e-01
7.468199729919999807e-01,1.285340750082843764e+00
6.839929819109999976e-01,7.472854693538506510e-01
1.419505119320000119e+00,7.633679959782029290e-01
6.141470074649999500e-01,6.256438254672056498e-01
7.347676754000000976e-01,8.699858524318792030e-01
6.770560145379999062e-01,6.627518509334093810e-01
1.074026942249999950e+00,7.784707434771452883e-01
6.156389713290000287e-01,7.652826164407485754e-01
9.692379832270000550e-01,5.920819709133788855e-01
9.916120171550001361e-01,5.655446779584308858e-01
8.089560270310000023e-01,8.375335973156006197e-01
2.435143947599999859e+00,8.263815685499484864e-01
8.223479986189999869e-01,1.334992968748512254e+00
5.938220024110000272e-01,1.465302801729286397e+00
5.762249827380000466e-01,7.166802475215586776e-01
4.224239885809999429e-01,1.141713062112317267e+00
6.765879988670000511e-01,5.941290466308626339e-01
5.520349740979999531e-01,4.789569817102625193e-01
9.015229940410000031e-01,4.522641500481879295e-01
7.489960193629999763e-01,3.814181366051174193e-01
8.627583980560000754e-01,5.821444108285137586e-01
9.480749964710000199e-01,5.676424758495404177e-01
1.055613875389999956e+00,7.909891846486375444e-01
1.970020055770000056e+00,7.191425242494012826e-01
9.391199946399999554e-01,1.089579197840508717e+00
1.009042978289999892e+00,1.199067389489982371e+00
7.824029922490001177e-01,9.423883751948152199e-01
1.016265034679999957e+00,9.735751369215599471e-01
8.782749772069999850e-01,1.105948750067909714e+00
7.353619933130000064e-01,9.080523587999353996e-01
1.109990954399999952e+00,8.158983499427400199e-01
7.727199792860000027e-01,8.347229101689919162e-01
1.164981961250000086e+00,9.232671825222281692e-01
7.157210111620000426e-01,7.380366370810734766e-01
1.475479006770000101e+00,1.080430838341450928e+00
8.354520201680000202e-01,9.587462454744298812e-01
7.344660162930000125e-01,1.103185534477428620e+00
7.861927747729999805e-01,8.282022560398836220e-01
1.143465042110000107e+00,7.689909498583972214e-01
9.246990084649998609e-01,1.187191571112147903e+00
2.958764553069999970e+00,7.491279385305018579e-01
2.138324022289999959e+00,9.002417594287982494e-01
2.038712024690000124e+00,2.060547174082092869e+00
1.480209946629999829e+00,1.360957382042362829e+00
9.367650747299999248e-01,1.934938817334296957e+00
1.715939760209999942e+00,1.846695791290966948e+00
1.001402020450000041e+00,1.688438583760268896e+00
8.896229863169999863e-01,1.778504249093131317e+00
7.492939829829999843e-01,1.001653704675826484e+00
1.115183949470000213e+00,9.566793976252117027e-01
9.457820057870000019e-01,1.125539344804583175e+00
6.452180147170000213e-01,1.087855775326955987e+00
1.164842009540000056e+00,7.779457970985720339e-01
1.244351029399999975e+00,6.682198071010508889e-01
9.045109748840001185e-01,1.000245469515355534e+00
5.575259923929999362e-01,8.618957800633972877e-01
5.778343677520000332e-01,8.815899689737398681e-01
7.199835777280000348e-01,1.078776514797281649e+00
7.607790231700000128e-01,9.854806666279870564e-01
5.404400229450000426e-01,6.026354951887243905e-01
8.009672760959999360e-01,3.660048739537163365e-01
7.710149884220000027e-01,4.472009117134020384e-01
6.709719896319999988e-01,7.178736004130779058e-01
2.768970489500000021e+00,5.070675695603720223e-01
3.086133003230000060e+00,8.855581747854048835e-01
1.116358041760000086e+00,1.876102433359443600e+00
1.018260955809999979e+00,1.308797355051500189e+00
7.442610263819999794e-01,1.583716938040715450e+00
1.114386796949999869e+00,1.905819509224622843e+00
1.380516409870000238e+00,1.026228737061345431e+00
1.229098439219999950e+00,7.192721386111254889e-01
1.573238968849999919e+00,7.919610584532089659e-01
1.245597958560000107e+00,8.954738865179562302e-01
8.298619985580000247e-01,1.232088620226144071e+00
5.376980304720000436e-01,1.160847609114326939e+00
8.593800067899999284e-01,8.400683419803419705e-01
7.949647903440000274e-01,8.790131793772750779e-01
8.122889995569999577e-01,7.743710361037270395e-01
1.209460973739999945e+00,6.734154312167364154e-01
1.043611049649999956e+00,5.228218880377285549e-01
9.914460182189999138e-01,8.099644850902417703e-01
1.377645969390000058e+00,7.809897784374912888e-01
7.495359778399999229e-01,9.577275404410554582e-01
7.549669742579999676e-01,1.247182528751259012e+00
8.522210121150000095e-01,9.208373009318858715e-01
1.312628030780000010e+00,9.874314244615018943e-01
9.499999880789999906e-01,1.029410313446251113e+00
8.433979749680000637e-01,8.843334436012471045e-01
6.329939961430000039e-01,7.295621515458550199e-01
6.848490238189999246e-01,9.072407763124576974e-01
8.296039700509999504e-01,1.017605583962342353e+00
1.117776036259999994e+00,7.251353793423868099e-01
1.060515046120000138e+00,8.685671147628315492e-01
9.966710209850000446e-01,7.358677273131984942e-01
6.726049780850000825e-01,6.394066521104273537e-01
8.499810099600000335e-01,6.372389999099843383e-01
7.929700016980000266e-01,1.012998713780220328e+00
7.509549856190000927e-01,9.105031936315354235e-01
9.556260704989999466e-01,7.121656408523920900e-01
6.085839867589999397e-01,6.195272984635585845e-01
7.782499790189999489e-01,8.028998931584203635e-01
5.098140239720000411e-01,7.213181711129361684e-01
6.364319920540000286e-01,7.613447539490779681e-01
6.015599966049999248e-01,6.576886192153474919e-01
6.556333899499999784e-01,5.043257047032607687e-01
6.385549902920000243e-01,5.475792364542027002e-01
8.762890100480000832e-01,5.259060480689021766e-01
7.967479825020000739e-01,5.383334870825071672e-01
6.824830174449999509e-01,5.510288919951955577e-01
8.025500178340000401e-01,5.432421721245150881e-01
7.950311899190000142e-01,5.850560185025956983e-01
1.584897041320000088e+00,7.596461677771182419e-01
1.017485976220000143e+00,8.783577910496238594e-01
9.177780151369998585e-01,8.705685626824543055e-01
1.230221033100000083e+00,7.221103464018795437e-01
1.027899026870000121e+00,1.151361639202196807e+00
9.125559926030000213e-01,1.227371300820427003e+00
7.935979962350000472e-01,8.554241365073252945e-01
1.030437946320000187e+00,9.583354745970222854e-01
5.325379967690000438e-01,9.542814640601348097e-01
6.127780079839999505e-01,8.793919066114532779e-01
8.741289973260000234e-01,6.589763520062876800e-01
3.667230010029999820e-01,6.756629471275795717e-01
7.391750216480000857e-01,6.570696471167012387e-01
5.604230165479999748e-01,4.385856269746097325e-01
7.758178114889999755e-01,6.073473752469891185e-01
8.102909922600001202e-01,4.804558674508467297e-01
6.437510252000000488e-01,5.543612649204244791e-01
7.236457467079999706e-01,5.687398199381284991e-01
9.113870263100000146e-01,5.594284642517368678e-01
6.627830266949999993e-01,7.760286013347489353e-01
1.002035975460000117e+00,6.671481863275871005e-01
8.224419951440000709e-01,5.782775932970850574e-01
1.030576944350000135e+00,8.552837340439892744e-01
6.781139969830000114e-01,5.348927064769600781e-01
5.333459973340000104e-01,6.201283318604962069e-01
3.209959864620000047e-01,4.167139982644462726e-01
7.608630061149999069e-01,6.682031461111733739e-01
7.439860105509998878e-01,6.567794224012689641e-01
5.468400120740000148e-01,4.607800879415780981e-01
7.004669904709999173e-01,2.914629757873105631e-01
8.356525897980000561e-01,4.010325632378297089e-01
1.274258971210000091e+00,6.810130532060238995e-01
8.934450149539999719e-01,9.186337119739087509e-01
6.211659908290000365e-01,7.221545399454418757e-01
7.900159955019999680e-01,5.976958593413754794e-01
1.067494988440000014e+00,7.191333435396747298e-01
6.698009967800000464e-01,1.015606218618516410e+00
1.265694975850000015e+00,6.472820334222241234e-01
6.380620002750000408e-01,5.104557212772687924e-01
9.348030090330000652e-01,8.321599246413076134e-01
8.006410002709999363e-01,7.389163478840657939e-01
1.085708975790000030e+00,7.257311459920707808e-01
3.527039885520000251e-01,9.490725922755680610e-01
5.883709788319999578e-01,6.451406415139393502e-01
4.875420033929999120e-01,7.278684299831691407e-01
4.636880159380000754e-01,5.627442645749592964e-01
3.637039959430000136e-01,5.436063705610167940e-01
8.750243186949999696e-01,2.391010390105118011e-01
6.435279846190000708e-01,3.925178685105961129e-01
4.834130108359999678e-01,6.148829832354076874e-01
2.120890021319999930e-01,2.336183563028595978e-01
4.560469985010000005e-01,3.214004865214913353e-01
4.367910027499999903e-01,5.262160784501238586e-01
7.238804101939999569e-01,3.401340366710381979e-01
5.560690164570000205e-01,2.256639185365702793e-01
4.748429954049999679e-01,3.036205100000955448e-01
2.674640119080000100e-01,2.670635967044713288e-01
9.588437080379998978e-01,2.314595918035495525e-01
7.868980169300000549e-01,5.965743984273942369e-01
1.794360995290000149e+00,5.424754981622507133e-01
1.337677955630000026e+00,3.510056981900305240e-01
1.210453987120000185e+00,8.686071122053499183e-01
5.654799938200000264e-01,9.532408246904838789e-01
4.008429944520000565e-01,1.215741736650764349e+00
2.727654874320000200e-01,1.145727487485241225e+00
5.836449861529999783e-01,9.041300729097424549e-01
8.533802628519999711e-01,8.178671558605326020e-01
8.660610318179999823e-01,3.436226187333927817e-01
1.158349990839999899e+00,2.914536467860052715e-01
7.764859795569999390e-01,4.606919190816887166e-01
1.068807005880000105e+00,8.024046961040643966e-01
5.888479948040000744e-01,7.755710148904274570e-01
1.588868498799999918e+00,1.040932610726427843e+00
4.327859878540000205e-01,1.109087080061237129e+00
3.996030092239999942e-01,1.163258493699613760e+00
5.545349717140000134e-01,6.755277056805337743e-01
6.221979856490000849e-01,6.432677670739485043e-01
1.149551987649999996e+00,2.726518489536128853e-01
1.121260046960000034e+00,2.834704370638337911e-01
9.776459932330001656e-01,3.901608297398088676e-01
1.732741951940000025e+00,5.545767431505618239e-01
2.302707910540000125e+00,1.011715261416511469e+00
1.053477048870000043e+00,1.368610504373359849e+00
7.962800264360000435e-01,1.579544916368911478e+00
5.203329920770000117e-01,1.356016580517255710e+00
6.104800105090000262e-01,1.644562182459966104e+00
4.453057944770000276e-01,1.113146762501859843e+00
6.522138714790000069e-01,6.834946609035430498e-01
1.175541162490000069e+00,5.707943803988985154e-01
1.032202124599999937e+00,6.608687232147030244e-01
7.193930149079998948e-01,6.474538335057649086e-01
8.200139999390000378e-01,5.692450006530436202e-01
9.497330188749999458e-01,7.560836587039154733e-01
1.039114952089999822e+00,9.988812048715702829e-01
5.883830189700000046e-01,7.090194170105539317e-01
9.508559703829999599e-01,5.690977478769014830e-01
5.277600288389999728e-01,6.549138258243610844e-01
7.736063003540000205e-01,8.808690461494661506e-01
9.703559875489999875e-01,6.317013932850833458e-01
1.383889913560000018e+00,7.665353932625348365e-01
7.795230150220000542e-01,6.564632940378054560e-01
6.069999933240000090e-01,9.997299642636494621e-01
4.660570025440000097e-01,8.462026454588621460e-01
9.455270171170000459e-01,8.397966206751994456e-01
6.238729953770000280e-01,5.961944886803626220e-01
3.923240005969999555e-01,4.064183672908859846e-01
5.156549811360000568e-01,4.075729189773361072e-01
9.679385423659998544e-01,4.892342696637120292e-01
1.356565952299999989e+00,5.849361850176675315e-01
9.072690010070001421e-01,7.149061699202328146e-01
8.162760138510000152e-01,5.315622355530857934e-01
2.479866981509999846e+00,6.881521738935643118e-01
1.133080005649999888e+00,1.302197013436410034e+00
1.045583963389999926e+00,1.802948336849910405e+00
8.474370241169999485e-01,8.716162633113787583e-01
1.536522984499999911e+00,1.291578257467622448e+00
9.008989930149998715e-01,1.336280491988840469e+00
4.812009930610000041e-01,1.080478003505058293e+00
8.572540283199999722e-01,7.597346303538617951e-01
8.617479801180000232e-01,7.900659220877684907e-01
1.008694052699999899e+00,1.012649865353013823e+00
1.127727031710000105e+00,5.624791737834288208e-01
7.795569896699999779e-01,5.521861834171915007e-01
9.895502924919998833e-01,8.924977396497566495e-01
8.363329768179998958e-01,8.465071630222241739e-01
9.099559783939999980e-01,1.123971148590567903e+00
5.511059761050000061e-01,8.662724268855792609e-01
1.239764332770000088e+00,7.387302868299572278e-01
1.211838960649999963e+00,8.057836777666282924e-01
1.379981994630000042e+00,1.045855813765294018e+00
1.148460984229999982e+00,7.827029382728105666e-01
7.663900256160000035e-01,1.118268419555762838e+00
9.660840034480000504e-01,1.237948857179155038e+00
8.156750202179999798e-01,1.027191758910148023e+00
1.142272949220000111e+00,1.025058461038178770e+00
1.299479961400000105e+00,8.950614803501230066e-01
8.583310246469999516e-01,9.263248469484354208e-01
7.149469852449999996e-01,9.655134492971437776e-01
8.764400482179999230e-01,9.196836647558824795e-01
8.305460214609999836e-01,9.628692427112608421e-01
8.535240292550000385e-01,1.090168413307086581e+00
9.092410206789999227e-01,7.249217209929368355e-01
5.202720165249999917e-01,7.100305768018133623e-01
7.411040067669999454e-01,7.878752407517892742e-01
5.853319764140000325e-01,7.983688082384109430e-01
5.047770142559999673e-01,7.741618320583969481e-01
5.519493222240000607e-01,5.476390425134024520e-01
9.697520136830000137e-01,4.397251302625631575e-01
1.116515994070000017e+00,6.376875192287234650e-01
1.049844980239999837e+00,5.594364676596775832e-01
6.342629790310000404e-01,5.575849743928087410e-01
5.644329786300000817e-01,7.697607337495309121e-01
9.184709787369998990e-01,9.068842123815370471e-01
9.593539834020000656e-01,8.695895875852346357e-01
5.984159708020000412e-01,8.896298374836258960e-01
9.383450150489998087e-01,5.562505690734775854e-01
4.542250037189999867e-01,6.328230914024964848e-01
7.079470157619999204e-01,8.645271177979443333e-01
3.876500129699999575e-01,6.514813862536629196e-01
4.484339952469999502e-01,5.113628262422973414e-01
8.405709862710000202e-01,5.455490064439023623e-01
5.337110161779999862e-01,4.924634088344624350e-01
7.211350202559999589e-01,4.973179782822219064e-01
5.215386152269999576e-01,3.020758156390917493e-01
7.050759792330000275e-01,4.913237087907916800e-01
6.405649781229999506e-01,7.098067458411272401e-01
5.168589949609999623e-01,4.731842235828955245e-01
1.660409450529999997e+00,5.334538026253224929e-01
2.465307950970000217e+00,5.422008056721635549e-01
1.622156023979999917e+00,1.057146835603936408e+00
1.866270065309999948e+00,1.084303350780025710e+00
3.623536109919999859e+00,1.231081315357360539e+00
7.948709726329999947e-01,2.334647206653033269e+00
9.065989851949999290e-01,3.084634953205047658e+00
8.571879863740000660e-01,1.719513181191925755e+00
7.756379842759999477e-01,2.078799203164673592e+00
7.006700038909999817e-01,9.833786704138899326e-01
6.443409919740000769e-01,2.069836191628479372e-01
7.579550147059999077e-01,5.298398332419910206e-01
5.499600172040000068e-01,5.532235870998410965e-01
4.964669942860000518e-01,6.111598255376190503e-01
1.367677569390000070e+00,5.750721269282056403e-01
1.397894024850000250e+00,6.065204140992423998e-01
8.148130178450000427e-01,1.377819801922162357e+00
1.278898954390000009e+00,6.863450710898468810e-01
8.623980283740000363e-01,8.804145024443614798e-01
1.093865990639999897e+00,8.427637636943696720e-01
8.134710192680000285e-01,4.895891209039203718e-01
1.466687083240000078e+00,8.965884717349528188e-01
9.060310125349999577e-01,9.815634758189945019e-01
7.652140259739999006e-01,1.344409206101468524e+00
1.311033964160000176e+00,8.922096060378665872e-01
7.892500162119999718e-01,8.504379970147531997e-01
1.474902033810000068e+00,9.916829682857598582e-01
9.167850017550001063e-01,6.829664230806630210e-01
1.186140060420000086e+00,1.185645657160700583e+00
1.411391973500000008e+00,9.357124873872553206e-01
2.092472076419999993e+00,9.048182293517845753e-01
7.189220190049999681e-01,1.324073719872254307e+00
1.301861047739999888e+00,1.346099829502326095e+00
1.268974781040000055e+00,1.285560038298025898e+00
1.221997022629999874e+00,1.496798572238854153e+00
9.061110019679999850e-01,1.538575974383578959e+00
1.078873991970000112e+00,1.011258889335104438e+00
1.028025031089999874e+00,1.128959806819909595e+00
7.863690257070000689e-01,9.885828666056134528e-01
1.276852965350000035e+00,1.016461500706678400e+00
7.093420028689999546e-01,8.622208964097354267e-01
5.201929807659999572e-01,1.095572311229549012e+00
5.645610094070000473e-01,7.560151087505930789e-01
9.855200052259998067e-01,8.335810509358594356e-01
1.092841982840000004e+00,8.356187178100875634e-01
4.786899983879999709e-01,7.756778585584298558e-01
3.955059945579999514e-01,5.736152531738485383e-01
1.850703001020000071e+00,6.127174981787835151e-01
1.195796012879999815e+00,9.955413014685730033e-01
1.702510833739999896e+00,1.070365329430334356e+00
2.998351097109999586e+00,3.783017644981361838e-01
2.407080888749999925e+00,1.290303715630050085e+00
2.585943937299999718e+00,2.061738121907119137e+00
2.233839035029999920e+00,1.792479054000915450e+00
1.655773043629999997e+00,2.668758133500706453e+00
1.430611014370000156e+00,2.740158581680646854e+00
8.921740055079999676e-01,2.253341531498005423e+00
1.231696963309999893e+00,1.782773720858547684e+00
8.955079913140000514e-01,1.618871419654350552e+00
1.602033019070000064e+00,1.443838571764030965e+00
1.585399031639999956e+00,1.209650313366504859e+00
1.232059955600000034e+00,1.195665463142572715e+00
1.210371017459999976e+00,1.192512766822171333e+00
1.242141008379999967e+00,1.143423177018707770e+00
9.857040047650000858e-01,1.547127942428945246e+00
7.289689779279999726e-01,1.396326817639185869e+00
6.761519908910000876e-01,1.090234567755493655e+00
1.071573019029999907e+00,1.102143664177729576e+00
9.457439780239998983e-01,1.019477459689363430e+00
4.376370012759999706e-01,8.522357292129367767e-01
5.141820311550000522e-01,6.107301887357559078e-01
3.387190103530000052e-01,7.108489055019587832e-01
7.144280076029999593e-01,5.938670207174284732e-01
4.996199905870000180e-01,5.381880970786147023e-01
7.917379736899999854e-01,3.586964739465486884e-01
8.646243214609999894e-01,2.386118543317011231e-01
6.024960279459999901e-01,2.842543662312616015e-01
1.260069966320000123e+00,5.990724291241533717e-01
1.012339949610000067e+00,5.939128773257315030e-01
1.004528999329999950e+00,9.126636552359244092e-01
6.310235261919999727e-01,6.617422040131225591e-01
1.141221046449999887e+00,8.121630034806049947e-01
5.426099896430000014e-01,1.224969593749999586e+00
8.547459840769999762e-01,9.292351576746057384e-01
7.744219899179999311e-01,6.459374263044979081e-01
3.084340095520000102e-01,6.116827001639536521e-01
8.376209735870000506e-01,6.761225732295162993e-01
7.293469905850000767e-01,5.286981668643931931e-01
7.503905892370000830e-01,5.977993382971779068e-01
1.134822010990000019e+00,4.310955253484349270e-01
1.614240050320000064e+00,6.305015562582494404e-01
1.244793057440000128e+00,8.462422500632129641e-01
7.141630053519999466e-01,9.583732580389517919e-01
7.293040156360000026e-01,9.511091331708353414e-01
6.486989855770000091e-01,9.673354416201155326e-01
3.427990078929999962e-01,1.272037890417074157e+00
3.861860036850000011e-01,6.804800750398816156e-01
6.366299986840000535e-01,4.426441472839765523e-01
3.990480005740000280e-01,4.136269442607534153e-01
4.178859889509999870e-01,3.382120920895371197e-01
1.103790521619999909e+00,1.280488177553045503e-01
6.956189870829999622e-01,3.489256070649567887e-01
8.070139884950000564e-01,6.412135030061292262e-01
5.947690010070000310e-01,2.890435759754153566e-01
1.107607960700000005e+00,5.732987839902794480e-01
9.713580012320001122e-01,8.922621185501470320e-01
7.170349955560000321e-01,7.390473992742745413e-01
6.764810085300000386e-01,6.349105417242251193e-01
1.687772989270000190e+00,5.870074574654675637e-01
9.907569885250001596e-01,1.096123957943832217e+00
8.082039952280000161e-01,1.066279342635130023e+00
1.087718963619999979e+00,6.504971265147225790e-01
1.564818024639999861e+00,9.995968025443231486e-01
6.673809885979999912e-01,1.333770164452032336e+00
1.256489992140000123e+00,1.026759530589031133e+00
1.091886043549999963e+00,8.849923344843901862e-01
7.375509738919999725e-01,1.311059756278248223e+00
6.224380135540000802e-01,9.383093176858429141e-01
8.364729881290000613e-01,6.124688642328779409e-01
5.774260163309999916e-01,1.091499417630121371e+00
1.015761017800000054e+00,7.738944250880444020e-01
1.106158971790000001e+00,6.529822753435835514e-01
6.945540308949998964e-01,6.675479416424929813e-01
1.130903959270000092e+00,6.384344433598800883e-01
9.518219828609998379e-01,8.121434821121583658e-01
7.524570226669999862e-01,1.078695442081409439e+00
5.585229992869999993e-01,8.061122390218514733e-01
1.415836334229999771e+00,6.026425116518755454e-01
1.855298042299999839e+00,9.254659453641272959e-01
7.845479845999999702e-01,1.600320012810459991e+00
8.210539817810000862e-01,9.389877800616572845e-01
5.835890173909999978e-01,8.238855840981127443e-01
8.359720110889999889e-01,9.660647998312614781e-01
2.184663057329999880e+00,5.919305956128899648e-01
6.805480122570000123e-01,7.302191303569983694e-01
1.238904953000000031e+00,1.078090936010646761e+00
1.030328035349999949e+00,6.229639387073021561e-01
7.914109826090000022e-01,1.443111662454121369e+00
8.423720002169999832e-01,1.206537518470405690e+00
4.464710056779999658e-01,6.342423946362506504e-01
5.589337944979999584e-01,4.349101908963910468e-01
7.099329829220000221e-01,5.242254690244854132e-01
7.334340214730000751e-01,7.085755533258283334e-01
7.833399772640000647e-01,4.974018881161745287e-01
8.426809906959999985e-01,5.020358320353661696e-01
1.099761009220000085e+00,5.955390908287944152e-01
8.706315755840000614e-01,5.706321674197272209e-01
5.862460136410000411e-01,7.646174605555345893e-01
8.863990306849999223e-01,8.161529981314153970e-01
1.019399046900000050e+00,8.889253473260748661e-01
8.493610024450000129e-01,1.045390237937542821e+00
1.010666966439999870e+00,8.004909612643139605e-01
1.331516027449999973e+00,6.282796257081160185e-01
1.215008974079999859e+00,7.987323071085273840e-01
1.645591020579999952e+00,9.854809889263080880e-01
9.708780050280001461e-01,1.096809019494979331e+00
1.411272048950000135e+00,1.405753725579790281e+00
7.953929901119999313e-01,1.156182902115024724e+00
1.046331048010000098e+00,1.531968814413245950e+00
8.879339694979999642e-01,1.226350053926920536e+00
8.349300026890000836e-01,1.025765288363075678e+00
9.847199916840001510e-01,8.595443038047866358e-01
1.090394020079999970e+00,8.092985370863581274e-01
4.901649951929999971e-01,8.746500915810645482e-01
6.141669750209999279e-01,9.146656202972669458e-01
6.314740180969999894e-01,7.883889658482624574e-01
8.252440094949999860e-01,7.875079891532633658e-01
1.051450967789999913e+00,6.263242215136640700e-01
1.047114968300000060e+00,5.223960105177197777e-01
3.921430110930000379e-01,6.467333470604134105e-01
4.695149958129999912e-01,6.344860923787210005e-01
7.720900177959999500e-01,7.328587307834487641e-01
7.520099878309999264e-01,7.956254304661040111e-01
6.877393722529999698e-01,6.422915678404254036e-01
6.718119978899999012e-01,2.003553770834088921e-01
1.185933232310000029e+00,5.852252158708722840e-01
6.571980118750000432e-01,6.265471570706514504e-01
8.213180303569999063e-01,7.735261524257298626e-01
7.795739769939998842e-01,5.917500227076863961e-01
1.030122995379999962e+00,7.794823837759711216e-01
6.211889982220000217e-01,8.522762444330529430e-01
8.660820126530001106e-01,7.146610099532952898e-01
9.608931541440000057e-01,6.793425305835077976e-01
6.760399937630000577e-01,8.010038391730162077e-01
7.402380108830000083e-01,8.360901518340172478e-01
5.984709858890000511e-01,6.283304275687503493e-01
6.151059865950000427e-01,7.547298228328221947e-01
9.358735680579999272e-01,6.798662487196605042e-01
5.818247795100000008e-01,6.175278763919181957e-01
7.156659960750000327e-01,5.851412350997283740e-01
6.529520154000000298e-01,5.685423809351481950e-01
9.700022935870000751e-01,6.827905790753018289e-01
7.834500074390000623e-01,5.936435174903492706e-01
7.448130249979999506e-01,6.635442504491776416e-01
8.276180028919999376e-01,6.533462921962707171e-01
8.943400979039998200e-01,6.315765574235925328e-01
2.505017042159999985e+00,6.552307166294154550e-01
1.620712041850000062e+00,1.479741766045826745e+00
1.417585968970000110e+00,1.177830214472866510e+00
1.049872040749999957e+00,9.821343342485989725e-01
1.226507544519999993e+00,1.216978882679119689e+00
1.043179035189999881e+00,1.363545304736283992e+00
9.694439768789999690e-01,1.519327881888915988e+00
8.192250132559999454e-01,1.177370308917091490e+00
8.129550218580000598e-01,1.113584489448855130e+00
6.712080240250000163e-01,1.037277371257877334e+00
5.289899706839999993e-01,9.140181016108472889e-01
3.461930155749999849e-01,6.847012743683918989e-01
4.789490103719999392e-01,6.234826714922885316e-01
1.153810977940000093e+00,5.605343598917651438e-01
9.671270251270001062e-01,5.028951019173234505e-01
7.845839858059999727e-01,5.392513710663975335e-01
4.701859951019999873e-01,4.226487652405986339e-01
5.632782578470000301e-01,6.708829328192291719e-01
2.416239976880000251e-01,8.308113835229078425e-01
2.709859907630000064e-01,7.189182872597034146e-01
1.994680017229999991e-01,4.391989794749442955e-01
1.327169984580000017e-01,2.424489704109037691e-01
4.732620120050000101e-01,8.051966018904202493e-02
6.585559844969999244e-01,9.219505784813068761e-02
9.621880054470000054e-01,2.813250047797321574e-01
5.111979842189999790e-01,3.419847528961159067e-02
9.829789996150000153e-01,2.718816447167526351e-01
9.100099802019999684e-01,4.762121210745765554e-01
1.026576042179999870e+00,9.157721011930622934e-01
8.309389948840000262e-01,6.911307602281216989e-01
9.651920199390000565e-01,7.122775774118987879e-01
1.000543951989999902e+00,8.405627781292234202e-01
1.983185052869999687e+00,8.362789755011587056e-01
1.274855017659999978e+00,9.950896314807150533e-01
1.286525964740000028e+00,1.536414377764997674e+00
1.382244944570000245e+00,1.119919960867447939e+00
1.736924052240000016e+00,1.378501470069394275e+00
1.257668018339999971e+00,1.808826884620079456e+00
7.533379793170000838e-01,1.349923999444043510e+00
1.084908962249999886e+00,1.236612841532182205e+00
1.062494039539999990e+00,1.152778115015381522e+00
7.787629961969999570e-01,1.327370421636967501e+00
8.256469964979999965e-01,9.024489034838406587e-01
9.891830086710000636e-01,7.349460760660638803e-01
1.418092012410000047e+00,9.773524021074325718e-01
1.151677966120000063e+00,9.680265014560696102e-01
1.250364065170000094e+00,9.651097307915263990e-01
8.794019818310000458e-01,9.180272867984980989e-01
1.089423060420000144e+00,1.242322313649967258e+00
1.809062957760000145e+00,1.219612205280359740e+00
8.687390089040000207e-01,1.364760379350089314e+00
8.521729707719999380e-01,1.254404556971339124e+00
1.307837963100000112e+00,9.201652133797825206e-01
1.262575984000000151e+00,1.158463365817783641e+00
7.601559758189999627e-01,1.399199970424287010e+00
1.069887042049999959e+00,8.771413186542353913e-01
8.579840064049999437e-01,9.148157224502492246e-01
1.149323940279999956e+00,1.416946255803608334e+00
1.067142963410000034e+00,9.097685261394850009e-01
7.400619983670000401e-01,8.049904750153614730e-01
6.799880266190000411e-01,8.937526979604223376e-01
7.323921322820000634e-01,8.795775534594234557e-01
8.352749943730000126e-01,9.105773164156476529e-01
6.000829935070000065e-01,8.926018110559491570e-01
1.010563969610000168e+00,6.247085094904212266e-01
7.613970041280000434e-01,6.463766551221669099e-01
7.260069847110000030e-01,8.460215181384541649e-01
1.064324021340000037e+00,6.529379395684511422e-01
5.901079773899998715e-01,6.913035991378388978e-01
7.744659781460000447e-01,8.688190728775669891e-01
7.406870126719998781e-01,6.930957279243267211e-01
8.908360004430001533e-01,7.283507179883779159e-01
7.620100975040000613e-01,6.991001102915509469e-01
7.774500250820000069e-01,5.804093371077286845e-01
5.811070203779999943e-01,8.212456950951754209e-01
7.908779978749999051e-01,7.080117012226951889e-01
8.903719782829999652e-01,5.854641761770332797e-01
7.882059812549999656e-01,6.918815934989851479e-01
7.301949858670000459e-01,6.140375066062516707e-01
9.248933196070001639e-01,6.345012971528209977e-01
1.265586972239999941e+00,7.503647326561617703e-01
7.884140014650000694e-01,9.778641364411420067e-01
9.180610179899998391e-01,8.218955498214951527e-01
6.569269895549999516e-01,7.223294659576103838e-01
8.252680301670000107e-01,1.021323374565745068e+00
4.257229864599999525e-01,9.181466370788575748e-01
9.114630222319998198e-01,7.571581610705211407e-01
7.238519787790000937e-01,6.352717916618947358e-01
9.657319784160000031e-01,6.508805209224856059e-01
7.194200158119999911e-01,5.933945909021788312e-01
7.146480083470000411e-01,6.539564438377919453e-01
6.188799738879999790e-01,7.043164779256205765e-01
8.502969741820000094e-01,5.689203074355542178e-01
6.113014817240000065e-01,7.275080005284410012e-01
8.405809998509999881e-01,5.897178441036153851e-01
5.909900069240000553e-01,6.700775512521661703e-01
1.191807866100000002e+00,6.782774642003054355e-01
1.072478055950000009e+00,6.348899717655799302e-01
7.976800203319999172e-01,1.001429707665618229e+00
7.140370011329999489e-01,6.745248314165281922e-01
8.885610103609999921e-01,7.181209916392654602e-01
7.367290258409999737e-01,7.868177240026194008e-01
9.655410051350000744e-01,8.402564924206595842e-01
8.569459915160000385e-01,6.734201789132092664e-01
5.838339924809999859e-01,8.289194748066809337e-01
3.047562122340000457e+00,7.373069930565263608e-01
8.865389823909999301e-01,1.745019069099189135e+00
1.186460971829999878e+00,2.170515542690429456e+00
8.750730156899999557e-01,9.103397545978058059e-01
1.111973047260000014e+00,9.884238004621863638e-01
6.929270029070000447e-01,-3.605469534124709080e-02
5.632749795910000357e-01,4.288109834460921421e-01
5.519689917560000048e-01,5.733243424940490662e-01
9.211350083349998386e-01,5.630889840471537955e-01
5.465030074119999748e-01,5.422338043272526553e-01
9.997850060459999577e-01,4.963840708945971847e-01
7.512239813800000166e-01,4.277923032435269612e-01
8.402569890019999654e-01,8.008481537820173468e-01
7.843149900439999600e-01,6.082882111709189132e-01
5.915480256080000165e-01,6.619607176867688958e-01
6.109840273859999948e-01,7.386171377632548829e-01
9.328789710999999540e-01,5.680465563791763373e-01
7.992020249369999885e-01,6.927640191072800269e-01
9.833549857140000405e-01,7.363844053771947396e-01
5.405290126799999761e-01,5.370784091239479974e-01
1.093670010570000128e+00,6.457740204686772678e-01
9.266330003740002041e-01,8.118430396329536780e-01
7.972419857979999858e-01,9.379600953724641643e-01
5.896059870719999596e-01,6.746714163343431325e-01
7.799540162090000672e-01,6.459846394152788385e-01
5.182790160179999717e-01,8.838188289445834123e-01
7.263879776000000676e-01,8.054339417504130516e-01
6.216366887090000182e-01,5.740733581781315431e-01
8.810679912569999717e-01,5.585973103120798200e-01
7.315016984940000411e-01,6.255466047083932946e-01
9.703850150109999406e-01,6.210302599397684586e-01
8.715350031849999901e-01,5.974514201349889753e-01
5.505740046500000595e-01,7.012852847874293527e-01
2.576299905780000121e-01,7.418731815975456723e-01
6.952109932899999123e-01,6.141195330211165482e-01
3.547430038449999601e-01,7.992487133085602879e-01
1.308350920679999918e+00,6.389379890236729365e-01
1.424710035319999957e+00,2.534597127986510379e-01
2.422243118290000385e+00,5.340933278853974286e-01
1.588093161580000023e+00,6.174049209350913614e-01
2.882889986040000352e+00,1.416708236168545465e+00
1.510810017590000109e+00,1.820229258147865181e+00
5.103110075000000245e-01,2.389700027015735806e+00
6.637499928469999810e-01,1.823862520622709482e+00
5.865659713749999948e-01,1.556767561460725924e+00
9.182999730110000813e-01,1.322589466543839354e+00
1.126363039020000123e+00,7.515898773612651462e-01
9.455379843709997845e-01,4.909703685129336304e-01
7.979699969290000583e-01,6.643102010615330455e-01
8.895260095599999417e-01,7.877840720848322542e-01
5.017459988589999531e-01,9.426192280757309527e-01
7.889080047609999813e-01,9.720491353631351972e-01
5.571460127830000220e-01,6.899289690257489616e-01
8.079270124439998924e-01,5.520658078864205676e-01
7.382910251620000697e-01,5.726045353245327041e-01
6.742079854009999096e-01,5.701214536077280348e-01
8.787713646889999675e-01,5.806171134865923955e-01
7.401880025859999268e-01,5.619878162720529646e-01
8.886500000949999478e-01,7.837913227449423426e-01
7.983270287510000340e-01,6.245454404063208731e-01
5.137799978260000344e-01,7.445314974610340863e-01
7.760372757910000141e-01,7.439525992141631239e-01
8.528280258179999906e-01,6.435303476281973856e-01
7.851629853249999513e-01,8.948141482222524701e-01
8.431609868999999646e-01,5.486119221296489323e-01
1.024798870089999925e+00,4.922876009132437503e-01
8.044279813770001120e-01,7.026132070027623078e-01
8.841310143469999216e-01,8.391721739304467409e-01
3.615649938579999501e-01,7.544616998149697995e-01
1.171491026879999842e+00,7.012889135118165473e-01
4.477910101409999788e-01,8.333841615377132195e-01
7.665730118750000432e-01,8.844757579901162403e-01
7.735599875449999940e-01,4.548160132415358659e-01
1.054823040959999902e+00,5.776245653506874023e-01
7.843300104139999673e-01,7.693667842605005358e-01
1.034250974660000155e+00,5.908422507262328649e-01
1.096979022029999973e+00,6.457222091547338838e-01
7.633029818529999400e-01,9.168689587914545802e-01
5.883730053899999257e-01,9.703539107797071184e-01
6.365630030629999547e-01,8.090797333032745398e-01
5.750700235369999858e-01,8.666534967658199307e-01
5.399640202519999654e-01,7.991933134924348314e-01
1.324671149250000068e+00,5.373058880431068607e-01
8.178460001949999780e-01,5.811812383667361859e-01
6.359609961509999909e-01,8.387012728525014005e-01
8.135920166969999867e-01,5.641979908606896688e-01
9.872140288349999793e-01,6.927998148132807898e-01
9.839289784429999797e-01,8.633459101663641944e-01
5.904790163040000150e-01,6.802968088064870189e-01
8.986790180210000312e-01,7.022891891780935758e-01
6.268000006680000125e-01,7.574513153672186583e-01
6.926850080490000172e-01,9.018168244705260239e-01
5.757049918169999669e-01,7.000389841254454071e-01
6.764680147170000213e-01,6.472239856132170344e-01
8.279470205309999997e-01,6.078493242228315552e-01
6.547859907149999881e-01,6.334056309058485601e-01
1.085815548900000094e+00,5.672023746987107096e-01
8.509550094600001335e-01,5.486471313361626079e-01
8.879359960560000431e-01,8.229461433781439794e-01
6.557850241659999302e-01,6.851169091420085122e-01
6.597809791559999804e-01,8.398854330739721208e-01
8.856279850010000398e-01,8.451869594273798691e-01
7.502999901769999980e-01,7.668542580701880329e-01
9.303160309790001747e-01,7.283358159594948145e-01
7.259460091590000941e-01,5.454313990417493097e-01
7.123904824259998936e-01,8.208577278567241731e-01
9.326570034030000622e-01,7.294441103797782988e-01
6.544970273969999974e-01,7.784041936361050240e-01
4.987269937989999846e-01,8.574531807643814840e-01
9.782410264020000579e-01,5.554028947742080113e-01
5.593240261080000275e-01,5.691194784841898668e-01
8.733990192409999409e-01,7.328184227980247822e-01
6.232500076290000690e-01,4.518722082465390089e-01
6.319249868390000024e-01,6.467654367991853004e-01
8.335350155830000274e-01,5.923383324690295604e-01
8.613430261610000027e-01,6.639830419116766747e-01
1.036013007159999999e+00,7.011266481591855726e-01
6.160370111469999355e-01,6.782218524043884811e-01
9.874529838559999995e-01,7.155746430279248393e-01
6.686739921569999634e-01,7.233555889570141284e-01
6.455339789389999972e-01,7.832970386778044247e-01
1.007030010220000049e+00,7.547045065694025778e-01
7.763000130650000719e-01,6.720168010954012949e-01
9.358490109439999705e-01,8.539701946403395194e-01
6.626719832419999401e-01,5.393963361107979582e-01
1.113351941109999910e+00,7.093633818546037917e-01
5.495319962500000432e-01,8.075578159873813000e-01
9.273632764820000096e-01,8.648590591081463108e-01
8.215330243109999486e-01,6.523235929667373645e-01
9.193540215489999223e-01,1.117122784060817997e+00
6.899859905239998925e-01,7.907162906971787475e-01
6.497738957409999738e-01,5.592141123470407704e-01
9.705049991609999704e-01,5.439395601743021169e-01
8.034440279009998909e-01,8.893540514661932850e-01
8.920990228650002019e-01,7.724154654191128788e-01
7.462270259859999921e-01,5.486474675825149250e-01
1.495407462120000197e+00,7.677995889078352842e-01
7.597569823270000633e-01,9.569651626203603545e-01
9.677280187609998974e-01,1.422117623378633899e+00
1.126011013979999920e+00,7.862775088714801797e-01
7.641419768330000029e-01,8.249195319738974463e-01
1.423818945879999909e+00,8.836936879874989215e-01
8.309190273280000483e-01,6.087091274267231178e-01
5.316870212550000030e-01,1.055666495290868756e+00
6.942920088770000442e-01,7.377532246341361732e-01
1.097100019450000019e+00,7.232141844337781622e-01
8.623710274700000511e-01,7.295381492252385192e-01
9.711959958079999788e-01,6.570310950493475355e-01
7.501904964450000213e-01,5.551955149407574730e-01
5.659890174870000346e-01,8.205779442781848676e-01
7.235890030859999378e-01,7.821534832596163112e-01
1.088876962660000114e+00,8.052154034805987237e-01
2.614549994470000138e-01,7.735626983448170568e-01
1.923168003559999895e-01,6.733929061929896376e-01
2.048390060660000012e-01,4.756015801373655871e-01
3.752999901769999980e-01,6.472213622578130154e-01
1.878910064700000104e-01,4.151153496963715384e-01
4.178839921949999980e-01,2.641782630167839249e-02
6.128349900249999704e-01,2.850030134062573814e-02
4.822100102899999352e-01,9.092689879749955850e-02
8.136649727820000066e-01,2.204658414071770933e-01
8.997989892959999958e-01,1.788841864768053458e-01
7.667459845540000041e-01,4.473420668846094794e-01
6.762999892229999421e-01,5.808093108447799358e-01
9.804093837739999984e-01,6.514943129721274540e-01
1.075533032420000090e+00,7.231916466790124787e-01
6.459739804270000496e-01,1.009599335359154137e+00
7.601699829100000416e-01,6.581075737376252954e-01
8.707180023190000950e-01,6.791539369176722296e-01
1.045557022089999899e+00,8.589996495627685302e-01
4.832339882849999713e-01,8.224968313399546593e-01
1.085988998409999962e+00,6.590156373028335235e-01
7.320979833600000930e-01,6.747402449705922622e-01
7.128990292550000385e-01,9.263960434758011786e-01
1.045389056210000112e+00,6.748526188890029420e-01
7.359200119969999676e-01,5.981220201715958806e-01
8.956930041309999480e-01,9.563310540581969610e-01
8.745509982110000191e-01,6.441494842721369185e-01
9.237470030779999508e-01,8.497580119302199364e-01
9.997780323029999971e-01,8.458813346689533219e-01
1.739534020420000049e+00,8.414824339786198815e-01
8.107889890670000321e-01,1.130684890671015186e+00
7.049050331119999235e-01,1.232605141075759914e+00
8.328269720080000438e-01,9.372213512433852367e-01
8.276600241660000412e-01,9.714001351411085672e-01
8.953109979630000659e-01,8.449280843330695401e-01
1.459501028060000039e+00,5.878284382999126034e-01
1.179519057270000060e+00,7.543341465788307998e-01
1.443411946299999915e+00,1.064563232277354166e+00
1.306735038760000078e+00,8.573600427494303400e-01
7.634999752040000365e-01,1.224650102063947976e+00
1.145148038860000161e+00,1.428724225396145631e+00
7.253450155259999477e-01,1.215575843882550799e+00
7.633590102199999672e-01,1.219661002095609126e+00
6.174820065499999622e-01,8.908555941927696065e-01
1.029322981830000039e+00,9.288705979994950068e-01
1.302055954929999926e+00,8.507342719784430907e-01
3.164124965670000122e+00,7.768504852034363584e-01
9.734439849849999549e-01,1.143196998411660115e+00
1.229671001429999855e+00,1.559741686497810642e+00
7.441530227660000385e-01,1.201482039601839968e+00
1.063034057620000139e+00,1.652015049262517188e+00
1.123872041700000102e+00,1.345336048557756792e+00
8.984770178790000283e-01,1.004707278310375429e+00
7.175139784810000698e-01,9.549916209306913428e-01
5.367509722709999931e-01,8.744819674865244030e-01
1.175443053249999981e+00,9.218994644444322706e-01
1.101048946379999949e+00,9.041422266221025295e-01
5.734490156170000130e-01,7.920575221882354411e-01
1.431144952770000200e+00,6.279592771152011643e-01
1.037794947620000130e+00,7.661600035007190002e-01
6.568620204930000206e-01,1.324129060197837715e+00
1.074908018110000141e+00,8.675177322632400267e-01
1.385972023009999887e+00,7.353109361431203750e-01
1.004804968829999812e+00,1.162970205169203242e+00
1.609539985660000116e+00,9.996633013811180302e-01
2.817575931549999524e+00,8.670059599014188212e-01
1.962562561039999709e+00,1.688343106587819387e+00
1.279752016069999998e+00,1.829566185211689122e+00
1.995329976079999845e+00,1.650203516142996429e+00
2.033385992049999924e+00,1.924467923479203701e+00
1.307443976400000096e+00,2.081270969692588846e+00
1.611258029939999892e+00,1.656743713156213493e+00
2.040218114850000042e+00,1.639879893436711811e+00
2.183244943620000100e+00,2.145467130006851519e+00
1.351415991779999937e+00,1.888300162519564340e+00
7.242180109020001089e-01,1.752164144388718592e+00
1.363389015200000109e+00,1.686782882811344253e+00
1.526808977129999967e+00,1.809982221063090480e+00
1.784019589420000163e+00,1.684134726837135387e+00
1.103597044940000105e+00,1.073984285535107164e+00
1.763007998470000004e+00,1.490520203408138400e+00
1.157549023629999896e+00,1.381168965550197969e+00
1.153326034550000045e+00,1.819105977442163624e+00
2.362811088559999551e+00,1.406433024718882985e+00
2.580787897110000007e+00,1.331474014534872241e+00
1.242146968839999976e+00,1.803077889877393813e+00
1.712821006770000265e+00,1.723674717717655014e+00
6.676509976389999323e-01,1.755887264745279897e+00
8.271329998970000652e-01,2.150427234111464081e+00
9.642647504809997994e-01,1.270598625237885804e+00
1.394161701200000048e+00,1.207135964208152723e+00
7.584049701689999923e-01,1.237617804585969150e+00
6.900759935379999765e-01,9.511633173846003597e-01
6.740249991419999809e-01,8.258340618311020842e-01
8.615220189090000424e-01,9.524012088748441407e-01
7.907469868659999790e-01,8.679904661696604684e-01
7.285000085830000138e-01,6.976872896272194868e-01
2.411980032920000294e-01,5.270136356800970701e-01
3.354600071909999981e-01,4.563359512362702430e-01
5.912460088730000507e-01,6.036522466311128321e-01
1.058426976200000036e+00,6.245960384068383053e-01
7.669919729230000316e-01,5.393535735928478569e-01
5.881239771840000019e-01,2.849548890389183575e-01
5.922303199769999305e-01,3.819356385073406912e-01
8.753510117530000079e-01,5.928401901783587613e-01
7.038279771799998974e-01,9.020549784804426929e-01
5.677499771120000371e-01,5.913300425936746096e-01
7.133870124819999825e-01,5.437316252448577414e-01
1.077505946160000061e+00,6.184195341393293743e-01
6.909419894220000247e-01,7.545418645560598714e-01
7.724580168719999973e-01,7.619383097188111575e-01
7.237120270730000859e-01,5.385196657093634931e-01
9.752489924429998958e-01,6.199974712987127434e-01
9.151769876479998178e-01,7.695186066554752236e-01
7.574009895319999686e-01,6.679517538098008744e-01
6.912069916730000374e-01,7.010039734142288204e-01
1.183527946470000147e+00,7.738166417849914325e-01
