1.111775994300842507e+00,1.161332611428652628e+00
7.566530108451843262e-01,1.195921504067759766e+00
5.684260129928588867e-01,1.207712155741798243e+00
1.201630949974060059e+00,1.165796669519231443e+00
8.802530169486999512e-01,1.200549474622423674e+00
8.531429767608642578e-01,1.224237399422717587e+00
7.591750025749206543e-01,1.197418566885057656e+00
1.005007982254028320e+00,1.188030081429714668e+00
7.687720060348510742e-01,1.199921035818580783e+00
1.740013241767883301e+00,1.200447008656095438e+00
2.913533687591552734e+00,1.257862985229549313e+00
4.963075160980224609e+00,1.424461688861159647e+00
1.471215128898620605e+00,1.676621580198062622e+00
1.000648975372314453e+00,1.561252365329714564e+00
8.220189809799194336e-01,1.254355677830684357e+00
9.362199902534482643e-01,1.204252578601175072e+00
5.486897230148315430e-01,1.199402428502924112e+00
1.111255049705505371e+00,1.178053914538809144e+00
7.148039937019348145e-01,1.192005803401496200e+00
1.052167057991027832e+00,1.204417472695372027e+00
8.955980539321898304e-01,1.200177709107835833e+00
7.769405245780944824e-01,1.213936384886861619e+00
5.699509978294372559e-01,1.192673372316035652e+00
8.244060277938842773e-01,1.167472939376160257e+00
5.800840258598327637e-01,1.171345839282430079e+00
9.488009810447691761e-01,1.171905200193373409e+00
7.918390035629272461e-01,1.181790282074898446e+00
6.937990188598632812e-01,1.197920446290988927e+00
6.834830045700073242e-01,1.178239511466913969e+00
9.433320164680479847e-01,1.169908214227552756e+00
1.032713770866394043e+00,1.189309088578105245e+00
2.556216001510620117e+00,1.216233933278863866e+00
2.464895963668823242e+00,1.341867848327984225e+00
2.728049993515014204e+00,1.452507416739354795e+00
3.558506965637206476e-01,1.466053773912305402e+00
3.262020051479339600e-01,1.300941564899117608e+00
3.781589865684509277e-01,1.116242541888381457e+00
6.306380033493041992e-01,1.117999447165844096e+00
8.854129910469055176e-01,1.141575975771834894e+00
9.743152856826782227e-01,1.180747444381920142e+00
7.307389974594116211e-01,1.207238028142214592e+00
9.521890282630921520e-01,1.195130862645117142e+00
1.011654973030090332e+00,1.193628851272442892e+00
7.643579840660095215e-01,1.215276750289560725e+00
3.306220054626464844e+00,1.200614700001737978e+00
7.543110251426696777e-01,1.379748650427532919e+00
1.409499049186706321e+00,1.376679361413216451e+00
6.401469707489013672e-01,1.231014783148479008e+00
8.640019893646240234e-01,1.221543706506507787e+00
8.469420075416564941e-01,1.179813955423832494e+00
7.976629734039306641e-01,1.195687474638699399e+00
9.555831551551821068e-01,1.190545406760139979e+00
9.546210169792175293e-01,1.199036052460803692e+00
5.251880288124084473e-01,1.211101120229016725e+00
1.275226235389709695e+00,1.177641151769549532e+00
8.355640172958374023e-01,1.202949230648308054e+00
7.640249729156494141e-01,1.226421039116231793e+00
4.752210080623626154e-01,1.187056401916666060e+00
7.414129972457885742e-01,1.159123392029857591e+00
1.069700956344604492e+00,1.157625870836150650e+00
7.892770171165466309e-01,1.203586517293192992e+00
6.914690136909484863e-01,1.207014692638051612e+00
7.093830108642578125e-01,1.177861661218617684e+00
1.115731000900268555e+00,1.171741473874176709e+00
1.002280950546264648e+00,1.204704101674465289e+00
1.143296003341674805e+00,1.227125593959896177e+00
6.746559739112854004e-01,1.229372516910864022e+00
6.694570183753967285e-01,1.203758433440439868e+00
7.814120054244995117e-01,1.167348597454479275e+00
8.469259738922119141e-01,1.175647408231285995e+00
6.482390165328979492e-01,1.189339600135368435e+00
7.183309793472290039e-01,1.178930567791089734e+00
9.541710019111631080e-01,1.169116833858601545e+00
6.694499850273132324e-01,1.192829435123032411e+00
6.464660167694091797e-01,1.188818342217196511e+00
9.235979914665222168e-01,1.165162911905225140e+00
1.067314028739929199e+00,1.184931103987396872e+00
6.827279925346374512e-01,1.217408199843002192e+00
6.464239954948425293e-01,1.198545590843600905e+00
7.273989915847778320e-01,1.166179179714410763e+00
8.693690299987792969e-01,1.169681929611946281e+00
4.518609941005707342e-01,1.186934063306649190e+00
4.952389895915985107e-01,1.165397060449330668e+00
7.243813276290893555e-01,1.136721106007581694e+00
7.400469779968261719e-01,1.157839823098320675e+00
8.204330205917358398e-01,1.176651785047425847e+00
1.108605027198791504e+00,1.184102223516099173e+00
1.039268016815185547e+00,1.212687434870713066e+00
7.877500057220458984e-01,1.229455867442116324e+00
9.367713332176208496e-01,1.204556343343104796e+00
6.470239758491516113e-01,1.196811475858031715e+00
1.187446951866149902e+00,1.185738323749320200e+00
7.528370022773742676e-01,1.205487955057867211e+00
2.307340055704116821e-01,1.213233562164522050e+00
8.772729635238647461e-01,1.139283003917043846e+00
2.742219865322113037e-01,1.149410616261584250e+00
9.923512339591979980e-01,1.152208244166966544e+00
7.200859785079956055e-01,1.161685374934997350e+00
7.269890308380126953e-01,1.195688744080847687e+00
6.872699856758117676e-01,1.175307233041672950e+00
8.352038264274597168e-01,1.172751309024069988e+00
1.023357987403869629e+00,1.181195763805700016e+00
9.300749897956847034e-01,1.207192361764005240e+00
5.104020237922668457e-01,1.214403077784885099e+00
4.551239907741546076e-01,1.174606889680268385e+00
7.012919783592224121e-01,1.138098814073291498e+00
1.123770236968993919e+00,1.152967627893408675e+00
4.689320027828217108e-01,1.204707354027277022e+00
1.145424962043762207e+00,1.186263894448748468e+00
1.557039022445678711e+00,1.188533783566317892e+00
1.062240004539489524e+00,1.272612660204531121e+00
2.247971057891845703e+00,1.265761992141779535e+00
8.389729857444763184e-01,1.320082495175344928e+00
6.386680006980895996e-01,1.301601494457003350e+00
1.085826039314270020e+00,1.177575935451246947e+00
6.923220157623291016e-01,1.196943328474088242e+00
1.279224038124084473e+00,1.200714479899664289e+00
4.283109903335570734e-01,1.216109602277160917e+00
8.846225738525390625e-01,1.195052065775724648e+00
9.259700179100035511e-01,1.165147656523205288e+00
9.073020219802856445e-01,1.203417408458667071e+00
8.741459846496582031e-01,1.205144096339640480e+00
7.683960199356079102e-01,1.201130697317302598e+00
7.523270249366759144e-01,1.190360687356000202e+00
1.977947235107421431e+00,1.180986987284349699e+00
6.822599768638610840e-01,1.275135540099216147e+00
2.116506099700928178e+00,1.268576588376391978e+00
1.727593064308166504e+00,1.280537742159608916e+00
1.114274978637695090e+00,1.360820023349554209e+00
1.102354049682617188e+00,1.282955739931321171e+00
6.531813144683837891e-01,1.234802234803410670e+00
1.023204803466796875e+00,1.198941456227132996e+00
1.108754038810729980e+00,1.193189948290171110e+00
1.829927563667297363e+00,1.228293902790914993e+00
1.265669584274291992e+00,1.291058835818622574e+00
1.030689358711242898e+00,1.302647780763268148e+00
1.099169254302978294e+00,1.240873273543195765e+00
7.758393883705139160e-01,1.228123740328193936e+00
8.666771054267883301e-01,1.208235148053433683e+00
7.614132165908813477e-01,1.190446767168473974e+00
1.078659296035766602e+00,1.189243979477813129e+00
6.600005030632019043e-01,1.205820659887912205e+00
6.280704736709594727e-01,1.197650472994084669e+00
9.000409841537475586e-01,1.163008506758299365e+00
1.011121273040771706e+00,1.181687040688737422e+00
7.521411776542663574e-01,1.211225446939820261e+00
6.799052953720092773e-01,1.199623728219832541e+00
6.504104733467102051e-01,1.174110820184507631e+00
9.056316018104552112e-01,1.166272109166289761e+00
7.056654095649719238e-01,1.183837730291807500e+00
6.592794060707092285e-01,1.187903770801315817e+00
7.808002829551696777e-01,1.168939143930513680e+00
9.280405640602111816e-01,1.174818187175961537e+00
3.888399899005889893e-01,1.195598550872509325e+00
2.337300032377243320e-01,1.165006925864489062e+00
3.949534893035888672e-01,1.111599663567159668e+00
7.839220166206359863e-01,1.112212579787747124e+00
9.723259806632995605e-01,1.154765720804751039e+00
1.345324039459228294e+00,1.199281802495204330e+00
6.804850101470947266e-01,1.242794094176842501e+00
8.075709939002990723e-01,1.219746216197011179e+00
9.960750937461850807e-01,1.178527162779834159e+00
4.713059961795806330e-01,1.202946327841713625e+00
1.126214265823364480e+00,1.176638506321672217e+00
7.747610211372375488e-01,1.187222875075059525e+00
8.005080223083496094e-01,1.210230637383639340e+00
1.195780038833618164e+00,1.185220560408807522e+00
4.899359941482543390e-01,1.217937079204855388e+00
7.445690035820007324e-01,1.193429985566220264e+00
8.565919995307922363e-01,1.159000572791280215e+00
7.605929970741271973e-01,1.187260124356231961e+00
7.421634793281555176e-01,1.188405311302954681e+00
8.745691180229187012e-01,1.179597745461433256e+00
1.477671980857849121e+00,1.188472673940712099e+00
5.030400156974792480e-01,1.245575527129876514e+00
2.968195915222167969e+00,1.216120191463377687e+00
4.084815025329589844e+00,1.333163123127104610e+00
4.121052026748656671e-01,1.611685869369689383e+00
6.408920288085937500e-01,1.410123447827340781e+00
1.060830354690551758e+00,1.144976686657735554e+00
1.886373996734619141e+00,1.195170808303275045e+00
3.931840062141417902e-01,1.291766716470932774e+00
1.045531988143920898e+00,1.239013734871590833e+00
8.046740293502807617e-01,1.174951488053349147e+00
8.532550334930419922e-01,1.206354074005599353e+00
7.301589846611022949e-01,1.191619057158061823e+00
2.700940072536468506e-01,1.185783345366008046e+00
5.079169869422912598e-01,1.140598012386127014e+00
1.267657995223999023e+00,1.123763173070946531e+00
3.999615430831908736e+00,1.201033172360772561e+00
2.102678060531615767e+00,1.472973632816087175e+00
1.291347503662109375e+00,1.536019113032287109e+00
2.390191078186035156e+00,1.325687760398327475e+00
1.599208950996399148e+00,1.348865141998449202e+00
1.298205018043518066e+00,1.371929360097732031e+00
1.360355019569396973e+00,1.287400379126900418e+00
4.276689887046813965e-01,1.269054158992357850e+00
3.897170126438140314e-01,1.201238084748610824e+00
1.546036005020141602e+00,1.126676938997678956e+00
8.653150200843811035e-01,1.213598635039094376e+00
8.454149961471557617e-01,1.249576450760961022e+00
1.435889005661010742e+00,1.195669661831338493e+00
6.206179141998291016e+00,1.240078678845295546e+00
9.077759981155394398e-01,1.659509292689746340e+00
5.264570116996765137e-01,1.613623045409953827e+00
9.704009890556335449e-01,1.174141637477614797e+00
6.997730135917663574e-01,1.179349535476591493e+00
6.361600160598754883e-01,1.192422666000855891e+00
6.393389701843261719e-01,1.166690677497566275e+00
5.699130296707153320e-01,1.162053366238959606e+00
4.694110155105590820e-01,1.156905488966193829e+00
8.482750058174133301e-01,1.143773877243593917e+00
6.324055790901184082e-01,1.165479864816750588e+00
3.047409951686859131e-01,1.177803815984613811e+00
2.148479968309402466e-01,1.135787249460435300e+00
4.153338372707366943e-01,1.103689277008379266e+00
9.913370013236998401e-01,1.112345710571637003e+00
7.429170012474058948e-01,1.172441619343645325e+00
8.799139857292175293e-01,1.197385890135573838e+00
1.240342974662780762e+00,1.188946042696811922e+00
3.054729998111724854e-01,1.227511954874096256e+00
1.285866022109985352e+00,1.182516359275094242e+00
1.090137004852295144e+00,1.186892184992419219e+00
3.773260116577148438e-01,1.247056221051213498e+00
2.288666009902954102e+00,1.176561152529135290e+00
8.070570230484008789e-01,1.270467580799132135e+00
8.929409980773925781e-01,1.302250160936469170e+00
1.832507014274596724e+00,1.194887488302482925e+00
7.223749756813049316e-01,1.274631876865895741e+00
7.407349944114685059e-01,1.260500341804841717e+00
1.236768960952758789e+00,1.176551142100569214e+00
7.108730077743530273e-01,1.216529489102443407e+00
6.473349928855895996e-01,1.213761937641492317e+00
1.024247765541076882e+00,1.168411129270588988e+00
7.440620064735412598e-01,1.192821775010248109e+00
5.768560171127319336e-01,1.200004462707862762e+00
1.137029051780700906e+00,1.165484706096956424e+00
4.941360056400298517e-01,1.196174118766529793e+00
1.271524906158447266e+00,1.189241708717497792e+00
8.988280296325682484e-01,1.200274668848239079e+00
8.299319744110107422e-01,1.231059699231687121e+00
5.502920150756835938e-01,1.197041476150028538e+00
8.491920232772827148e-01,1.170015032389972509e+00
7.995309829711914062e-01,1.171761831414943833e+00
8.413559794425964355e-01,1.190863513496456916e+00
7.240070104598999023e-01,1.190298854586226751e+00
6.538060307502746582e-01,1.184391005053495594e+00
6.538396477699279785e-01,1.169922425777185859e+00
8.085789680480957031e-01,1.164534506235171740e+00
2.556999921798706055e-01,1.176558859649234901e+00
1.151844024658203125e+00,1.145498148067722655e+00
1.088750958442687988e+00,1.172653500768203516e+00
8.547700047492980957e-01,1.236634094933237504e+00
1.052428960800170898e+00,1.213573513644144120e+00
1.797067999839782715e+00,1.210957797400016300e+00
8.751260042190551758e-01,1.284156588164431678e+00
7.571684122085571289e-01,1.269670945735255296e+00
9.052469730377196155e-01,1.189563217533404993e+00
6.141330003738403320e-01,1.192010425096525994e+00
6.452289819717407227e-01,1.180760221958076839e+00
8.408679962158203125e-01,1.160819746800899610e+00
6.755350232124328613e-01,1.178406558886947231e+00
1.084153056144714355e+00,1.180586407389422110e+00
1.359479665756225586e+00,1.199646705822742021e+00
5.357339978218078613e-01,1.252503739019289908e+00
7.839810252189636230e-01,1.209574710759681482e+00
1.015287995338439941e+00,1.165577895387941876e+00
1.319244027137756348e+00,1.202627125004454012e+00
1.176299691200256348e+00,1.244069875932344083e+00
1.307337045669555664e+00,1.256335828037142832e+00
2.298435926437377930e+00,1.255536607353023415e+00
8.794149756431579590e-01,1.342933399102205438e+00
1.578516006469726562e+00,1.308647156052037186e+00
9.928810000419616699e-01,1.253801841819686569e+00
1.017398953437805176e+00,1.262012644663848215e+00
4.884769916534423273e-01,1.218852888389410305e+00
1.209630966186523438e+00,1.179610773718256178e+00
1.519726991653442383e+00,1.195027133068972347e+00
1.571495056152343750e+00,1.274650698100250557e+00
1.192077994346618874e+00,1.302584222954014770e+00
1.402015686035156250e+00,1.276992684359786523e+00
1.162554860115051270e+00,1.264126729937844473e+00
1.253835797309875710e+00,1.261638505841425006e+00
1.734062552452087402e+00,1.250311747280701269e+00
2.394351005554199219e+00,1.294765549164009322e+00
1.886527061462402122e+00,1.383384898290082266e+00
9.099829792976379395e-01,1.394712885181852435e+00
1.049708962440490723e+00,1.279278983613675980e+00
1.277305960655212402e+00,1.214991610076352480e+00
4.846229851245879572e-01,1.243453644092552768e+00
8.322510123252868652e-01,1.199282813085878807e+00
3.410890102386474609e-01,1.165403114284233155e+00
8.153510093688964844e-01,1.153944544593910271e+00
6.998159885406494141e-01,1.153071967847513868e+00
6.866139769554138184e-01,1.180513176409975218e+00
7.018824815750122070e-01,1.170613524840867781e+00
7.204269766807556152e-01,1.170785895419136136e+00
6.408870220184326172e-01,1.173399279473974044e+00
1.001817584037780762e+00,1.168643869454035533e+00
1.450595021247863770e+00,1.190582567001905012e+00
1.099555015563964844e+00,1.253261640552042921e+00
1.254430413246154785e+00,1.260471734323327819e+00
7.186369895935058594e-01,1.245508839559657854e+00
9.891759753227234997e-01,1.215724046335962871e+00
4.281075000762940341e+00,1.195574446684416703e+00
7.096589803695678711e-01,1.473465335246533670e+00
8.907449841499328613e-01,1.448605034297891558e+00
1.608888030052185059e+00,1.187232599806593125e+00
1.184751033782958984e+00,1.257039750648142107e+00
6.946156024932861328e-01,1.279302536613405872e+00
7.754629850387573242e-01,1.208497720090968564e+00
9.269009828567504883e-01,1.177117513854845754e+00
9.248849749565125622e-01,1.195099774330200759e+00
8.752880096435546875e-01,1.206583124283395314e+00
8.627579808235168457e-01,1.202571049515846147e+00
8.495249748229979359e-01,1.197784564385682149e+00
6.132180094718933105e-01,1.195792690971302807e+00
8.710420131683349609e-01,1.176408867762092303e+00
9.089673757553100586e-01,1.178292548604198853e+00
9.856920242309571423e-01,1.201051319580329180e+00
1.309872984886169434e+00,1.209933794775270854e+00
5.933508276939392090e-01,1.241062601870272175e+00
1.131836414337158203e+00,1.210241832859803468e+00
2.261745929718017578e+00,1.197038032621091874e+00
2.399192094802856445e+00,1.326526210984843246e+00
2.269547939300537109e+00,1.424567970763150004e+00
1.452262043952941895e+00,1.425055078778267204e+00
1.311915040016174316e+00,1.351130700826428166e+00
1.275267004966735840e+00,1.277146443091114358e+00
8.153480291366577148e-01,1.263480692762466440e+00
6.043019890785217285e-01,1.224851051912817512e+00
1.101529002189636230e+00,1.173091128574413222e+00
4.356400072574616034e-01,1.195523185128697818e+00
8.039849996566772461e-01,1.181967702298338141e+00
5.734559893608093262e-01,1.159446990726449744e+00
4.163750112056731623e-01,1.169822004868722454e+00
7.749050259590148926e-01,1.139928904588580982e+00
3.839260041713714044e-01,1.155709756868624316e+00
1.054715037345886230e+00,1.152869055154175815e+00
5.931029915809631348e-01,1.174954011523919650e+00
8.359869718551635742e-01,1.190609519504517433e+00
9.755985140800477184e-01,1.174023666499197649e+00
1.098647952079772949e+00,1.203538242705933126e+00
8.061249852180480957e-01,1.223845498328609782e+00
7.896029949188232422e-01,1.210550645666205627e+00
5.455229878425598145e-01,1.186782653908695639e+00
7.707700133323669434e-01,1.166547666094777780e+00
8.110550045967102051e-01,1.165303287941366284e+00
1.002521038055420144e+00,1.185733699028818533e+00
9.160850048065185547e-01,1.203715421083971338e+00
9.283249974250793457e-01,1.211712610506244348e+00
9.950090050697327770e-01,1.206019167102921230e+00
1.038689017295837402e+00,1.212146865042097232e+00
5.214130282402038574e-01,1.220673004429987607e+00
1.159701943397521973e+00,1.183805925690473382e+00
1.195862650871276855e+00,1.193676250107366554e+00
8.844429850578308105e-01,1.245577816395587734e+00
7.702100276947021484e-01,1.224119738613978159e+00
8.937159776687622070e-01,1.191292942374873931e+00
5.142210125923156738e-01,1.192116161569096056e+00
6.410769820213317871e-01,1.172111122695288943e+00
1.203750014305114746e+00,1.152827805602692379e+00
1.136301159858703613e+00,1.206298749100735757e+00
8.814030289649963379e-01,1.244330418074965250e+00
8.651199936866759144e-01,1.219302114805608461e+00
7.377740144729614258e-01,1.198438208777059533e+00
9.422479867935180664e-01,1.187286845068541208e+00
7.158420085906982422e-01,1.193396608351008803e+00
2.920779883861541748e-01,1.191508428775042372e+00
1.124665260314941406e+00,1.141205881268914535e+00
1.247418999671936035e+00,1.173335408575615357e+00
3.693974971771239790e+00,1.246895570714734891e+00
8.573070168495178223e-01,1.447453876477331702e+00
8.385969996452331543e-01,1.414716213434602743e+00
9.632229804992675781e-01,1.194524159139545239e+00
7.316169738769531250e-01,1.202776474660394612e+00
7.014784216880798340e-01,1.194346661456829439e+00
1.365643024444580078e+00,1.174210692356357333e+00
6.786789894104003906e-01,1.223537752972690074e+00
8.193774819374084473e-01,1.221168491722009808e+00
1.044147372245788574e+00,1.179305919888516074e+00
8.748620152473449707e-01,1.207592580461407383e+00
7.164059877395629883e-01,1.211706728688951795e+00
9.379299879074096680e-01,1.186374472749355702e+00
5.393440127372741699e-01,1.191418919266400644e+00
8.087720274925231934e-01,1.177459053928010313e+00
6.020820140838623047e-01,1.167780909145637480e+00
9.824249744415283203e-01,1.172413607295885063e+00
7.866399884223937988e-01,1.186093592939532426e+00
6.810299754142761230e-01,1.200100567423521447e+00
6.642330288887023926e-01,1.176847938118799730e+00
6.040380001068115234e-01,1.167432226094566650e+00
8.265414834022521973e-01,1.161466842089094342e+00
5.594509840011596680e-01,1.174129584271030646e+00
1.633069962263107300e-01,1.170466203936328276e+00
5.747918486595153809e-01,1.119218126712461459e+00
8.527640104293823242e-01,1.120762685535448666e+00
2.149522066116333008e+00,1.173920911250621479e+00
1.239639997482299805e+00,1.296250693073644600e+00
2.139239072799682617e+00,1.325266501339806169e+00
6.937779784202575684e-01,1.325280793108512878e+00
7.631160020828247070e-01,1.281900383955074885e+00
1.109338045120239258e+00,1.176093761312135388e+00
9.241870045661927380e-01,1.208337637533048792e+00
1.305567026138305664e+00,1.220557146717331065e+00
8.699640035629272461e-01,1.235994632380887248e+00
8.599532246589660645e-01,1.231432312825043951e+00
1.108017444610595703e+00,1.197157302767919651e+00
8.591579794883728027e-01,1.215680576430532733e+00
9.039019942283630371e-01,1.215396390231564316e+00
1.023422956466674805e+00,1.199743995232759541e+00
8.504790067672729492e-01,1.212479217831399003e+00
1.527956604957580566e+00,1.208216781602021950e+00
9.952359795570373535e-01,1.247637000451984335e+00
1.141056060791015625e+00,1.258302845061062714e+00
1.980204939842223899e+00,1.228656233447121604e+00
1.851865053176879883e+00,1.305268654234789993e+00
1.589177966117858887e+00,1.360002337892880941e+00
2.123934030532836914e+00,1.329581468953990209e+00
1.204741954803466797e+00,1.351061551411770978e+00
1.227027416229248047e+00,1.320569030599732407e+00
1.131343960762024148e+00,1.251471530794127540e+00
1.116891980171203613e+00,1.245736013393963670e+00
1.040153026580810325e+00,1.237247266311511940e+00
7.681059837341308594e-01,1.230162270419740578e+00
7.666722536087036133e-01,1.203096736466475969e+00
8.607699871063232422e-01,1.182079554409428690e+00
5.301510095596313477e-01,1.189283186151738780e+00
9.909179806709289551e-01,1.170818535712812691e+00
9.618239998817442737e-01,1.181227757982039384e+00
8.381230235099792480e-01,1.214378379196473956e+00
8.131660223007202148e-01,1.202520408136328989e+00
8.752340078353881836e-01,1.191072903164445584e+00
8.812961578369140625e-01,1.193980316233507200e+00
9.057049751281737171e-01,1.199221847494496007e+00
1.355970025062561035e+00,1.201585817433691084e+00
2.043754577636718750e+00,1.238496196583554365e+00
2.364957094192504883e+00,1.326802555044064968e+00
2.233561992645264116e+00,1.405026685717754020e+00
8.372840285301208496e-01,1.419589639753143118e+00
9.040349721908569336e-01,1.300358825336436874e+00
7.228699922561645508e-01,1.198073112881302249e+00
1.032919287681579590e+00,1.189118419997748699e+00
9.367759823799132191e-01,1.199300974157768263e+00
7.624319791793823242e-01,1.215659605193071258e+00
7.721610069274902344e-01,1.194709897348032124e+00
1.243505001068115234e+00,1.182070239950661517e+00
7.468199729919433594e-01,1.219470266997094710e+00
1.419505119323730469e+00,1.217076325499804268e+00
7.347676753997802734e-01,1.231217295086812324e+00
1.074026942253112793e+00,1.229676295510924833e+00
9.692379832267760120e-01,1.203412122355318026e+00
8.089560270309448242e-01,1.221346572525606300e+00
8.223479986190795898e-01,1.200822224580261555e+00
5.762249827384948730e-01,1.189545477757304237e+00
6.765879988670349121e-01,1.171447330859006541e+00
9.015229940414428711e-01,1.160345070319820371e+00
8.627583980560302734e-01,1.185529505634611347e+00
1.055613875389099121e+00,1.199801009866233281e+00
9.391199946403503418e-01,1.211819745497547673e+00
7.824029922485351562e-01,1.217587199380883778e+00
8.782749772071838379e-01,1.196442736931905726e+00
1.109990954399108887e+00,1.191852722755640803e+00
1.164981961250305176e+00,1.217243034447196948e+00
1.475479006767273171e+00,1.239347806797531426e+00
7.344660162925720215e-01,1.267763655573708625e+00
1.143465042114257812e+00,1.233959394692679234e+00
2.958764553070068359e+00,1.208789410106482443e+00
2.038712024688720703e+00,1.381875108314643885e+00
9.367650747299193226e-01,1.450295648087633227e+00
1.001402020454406738e+00,1.293094924043600491e+00
7.492939829826354980e-01,1.213293133330504148e+00
9.457820057868958630e-01,1.198655305868049803e+00
1.164842009544372559e+00,1.194556642107915678e+00
9.045109748840332031e-01,1.226703080786535116e+00
5.778343677520751953e-01,1.223295215290820082e+00
7.607790231704711914e-01,1.177882946343462800e+00
8.009672760963441052e-01,1.167008158749198721e+00
6.709719896316528320e-01,1.184182060158120553e+00
3.086133003234863725e+00,1.177166865469866597e+00
1.018260955810546875e+00,1.355335249027769695e+00
1.114386796951293945e+00,1.380300836475303772e+00
1.229098439216613770e+00,1.228351952496923083e+00
1.245597958564758301e+00,1.244677944587217810e+00
5.376980304718017578e-01,1.254792893862774594e+00
7.949647903442382812e-01,1.200972414644024155e+00
1.209460973739624023e+00,1.166581927900458115e+00
9.914460182189940296e-01,1.218575199149037669e+00
7.495359778404235840e-01,1.233493247236618462e+00
8.522210121154785156e-01,1.197908907056618455e+00
9.499999880790708229e-01,1.187301995658634590e+00
6.329939961433410645e-01,1.202795438610211098e+00
8.296039700508117676e-01,1.185664227797751158e+00
1.060515046119689941e+00,1.176591500115941713e+00
6.726049780845642090e-01,1.209651868278255771e+00
7.929700016975402832e-01,1.197235941246137081e+00
9.556260704994201660e-01,1.176787293636756271e+00
7.782499790191650391e-01,1.198678692690184899e+00
6.364319920539855957e-01,1.197388430446333807e+00
6.556333899497985840e-01,1.172738302655740750e+00
8.762890100479125977e-01,1.163339868156491486e+00
6.824830174446105957e-01,1.181958465751153264e+00
7.950311899185180664e-01,1.183847506276254791e+00
1.017485976219177246e+00,1.177706187123928716e+00
1.230221033096313699e+00,1.203647463058741707e+00
9.125559926033020020e-01,1.237308272201763648e+00
1.030437946319579856e+00,1.228950464061117076e+00
6.127780079841613770e-01,1.213690329331901241e+00
3.667230010032653253e-01,1.190273431856882613e+00
5.604230165481567383e-01,1.139091990623553263e+00
8.102909922599792480e-01,1.135248766009804955e+00
7.236457467079162598e-01,1.169517546401854124e+00
6.627830266952514648e-01,1.181976385826386089e+00
8.224419951438903809e-01,1.170592098696575434e+00
6.781139969825744629e-01,1.178323048642279103e+00
3.209959864616393488e-01,1.179371391575459560e+00
7.439860105514526367e-01,1.140555688446252658e+00
7.004669904708862305e-01,1.145988937739251146e+00
1.274258971214294434e+00,1.175082098674372411e+00
6.211659908294677734e-01,1.216349650746602729e+00
1.067494988441467285e+00,1.209666942965121450e+00
1.265694975852966309e+00,1.194173063840434645e+00
9.348030090332032360e-01,1.243918452140901465e+00
1.085708975791931152e+00,1.233411139839292625e+00
5.883709788322448730e-01,1.219701074490868953e+00
4.636880159378052313e-01,1.192623410957756480e+00
8.750243186950683594e-01,1.144745971068119372e+00
4.834130108356476385e-01,1.167118375001191088e+00
4.560469985008240301e-01,1.168282277843412542e+00
7.238804101943969727e-01,1.136099915019852746e+00
4.748429954051970880e-01,1.154792523457605080e+00
9.588437080383299671e-01,1.156012296577379139e+00
1.794360995292663574e+00,1.174487142632305137e+00
1.210453987121582031e+00,1.276735491899320563e+00
4.008429944515228271e-01,1.295599877141291989e+00
5.836449861526489258e-01,1.187632097792145291e+00
8.660610318183898926e-01,1.139668718848073636e+00
7.764859795570373535e-01,1.175634051222690823e+00
5.888479948043823242e-01,1.190368312421370645e+00
4.327859878540038507e-01,1.168906027301627848e+00
5.545350313186645508e-01,1.142383740390981117e+00
1.149551987648010476e+00,1.139859979923028455e+00
9.776459932327271618e-01,1.195432426224074529e+00
2.302707910537720171e+00,1.227810189420335485e+00
7.962800264358520508e-01,1.317829409093368875e+00
6.104800105094909668e-01,1.302492374835185318e+00
6.522138714790344238e-01,1.172106696070082332e+00
1.032202124595642090e+00,1.161081801316666828e+00
8.200139999389648438e-01,1.193815099911826882e+00
1.039114952087402344e+00,1.206522322094387478e+00
9.508559703826903187e-01,1.207250111253997060e+00
7.736063003540039062e-01,1.217231422490162807e+00
1.383889913558959961e+00,1.196660768260683794e+00
6.069999933242797852e-01,1.230505954362936416e+00
9.455270171165466309e-01,1.216995267380136969e+00
3.923240005970001221e-01,1.183603535796804662e+00
9.679385423660278320e-01,1.166620275594230094e+00
9.072690010070799671e-01,1.168856759356690977e+00
2.479866981506348100e+00,1.208367987700798452e+00
1.045583963394165039e+00,1.326227419223134696e+00
1.536522984504699707e+00,1.335611381151533328e+00
4.812009930610657293e-01,1.263324739076742365e+00
8.617479801177978516e-01,1.218947327523439483e+00
1.127727031707763672e+00,1.167431748349275100e+00
9.895502924919128418e-01,1.217351949840941083e+00
9.099559783935547985e-01,1.227057685492574102e+00
1.239764332771301270e+00,1.210238579363466238e+00
1.379981994628906250e+00,1.229777944992505478e+00
7.663900256156921387e-01,1.266082467061975247e+00
8.156750202178955078e-01,1.229096624619349543e+00
1.299479961395263672e+00,1.185756280702747079e+00
7.149469852447509766e-01,1.227172732049771398e+00
8.305460214614868164e-01,1.218901511745313693e+00
9.092410206794740990e-01,1.182959931146163379e+00
7.411040067672729492e-01,1.197960038426148177e+00
5.047770142555236816e-01,1.190935867422970418e+00
9.697520136833192028e-01,1.159659160149512536e+00
1.049844980239868164e+00,1.177633850029051965e+00
5.644329786300659180e-01,1.219598523351509201e+00
9.593539834022521973e-01,1.188006735248834378e+00
9.383450150489808239e-01,1.181408149304501887e+00
7.079470157623291016e-01,1.210125053237636195e+00
4.484339952468871515e-01,1.190594782231261695e+00
5.337110161781311035e-01,1.152738568466538771e+00
5.215386152267456055e-01,1.139444201590112726e+00
6.405649781227111816e-01,1.145042560174584834e+00
1.660409450531006081e+00,1.153349701902430802e+00
1.622156023979186790e+00,1.241795310564125288e+00
3.623536109924316406e+00,1.317385074670873069e+00
9.065989851951601342e-01,1.470955123739878800e+00
7.756379842758178711e-01,1.413123236131623495e+00
6.443409919738770641e-01,1.193417498909621788e+00
5.499600172042846680e-01,1.173152190465977629e+00
1.367677569389343262e+00,1.155739966757994841e+00
8.148130178451538086e-01,1.212044353957884457e+00
8.623980283737182617e-01,1.231918571844678345e+00
8.134710192680358887e-01,1.193108967554638467e+00
9.060310125350952148e-01,1.192962006275724240e+00
1.311033964157104492e+00,1.196398146677292162e+00
1.474902033805847168e+00,1.235023232430764173e+00
1.186140060424804910e+00,1.278969018764655630e+00
2.092472076416016069e+00,1.269089240504438054e+00
1.301861047744750977e+00,1.317504210983470481e+00
1.221997022628784180e+00,1.325720852625669854e+00
1.078873991966247559e+00,1.258556823250949419e+00
7.863690257072448730e-01,1.241263631081178209e+00
7.093420028686523438e-01,1.207493753839262274e+00
5.645610094070434570e-01,1.179027165162514379e+00
1.092841982841491699e+00,1.161863922445188324e+00
3.955059945583344061e-01,1.191793903208003824e+00
1.195796012878417969e+00,1.178181573439619045e+00
2.998351097106933594e+00,1.186807926476823427e+00
2.585943937301636186e+00,1.389014538465485726e+00
1.655773043632507102e+00,1.496257629415805868e+00
8.921740055084229626e-01,1.391479525878599022e+00
8.955079913139343262e-01,1.260117153864691364e+00
1.585399031639099121e+00,1.201629014643350812e+00
1.210371017456054910e+00,1.255576856069876346e+00
9.857040047645567737e-01,1.279489613471941567e+00
6.761519908905029297e-01,1.233116339510020643e+00
9.457439780235291638e-01,1.191762364007000086e+00
5.141820311546325684e-01,1.188933294855306633e+00
7.144280076026916504e-01,1.176104095010714889e+00
7.917379736900329590e-01,1.158520987634061195e+00
6.024960279464721680e-01,1.179904066540623964e+00
1.012339949607849121e+00,1.171137584759710304e+00
6.310235261917114258e-01,1.188450708041289161e+00
5.426099896430969238e-01,1.190301046998555101e+00
7.744219899177551270e-01,1.154146973554683653e+00
8.376209735870361328e-01,1.165363305717196374e+00
7.503905892372131348e-01,1.188079214118640703e+00
1.614240050315856934e+00,1.186154681705497538e+00
7.141630053520202637e-01,1.246652449433325982e+00
6.486989855766296387e-01,1.243057273884274005e+00
3.861860036849975586e-01,1.168769731790532562e+00
3.990480005741119385e-01,1.143358887883001440e+00
1.103790521621704102e+00,1.124219528676363877e+00
8.070139884948729359e-01,1.179929089771484696e+00
1.107607960700988770e+00,1.211015199254755093e+00
7.170349955558776855e-01,1.211578102733524842e+00
1.687772989273071289e+00,1.204310603052911821e+00
8.082039952278137207e-01,1.249811390355566987e+00
1.564818024635314941e+00,1.256040786511775531e+00
1.256489992141723633e+00,1.247253621898786635e+00
7.375509738922119141e-01,1.281498516821520495e+00
8.364729881286621094e-01,1.217353837318174703e+00
1.015761017799377441e+00,1.185157140829877331e+00
6.945540308952331543e-01,1.206699076042253349e+00
9.518219828605651855e-01,1.195502841652175352e+00
5.585229992866516113e-01,1.190819745788936457e+00
1.855298042297363503e+00,1.180016525080052281e+00
8.210539817810058594e-01,1.250657094156670590e+00
8.359720110893249512e-01,1.269943205808815812e+00
6.805480122566223145e-01,1.191534174162746762e+00
1.030328035354614480e+00,1.180599878418735260e+00
8.423720002174377441e-01,1.195846833272936838e+00
5.589337944984436035e-01,1.208117123405164195e+00
7.334340214729309082e-01,1.171641761682804095e+00
8.426809906959533691e-01,1.163432825745179588e+00
8.706315755844116211e-01,1.185323358726071419e+00
8.863990306854248047e-01,1.195890731124751749e+00
8.493610024452209473e-01,1.199264884278652188e+00
1.331516027450561523e+00,1.197596871911577709e+00
1.645591020584106445e+00,1.232257469814194373e+00
1.411272048950195090e+00,1.293854080279614349e+00
1.046331048011779785e+00,1.299791658157103624e+00
8.349300026893615723e-01,1.253298543393290609e+00
1.090394020080566406e+00,1.208768662425873108e+00
6.141669750213623047e-01,1.212385498851348276e+00
8.252440094947814941e-01,1.194988892569632144e+00
1.047114968299865501e+00,1.174806701181688284e+00
4.695149958133698065e-01,1.208274408485330742e+00
7.520099878311157227e-01,1.180419999085058791e+00
6.718119978904724121e-01,1.158010836344048888e+00
6.571980118751525879e-01,1.173471916542254245e+00
7.795739769935607910e-01,1.166177923826612339e+00
6.211889982223510742e-01,1.174563044507313858e+00
9.608931541442872204e-01,1.171655704857637037e+00
7.402380108833312988e-01,1.185887938148249443e+00
6.151059865951538086e-01,1.194837853687003459e+00
5.818247795104979359e-01,1.168162367789393086e+00
6.529520153999328613e-01,1.155970342111875659e+00
7.834500074386596680e-01,1.158939266823515668e+00
8.276180028915405273e-01,1.174538105926303588e+00
2.505017042160034180e+00,1.187995338149300695e+00
1.417585968971252441e+00,1.322046229514802551e+00
1.226507544517517090e+00,1.366607339299787061e+00
9.694439768791200951e-01,1.267819969445293404e+00
8.129550218582153320e-01,1.233092296255454245e+00
5.289899706840515137e-01,1.201149020155107383e+00
4.789490103721618097e-01,1.167056513205879220e+00
9.671270251274107776e-01,1.141374216513253659e+00
4.701859951019286554e-01,1.175446127498078530e+00
2.416239976882934293e-01,1.174328024680839633e+00
1.994680017232894897e-01,1.118448527839413620e+00
4.732620120048523504e-01,1.097660002767916865e+00
9.621880054473875843e-01,1.115659541970025259e+00
9.829789996147154651e-01,1.174625577626497108e+00
1.026576042175292969e+00,1.213814861609161078e+00
9.651920199394226074e-01,1.218805366743858087e+00
1.983185052871704324e+00,1.217382465979693240e+00
1.286525964736938477e+00,1.291944778713170816e+00
1.736924052238464355e+00,1.316093418697561690e+00
7.533379793167114258e-01,1.297508473637595472e+00
1.062494039535522461e+00,1.255552023428786690e+00
8.256469964981079102e-01,1.203942713459366098e+00
1.418092012405395508e+00,1.209289324901782869e+00
1.250364065170288086e+00,1.237172071693561914e+00
1.089423060417175293e+00,1.269717762128208527e+00
8.687390089035034180e-01,1.244268111641969599e+00
1.307837963104248047e+00,1.214711846359963987e+00
7.601559758186340332e-01,1.231905324591157314e+00
8.579840064048767090e-01,1.223061820303674274e+00
1.067142963409423828e+00,1.188565935924687178e+00
6.799880266189575195e-01,1.212349461294380593e+00
8.352749943733215332e-01,1.198319401648182403e+00
1.010563969612121582e+00,1.180641911306276937e+00
7.260069847106933594e-01,1.206202783533727452e+00
5.901079773902893066e-01,1.197548856217994784e+00
7.406870126724243164e-01,1.165127760286884140e+00
7.620100975036621094e-01,1.166389800333888616e+00
5.811070203781127930e-01,1.179610962339959990e+00
8.903719782829283558e-01,1.167193080783242465e+00
7.301949858665466309e-01,1.177328203108356508e+00
1.265586972236633301e+00,1.188637973798327696e+00
9.180610179901124157e-01,1.217961019663250877e+00
8.252680301666259766e-01,1.232099755679892050e+00
9.114630222320554420e-01,1.198157037245120238e+00
9.657319784164427601e-01,1.197727156817670835e+00
7.146480083465576172e-01,1.208573175484050299e+00
8.502969741821289062e-01,1.193220258053618865e+00
8.405809998512268066e-01,1.184472029684003669e+00
1.191807866096496582e+00,1.194139688124710830e+00
7.976800203323364258e-01,1.220709833791576715e+00
8.885610103607177734e-01,1.217057327591328564e+00
9.655410051345824085e-01,1.193826350708679485e+00
5.838339924812316895e-01,1.206797622786884183e+00
8.865389823913574219e-01,1.183037464151750040e+00
8.750730156898498535e-01,1.177239807231889479e+00
6.929270029067993164e-01,1.199606866535337435e+00
5.519689917564392090e-01,1.184565802486931663e+00
5.465030074119567871e-01,1.159625715400922408e+00
7.512239813804626465e-01,1.148381780165175670e+00
7.843149900436401367e-01,1.163860252211345481e+00
6.109840273857116699e-01,1.182153800848552816e+00
7.992020249366759144e-01,1.171226962538789218e+00
5.405290126800537109e-01,1.172538832571921485e+00
9.266330003738403320e-01,1.166896813784879861e+00
5.896059870719909668e-01,1.177029216367647679e+00
5.182790160179138184e-01,1.180497033885504310e+00
6.216366887092590332e-01,1.149078918395475934e+00
7.315016984939575195e-01,1.151629761253289308e+00
8.715350031852722168e-01,1.168097231003470071e+00
2.576299905776976984e-01,1.187417642535372408e+00
3.547430038452147882e-01,1.150479580505283650e+00
1.424710035324096902e+00,1.110926224517727601e+00
1.588093161582946777e+00,1.201473269964990154e+00
1.510810017585754395e+00,1.296553804168094404e+00
6.637499928474426270e-01,1.303121969309796402e+00
9.182999730110168457e-01,1.231173946239283667e+00
9.455379843711853027e-01,1.185847195283214361e+00
8.895260095596313477e-01,1.207528173612041789e+00
7.889080047607421875e-01,1.205265929251900570e+00
8.079270124435424805e-01,1.193137126180492169e+00
6.742079854011535645e-01,1.186884124991356204e+00
7.401880025863647461e-01,1.177952908359657158e+00
7.983270287513732910e-01,1.172809228864076347e+00
7.760372757911682129e-01,1.182394982872650546e+00
7.851629853248596191e-01,1.185129129833105255e+00
1.024798870086670144e+00,1.184125949689406099e+00
8.841310143470764160e-01,1.203457606077925623e+00
1.171491026878356934e+00,1.210940017709578820e+00
7.665730118751525879e-01,1.222478436765522813e+00
1.054823040962219238e+00,1.213075120149571751e+00
1.034250974655151367e+00,1.204363528428929797e+00
7.633029818534851074e-01,1.224928253396158073e+00
6.365630030632019043e-01,1.202269548421276202e+00
5.399640202522277832e-01,1.171600567011369387e+00
8.178460001945495605e-01,1.154366705202691801e+00
8.135920166969299316e-01,1.168533436391047120e+00
9.839289784431458630e-01,1.189547928967513712e+00
8.986790180206298828e-01,1.202464603039340885e+00
6.926850080490112305e-01,1.208929261726405135e+00
6.764680147171020508e-01,1.186360640196058469e+00
6.547859907150268555e-01,1.169277686755439527e+00
8.509550094604492188e-01,1.166348068990005427e+00
6.557850241661071777e-01,1.179924536674542779e+00
8.856279850006103516e-01,1.179826460686854039e+00
9.303160309791563831e-01,1.182695924215343197e+00
7.123904824256896973e-01,1.203832670898175472e+00
6.544970273971557617e-01,1.190323237289860003e+00
9.782410264015198864e-01,1.169084045315631259e+00
8.733990192413330078e-01,1.189795561715571326e+00
6.319249868392944336e-01,1.206525795466433681e+00
8.613430261611938477e-01,1.179696361398598681e+00
6.160370111465454102e-01,1.178975761289083435e+00
6.686739921569824219e-01,1.177535667083317028e+00
1.007030010223388894e+00,1.162786901566286613e+00
9.358490109443665661e-01,1.193122988090071335e+00
1.113351941108703613e+00,1.213596702338140210e+00
9.273632764816285290e-01,1.221932342460110954e+00
9.193540215492249645e-01,1.221112992450925860e+00
6.497738957405090332e-01,1.206188504646001025e+00
8.034440279006958008e-01,1.184613889443574486e+00
7.462270259857177734e-01,1.175847577290686008e+00
7.597569823265075684e-01,1.183205350361493213e+00
1.126011013984680176e+00,1.179861429042383669e+00
1.423818945884704590e+00,1.209376221298499976e+00
5.316870212554931641e-01,1.260737832653499702e+00
1.097100019454955833e+00,1.214207231242131257e+00
9.711959958076475941e-01,1.189598940742508271e+00
5.659890174865722656e-01,1.223273571758890732e+00
1.088876962661743164e+00,1.182085057286902385e+00
1.923168003559112549e-01,1.191595386524981315e+00
3.752999901771545410e-01,1.162092118119296691e+00
4.178839921951293945e-01,1.107513967652570708e+00
4.822100102901458185e-01,1.124846061461456381e+00
8.997989892959594727e-01,1.133103504782718485e+00
6.762999892234802246e-01,1.170465339617318801e+00
1.075533032417297363e+00,1.185173170326802916e+00
