8.640019893646240234e-01,7.353349804601517770e-01
8.469420075416564941e-01,8.047899138978161782e-01
7.976629734039306641e-01,8.599691023933040412e-01
9.608020186424257592e-01,8.313126124903712499e-01
3.470349907875061035e-01,8.206722089405303899e-01
9.546210169792177513e-01,8.592396504290565895e-01
5.251880288124084473e-01,8.637317539430747759e-01
1.275226235389709695e+00,9.102150061589379115e-01
8.723750114440917969e-01,8.257538795472040283e-01
7.321749925613403320e-01,8.314649946939322023e-01
7.640249729156494141e-01,7.842095130754612731e-01
4.752210080623626154e-01,8.217699843902017687e-01
7.414129972457885742e-01,8.767897091316961822e-01
1.258002042770385520e+00,8.774831652211749766e-01
7.274609804153442383e-01,8.949579294186322809e-01
7.892770171165466309e-01,8.073463834694745156e-01
6.914690136909484863e-01,7.871600716127969966e-01
7.093830108642578125e-01,8.435641614693221157e-01
1.014547944068908691e+00,8.422960012414326680e-01
4.182830154895783026e-01,8.444965288858901076e-01
1.002280950546264648e+00,8.432280927512046942e-01
1.143296003341674805e+00,8.166717790750565031e-01
6.746559739112854004e-01,8.416738661878050420e-01
6.009536385536193848e-01,7.536355104423034801e-01
6.538079977035522461e-01,8.164406098268894851e-01
7.814120054244995117e-01,8.689320058327179019e-01
8.469259738922119141e-01,8.805771293374764497e-01
6.482390165328979492e-01,8.353685749981061281e-01
5.623700022697448730e-01,8.370563215442825555e-01
1.099647998809814453e+00,8.619821671060349244e-01
9.541710019111632191e-01,8.949567176095408749e-01
6.694499850273132324e-01,8.490083301635009683e-01
6.464660167694091797e-01,7.670170771483998395e-01
8.223180174827575684e-01,8.114187012847942082e-01
8.300920128822326660e-01,8.594880830148831086e-01
1.067314028739929199e+00,8.345847737199544314e-01
6.827279925346374512e-01,7.958278705878246706e-01
6.464239954948425293e-01,7.566614537581487498e-01
6.881093978881835938e-01,7.642475471604912585e-01
6.500350236892700195e-01,8.295059630919655591e-01
8.693690299987792969e-01,8.639917771283922576e-01
4.518609941005706787e-01,8.731412359384043143e-01
4.952389895915984552e-01,8.872170180161857989e-01
6.850870251655578613e-01,8.920545766722541847e-01
8.653740286827087402e-01,9.246282691960532318e-01
7.400469779968261719e-01,8.808386217233853399e-01
8.204330205917358398e-01,8.507555777315350953e-01
1.108605027198791504e+00,8.334475320388301522e-01
4.751499891281127930e-01,8.360191907658005572e-01
9.457899928092955433e-01,8.203970720737645550e-01
7.877500057220458984e-01,7.967256009577207143e-01
9.367713332176208496e-01,8.455806986205556264e-01
6.470239758491516113e-01,7.902081272161912695e-01
1.029777050018310325e+00,8.219445635497067970e-01
9.328820109367371716e-01,8.054656973076389503e-01
7.528370022773742676e-01,7.927389060299475654e-01
2.307340055704117099e-01,7.102153962219044381e-01
8.772729635238647461e-01,8.922548177020630522e-01
7.876309752464294434e-01,9.521160273486458658e-01
3.992269933223724365e-01,9.935671588440655455e-01
9.923512339591979980e-01,8.634189288391361794e-01
7.200859785079956055e-01,8.641043186468034820e-01
7.269890308380126953e-01,8.934159764939502146e-01
9.301019906997679554e-01,8.222898043489398345e-01
8.662552833557128906e-01,8.294741029936028021e-01
8.352038264274597168e-01,8.360183398724742032e-01
1.023357987403869629e+00,8.132379727665260960e-01
9.300749897956849255e-01,8.051222185515448659e-01
8.702930212020874023e-01,7.890514160795603082e-01
1.025817990303039551e+00,7.444575186969788483e-01
4.551239907741546076e-01,7.707604701885252263e-01
7.012919783592224121e-01,8.310507242349217671e-01
1.123770236968993919e+00,8.684469979010628338e-01
4.825370013713837225e-01,9.137139919101890939e-01
8.755196928977966309e-01,8.596558869527091140e-01
1.145424962043762207e+00,8.321469195087393134e-01
1.557039022445678711e+00,8.713224911843159282e-01
1.062240004539489524e+00,8.328040795725940582e-01
7.867829799652099609e-01,7.300668832243292217e-01
5.664669871330261230e-01,7.223552855432381348e-01
8.389729857444763184e-01,7.598497047096627321e-01
6.386680006980895996e-01,8.308462573151178532e-01
1.085826039314270020e+00,8.461343790371019802e-01
6.014299988746643066e-01,8.311155829412590901e-01
8.782439827919006348e-01,8.589686709056564284e-01
1.279224038124084473e+00,8.077248215296874978e-01
4.283109903335570734e-01,8.464447793175807755e-01
8.846225738525390625e-01,8.443287490500203107e-01
7.809653878211975098e-01,8.423146687423236356e-01
9.178640246391297497e-01,8.919905618853032347e-01
9.073020219802857556e-01,7.981348011020279465e-01
8.741459846496582031e-01,7.775345682995089547e-01
7.683960199356079102e-01,7.663810689690017108e-01
9.357339143753051758e-01,7.973052442019570307e-01
6.247839927673339844e-01,8.162444419018294317e-01
1.977947235107421653e+00,8.274979294702337063e-01
6.822599768638610840e-01,9.388246320392666933e-01
2.116506099700928178e+00,9.795402442590334102e-01
2.030230045318603516e+00,9.726054542675157677e-01
1.321619033813476562e+00,1.051240243835514843e+00
1.114274978637695090e+00,9.205014707587336753e-01
1.102354049682617188e+00,8.214404217098647543e-01
6.531813144683837891e-01,6.818291282103704498e-01
6.168276071548461914e-01,7.260890610658107258e-01
1.176781058311462402e+00,7.976738314500907423e-01
1.108754038810729980e+00,8.504471549626724247e-01
1.829927563667297363e+00,7.994493355605581941e-01
1.265669584274291992e+00,7.599112355534536345e-01
7.930377125740051270e-01,7.871430888040844565e-01
8.210232257843017578e-01,7.453785845702050050e-01
1.099169254302978294e+00,7.147973472391224714e-01
7.758393883705139160e-01,7.241426785458643378e-01
8.666771054267883301e-01,7.525157327745634062e-01
8.462041020393371582e-01,7.692150293474786515e-01
6.587246060371398926e-01,8.185100120513306710e-01
1.078659296035766602e+00,8.349358339475942969e-01
6.600005030632019043e-01,8.372087367835880922e-01
6.280704736709594727e-01,8.315341379627217977e-01
6.864575743675231934e-01,7.705156549676468458e-01
7.342569231986999512e-01,8.213750454016089941e-01
1.011121273040771706e+00,8.403268785743417402e-01
7.521411776542663574e-01,8.462379073149031150e-01
6.799052953720092773e-01,8.092820406702172509e-01
7.211565971374511719e-01,8.011411133911811033e-01
7.167106270790100098e-01,8.403371358146941583e-01
9.056316018104552112e-01,8.303825205436435875e-01
7.056654095649719238e-01,8.236901449335672920e-01
6.592794060707092285e-01,8.216487666287961567e-01
6.634064316749572754e-01,8.406622778934811357e-01
7.565907239913940430e-01,8.805519172042723941e-01
9.424405694007873535e-01,8.754768847811068566e-01
3.888399899005889893e-01,8.610991070182056895e-01
2.337300032377243042e-01,8.670763110443632238e-01
1.459127068519592563e-01,9.635239574106333471e-01
9.678409695625302955e-01,1.086473112298770749e+00
7.839220166206359863e-01,1.124705181337539717e+00
9.723259806632995605e-01,1.041542253022018638e+00
1.345324039459228294e+00,8.196312604871598406e-01
7.227010130882263184e-01,8.088382414752145477e-01
7.610610127449035645e-01,7.510898283982930801e-01
8.075709939002990723e-01,7.331353726462471743e-01
9.960750937461851917e-01,7.905876106073983500e-01
4.713059961795806885e-01,8.151838108159600305e-01
1.047140955924987793e+00,8.245733492853127844e-01
2.560461759567260742e+00,8.264462827351686247e-01
7.777400016784667969e-01,1.346231600036656317e+00
8.005080223083496094e-01,1.258877682058772152e+00
1.195780038833618164e+00,1.097529767312764637e+00
7.970449924468994141e-01,9.617814359472734997e-01
9.918130040168761097e-01,8.002142049851198591e-01
7.445690035820007324e-01,7.020704799234758209e-01
8.565919995307922363e-01,7.796058707497536266e-01
7.605929970741271973e-01,8.025787731565433569e-01
9.213209748268128552e-01,8.362706350465435312e-01
7.329360246658325195e-01,8.144749345253392558e-01
8.745691180229187012e-01,8.148923466633190005e-01
1.477671980857849121e+00,7.969408500108843274e-01
5.030400156974792480e-01,9.019207408943270554e-01
7.066659927368164062e-01,8.531672738456769212e-01
1.255300998687743919e+00,7.733493017942614234e-01
4.084815025329589844e+00,8.341146318992682662e-01
4.121052026748657227e-01,1.626424115266706494e+00
6.408920288085937500e-01,1.434909461989914758e+00
7.065470218658447266e-01,1.362297103254418884e+00
1.880954027175903542e+00,8.874776062555633782e-01
1.886373996734619141e+00,9.530847349795237289e-01
3.931840062141418457e-01,9.817362865056513677e-01
1.045531988143920898e+00,8.432070902097649201e-01
6.588029861450195312e-01,8.276311446424823304e-01
8.740410208702087402e-01,8.500014177108108360e-01
8.532550334930419922e-01,8.033071155513231698e-01
7.301589846611022949e-01,8.278014380759618485e-01
2.700940072536468506e-01,8.077600073984972928e-01
4.911319911479949951e-01,9.162559568788277709e-01
1.224020004272460938e+00,9.752738862263209407e-01
1.267657995223999023e+00,1.057420053438284047e+00
3.999615430831908736e+00,8.930173930253268999e-01
2.102678060531615767e+00,1.654541645499550739e+00
1.283689975738525391e+00,2.321548194671493537e+00
1.353754043579101562e+00,2.144428873051976048e+00
2.390191078186035156e+00,2.039624562980447919e+00
1.599208950996399148e+00,1.771106601936814684e+00
1.298205018043518066e+00,1.244554115167811892e+00
1.579622030258178711e+00,8.996033844702917559e-01
8.036410212516784668e-01,7.493954449312121291e-01
4.276689887046813410e-01,6.810475754619281785e-01
3.897170126438140869e-01,7.387892274231928624e-01
1.546036005020141602e+00,8.708833347644451273e-01
1.017611026763915794e+00,9.479229106320999909e-01
6.194109916687011719e-01,9.102659578740629476e-01
8.454149961471557617e-01,7.429475134275298487e-01
1.435889005661010742e+00,7.687279212535086392e-01
6.206179141998291016e+00,8.260146270903758747e-01
9.309499859809875488e-01,2.698366277884171716e+00
4.609797894954681952e-01,2.421608390547223877e+00
5.264570116996765137e-01,1.970326907754183399e+00
9.704009890556334339e-01,1.338358847076944524e+00
6.997730135917663574e-01,1.084377565985843672e+00
6.903669834136962891e-01,8.410474927261817335e-01
9.726700186729432263e-01,8.398780794739134636e-01
6.393389701843261719e-01,8.538289674401375873e-01
5.699130296707153320e-01,8.284060764574722180e-01
4.694110155105590820e-01,8.264613860485470198e-01
9.054309725761413574e-01,8.940596883517686333e-01
6.566630005836486816e-01,9.050005084111468756e-01
6.324055790901184082e-01,8.826724330881311475e-01
3.047409951686858576e-01,8.492969513693253703e-01
2.148479968309402466e-01,9.391715070361762452e-01
1.512310057878494540e-01,1.018113750670164963e+00
7.344200015068054199e-01,1.097213463469471240e+00
9.913370013236999512e-01,1.102446797367304443e+00
7.429170012474058948e-01,1.039392566342511648e+00
8.799139857292175293e-01,8.502571602284653141e-01
7.376829981803894043e-01,8.042222910130994995e-01
8.343409895896911621e-01,8.283767952189905470e-01
3.054729998111724298e-01,7.925780220811007304e-01
1.285866022109985352e+00,8.589579775001259243e-01
1.090137004852295144e+00,8.687489807966157773e-01
5.923830270767211914e-01,8.910473354349438546e-01
2.693597316741943803e+00,7.348189465414676214e-01
2.288666009902954102e+00,1.069753321360590759e+00
8.070570230484008789e-01,1.358521326140197383e+00
8.929409980773926891e-01,1.149236373280577928e+00
9.776080250740051270e-01,1.019066824252117032e+00
1.403792977333068848e+00,8.480745140142704752e-01
7.223749756813049316e-01,7.093038881851263522e-01
7.407349944114685059e-01,7.026514764333749996e-01
1.236768960952758789e+00,7.553612047433302390e-01
6.214020252227783203e-01,8.031677123541627328e-01
3.064779937267303467e-01,8.203598999791446023e-01
6.473349928855895996e-01,8.539221383321053960e-01
1.024247765541076882e+00,9.303265705242107497e-01
7.440620064735412598e-01,9.633568942922570155e-01
7.367150187492370605e-01,8.663678433098330744e-01
9.152600169181823730e-01,7.775660242099567965e-01
1.137029051780700906e+00,7.663292604692738541e-01
4.941360056400299072e-01,7.737696916068910191e-01
1.271524906158447266e+00,8.577526393330850984e-01
8.864369988441467285e-01,8.872300590925038533e-01
9.049779772758483887e-01,9.180999885793217352e-01
8.299319744110107422e-01,7.277627367979790929e-01
5.502920150756835938e-01,7.508629825083004139e-01
8.491920232772827148e-01,8.215241752401396536e-01
6.393229961395263672e-01,8.507393587989294792e-01
9.646000266075135388e-01,8.635577393648676825e-01
8.413559794425964355e-01,7.943089004143327747e-01
7.240070104598999023e-01,8.053980909989215675e-01
6.538060307502746582e-01,7.903097778888491520e-01
7.932850122451782227e-01,8.302330264028118245e-01
1.160789966583251953e+00,8.634432263308681188e-01
8.085789680480957031e-01,8.532633839091040562e-01
2.556999921798706055e-01,8.122452942586904090e-01
1.151844024658203125e+00,8.923463818178064555e-01
7.372779846191406250e-01,9.422436765891825106e-01
1.975852966308593528e+00,9.680295609644207211e-01
8.547700047492980957e-01,8.995149141291629569e-01
1.052428960800170898e+00,8.741660622310377660e-01
1.797067999839782937e+00,7.301416955746925508e-01
1.061478018760681152e+00,8.540833130878443535e-01
6.645399928092956543e-01,8.260863087359692214e-01
7.571684122085571289e-01,8.361984720494639589e-01
9.052469730377196155e-01,8.332901943473827178e-01
6.141330003738403320e-01,8.530336218712717411e-01
9.733130335807800293e-01,8.129657797093594596e-01
4.894390106201171875e-01,7.688523772099412623e-01
8.408679962158203125e-01,8.665369127576588726e-01
6.755350232124328613e-01,8.755886784243356313e-01
1.084153056144714355e+00,9.093170727030093214e-01
9.314100146293641247e-01,8.443037134713791136e-01
7.633988261222839355e-01,8.273810344490406532e-01
5.357339978218078613e-01,7.593101126802392908e-01
7.839810252189636230e-01,7.916066913654333792e-01
1.015287995338439941e+00,8.301474577111184194e-01
9.259430170059204102e-01,8.550051079525801123e-01
9.717460274696348987e-01,7.875653588429861740e-01
1.176299691200256348e+00,6.486178359395781134e-01
1.307337045669555664e+00,6.789316536476834862e-01
2.298435926437377930e+00,6.845165323209638775e-01
1.808241009712219238e+00,9.949175107269406793e-01
1.570945024490356445e+00,1.020892310419624360e+00
1.578516006469726562e+00,9.385092777068608783e-01
9.928810000419614479e-01,8.245721265905383568e-01
1.017398953437805176e+00,6.866844211147601351e-01
8.378469944000244141e-01,7.209893000720892786e-01
1.246340990066528320e+00,7.602361916359328120e-01
1.209630966186523438e+00,7.926852447732279927e-01
1.519726991653442383e+00,7.642820933825735796e-01
1.571495056152343750e+00,7.172242517014951746e-01
1.278105020523071289e+00,7.308607949034467977e-01
8.304439187049865723e-01,6.894144419612047159e-01
1.402015686035156250e+00,6.923714008935540898e-01
1.162554860115051270e+00,7.043160223444421275e-01
1.253835797309875710e+00,7.315077436191743665e-01
1.791844010353088379e+00,6.553150811791073060e-01
4.939970970153808594e+00,7.563914462686787132e-01
2.394351005554199219e+00,2.087505039580514588e+00
1.886527061462402344e+00,2.076888503643800288e+00
9.099829792976381615e-01,1.768076359036003131e+00
8.112999796867370605e-01,1.496478575525068688e+00
1.351788043975830078e+00,1.208302707034306867e+00
1.283630967140197754e+00,7.421017058717104264e-01
4.846229851245880127e-01,7.167030125684782371e-01
8.322510123252868652e-01,7.343050013555071365e-01
5.959370136260986328e-01,7.906552645512124888e-01
6.860110163688659668e-01,8.737788081389604722e-01
8.153510093688964844e-01,8.664018665609189984e-01
6.998159885406494141e-01,8.812731734393483007e-01
6.866139769554138184e-01,8.646042269821874182e-01
1.826770007610321045e-01,8.476689570505537841e-01
1.796682000160217507e+00,9.493803866254673096e-01
7.204269766807556152e-01,1.174814654426152405e+00
6.408870220184326172e-01,1.205943243918237595e+00
1.001817584037780762e+00,8.699279060868836400e-01
1.660804033279418945e+00,8.797473647676522512e-01
1.085010051727295144e+00,8.441070178846178385e-01
1.099555015563964844e+00,7.865631493349336534e-01
1.254430413246154785e+00,6.731504591360224499e-01
7.186369895935058594e-01,6.659560582415430252e-01
8.902019858360290527e-01,6.865755043634191868e-01
2.849014520645141602e+00,6.887597045309160615e-01
4.281075000762940341e+00,1.115860559106173433e+00
7.096589803695678711e-01,1.896984314509233993e+00
8.907449841499327503e-01,1.608393487931607746e+00
1.469527959823608398e+00,1.494849936809311552e+00
1.043460965156555176e+00,8.802301249544253192e-01
1.184751033782958984e+00,9.519808675594442215e-01
6.946156024932861328e-01,9.588806052067140318e-01
7.754629850387573242e-01,9.705026567059781284e-01
8.564696311950683594e-01,9.271263660414701402e-01
7.506660223007202148e-01,8.453542152032548218e-01
9.248849749565125622e-01,8.006781330777468231e-01
8.752880096435546875e-01,7.689022617216446642e-01
8.627579808235168457e-01,7.342943268579198435e-01
5.096570253372192383e-01,6.943015145025176471e-01
6.711369752883911133e-01,7.657549688445826064e-01
6.132180094718933105e-01,8.163903930047431423e-01
8.710420131683349609e-01,8.619173492509559775e-01
9.089673757553099476e-01,8.323080886309487392e-01
9.709029793739321068e-01,8.136562032223362273e-01
1.356256246566772461e+00,7.791913106891783514e-01
1.309872984886169434e+00,7.559400169979200168e-01
5.933508276939392090e-01,6.994176680655401768e-01
1.131836414337158203e+00,6.903273320450418193e-01
1.841274023056030495e+00,7.172405225462078482e-01
2.597975969314575195e+00,8.489238070765185995e-01
2.399192094802856445e+00,1.089793767491366028e+00
2.269547939300537109e+00,1.136529148364739283e+00
1.452262043952941895e+00,1.121400589626879274e+00
1.342797994613647683e+00,1.030062040535556278e+00
1.276762008666992188e+00,9.535744459247329496e-01
1.275267004966735840e+00,8.626403516159427687e-01
8.153480291366577148e-01,7.617659003162917664e-01
6.043019890785217285e-01,6.446729757290764473e-01
9.830358624458311878e-01,7.430087939845736456e-01
1.183724999427795410e+00,7.902564431972212144e-01
4.356400072574616034e-01,8.129145105962308770e-01
8.039849996566772461e-01,7.795613334292732510e-01
5.734559893608093262e-01,8.045987291862758406e-01
3.959457874298096258e-01,9.020593615130988452e-01
5.603970289230346680e-01,9.249394882380352900e-01
7.749050259590148926e-01,9.685254019279124771e-01
3.839260041713714044e-01,9.651266978541906960e-01
1.054715037345886230e+00,9.318884279553273364e-01
6.537709832191467285e-01,9.069151680717250086e-01
1.022608995437622070e+00,9.155019019033628913e-01
8.359869718551635742e-01,8.000400085517060944e-01
9.755985140800476074e-01,8.145225420183866971e-01
1.098647952079772949e+00,7.769437943628523247e-01
1.151165962219238503e+00,7.904883844095718093e-01
4.744769930839538019e-01,7.610735607609614428e-01
7.896029949188232422e-01,8.067671011839747663e-01
5.455229878425598145e-01,8.431063797510334190e-01
7.707700133323669434e-01,9.148078514140903783e-01
9.337069988250732422e-01,8.776074296329944291e-01
6.005529761314392090e-01,8.757693354288883514e-01
1.002521038055420144e+00,8.207497825302865202e-01
9.160850048065184437e-01,7.933807497597641367e-01
9.283249974250791237e-01,8.103261572471124330e-01
6.429409980773925781e-01,7.714009366404879220e-01
6.271365880966186523e-01,7.879604479112671811e-01
1.038689017295837402e+00,8.159034057925260708e-01
5.214130282402038574e-01,8.233649888394568572e-01
1.159701943397521973e+00,8.537527627779838424e-01
6.456400156021118164e-01,8.270364781804471210e-01
1.304703950881958008e+00,8.662333162123031505e-01
8.844429850578308105e-01,7.607484820475187703e-01
7.702100276947021484e-01,7.653793505764192595e-01
8.937159776687623181e-01,6.656159428981746062e-01
5.247250199317932129e-01,7.232846300303258369e-01
7.172748446464538574e-01,7.970575729296086598e-01
6.410769820213317871e-01,8.379987100365933195e-01
1.203750014305114746e+00,8.714040563053008226e-01
1.136301159858703613e+00,8.344086377555633982e-01
8.642929792404174805e-01,7.387565109791571771e-01
5.817409753799438477e-01,6.366847147179487409e-01
8.651199936866759144e-01,7.178764032437265907e-01
7.377740144729614258e-01,7.940122816850299081e-01
9.422479867935179554e-01,8.360939037781093264e-01
1.060060024261474609e+00,8.223463633966354713e-01
4.040209949016570490e-01,7.983206538561783416e-01
2.920779883861541193e-01,8.501971804403933852e-01
1.124665260314941406e+00,9.446042969859766991e-01
1.247418999671936035e+00,1.016681109719369980e+00
6.976169943809509277e-01,9.764627149642894910e-01
8.204839825630187988e-01,7.482539418974524237e-01
8.573070168495178223e-01,1.043570989402623272e+00
8.385969996452331543e-01,1.224330084520447004e+00
9.632229804992676891e-01,1.084432685382330952e+00
1.343299984931945801e+00,9.385451047141959435e-01
6.809219717979431152e-01,6.722050595978648069e-01
7.014784216880798340e-01,7.359006748770546835e-01
1.365643024444580078e+00,8.006431893105383502e-01
6.786789894104003906e-01,8.658186680587136586e-01
5.976330041885375977e-01,8.289500100457403153e-01
7.911109924316406250e-01,7.551977651335580743e-01
1.044147372245788574e+00,7.966306362637087801e-01
8.748620152473449707e-01,7.906074817375773334e-01
7.164059877395629883e-01,7.277372269132529325e-01
6.523500084877014160e-01,7.466411642186123743e-01
5.936999917030334473e-01,8.146734130711114075e-01
5.393440127372741699e-01,8.675583796217551935e-01
8.087720274925231934e-01,8.907116765908105194e-01
6.020820140838623047e-01,8.807084203449581095e-01
1.146679997444152832e+00,8.889724923259436640e-01
5.671510100364685059e-01,8.445554494839263571e-01
7.866399884223937988e-01,8.636313522545310262e-01
6.810299754142761230e-01,7.979203223663875466e-01
6.642330288887023926e-01,8.536441571537790596e-01
5.124790072441101074e-01,8.561931848609479756e-01
6.728799939155578613e-01,8.860616449449708609e-01
8.265414834022521973e-01,8.987005675081133349e-01
5.594509840011596680e-01,8.915000348234095595e-01
1.633069962263107300e-01,8.628833258913517490e-01
1.797860413789749146e-01,9.679441207999498475e-01
8.508148789405822754e-01,1.080286639152808759e+00
8.527640104293823242e-01,1.133975462238859366e+00
2.149522066116333008e+00,1.035163140310216612e+00
1.239639997482299805e+00,1.031353747710521240e+00
2.128437280654907227e+00,9.421637624855275783e-01
9.779880046844482422e-01,8.899901413698318997e-01
6.937779784202575684e-01,8.138600481537386910e-01
7.631160020828247070e-01,7.851374888881332836e-01
1.109338045120239258e+00,7.808200727703501487e-01
6.476340293884277344e-01,7.945115511724717416e-01
7.877320051193237305e-01,8.157367386087626127e-01
1.305567026138305664e+00,7.802966313726156233e-01
8.699640035629272461e-01,8.200820290007143631e-01
8.599532246589660645e-01,7.505402151593305593e-01
4.775849878787993830e-01,7.399833030314413307e-01
1.290724992752075195e+00,8.246818635718370372e-01
8.591579794883728027e-01,8.849886574003940076e-01
9.039019942283629261e-01,8.452982068807419758e-01
1.023422956466674805e+00,7.076005407026542127e-01
6.730669736862182617e-01,7.661117068108082018e-01
5.141969919204711914e-01,8.028426079968863371e-01
1.527956604957580566e+00,8.335252523462676200e-01
9.952359795570373535e-01,8.983819323347425057e-01
1.141056060791015625e+00,1.299241408586258695e+00
1.622257947921753152e+00,1.245713279869670176e+00
1.375547051429748313e+00,1.159696185073466612e+00
1.851865053176880105e+00,9.428462252615896766e-01
1.589177966117858887e+00,8.100631974525039913e-01
2.123934030532836914e+00,7.977610984756934309e-01
1.648401975631714089e+00,9.700230972203639501e-01
7.920839786529541016e-01,9.915262196254491789e-01
1.227027416229248047e+00,9.156181081854347648e-01
1.131343960762024148e+00,8.128704611529939950e-01
1.116891980171203613e+00,7.082053913722212712e-01
1.122387051582336426e+00,6.955786860110300118e-01
8.091310262680053711e-01,6.922340920866461023e-01
7.681059837341308594e-01,7.162425584217748664e-01
7.666722536087036133e-01,7.502626873118468653e-01
8.607699871063232422e-01,7.994680310257309408e-01
1.070777058601379395e+00,8.108391591142684041e-01
6.604189872741699219e-01,8.070571828648435142e-01
9.909179806709289551e-01,8.022870454385093719e-01
9.618239998817442737e-01,7.971889596788035437e-01
8.381230235099792480e-01,8.201169590558532452e-01
9.245989918708800159e-01,7.554992132084648038e-01
1.003061056137084961e+00,7.568993959370142743e-01
8.752340078353881836e-01,7.491825197389446744e-01
8.812961578369140625e-01,7.551575673748800455e-01
9.057049751281738281e-01,7.793297886937281538e-01
6.909559965133666992e-01,7.915889419433619345e-01
7.572399973869323730e-01,8.051372003110098818e-01
2.043754577636718750e+00,7.892043797115850801e-01
2.364957094192504883e+00,9.435797663386376044e-01
2.233561992645264116e+00,1.070311418681530347e+00
8.013390302658081055e-01,1.075589524327416280e+00
8.851529955863952637e-01,9.621652403372784601e-01
9.040349721908568226e-01,9.106468687928339634e-01
7.228699922561645508e-01,8.268895161945151173e-01
1.032919287681579590e+00,8.156984703404280834e-01
1.321628212928771973e+00,7.877561900968228503e-01
7.007700204849243164e-01,7.727920159830308222e-01
7.624319791793823242e-01,7.377020124571693760e-01
7.721610069274902344e-01,7.334086584922637764e-01
1.243505001068115234e+00,7.837747171440374583e-01
6.381840109825134277e-01,7.891944329090399002e-01
6.839929819107055664e-01,7.760082357714068735e-01
1.419505119323730469e+00,7.496742019629544229e-01
7.347676753997802734e-01,7.971528151535003381e-01
1.074026942253112793e+00,7.758905886242214445e-01
6.156389713287353516e-01,7.271403097550083183e-01
9.916120171546936035e-01,7.869880967249556214e-01
8.089560270309448242e-01,7.927166000108748500e-01
8.223479986190795898e-01,8.299728735692410986e-01
5.762249827384948730e-01,8.392302635095795216e-01
4.224239885807036798e-01,8.340568822384341052e-01
5.520349740982055664e-01,8.974906699768533391e-01
9.015229940414426490e-01,9.308970014588539010e-01
8.627583980560302734e-01,9.501903776466971152e-01
1.055613875389099121e+00,8.606634999679603215e-01
1.970020055770873801e+00,7.775360799935407963e-01
1.009042978286743164e+00,8.966931761961244307e-01
7.824029922485351562e-01,8.145260705683577962e-01
8.782749772071838379e-01,7.634311693582013225e-01
1.109990954399108887e+00,7.349498812066491693e-01
7.727199792861938477e-01,7.702716281490528116e-01
7.157210111618041992e-01,7.792343444731781865e-01
1.475479006767273171e+00,7.759577533264772065e-01
7.344660162925720215e-01,8.272421053293071980e-01
1.143465042114257812e+00,7.808353371428637946e-01
9.246990084648132324e-01,7.083550415141539602e-01
2.138324022293090820e+00,7.413990099067180317e-01
4.077424049377441406e+00,1.052857291208077140e+00
9.367650747299194336e-01,2.429968774846868129e+00
1.001402020454406738e+00,2.037403240623550271e+00
8.896229863166810192e-01,1.939685062352404232e+00
1.115183949470520020e+00,6.497927451651296371e-01
9.457820057868957520e-01,6.874939608660318724e-01
1.164842009544372559e+00,7.050957743829375790e-01
9.045109748840332031e-01,7.189936620090375818e-01
5.575259923934936523e-01,7.138712780771894195e-01
7.199835777282714844e-01,7.633416179622157793e-01
7.607790231704711914e-01,7.952978110221023966e-01
8.009672760963441052e-01,8.198790194962430888e-01
6.709719896316528320e-01,7.782003019358526563e-01
2.768970489501953125e+00,7.780344431226587920e-01
1.116358041763305664e+00,1.193544607892146336e+00
1.024410009384155273e+00,1.252093954761913652e+00
1.114386796951293945e+00,1.122546212043353586e+00
1.229098439216613770e+00,1.019181225197032692e+00
1.573238968849181907e+00,8.989009712780168249e-01
8.298619985580444336e-01,7.792727658833724647e-01
5.376980304718017578e-01,7.651833247578389008e-01
7.949647903442382812e-01,7.735903625018327734e-01
1.209460973739624023e+00,7.829425710566030316e-01
1.043611049652099609e+00,7.942339650494857350e-01
1.377645969390869141e+00,7.439483670658266767e-01
7.495359778404235840e-01,6.898677291084793772e-01
8.522210121154785156e-01,7.171235406013323210e-01
9.499999880790710449e-01,7.336455527827669965e-01
8.433979749679565430e-01,7.603213640665423823e-01
6.848490238189697266e-01,7.471825352600269809e-01
8.296039700508117676e-01,7.473998757732829290e-01
1.060515046119689941e+00,7.862919912337342776e-01
6.726049780845642090e-01,8.025681280554065600e-01
8.499810099601745605e-01,7.881584790843051413e-01
7.509549856185913086e-01,7.636591348113439537e-01
9.556260704994201660e-01,8.213430948823602362e-01
7.782499790191650391e-01,7.962748144070438405e-01
6.364319920539855957e-01,8.113013647059388322e-01
6.015599966049194336e-01,8.135337897411286656e-01
6.385549902915954590e-01,8.516164720948223854e-01
8.762890100479125977e-01,8.715094032183241524e-01
6.824830174446105957e-01,8.571758951822275874e-01
7.950311899185180664e-01,8.146677006930101994e-01
1.584897041320800781e+00,7.869638660369182581e-01
9.177780151367186390e-01,8.502111062348606252e-01
1.230221033096313699e+00,7.755722991189255566e-01
9.125559926033020020e-01,6.641213680109139261e-01
1.030437946319579856e+00,6.727855268999278771e-01
5.325379967689514160e-01,6.586702333362856043e-01
8.741289973258972168e-01,7.527885225841453032e-01
3.667230010032653253e-01,7.835488115098390161e-01
5.604230165481567383e-01,8.800831798430579500e-01
8.102909922599792480e-01,8.824227267440359901e-01
6.437510251998901367e-01,9.156617562910288610e-01
9.113870263099670410e-01,8.424136056238510362e-01
6.627830266952514648e-01,7.754347300446315927e-01
8.224419951438903809e-01,7.787062708360543706e-01
6.781139969825744629e-01,7.261952869083577733e-01
5.333459973335266113e-01,7.528108027941272651e-01
7.608630061149597168e-01,7.954004566834785850e-01
7.439860105514526367e-01,8.371245025925055927e-01
7.004669904708862305e-01,8.644581045135203423e-01
1.274258971214294434e+00,8.357011327744797713e-01
8.934450149536132812e-01,8.490242429148109338e-01
7.900159955024719238e-01,7.934037186198715785e-01
1.067494988441467285e+00,6.728846016456211387e-01
1.265694975852966309e+00,6.959098897763906777e-01
9.348030090332032360e-01,7.094929344860003706e-01
8.006410002708435059e-01,6.499255394632087457e-01
3.527039885520934503e-01,6.998497789938398217e-01
5.883709788322448730e-01,8.103874842378866461e-01
4.636880159378051758e-01,8.604297944289643896e-01
8.750243186950683594e-01,9.254842982152108322e-01
6.435279846191406250e-01,8.924871018085597241e-01
2.120890021324157437e-01,8.953095221670633874e-01
4.560469985008240301e-01,9.034018205670323320e-01
7.238804101943969727e-01,9.538703898420244354e-01
4.748429954051971436e-01,9.931697346061824083e-01
2.674640119075775146e-01,9.221001068309392368e-01
7.868980169296264648e-01,9.407072132585191371e-01
1.794360995292663574e+00,9.684096026669538615e-01
1.210453987121582031e+00,1.043884364847252888e+00
4.008429944515227716e-01,7.963699044808891792e-01
2.727654874324798584e-01,8.250250756304818855e-01
8.533802628517150879e-01,9.450588322824265974e-01
8.660610318183898926e-01,1.004964764205531713e+00
7.764859795570373535e-01,9.758393796761659633e-01
5.888479948043823242e-01,8.135010137719420609e-01
1.588868498802185059e+00,8.138200685747596363e-01
3.996030092239379328e-01,8.623993041326233344e-01
5.545350313186645508e-01,8.624722364891630466e-01
1.149551987648010476e+00,7.737311220223999086e-01
9.776459932327270508e-01,8.219241833602389802e-01
1.732741951942443848e+00,7.733479951890945836e-01
1.053477048873901367e+00,7.905632081252362831e-01
7.962800264358520508e-01,7.702661277598541467e-01
6.104800105094909668e-01,6.868022166571297049e-01
6.522138714790344238e-01,7.789800013661632994e-01
1.175541162490844727e+00,8.528076235909538561e-01
7.193930149078369141e-01,8.940100001613137115e-01
8.200139999389648438e-01,8.166575970180481869e-01
1.039114952087402344e+00,6.987510297401572368e-01
9.508559703826904297e-01,7.172200988317313231e-01
5.277600288391113281e-01,7.121736087342883659e-01
9.703559875488280140e-01,7.658238030898461002e-01
1.383889913558959961e+00,7.993311793635007323e-01
6.069999933242797852e-01,8.331767841259128948e-01
9.455270171165466309e-01,7.325704791598092180e-01
6.238729953765869141e-01,7.269414267331038015e-01
5.156549811363220215e-01,8.143317042389631721e-01
9.679385423660277210e-01,8.536566767753769325e-01
9.072690010070800781e-01,9.015227967759702477e-01
2.479866981506348100e+00,8.765563342043595219e-01
1.133080005645751953e+00,1.058324112294670938e+00
8.474370241165161133e-01,9.747786932957658301e-01
1.536522984504699707e+00,8.501880274504222124e-01
4.812009930610656183e-01,7.258893745959725807e-01
8.617479801177978516e-01,7.576918763227185050e-01
1.008694052696228027e+00,7.548698860415877787e-01
7.795569896697998047e-01,7.949619533272682670e-01
9.895502924919128418e-01,7.543883181486917833e-01
9.099559783935547985e-01,7.535260731688683267e-01
1.239764332771301270e+00,7.730697137863701274e-01
1.211838960647583008e+00,7.579731926669224240e-01
1.148460984230041504e+00,7.393118093305458549e-01
7.663900256156921387e-01,6.849404709776207856e-01
8.156750202178955078e-01,6.577885169889162720e-01
1.299479961395263672e+00,7.172426387795716174e-01
8.583310246467590332e-01,7.645437815946157789e-01
8.764400482177734375e-01,7.633372697016787001e-01
8.305460214614868164e-01,7.398016276097999500e-01
9.092410206794739880e-01,7.850285995651068438e-01
7.411040067672729492e-01,8.056452061944362475e-01
5.853319764137268066e-01,8.028876979416587067e-01
5.519493222236633301e-01,8.278850309078589209e-01
9.697520136833190918e-01,8.789712486645644418e-01
1.049844980239868164e+00,8.946007571357408317e-01
5.644329786300659180e-01,8.641653260987762764e-01
9.184709787368774414e-01,7.943243325307139946e-01
5.984159708023071289e-01,8.105198389112513446e-01
9.383450150489809349e-01,8.634041437576150946e-01
7.079470157623291016e-01,8.241325856422648810e-01
4.484339952468872070e-01,8.379918691093423133e-01
8.405709862709045410e-01,8.642040139681179678e-01
7.211350202560424805e-01,9.030838299115703238e-01
5.215386152267456055e-01,9.204117107965980038e-01
6.405649781227111816e-01,8.768318829798881220e-01
1.660409450531006081e+00,9.006326366377453985e-01
2.465307950973510742e+00,9.723459716078354242e-01
1.866270065307616965e+00,1.109307105121199566e+00
3.623536109924317294e+00,9.868434888281345518e-01
9.065989851951599121e-01,1.383866218291385675e+00
7.756379842758178711e-01,1.279001802426440237e+00
7.006700038909912109e-01,1.169949203183587638e+00
7.579550147056579590e-01,8.532553263702223889e-01
5.499600172042846680e-01,7.966033620612621435e-01
1.367677569389343262e+00,8.576951608000403793e-01
8.148130178451538086e-01,8.878393142712410757e-01
1.278898954391479492e+00,9.169570538184473873e-01
1.093865990638732910e+00,8.408288491671459530e-01
8.134710192680358887e-01,8.085362547270996680e-01
9.060310125350952148e-01,7.731658739457357710e-01
1.311033964157104492e+00,7.265284045381684708e-01
7.892500162124633789e-01,7.349675204856215283e-01
9.167850017547608532e-01,6.811280231743928049e-01
1.186140060424804910e+00,6.644159192721258433e-01
2.092472076416016069e+00,6.955989775724370494e-01
1.301861047744750977e+00,8.336183122553916247e-01
1.268974781036376953e+00,7.925703686840972484e-01
9.061110019683837891e-01,7.518707698260247430e-01
1.078873991966247559e+00,6.326106982166728177e-01
7.863690257072448730e-01,6.421553161878814642e-01
7.093420028686523438e-01,7.009465010948739971e-01
5.201929807662963867e-01,7.411103317215119723e-01
9.855200052261352539e-01,8.285949203269776797e-01
1.092841982841491699e+00,8.555234584590473146e-01
3.955059945583344061e-01,8.583422401627220921e-01
1.195796012878417969e+00,8.190813848583488044e-01
1.702510833740234375e+00,8.237662173216212524e-01
2.407080888748168945e+00,9.199723973134236177e-01
2.585943937301636186e+00,9.966489214276720299e-01
1.655773043632507102e+00,1.144635107044114086e+00
8.921740055084229626e-01,1.075377204328394232e+00
1.231696963310241699e+00,9.492361210517773484e-01
1.602033019065856934e+00,7.783581449125337448e-01
1.585399031639099121e+00,7.359448159360096886e-01
1.210371017456054910e+00,7.380110906248302793e-01
9.857040047645567737e-01,6.896805411127828744e-01
7.289689779281616211e-01,6.604477267723071199e-01
1.071573019027709961e+00,6.988012683213956633e-01
9.457439780235290527e-01,7.280661015088678578e-01
5.141820311546325684e-01,7.454250905313085651e-01
7.144280076026916504e-01,7.445557510531604084e-01
4.996199905872344416e-01,7.923077071170526731e-01
8.646243214607238770e-01,8.581458028807169569e-01
6.024960279464721680e-01,8.436689866954164563e-01
1.012339949607849121e+00,8.565417086676270220e-01
6.310235261917114258e-01,8.083843212974980430e-01
1.141221046447754128e+00,8.173776647967030407e-01
8.547459840774536133e-01,7.503771201207721786e-01
7.744219899177551270e-01,7.755239007545965402e-01
8.376209735870361328e-01,7.065480249794036105e-01
7.503905892372131348e-01,7.538723878593962535e-01
1.134822010993957520e+00,7.871401025676434404e-01
1.244793057441711426e+00,7.725854647507580664e-01
7.141630053520202637e-01,7.662300484781336962e-01
6.486989855766296387e-01,6.696742934056053587e-01
3.861860036849976141e-01,7.165332137896661679e-01
6.366299986839294434e-01,8.398255718908991252e-01
4.178859889507293146e-01,8.848368792355058021e-01
1.103790521621704102e+00,9.388797592184449092e-01
8.070139884948729359e-01,9.076335147459054786e-01
1.107607960700988770e+00,8.830288267754854425e-01
9.713580012321472168e-01,7.484466476277379376e-01
6.764810085296630859e-01,7.319026575111151622e-01
1.687772989273071289e+00,7.511571874981715080e-01
8.082039952278137207e-01,8.369892516360398771e-01
1.564818024635314941e+00,8.396947064376701908e-01
6.673809885978698730e-01,7.402912672555804763e-01
1.091886043548584206e+00,7.520980126202229110e-01
7.375509738922119141e-01,6.967857257948747440e-01
8.364729881286621094e-01,7.372814999588859219e-01
1.015761017799377441e+00,7.198209565112561048e-01
1.106158971786499023e+00,7.584497997261658853e-01
1.130903959274291992e+00,7.397586436632223039e-01
9.518219828605650745e-01,6.846274141160063609e-01
5.585229992866516113e-01,6.665269125058236321e-01
1.855298042297363503e+00,7.576807523726725169e-01
7.845479846000671387e-01,9.926774901715287314e-01
5.835890173912048340e-01,1.025587996579216066e+00
8.359720110893249512e-01,8.401852799601002841e-01
6.805480122566223145e-01,8.075262392322664073e-01
1.030328035354614480e+00,7.838117207268409103e-01
7.914109826087951660e-01,7.762981408060302124e-01
4.464710056781768799e-01,7.374905196817490571e-01
5.589337944984436035e-01,8.067982535926107035e-01
7.334340214729309082e-01,8.929048687896812275e-01
8.426809906959533691e-01,9.237667345906059868e-01
1.109205961227416992e+00,8.869127790521479371e-01
5.862460136413574219e-01,8.183459793644137781e-01
1.772798061370849609e+00,8.044037584625788329e-01
8.493610024452209473e-01,1.105294377400959593e+00
1.331516027450561523e+00,1.056880865512062506e+00
1.215008974075317383e+00,9.020610535889190817e-01
9.708780050277708851e-01,7.149478208357482600e-01
1.411272048950195090e+00,6.696442321897496663e-01
1.046331048011779785e+00,6.742318997984640960e-01
8.349300026893615723e-01,6.492944172437938866e-01
9.847199916839598499e-01,6.808943998900904848e-01
4.901649951934814453e-01,7.106543421384199366e-01
6.141669750213623047e-01,7.887752850794189641e-01
8.252440094947814941e-01,8.050173831848969064e-01
1.047114968299865501e+00,8.469257060736860021e-01
3.921430110931396484e-01,7.978053649913612322e-01
7.720900177955627441e-01,8.092977626677774206e-01
7.520099878311157227e-01,8.113793368030345343e-01
6.718119978904724121e-01,8.653034253298033107e-01
6.571980118751525879e-01,8.107074604770715398e-01
8.213180303573608398e-01,8.114287609387084155e-01
1.030122995376587136e+00,8.152824357934144173e-01
6.211889982223510742e-01,7.909006110863627814e-01
9.608931541442871094e-01,7.806737871503791615e-01
7.402380108833312988e-01,7.786498059447372055e-01
5.984709858894348145e-01,8.143023893119083478e-01
9.358735680580140270e-01,8.090961889141370378e-01
5.818247795104979359e-01,8.332439472138708503e-01
6.529520153999328613e-01,8.554027055730447637e-01
7.834500074386596680e-01,8.254493416611518031e-01
7.448130249977111816e-01,8.496841752751925769e-01
8.943400979042054333e-01,8.040119134333093553e-01
2.505017042160034180e+00,7.890526301789951846e-01
1.417585968971252441e+00,1.163042996169495025e+00
1.226507544517517090e+00,1.116779110033028433e+00
1.043179035186767578e+00,9.433284577153325801e-01
8.192250132560729980e-01,7.700688319194248788e-01
8.129550218582153320e-01,7.299566643234602914e-01
5.289899706840515137e-01,7.462687483089465168e-01
4.789490103721618097e-01,8.252513853598026916e-01
1.153810977935791016e+00,8.884877467837398735e-01
7.845839858055114746e-01,9.344933680226420458e-01
4.701859951019286554e-01,8.885777050140170052e-01
2.416239976882934570e-01,8.207720776115529082e-01
1.994680017232894897e-01,9.284650435294815596e-01
1.327169984579086581e-01,1.029603975406184091e+00
6.585559844970703125e-01,1.107594401819316232e+00
9.621880054473875843e-01,1.105902068432039975e+00
9.829789996147155762e-01,1.046384490901150821e+00
1.026576042175292969e+00,8.362545837107007163e-01
8.309389948844909668e-01,7.757201873472769904e-01
1.000543951988220215e+00,7.573544796887392572e-01
1.983185052871704102e+00,7.576289665743569657e-01
1.286525964736938477e+00,8.974118102134472919e-01
1.736924052238464355e+00,8.577179762073769975e-01
1.257668018341064453e+00,8.212297439020308509e-01
1.084908962249756081e+00,7.355753263547315512e-01
1.062494039535522461e+00,7.100142199651205965e-01
8.256469964981079102e-01,6.591021089035923319e-01
1.418092012405395508e+00,7.190105618948821053e-01
1.151677966117858887e+00,7.563271841448448995e-01
8.794019818305969238e-01,7.632540543394745747e-01
1.089423060417175293e+00,6.912776035299469379e-01
8.687390089035034180e-01,7.035575195414692784e-01
1.307837963104248047e+00,7.232458602453128993e-01
1.262575984001159668e+00,7.070317380063680934e-01
1.069887042045593262e+00,6.931926600376309144e-01
8.579840064048767090e-01,6.909957727964498586e-01
1.067142963409423828e+00,6.871691100776783356e-01
6.799880266189575195e-01,7.145337387750529956e-01
7.323921322822570801e-01,7.600847942113456712e-01
6.000829935073852539e-01,8.062716866819622519e-01
1.010563969612121582e+00,8.683078655480598318e-01
7.260069847106933594e-01,8.661752631135308800e-01
5.901079773902893066e-01,8.435213313476005448e-01
7.744659781455993652e-01,8.032481430221193319e-01
8.908360004425048828e-01,8.244406742096738183e-01
7.620100975036621094e-01,8.257508717643838869e-01
5.811070203781127930e-01,7.997910990589817137e-01
8.903719782829285778e-01,8.177072427072274996e-01
7.882059812545776367e-01,8.357793329144150851e-01
9.248933196067808948e-01,8.360793438592214466e-01
1.265586972236633301e+00,8.099360223707864348e-01
9.180610179901123047e-01,8.124846950483010088e-01
8.252680301666259766e-01,7.652471424214005724e-01
4.257229864597321112e-01,7.315687053384646310e-01
7.238519787788391113e-01,8.206915786912457600e-01
9.657319784164427601e-01,8.517064797004252341e-01
7.146480083465576172e-01,8.711060630607576627e-01
8.502969741821289062e-01,7.932486945161939529e-01
6.113014817237854004e-01,7.768632738428317142e-01
5.909900069236755371e-01,8.381835403823518771e-01
1.191807866096496582e+00,8.587536962154181941e-01
7.976800203323364258e-01,8.823872014306699540e-01
8.885610103607177734e-01,8.129275772484532148e-01
7.367290258407592773e-01,7.433346144771816322e-01
8.569459915161132812e-01,7.881728977957591642e-01
5.838339924812316895e-01,8.074367853510775461e-01
8.865389823913574219e-01,8.315138046740258027e-01
8.750730156898498535e-01,1.298442995058043836e+00
1.111973047256469505e+00,1.433932491866972470e+00
5.632749795913696289e-01,1.222135934041167049e+00
5.519689917564392090e-01,1.037224850164129908e+00
5.465030074119567871e-01,7.635021755646443919e-01
7.512239813804626465e-01,8.505956725942314112e-01
8.402569890022277832e-01,8.534753905449269373e-01
5.915480256080627441e-01,8.322918406810421166e-01
6.109840273857116699e-01,7.956924475147745257e-01
7.992020249366759144e-01,8.332711409690125581e-01
5.405290126800537109e-01,8.614792538680688949e-01
1.093670010566711426e+00,8.669063484407810716e-01
7.972419857978820801e-01,8.308835663763588508e-01
5.896059870719909668e-01,8.407241969274350524e-01
5.182790160179138184e-01,8.004824791100132453e-01
6.216366887092590332e-01,8.646033325803649250e-01
8.810679912567138672e-01,9.064196155034173197e-01
9.703850150108336292e-01,8.939543736758810422e-01
8.715350031852722168e-01,8.432144570990756094e-01
2.576299905776976984e-01,7.730416811713206604e-01
3.547430038452148438e-01,8.642130298169393710e-01
1.308350920677185059e+00,9.300013056801531564e-01
2.422243118286133257e+00,1.007243269363952809e+00
1.588093161582946777e+00,1.102782263249717509e+00
1.510810017585754395e+00,9.355842733186623406e-01
6.637499928474426270e-01,9.209206613957082732e-01
5.865659713745117188e-01,8.040887438644729324e-01
1.126363039016723633e+00,8.595380254788533847e-01
9.455379843711851917e-01,8.199964683466139936e-01
8.895260095596313477e-01,8.217908385133916305e-01
7.889080047607421875e-01,7.215153588479761293e-01
5.571460127830505371e-01,7.425053021313481327e-01
7.382910251617431641e-01,8.058809730800309268e-01
6.742079854011535645e-01,8.411174898078994655e-01
7.401880025863647461e-01,8.741099009123128871e-01
7.983270287513732910e-01,8.347445708778650220e-01
5.137799978256225586e-01,8.305956883288242443e-01
8.528280258178710938e-01,8.324068199260740153e-01
7.851629853248596191e-01,8.252186600071196310e-01
1.024798870086670144e+00,8.289363589979270586e-01
8.841310143470764160e-01,7.500879442558201493e-01
3.615649938583374023e-01,7.537884785412128918e-01
4.477910101413726807e-01,8.282277124105371646e-01
7.665730118751525879e-01,8.830250019406995499e-01
1.054823040962219238e+00,9.305117358257609661e-01
1.034250974655151367e+00,8.475840487184725935e-01
1.096979022026062012e+00,7.745270812178292053e-01
5.883730053901672363e-01,7.377982563246466841e-01
6.365630030632019043e-01,7.847508387615768077e-01
5.399640202522277832e-01,8.281154514249708942e-01
8.178460001945495605e-01,9.003720947244834294e-01
6.359609961509704590e-01,8.940555251309584284e-01
9.872140288352967419e-01,8.637292071382381975e-01
9.839289784431457520e-01,7.681963143566357122e-01
8.986790180206299938e-01,7.823099335361556328e-01
6.926850080490112305e-01,7.681497523379656744e-01
5.757049918174743652e-01,7.975518327107182781e-01
8.279470205307006836e-01,8.453421170184672873e-01
6.547859907150268555e-01,8.687963466196816364e-01
8.509550094604492188e-01,8.706668949052915885e-01
6.557850241661071777e-01,8.264147852820837858e-01
6.597809791564941406e-01,8.387225389552226407e-01
7.502999901771545410e-01,8.226454814719224018e-01
9.303160309791562721e-01,8.486018299420405864e-01
7.123904824256896973e-01,8.390992597603379455e-01
6.544970273971557617e-01,8.161266721941959901e-01
4.987269937992096502e-01,8.050957736572053047e-01
5.593240261077880859e-01,8.390154750149843021e-01
8.733990192413330078e-01,8.577703659238458123e-01
6.319249868392944336e-01,8.713134572571351599e-01
8.613430261611938477e-01,8.623010109422086789e-01
1.036013007164001687e+00,8.272641619387989254e-01
9.874529838562011719e-01,8.354704588141805832e-01
6.686739921569824219e-01,7.498614820907774092e-01
1.007030010223388894e+00,7.572921282194925441e-01
9.358490109443664551e-01,7.840791288872269726e-01
6.626719832420349121e-01,8.095083454066703821e-01
5.495319962501525879e-01,7.870488284032537418e-01
9.273632764816285290e-01,8.332806108770411946e-01
9.193540215492249645e-01,8.719153023830673588e-01
6.497738957405090332e-01,8.485318054246604458e-01
9.705049991607666016e-01,8.209412175475651052e-01
8.920990228652954102e-01,8.086457846702875818e-01
7.462270259857177734e-01,8.473830478375661279e-01
7.597569823265075684e-01,7.908986567243415644e-01
1.126011013984680176e+00,8.308219743256566314e-01
7.641419768333435059e-01,8.117346877976288066e-01
8.309190273284912109e-01,7.026036672343024536e-01
5.316870212554931641e-01,6.667561382919069413e-01
1.097100019454955833e+00,7.418780848577576359e-01
9.711959958076475941e-01,7.586668072560236453e-01
7.501904964447021484e-01,7.825527270252776724e-01
7.235890030860900879e-01,7.553201295474307742e-01
1.088876962661743164e+00,8.010580407855732998e-01
1.923168003559112549e-01,8.400451067744610922e-01
3.752999901771545410e-01,9.279220898106640414e-01
1.878910064697265625e-01,9.726500483886736381e-01
6.128349900245666504e-01,1.072513053857031107e+00
4.822100102901458740e-01,1.042052943977154644e+00
8.997989892959593616e-01,1.023770467142359308e+00
6.762999892234802246e-01,9.246251191791192703e-01
9.804093837738035999e-01,8.921691466626642253e-01
6.459739804267883301e-01,8.175396136460513219e-01
7.601699829101562500e-01,8.162664853250578556e-01
1.045557022094726562e+00,7.898477365723389765e-01
1.085988998413085938e+00,7.966488158933417996e-01
7.320979833602905273e-01,7.674080018685894844e-01
1.045389056205749512e+00,7.513795604800939110e-01
7.359200119972229004e-01,7.773588350236474431e-01
8.745509982109069824e-01,8.124118857558518814e-01
9.997780323028564453e-01,7.983138751947741474e-01
1.739534020423889160e+00,8.073774323407071352e-01
7.049050331115722656e-01,8.482987332757097043e-01
8.328270316123962402e-01,7.833197842322803250e-01
8.953109979629515491e-01,7.163337343934236268e-01
1.179519057273864746e+00,7.512756561719020620e-01
1.443411946296691895e+00,7.421007821060460197e-01
7.634999752044677734e-01,7.548586976785710556e-01
1.145148038864135520e+00,6.941559238559908973e-01
7.633590102195740856e-01,7.021023365241620962e-01
1.029322981834411621e+00,7.781927955070113700e-01
1.302055954933166504e+00,7.679714387207503545e-01
9.734439849853515625e-01,8.105119570273063845e-01
1.229671001434326172e+00,7.718968633133593826e-01
1.063034057617187500e+00,7.560685702075233827e-01
8.984770178794860840e-01,7.537797283808209681e-01
7.175139784812927246e-01,7.376744539448266691e-01
1.175443053245544434e+00,7.539280892479658380e-01
1.101048946380615234e+00,7.686068937643488752e-01
1.431144952774048074e+00,7.688548466163297457e-01
6.568620204925537109e-01,7.317159172652020205e-01
1.074908018112182617e+00,7.424136569231154503e-01
1.004804968833923118e+00,7.389315732563002115e-01
1.609539985656738503e+00,7.589044528362179909e-01
1.962562561035156028e+00,7.565537200482150837e-01
1.995329976081847922e+00,9.218917140528197773e-01
2.033385992050170898e+00,9.494482244879588473e-01
1.611258029937743919e+00,9.383281152883303777e-01
2.040218114852905273e+00,8.628225449689571613e-01
1.351415991783142090e+00,8.771301472922446996e-01
1.363389015197754128e+00,8.006233919572811608e-01
1.526808977127075195e+00,7.566458931027062462e-01
1.103597044944763184e+00,6.806405709028082729e-01
1.763007998466491699e+00,6.659813701191227286e-01
1.153326034545898438e+00,7.339316293670384850e-01
2.580787897109985352e+00,7.037276488807381325e-01
1.242146968841552734e+00,9.938274936061650688e-01
6.676509976387023926e-01,9.611672365792705008e-01
8.271329998970031738e-01,8.846920920395806576e-01
1.394161701202392578e+00,7.545485562124639722e-01
6.900759935379028320e-01,7.888877155426544663e-01
6.740249991416931152e-01,7.839286865880972233e-01
7.907469868659973145e-01,7.543130649570722879e-01
7.285000085830688477e-01,7.979882626829313264e-01
3.354600071907043457e-01,8.093352230392378832e-01
1.058426976203918457e+00,8.944410639148816511e-01
7.669919729232788086e-01,9.296898961163777564e-01
5.922303199768066406e-01,9.442377134460879784e-01
8.828200101852416992e-01,8.214280673373088870e-01
5.677499771118164062e-01,8.553193985649800712e-01
1.077505946159362793e+00,8.840591528110295361e-01
6.909419894218444824e-01,8.270365491317203110e-01
7.237120270729064941e-01,8.311797452706246592e-01
9.752489924430848278e-01,7.722687038513535995e-01
7.574009895324707031e-01,8.025910984428722417e-01
1.183527946472167969e+00,8.142375773729249033e-01
7.705749869346618652e-01,7.873914792176813782e-01
6.143350005149841309e-01,7.893808609562353862e-01
7.692319750785827637e-01,7.558974935636405545e-01
4.068099856376647949e-01,7.865416010239026923e-01
2.481469959020614346e-01,8.342704461816882189e-01
2.568759918212890625e-01,9.053251764170164861e-01
5.981699824333190918e-01,1.013993586467138996e+00
8.801140189170837402e-01,1.035081810368562616e+00
9.920129776000974342e-01,9.978373886517749591e-01
8.770260214805603027e-01,8.618278534845438266e-01
1.008928894996642844e+00,7.859022655503260513e-01
6.714209914207458496e-01,7.636042266699828440e-01
