7.976629734039306641e-01,8.256631202779954881e-01
9.608020186424257592e-01,8.475836653355444117e-01
3.470349907875061035e-01,8.848710930463421498e-01
9.546210169792177513e-01,8.381338771133579613e-01
5.251880288124084473e-01,8.660151063315797426e-01
1.275226235389709695e+00,8.499381838992535743e-01
8.723750114440917969e-01,9.069865370735781251e-01
7.321749925613403320e-01,9.145626872121880302e-01
7.640249729156494141e-01,8.661264849501580931e-01
4.752210080623626154e-01,8.606833053864050287e-01
7.414129972457885742e-01,8.152940314149536016e-01
1.258002042770385520e+00,8.450847900796049084e-01
7.274609804153442383e-01,9.111601716617161451e-01
7.892770171165466309e-01,8.922075438549429416e-01
6.914690136909484863e-01,8.892280522393453124e-01
7.093830108642578125e-01,8.442624914244498679e-01
1.014547944068908691e+00,8.366046109232966321e-01
4.182830154895783026e-01,8.797813150335312971e-01
1.002280950546264648e+00,8.527034336670920034e-01
1.143296003341674805e+00,8.935046154554753262e-01
6.746559739112854004e-01,9.091526081705524343e-01
6.009536385536193848e-01,8.769061502791161145e-01
6.538079977035522461e-01,8.548801290794693086e-01
7.814120054244995117e-01,8.268012828113698864e-01
8.469259738922119141e-01,8.367007821044689653e-01
6.482390165328979492e-01,8.752682024506699410e-01
5.623700022697448730e-01,8.606667949549451357e-01
1.099647998809814453e+00,8.333995850207046585e-01
9.541710019111632191e-01,8.809544734032535018e-01
6.694499850273132324e-01,9.059202548972016267e-01
6.464660167694091797e-01,8.899043764595410133e-01
8.223180174827575684e-01,8.642707451784665817e-01
8.300920128822326660e-01,8.340698256128753485e-01
1.067314028739929199e+00,8.602824758697440455e-01
6.827279925346374512e-01,9.047318412314687697e-01
6.464239954948425293e-01,8.983856030254103731e-01
6.881093978881835938e-01,8.665571059707465329e-01
6.500350236892700195e-01,8.341365480140202626e-01
8.693690299987792969e-01,8.212371791346588790e-01
4.518609941005706787e-01,8.458012772752740993e-01
4.952389895915984552e-01,8.333036946455012473e-01
6.850870251655578613e-01,8.372026521163724588e-01
8.653740286827087402e-01,8.437714175967364616e-01
7.400469779968261719e-01,8.648999679966287157e-01
8.204330205917358398e-01,8.719536339938380731e-01
1.108605027198791504e+00,8.705714147651514301e-01
4.751499891281127930e-01,9.006156803293920987e-01
9.457899928092955433e-01,8.648538744813212276e-01
7.877500057220458984e-01,8.858450109686035745e-01
9.367713332176208496e-01,8.611459984758477182e-01
6.470239758491516113e-01,8.633688259710857738e-01
1.029777050018310325e+00,8.614694876517089428e-01
9.328820109367371716e-01,8.797958462790256284e-01
7.528370022773742676e-01,9.123841953696778528e-01
2.307340055704117099e-01,8.977751879477021690e-01
8.772729635238647461e-01,8.274687495372518020e-01
7.876309752464294434e-01,8.260106732785448269e-01
3.992269933223724365e-01,8.609709020145056568e-01
9.923512339591979980e-01,8.606657366523972064e-01
7.200859785079956055e-01,9.062781642455827180e-01
7.269890308380126953e-01,8.651536403520094787e-01
9.301019906997679554e-01,8.583126707809942690e-01
8.662552833557128906e-01,8.846213250900740732e-01
8.352038264274597168e-01,8.612737533143666191e-01
1.023357987403869629e+00,8.647993743130184541e-01
9.300749897956849255e-01,8.968526546745814176e-01
8.702930212020874023e-01,8.825916083677107782e-01
1.025817990303039551e+00,8.920101188134023085e-01
4.551239907741546076e-01,8.834911917265803050e-01
7.012919783592224121e-01,8.288212829338608145e-01
1.123770236968993919e+00,8.330382682887529366e-01
4.825370013713837225e-01,8.725313182811749169e-01
8.755196928977966309e-01,8.550958597233574432e-01
1.145424962043762207e+00,8.871614906187871297e-01
1.557039022445678711e+00,9.000291653763126121e-01
1.062240004539489524e+00,1.014834321167990439e+00
7.867829799652099609e-01,1.028341377108570542e+00
5.664669871330261230e-01,9.288133737958736980e-01
8.389729857444763184e-01,9.008552561211705667e-01
6.386680006980895996e-01,9.220935961519598489e-01
1.085826039314270020e+00,8.751923848820578611e-01
6.014299988746643066e-01,8.984567524690012519e-01
8.782439827919006348e-01,8.482236639179913107e-01
1.279224038124084473e+00,8.609323642972880331e-01
4.283109903335570734e-01,9.199169523395203107e-01
8.846225738525390625e-01,8.530773056624749717e-01
7.809653878211975098e-01,8.743787387829189406e-01
9.178640246391297497e-01,8.573767185421510284e-01
9.073020219802857556e-01,8.861146992443178494e-01
8.741459846496582031e-01,9.087708232997827595e-01
7.683960199356079102e-01,8.704326926687414590e-01
9.357339143753051758e-01,8.556793120072837544e-01
6.247839927673339844e-01,8.540405527815212450e-01
1.977947235107421653e+00,8.444448464070865024e-01
6.822599768638610840e-01,1.000796353773530045e+00
2.116506099700928178e+00,1.062569906845002521e+00
2.030230045318603516e+00,1.221159711580050988e+00
1.321619033813476562e+00,1.306682215606316699e+00
1.114274978637695090e+00,1.192973926628484671e+00
1.102354049682617188e+00,1.075553702040322968e+00
6.531813144683837891e-01,9.682117780088347336e-01
6.168276071548461914e-01,8.677288865474489521e-01
1.176781058311462402e+00,8.231458498117487643e-01
1.108754038810729980e+00,8.770496260027423885e-01
1.829927563667297363e+00,9.172494637925583394e-01
1.265669584274291992e+00,1.023512374987856521e+00
7.930377125740051270e-01,1.065075877303912621e+00
8.210232257843017578e-01,9.806744201589391308e-01
1.099169254302978294e+00,9.179681542315226705e-01
7.758393883705139160e-01,8.855484386613940995e-01
8.666771054267883301e-01,8.465787256170248520e-01
8.462041020393371582e-01,8.484580943825440480e-01
6.587246060371398926e-01,8.463665154260748835e-01
1.078659296035766602e+00,8.335451196081669067e-01
6.600005030632019043e-01,8.754496787026103677e-01
6.280704736709594727e-01,9.104516383266049173e-01
6.864575743675231934e-01,8.988951044335051765e-01
7.342569231986999512e-01,8.624216558466831772e-01
1.011121273040771706e+00,8.412950543821394733e-01
7.521411776542663574e-01,8.652693614375546183e-01
6.799052953720092773e-01,8.657704617030780314e-01
7.211565971374511719e-01,8.683570913002288671e-01
7.167106270790100098e-01,8.450349289247219842e-01
9.056316018104552112e-01,8.539333345492302607e-01
7.056654095649719238e-01,8.727111202330785078e-01
6.592794060707092285e-01,8.529747232885040997e-01
6.634064316749572754e-01,8.443187532092010228e-01
7.565907239913940430e-01,8.310361968270915112e-01
9.424405694007873535e-01,8.427992009205750312e-01
3.888399899005889893e-01,8.787534413195168259e-01
2.337300032377243042e-01,8.460965401193937252e-01
1.459127068519592563e-01,8.027417909158202081e-01
9.678409695625302955e-01,7.704997222675158408e-01
7.839220166206359863e-01,8.434205826966619801e-01
9.723259806632995605e-01,9.094139150963574947e-01
1.345324039459228294e+00,9.585954298455749978e-01
7.227010130882263184e-01,1.020223323363546930e+00
7.610610127449035645e-01,9.350043181724754238e-01
8.075709939002990723e-01,8.905165439214300926e-01
9.960750937461851917e-01,8.581235417655787012e-01
4.713059961795806885e-01,8.436983551485197630e-01
1.047140955924987793e+00,8.417000442734730026e-01
2.560461759567260742e+00,8.806090523637769563e-01
7.777400016784667969e-01,1.293395788812361502e+00
8.005080223083496094e-01,1.337052426567319596e+00
1.195780038833618164e+00,1.304040961655344555e+00
7.970449924468994141e-01,1.125026096720214142e+00
9.918130040168761097e-01,9.630958374954224910e-01
7.445690035820007324e-01,9.109344395779295223e-01
8.565919995307922363e-01,8.528230020790582566e-01
7.605929970741271973e-01,8.368142275530118246e-01
9.213209748268128552e-01,8.424280413454698913e-01
7.329360246658325195e-01,8.645105659332447123e-01
8.745691180229187012e-01,8.684163109367275535e-01
1.477671980857849121e+00,8.660852596384643887e-01
5.030400156974792480e-01,1.023949393755082315e+00
7.066659927368164062e-01,9.837372404334259191e-01
1.255300998687743919e+00,9.486693918564066408e-01
4.084815025329589844e+00,1.001530662601672450e+00
4.121052026748657227e-01,1.485850796599744283e+00
6.408920288085937500e-01,1.341449255943634178e+00
7.065470218658447266e-01,1.185704811526397506e+00
1.880954027175903542e+00,1.022811859642651422e+00
1.886373996734619141e+00,1.075275907018345301e+00
3.931840062141418457e-01,1.096946936940918604e+00
1.045531988143920898e+00,1.010394742462797257e+00
6.588029861450195312e-01,9.626663261144827732e-01
8.740410208702087402e-01,8.602169017661118744e-01
8.532550334930419922e-01,8.528088678973215764e-01
7.301589846611022949e-01,8.711435484755737368e-01
2.700940072536468506e-01,8.562759519825331456e-01
4.911319911479949951e-01,8.121729775722318356e-01
1.224020004272460938e+00,8.046489663409085447e-01
1.267657995223999023e+00,9.132312003633201725e-01
3.999615430831908736e+00,1.001012344301233314e+00
2.102678060531615767e+00,1.664174018324724003e+00
1.283689975738525391e+00,2.228887015382702064e+00
1.353754043579101562e+00,2.304492049508036544e+00
2.390191078186035156e+00,2.024040899050244313e+00
1.599208950996399148e+00,1.604788896801463860e+00
1.298205018043518066e+00,1.386875280879656058e+00
1.579622030258178711e+00,1.239229873460587994e+00
8.036410212516784668e-01,1.120990537596270098e+00
4.276689887046813410e-01,9.866932000221548815e-01
3.897170126438140869e-01,8.915175010489111429e-01
1.546036005020141602e+00,8.207631329856308611e-01
1.017611026763915794e+00,8.964287188664873396e-01
6.194109916687011719e-01,9.205747969879293224e-01
8.454149961471557617e-01,9.206966547570910597e-01
1.435889005661010742e+00,9.042680617391324338e-01
6.206179141998291016e+00,9.030441211778146293e-01
9.309499859809875488e-01,2.100834425649540815e+00
4.609797894954681952e-01,2.086277891415398766e+00
5.264570116996765137e-01,1.888133857623297329e+00
9.704009890556334339e-01,1.491208616360807815e+00
6.997730135917663574e-01,1.155680309118808591e+00
6.903669834136962891e-01,9.459999273517655238e-01
9.726700186729432263e-01,8.851569932799022711e-01
6.393389701843261719e-01,8.728558786137563530e-01
5.699130296707153320e-01,8.639459283440238391e-01
4.694110155105590820e-01,8.492999708072693776e-01
9.054309725761413574e-01,8.243581672409880934e-01
6.566630005836486816e-01,8.506972430592767420e-01
6.324055790901184082e-01,8.590326603535822780e-01
3.047409951686858576e-01,8.529875682238452494e-01
2.148479968309402466e-01,8.144161784578450858e-01
1.512310057878494540e-01,7.773920676153763809e-01
7.344200015068054199e-01,7.741360460464868920e-01
9.913370013236999512e-01,8.374963082658714031e-01
7.429170012474058948e-01,9.239975062784021587e-01
8.799139857292175293e-01,9.355538710665960433e-01
7.376829981803894043e-01,9.300556742457724013e-01
8.343409895896911621e-01,8.681856916948648140e-01
3.054729998111724298e-01,8.757949306957568680e-01
1.285866022109985352e+00,8.392098495543375281e-01
1.090137004852295144e+00,8.986998213840524663e-01
5.923830270767211914e-01,9.370589275370915239e-01
2.693597316741943803e+00,9.015309535469567814e-01
2.288666009902954102e+00,1.149404000637971768e+00
8.070570230484008789e-01,1.362890824892130315e+00
8.929409980773926891e-01,1.336569119288340879e+00
9.776080250740051270e-01,1.188437815940780462e+00
1.403792977333068848e+00,1.011791154287334793e+00
7.223749756813049316e-01,9.864916114605898345e-01
7.407349944114685059e-01,9.281817147639990218e-01
1.236768960952758789e+00,8.651879736146882438e-01
6.214020252227783203e-01,8.826845803774319155e-01
3.064779937267303467e-01,8.505224475179909982e-01
6.473349928855895996e-01,8.292826386275156114e-01
1.024247765541076882e+00,8.253319387780059246e-01
7.440620064735412598e-01,8.477748231578629001e-01
7.367150187492370605e-01,9.050046038100090229e-01
9.152600169181823730e-01,9.240850102690840728e-01
1.137029051780700906e+00,8.977340916227698475e-01
4.941360056400299072e-01,8.889619626017588594e-01
1.271524906158447266e+00,8.314712604153615683e-01
8.864369988441467285e-01,8.883462613733212887e-01
9.049779772758483887e-01,9.076545282276051729e-01
8.299319744110107422e-01,9.231712023916868182e-01
5.502920150756835938e-01,9.107627141851645236e-01
8.491920232772827148e-01,8.250101201372151971e-01
6.393229961395263672e-01,8.471143334537518665e-01
9.646000266075135388e-01,8.460361774691699255e-01
8.413559794425964355e-01,8.860978295033897778e-01
7.240070104598999023e-01,8.914332329115055575e-01
6.538060307502746582e-01,8.513580193451154576e-01
7.932850122451782227e-01,8.452177651133234715e-01
1.160789966583251953e+00,8.362515920768904820e-01
8.085789680480957031e-01,8.841344946293032692e-01
2.556999921798706055e-01,8.907033709327162319e-01
1.151844024658203125e+00,8.301340485206760711e-01
7.372779846191406250e-01,8.798309087968929632e-01
1.975852966308593528e+00,8.688089833637993031e-01
8.547700047492980957e-01,1.063887381178307168e+00
1.052428960800170898e+00,1.077478635311065469e+00
1.797067999839782937e+00,9.985140001730499204e-01
1.061478018760681152e+00,1.124704398557917484e+00
6.645399928092956543e-01,1.050759320444592193e+00
7.571684122085571289e-01,9.469659170554356464e-01
9.052469730377196155e-01,8.755128334773500942e-01
6.141330003738403320e-01,8.810417867809734460e-01
9.733130335807800293e-01,8.726760999216484072e-01
4.894390106201171875e-01,8.917824088253872850e-01
8.408679962158203125e-01,8.338873179900850863e-01
6.755350232124328613e-01,8.320579484458385799e-01
1.084153056144714355e+00,8.435546951826431439e-01
9.314100146293641247e-01,8.884504664995398482e-01
7.633988261222839355e-01,9.081572358185434624e-01
5.357339978218078613e-01,8.956620463343613059e-01
7.839810252189636230e-01,8.664127824189644667e-01
1.015287995338439941e+00,8.371932492636611212e-01
9.259430170059204102e-01,8.975072691275046699e-01
9.717460274696348987e-01,9.208739565942730687e-01
1.176299691200256348e+00,9.416145843195873333e-01
1.307337045669555664e+00,9.221200964316298432e-01
2.298435926437377930e+00,9.343813673625454008e-01
1.808241009712219238e+00,1.181128068390844721e+00
1.570945024490356445e+00,1.269631294555437773e+00
1.578516006469726562e+00,1.201784340473438739e+00
9.928810000419614479e-01,1.114637300014462040e+00
1.017398953437805176e+00,9.860247338639911430e-01
8.378469944000244141e-01,9.021228178920298602e-01
1.246340990066528320e+00,8.503528776090353292e-01
1.209630966186523438e+00,8.808569328352707783e-01
1.519726991653442383e+00,9.161892757660167197e-01
1.571495056152343750e+00,9.768273592293835739e-01
1.278105020523071289e+00,1.013545368614962694e+00
8.304439187049865723e-01,9.891292827321439551e-01
1.402015686035156250e+00,9.155121933226478825e-01
1.162554860115051270e+00,9.262559120068430962e-01
1.253835797309875710e+00,9.293621721604996555e-01
1.791844010353088379e+00,9.287847137107316797e-01
4.939970970153808594e+00,1.037526589249061049e+00
2.394351005554199219e+00,1.855785460021335931e+00
1.886527061462402344e+00,2.077983099799881384e+00
9.099829792976381615e-01,2.031483639039858069e+00
8.112999796867370605e-01,1.517074443444080156e+00
1.351788043975830078e+00,1.176274605339189483e+00
1.283630967140197754e+00,1.063809254478589095e+00
4.846229851245880127e-01,1.037644883504119653e+00
8.322510123252868652e-01,8.972112960377151003e-01
5.959370136260986328e-01,8.634352796030957400e-01
6.860110163688659668e-01,8.149262152775401669e-01
8.153510093688964844e-01,8.212988481232863514e-01
6.998159885406494141e-01,8.571912887264543368e-01
6.866139769554138184e-01,8.484328818201769540e-01
1.826770007610321045e-01,8.641093568055852048e-01
1.796682000160217507e+00,8.081206830557123855e-01
7.204269766807556152e-01,1.080267641905336751e+00
6.408870220184326172e-01,1.152084710932976375e+00
1.001817584037780762e+00,1.133338598356846916e+00
1.660804033279418945e+00,1.031901046524826171e+00
1.085010051727295144e+00,9.660614447074808986e-01
1.099555015563964844e+00,9.562947228947501488e-01
1.254430413246154785e+00,9.517687625501390913e-01
7.186369895935058594e-01,9.373007807660990176e-01
8.902019858360290527e-01,8.895751897710950651e-01
2.849014520645141602e+00,8.969692128374266993e-01
4.281075000762940341e+00,1.180999511878437769e+00
7.096589803695678711e-01,1.801199553177936341e+00
8.907449841499327503e-01,1.596151848043723120e+00
1.469527959823608398e+00,1.345406549740469249e+00
1.043460965156555176e+00,1.171069266021741662e+00
1.184751033782958984e+00,1.165098002663593757e+00
6.946156024932861328e-01,1.162807743706877561e+00
7.754629850387573242e-01,1.025836435798736179e+00
8.564696311950683594e-01,9.220885116618779964e-01
7.506660223007202148e-01,8.758101167332450476e-01
9.248849749565125622e-01,8.792955409462807070e-01
8.752880096435546875e-01,9.045793605043752628e-01
8.627579808235168457e-01,9.142241261205694691e-01
5.096570253372192383e-01,8.991199069031615698e-01
6.711369752883911133e-01,8.498087057497973884e-01
6.132180094718933105e-01,8.275842076902070188e-01
8.710420131683349609e-01,8.318859699585684497e-01
9.089673757553099476e-01,8.540776605301694246e-01
9.709029793739321068e-01,8.808914476493345802e-01
1.356256246566772461e+00,8.985269032429298308e-01
1.309872984886169434e+00,9.633660993764611158e-01
5.933508276939392090e-01,1.009160449525148939e+00
1.131836414337158203e+00,9.400865514759361163e-01
1.841274023056030495e+00,9.020311609884298365e-01
2.597975969314575195e+00,9.846951979157884116e-01
2.399192094802856445e+00,1.219906846209144025e+00
2.269547939300537109e+00,1.379414751914129544e+00
1.452262043952941895e+00,1.395035564928398975e+00
1.342797994613647683e+00,1.319522340986310160e+00
1.276762008666992188e+00,1.237423167173918648e+00
1.275267004966735840e+00,1.107029340022112729e+00
8.153480291366577148e-01,1.022086534355546972e+00
6.043019890785217285e-01,9.282325620313722769e-01
9.830358624458311878e-01,8.530483053837526475e-01
1.183724999427795410e+00,8.451656657063988387e-01
4.356400072574616034e-01,8.993449208494085356e-01
8.039849996566772461e-01,8.734189200955410071e-01
5.734559893608093262e-01,8.709515528644969917e-01
3.959457874298096258e-01,8.156270305929947950e-01
5.603970289230346680e-01,7.955672633961416995e-01
7.749050259590148926e-01,8.209136422892127083e-01
3.839260041713714044e-01,8.471657663158054241e-01
1.054715037345886230e+00,8.424620983669279806e-01
6.537709832191467285e-01,8.985183202871077635e-01
1.022608995437622070e+00,8.783359926868175016e-01
8.359869718551635742e-01,9.040005176246329599e-01
9.755985140800476074e-01,9.017364811434789296e-01
1.098647952079772949e+00,8.746058564142699110e-01
1.151165962219238503e+00,8.969401421389803231e-01
4.744769930839538019e-01,9.047523899524823054e-01
7.896029949188232422e-01,8.573420511048056580e-01
5.455229878425598145e-01,8.456959840584222787e-01
7.707700133323669434e-01,8.185028421051849801e-01
9.337069988250732422e-01,8.400093264971975060e-01
6.005529761314392090e-01,8.930621227571480247e-01
1.002521038055420144e+00,8.726590019704602019e-01
9.160850048065184437e-01,8.959688333512445535e-01
9.283249974250791237e-01,8.817952972189742056e-01
6.429409980773925781e-01,8.710632823251188706e-01
6.271365880966186523e-01,8.661878650681524849e-01
1.038689017295837402e+00,8.410476514092040112e-01
5.214130282402038574e-01,8.750205392557672823e-01
1.159701943397521973e+00,8.413709150921703239e-01
6.456400156021118164e-01,8.982227820573025490e-01
1.304703950881958008e+00,8.769838239357139464e-01
8.844429850578308105e-01,9.498778456194985065e-01
7.702100276947021484e-01,9.669252570470313612e-01
8.937159776687623181e-01,9.036521425619936654e-01
5.247250199317932129e-01,8.822712288530377700e-01
7.172748446464538574e-01,8.180562228282657333e-01
6.410769820213317871e-01,8.209823631403375677e-01
1.203750014305114746e+00,8.464386569204407351e-01
1.136301159858703613e+00,9.208073344320040210e-01
8.642929792404174805e-01,9.617096789199278684e-01
5.817409753799438477e-01,9.474574432920281897e-01
8.651199936866759144e-01,8.752476730120091197e-01
7.377740144729614258e-01,8.330636487063646234e-01
9.422479867935179554e-01,8.309337044061704258e-01
1.060060024261474609e+00,8.556119698798020368e-01
4.040209949016570490e-01,8.939277299550605349e-01
2.920779883861541193e-01,8.416811186422852309e-01
1.124665260314941406e+00,8.024791702994777953e-01
1.247418999671936035e+00,8.636524621418228964e-01
6.976169943809509277e-01,9.492193336111888202e-01
8.204839825630187988e-01,9.591502940751107653e-01
8.573070168495178223e-01,1.168177460117583610e+00
8.385969996452331543e-01,1.224847080129318533e+00
9.632229804992676891e-01,1.137199083668920530e+00
1.343299984931945801e+00,1.068828849025019512e+00
6.809219717979431152e-01,1.010749920075645569e+00
7.014784216880798340e-01,9.129347380381596100e-01
1.365643024444580078e+00,8.409373586521150523e-01
6.786789894104003906e-01,8.909027410731079621e-01
5.976330041885375977e-01,8.837320423339828368e-01
7.911109924316406250e-01,8.911456353383442330e-01
1.044147372245788574e+00,8.787068436490983458e-01
8.748620152473449707e-01,8.759908909845079972e-01
7.164059877395629883e-01,9.042081820121751212e-01
6.523500084877014160e-01,8.712287877572203465e-01
5.936999917030334473e-01,8.344996087118301542e-01
5.393440127372741699e-01,8.166515937195680808e-01
8.087720274925231934e-01,8.177460369758878800e-01
6.020820140838623047e-01,8.617153389429278443e-01
1.146679997444152832e+00,8.467863924259663166e-01
5.671510100364685059e-01,9.037748021796070397e-01
7.866399884223937988e-01,8.811265623361669297e-01
6.810299754142761230e-01,8.670608087212011705e-01
6.642330288887023926e-01,8.578504350614780671e-01
5.124790072441101074e-01,8.270277440891361520e-01
6.728799939155578613e-01,8.310837529894652409e-01
8.265414834022521973e-01,8.352119688738340875e-01
5.594509840011596680e-01,8.612908383973676418e-01
1.633069962263107300e-01,8.560342821401428770e-01
1.797860413789749146e-01,8.053548086602451139e-01
8.508148789405822754e-01,7.752900059921954412e-01
8.527640104293823242e-01,8.372738538745757575e-01
2.149522066116333008e+00,8.979575850493098921e-01
1.239639997482299805e+00,1.181050207104120453e+00
2.128437280654907227e+00,1.174022992496326134e+00
9.779880046844482422e-01,1.190998281080925425e+00
6.937779784202575684e-01,1.117132920185634593e+00
7.631160020828247070e-01,9.901254339592319154e-01
1.109338045120239258e+00,8.967720128815011016e-01
6.476340293884277344e-01,8.788032106747960537e-01
7.877320051193237305e-01,8.423947943850331743e-01
1.305567026138305664e+00,8.622409433216288166e-01
8.699640035629272461e-01,9.192601854009845308e-01
8.599532246589660645e-01,9.013119140761089998e-01
4.775849878787993830e-01,8.873711753523101375e-01
1.290724992752075195e+00,8.341867936325331190e-01
8.591579794883728027e-01,9.205136044005483020e-01
9.039019942283629261e-01,9.377553078643346973e-01
1.023422956466674805e+00,9.221367340826083225e-01
6.730669736862182617e-01,8.983053271745837787e-01
5.141969919204711914e-01,8.325099174382928346e-01
1.527956604957580566e+00,8.264698461373084504e-01
9.952359795570373535e-01,9.185390434434544948e-01
1.141056060791015625e+00,1.227168462633613677e+00
1.622257947921753152e+00,1.362334330159138851e+00
1.375547051429748313e+00,1.328623947028209740e+00
1.851865053176880105e+00,1.164011545788293578e+00
1.589177966117858887e+00,1.149923261780842365e+00
2.123934030532836914e+00,1.104216548810271092e+00
1.648401975631714089e+00,1.226951374150279106e+00
7.920839786529541016e-01,1.250905559547653700e+00
1.227027416229248047e+00,1.094799786651772466e+00
1.131343960762024148e+00,1.001681441129623540e+00
1.116891980171203613e+00,9.318270660451271059e-01
1.122387051582336426e+00,9.033419733126930584e-01
8.091310262680053711e-01,8.962428193748700478e-01
7.681059837341308594e-01,8.681954234190096820e-01
7.666722536087036133e-01,8.486924402751021557e-01
8.607699871063232422e-01,8.366688877133493518e-01
1.070777058601379395e+00,8.478925343910750367e-01
6.604189872741699219e-01,8.791606608968687286e-01
9.909179806709289551e-01,8.602691125601453770e-01
9.618239998817442737e-01,8.806782478397312541e-01
8.381230235099792480e-01,8.750840655751732644e-01
9.245989918708800159e-01,8.818302651418011839e-01
1.003061056137084961e+00,8.922656278651552864e-01
8.752340078353881836e-01,8.780291589443440792e-01
8.812961578369140625e-01,8.687374230967864763e-01
9.057049751281738281e-01,8.557195835397867212e-01
6.909559965133666992e-01,8.645563316556317268e-01
7.572399973869323730e-01,8.507347462292702556e-01
2.043754577636718750e+00,8.641961454529152320e-01
2.364957094192504883e+00,1.022533773076072849e+00
2.233561992645264116e+00,1.204673969577721993e+00
8.013390302658081055e-01,1.350741917748623067e+00
8.851529955863952637e-01,1.217417167258949773e+00
9.040349721908568226e-01,1.017873653060288319e+00
7.228699922561645508e-01,9.152526653211502383e-01
1.032919287681579590e+00,8.666799465745497200e-01
1.321628212928771973e+00,8.798731914706688917e-01
7.007700204849243164e-01,9.350949459508220984e-01
7.624319791793823242e-01,9.011444645151590604e-01
7.721610069274902344e-01,8.789291345957793711e-01
1.243505001068115234e+00,8.518686481383044296e-01
6.381840109825134277e-01,8.792362857208981808e-01
6.839929819107055664e-01,8.901321680259234315e-01
1.419505119323730469e+00,8.777967329211536773e-01
7.347676753997802734e-01,9.197746534136181928e-01
1.074026942253112793e+00,8.894936812189826458e-01
6.156389713287353516e-01,9.025427889121541147e-01
9.916120171546936035e-01,8.602770042942821105e-01
8.089560270309448242e-01,8.550524660225741203e-01
8.223479986190795898e-01,8.546790853953686318e-01
5.762249827384948730e-01,9.567557925354733817e-01
4.224239885807036798e-01,9.504452244693286644e-01
5.520349740982055664e-01,8.640644783374129556e-01
9.015229940414426490e-01,8.346897454362990354e-01
8.627583980560302734e-01,8.437821095375527269e-01
1.055613875389099121e+00,8.858988828817876415e-01
1.970020055770873801e+00,9.407796261081022848e-01
1.009042978286743164e+00,1.089469196063021839e+00
7.824029922485351562e-01,1.053253568347265690e+00
8.782749772071838379e-01,9.687502284526966490e-01
1.109990954399108887e+00,8.947597034124223914e-01
7.727199792861938477e-01,8.672895851062081274e-01
7.157210111618041992e-01,8.491396617248085921e-01
1.475479006767273171e+00,8.605355941590613345e-01
7.344660162925720215e-01,9.379383331712998206e-01
1.143465042114257812e+00,9.050712068459862980e-01
9.246990084648132324e-01,9.311352895596970436e-01
2.138324022293090820e+00,8.951214311515238720e-01
4.077424049377441406e+00,1.163702514220304574e+00
9.367650747299194336e-01,2.190203811718475002e+00
1.001402020454406738e+00,1.792143834784170053e+00
8.896229863166810192e-01,1.557317148356379466e+00
1.115183949470520020e+00,1.248396396699689381e+00
9.457820057868957520e-01,1.143896376104796664e+00
1.164842009544372559e+00,8.712671559615930983e-01
9.045109748840332031e-01,8.800801898560184355e-01
5.575259923934936523e-01,8.771378726864135222e-01
7.199835777282714844e-01,8.465566543788772824e-01
7.607790231704711914e-01,8.462827549012006401e-01
8.009672760963441052e-01,8.542706134281389252e-01
6.709719896316528320e-01,8.642127768404183064e-01
2.768970489501953125e+00,8.708146903729330202e-01
1.116358041763305664e+00,1.194062108365013586e+00
1.024410009384155273e+00,1.313983892368334461e+00
1.114386796951293945e+00,1.363359405639135380e+00
1.229098439216613770e+00,1.217130982572602216e+00
1.573238968849181907e+00,1.086624104556524806e+00
8.298619985580444336e-01,1.099949797605635160e+00
5.376980304718017578e-01,1.035530067322363967e+00
7.949647903442382812e-01,9.242048485429339433e-01
1.209460973739624023e+00,8.655110675916997121e-01
1.043611049652099609e+00,8.816766618416325141e-01
1.377645969390869141e+00,8.969194746228887904e-01
7.495359778404235840e-01,9.474187498928990925e-01
8.522210121154785156e-01,8.992402203272154004e-01
9.499999880790710449e-01,8.613310085352456902e-01
8.433979749679565430e-01,8.751327460472370090e-01
6.848490238189697266e-01,8.662599247552693615e-01
8.296039700508117676e-01,8.598407641351921704e-01
1.060515046119689941e+00,8.521913206968692034e-01
6.726049780845642090e-01,9.008850803960974929e-01
8.499810099601745605e-01,8.738481628776233467e-01
7.509549856185913086e-01,8.815479874637143221e-01
9.556260704994201660e-01,8.505961189111586052e-01
7.782499790191650391e-01,8.535966503421893448e-01
6.364319920539855957e-01,8.657912461583587849e-01
6.015599966049194336e-01,8.448930315209663977e-01
6.385549902915954590e-01,8.350305438210006148e-01
8.762890100479125977e-01,8.375145154567636974e-01
6.824830174446105957e-01,8.714802126553753414e-01
7.950311899185180664e-01,8.752146144293195817e-01
1.584897041320800781e+00,8.767578896766848873e-01
9.177780151367186390e-01,9.735922329702276778e-01
1.230221033096313699e+00,9.470432753155157979e-01
9.125559926033020020e-01,9.800466498572962815e-01
1.030437946319579856e+00,9.212520228481876350e-01
5.325379967689514160e-01,8.785715055982845634e-01
8.741289973258972168e-01,8.437998315536184846e-01
3.667230010032653253e-01,8.372029576580878318e-01
5.604230165481567383e-01,8.126482612420861118e-01
8.102909922599792480e-01,8.201778193871033240e-01
6.437510251998901367e-01,8.658571882461600921e-01
9.113870263099670410e-01,8.690887803265048284e-01
6.627830266952514648e-01,9.222907887981334207e-01
8.224419951438903809e-01,8.976752674857889636e-01
6.781139969825744629e-01,9.177033866376295146e-01
5.333459973335266113e-01,8.988500458077809396e-01
7.608630061149597168e-01,8.409026269207037219e-01
7.439860105514526367e-01,8.383801008601247107e-01
7.004669904708862305e-01,8.328636549017021107e-01
1.274258971214294434e+00,8.451936359746191618e-01
8.934450149536132812e-01,9.536473203373723173e-01
7.900159955024719238e-01,9.615710412746679703e-01
1.067494988441467285e+00,9.293358197791926623e-01
1.265694975852966309e+00,9.254339946970054909e-01
9.348030090332032360e-01,9.041468766578952820e-01
8.006410002708435059e-01,8.993156886380370141e-01
3.527039885520934503e-01,8.726988516561324793e-01
5.883709788322448730e-01,8.175631253171944390e-01
4.636880159378051758e-01,8.184324427533311574e-01
8.750243186950683594e-01,8.101384252797620977e-01
6.435279846191406250e-01,8.477235727351615235e-01
2.120890021324157437e-01,8.740623892506491632e-01
4.560469985008240301e-01,8.274445743506524398e-01
7.238804101943969727e-01,8.283527372409169587e-01
4.748429954051971436e-01,8.349290744388430108e-01
2.674640119075775146e-01,8.463338345808727459e-01
7.868980169296264648e-01,8.349033570677729665e-01
1.794360995292663574e+00,8.684393667256579130e-01
1.210453987121582031e+00,1.007851529826695236e+00
4.008429944515227716e-01,1.051269624192690211e+00
2.727654874324798584e-01,9.527149554306473256e-01
8.533802628517150879e-01,8.286873265816288026e-01
8.660610318183898926e-01,8.274874898639110743e-01
7.764859795570373535e-01,8.621566039021709704e-01
5.888479948043823242e-01,9.169874210564753492e-01
1.588868498802185059e+00,8.988429725016816585e-01
3.996030092239379328e-01,9.774183426382310191e-01
5.545350313186645508e-01,9.408580375759814096e-01
1.149551987648010476e+00,9.227701653591543485e-01
9.776459932327270508e-01,9.174574018061371072e-01
1.732741951942443848e+00,8.707552525834592050e-01
1.053477048873901367e+00,9.887964158800137682e-01
7.962800264358520508e-01,9.878009639978949652e-01
6.104800105094909668e-01,9.464956491010226847e-01
6.522138714790344238e-01,8.698569866636599590e-01
1.175541162490844727e+00,8.175573122375090485e-01
7.193930149078369141e-01,8.752592645500074653e-01
8.200139999389648438e-01,9.054569668203222843e-01
1.039114952087402344e+00,9.327180980369281782e-01
9.508559703826904297e-01,9.244092262468323051e-01
5.277600288391113281e-01,8.702905150396901268e-01
9.703559875488280140e-01,8.437308462598149816e-01
1.383889913558959961e+00,8.614844372384102833e-01
6.069999933242797852e-01,9.135237937510246597e-01
9.455270171165466309e-01,9.240638767801735431e-01
6.238729953765869141e-01,9.146981926284293296e-01
5.156549811363220215e-01,8.414940129398641444e-01
9.679385423660277210e-01,8.088563983554937220e-01
9.072690010070800781e-01,8.436934229276287223e-01
2.479866981506348100e+00,8.851675405564287669e-01
1.133080005645751953e+00,1.155926229450945808e+00
8.474370241165161133e-01,1.177275971997443937e+00
1.536522984504699707e+00,1.090490677778777506e+00
4.812009930610656183e-01,1.059871647757876012e+00
8.617479801177978516e-01,9.169685079941943817e-01
1.008694052696228027e+00,8.729075295205962481e-01
7.795569896697998047e-01,8.715949518854146927e-01
9.895502924919128418e-01,8.531527939919958392e-01
9.099559783935547985e-01,8.819817911535238197e-01
1.239764332771301270e+00,8.702210575608483323e-01
1.211838960647583008e+00,8.948134775389597895e-01
1.148460984230041504e+00,9.302344410117453499e-01
7.663900256156921387e-01,9.456470393171985123e-01
8.156750202178955078e-01,9.136643474352131866e-01
1.299479961395263672e+00,8.633835513845328213e-01
8.583310246467590332e-01,8.883559571096564245e-01
8.764400482177734375e-01,8.742875561439996668e-01
8.305460214614868164e-01,8.721555825349882607e-01
9.092410206794739880e-01,8.626388101966935285e-01
7.411040067672729492e-01,8.474545323205925351e-01
5.853319764137268066e-01,8.526563801510302909e-01
5.519493222236633301e-01,8.410359156332155584e-01
9.697520136833190918e-01,8.205395066009666394e-01
1.049844980239868164e+00,8.586564287302702603e-01
5.644329786300659180e-01,9.029202046194541031e-01
9.184709787368774414e-01,8.820839746746171883e-01
5.984159708023071289e-01,8.809671839462045462e-01
9.383450150489809349e-01,8.384313283994393462e-01
7.079470157623291016e-01,8.629587655073287511e-01
4.484339952468872070e-01,8.669831604630396926e-01
8.405709862709045410e-01,8.244270719328763430e-01
7.211350202560424805e-01,8.464588270123162284e-01
5.215386152267456055e-01,8.420155119905597951e-01
6.405649781227111816e-01,8.399296195319865266e-01
1.660409450531006081e+00,8.524798749265516395e-01
2.465307950973510742e+00,9.513546410280260268e-01
1.866270065307616965e+00,1.187907509282576157e+00
3.623536109924317294e+00,1.251660221789087313e+00
9.065989851951599121e-01,1.556764936022497103e+00
7.756379842758178711e-01,1.387625770193228192e+00
7.006700038909912109e-01,1.186907894677051711e+00
7.579550147056579590e-01,1.030085073936817475e+00
5.499600172042846680e-01,9.212865223186211816e-01
1.367677569389343262e+00,8.264293825207968958e-01
8.148130178451538086e-01,8.926848216503611155e-01
1.278898954391479492e+00,9.959189286435559119e-01
1.093865990638732910e+00,1.113484376759714678e+00
8.134710192680358887e-01,1.035205409113717501e+00
9.060310125350952148e-01,9.188821268095566097e-01
1.311033964157104492e+00,9.165292290849365031e-01
7.892500162124633789e-01,9.457857034156043063e-01
9.167850017547608532e-01,9.121605729571584664e-01
1.186140060424804910e+00,9.127335384795862705e-01
2.092472076416016069e+00,9.084184116489815164e-01
1.301861047744750977e+00,1.042561537707694885e+00
1.268974781036376953e+00,1.040044606337527044e+00
9.061110019683837891e-01,9.949131901170401582e-01
1.078873991966247559e+00,9.408399383347464395e-01
7.863690257072448730e-01,9.122449242305802342e-01
7.093420028686523438e-01,8.559743799289833976e-01
5.201929807662963867e-01,8.394681226918261352e-01
9.855200052261352539e-01,8.153253776691834487e-01
1.092841982841491699e+00,8.388701740502287896e-01
3.955059945583344061e-01,8.959758976609873971e-01
1.195796012878417969e+00,8.677343941152492190e-01
1.702510833740234375e+00,9.718777231619858403e-01
2.407080888748168945e+00,1.045344306978888804e+00
2.585943937301636186e+00,1.254707440826414722e+00
1.655773043632507102e+00,1.411541168084001763e+00
8.921740055084229626e-01,1.326064316444332869e+00
1.231696963310241699e+00,1.126725944106041544e+00
1.602033019065856934e+00,1.020686087771643047e+00
1.585399031639099121e+00,1.006257419529450248e+00
1.210371017456054910e+00,1.017722582414076538e+00
9.857040047645567737e-01,9.870123294838158978e-01
7.289689779281616211e-01,9.263570295185743486e-01
1.071573019027709961e+00,8.607811014500392766e-01
9.457439780235290527e-01,8.653815091571113172e-01
5.141820311546325684e-01,8.721179928447415630e-01
7.144280076026916504e-01,8.539420841876379509e-01
4.996199905872344416e-01,8.491261140295069954e-01
8.646243214607238770e-01,8.214892216640204969e-01
6.024960279464721680e-01,8.443520066664161883e-01
1.012339949607849121e+00,8.538215548710181846e-01
6.310235261917114258e-01,9.008225420456066335e-01
1.141221046447754128e+00,8.789607356334931954e-01
8.547459840774536133e-01,9.241646965190766227e-01
7.744219899177551270e-01,9.101081096231622425e-01
8.376209735870361328e-01,8.722754352202809480e-01
7.503905892372131348e-01,8.723508954388599079e-01
1.134822010993957520e+00,8.353271058672850913e-01
1.244793057441711426e+00,8.962146301331134213e-01
7.141630053520202637e-01,9.661177243532047543e-01
6.486989855766296387e-01,9.400789296037304066e-01
3.861860036849976141e-01,8.910011385851698273e-01
6.366299986839294434e-01,8.137570088528582879e-01
4.178859889507293146e-01,8.067150154311968357e-01
1.103790521621704102e+00,8.073056553821568171e-01
8.070139884948729359e-01,8.774311075548887340e-01
1.107607960700988770e+00,9.053138477865965150e-01
9.713580012321472168e-01,9.360725856795171218e-01
6.764810085296630859e-01,9.361124764641943763e-01
1.687772989273071289e+00,8.579180017290359839e-01
8.082039952278137207e-01,9.587378718324122140e-01
1.564818024635314941e+00,9.192947527729136148e-01
6.673809885978698730e-01,9.994352732905275039e-01
1.091886043548584206e+00,9.460964748478057906e-01
7.375509738922119141e-01,9.225919935331873267e-01
8.364729881286621094e-01,8.870412752566233516e-01
1.015761017799377441e+00,8.544844651566819715e-01
1.106158971786499023e+00,8.761293624128265733e-01
1.130903959274291992e+00,8.837195886577030590e-01
9.518219828605650745e-01,9.178430520170534068e-01
5.585229992866516113e-01,9.080506191809994965e-01
1.855298042297363503e+00,8.453867294731138848e-01
7.845479846000671387e-01,1.064125012018137362e+00
5.835890173912048340e-01,1.080887906538301024e+00
8.359720110893249512e-01,1.031788533246255524e+00
6.805480122566223145e-01,9.613280928066278985e-01
1.030328035354614480e+00,8.970322478931289645e-01
7.914109826087951660e-01,9.550210401531072923e-01
4.464710056781768799e-01,9.653094954437403397e-01
5.589337944984436035e-01,8.776769970320390524e-01
7.334340214729309082e-01,8.249602845524939276e-01
8.426809906959533691e-01,8.184422571176580563e-01
1.109205961227416992e+00,8.625953236125014634e-01
5.862460136413574219e-01,9.174680089940124850e-01
1.772798061370849609e+00,8.809326046533629828e-01
8.493610024452209473e-01,1.156293782137118420e+00
1.331516027450561523e+00,1.061765070697873181e+00
1.215008974075317383e+00,1.051351639623116396e+00
9.708780050277708851e-01,1.000526888640640433e+00
1.411272048950195090e+00,9.393015189108113727e-01
1.046331048011779785e+00,9.465788492116639086e-01
8.349300026893615723e-01,9.217209371715728849e-01
9.847199916839598499e-01,8.786318778034752919e-01
4.901649951934814453e-01,8.665737545095208993e-01
6.141669750213623047e-01,8.282545812791466400e-01
8.252440094947814941e-01,8.340352232819483458e-01
1.047114968299865501e+00,8.507305304598032913e-01
3.921430110931396484e-01,8.929208050486503456e-01
7.720900177955627441e-01,8.686267160239758978e-01
7.520099878311157227e-01,8.608458650144541480e-01
6.718119978904724121e-01,8.528869792628009927e-01
6.571980118751525879e-01,8.475554951837717121e-01
8.213180303573608398e-01,8.692679263056887207e-01
1.030122995376587136e+00,8.646112386138734562e-01
6.211889982223510742e-01,8.855032125901272089e-01
9.608931541442871094e-01,8.669509880790765566e-01
7.402380108833312988e-01,8.746640812098771534e-01
5.984709858894348145e-01,8.554343733896562219e-01
9.358735680580140270e-01,8.369965814955024896e-01
5.818247795104979359e-01,8.666354580370815297e-01
6.529520153999328613e-01,8.393529189956379088e-01
7.834500074386596680e-01,8.538175335956564860e-01
7.448130249977111816e-01,8.707699056589146558e-01
8.943400979042054333e-01,8.702596853025993395e-01
2.505017042160034180e+00,8.775905959693165448e-01
1.417585968971252441e+00,1.193930576645540809e+00
1.226507544517517090e+00,1.233518006457298588e+00
1.043179035186767578e+00,1.137067166029098075e+00
8.192250132560729980e-01,1.030602856005012891e+00
8.129550218582153320e-01,9.027698818648143275e-01
5.289899706840515137e-01,8.576417184988340825e-01
4.789490103721618097e-01,8.228261124781217628e-01
1.153810977935791016e+00,8.038257739346467146e-01
7.845839858055114746e-01,8.656314193427155912e-01
4.701859951019286554e-01,8.845660736073491792e-01
2.416239976882934570e-01,8.725147428564619112e-01
1.994680017232894897e-01,8.232433997914663237e-01
1.327169984579086581e-01,7.743662701780067437e-01
6.585559844970703125e-01,7.671610515147422316e-01
9.621880054473875843e-01,8.433224392029322614e-01
9.829789996147155762e-01,9.182155270369520839e-01
1.026576042175292969e+00,9.566366372578595234e-01
8.309389948844909668e-01,9.683875462560469494e-01
1.000543951988220215e+00,8.958399620478878500e-01
1.983185052871704102e+00,8.765924018754885916e-01
1.286525964736938477e+00,9.935099164806636685e-01
1.736924052238464355e+00,1.026356925726687130e+00
1.257668018341064453e+00,1.125969966968074498e+00
1.084908962249756081e+00,1.089215777544538133e+00
1.062494039535522461e+00,9.758215329454923426e-01
8.256469964981079102e-01,9.097151291188803057e-01
1.418092012405395508e+00,8.537660509334852321e-01
1.151677966117858887e+00,8.991349228726602805e-01
8.794019818305969238e-01,9.157904148882949347e-01
1.089423060417175293e+00,9.000821948002323269e-01
8.687390089035034180e-01,9.026232368286023489e-01
1.307837963104248047e+00,8.790525244065936494e-01
1.262575984001159668e+00,9.068217926462985856e-01
1.069887042045593262e+00,9.327706731503176973e-01
8.579840064048767090e-01,9.010625974258290594e-01
1.067142963409423828e+00,8.861707565941616682e-01
6.799880266189575195e-01,8.775577129780083308e-01
7.323921322822570801e-01,8.435640548390466176e-01
6.000829935073852539e-01,8.329122455900002109e-01
1.010563969612121582e+00,8.205204691526745142e-01
7.260069847106933594e-01,8.587565827118260886e-01
5.901079773902893066e-01,8.757496257053914990e-01
7.744659781455993652e-01,8.653958617980793688e-01
8.908360004425048828e-01,8.704595658996955310e-01
7.620100975036621094e-01,8.608436295638505209e-01
5.811070203781127930e-01,8.607966991883425623e-01
8.903719782829285778e-01,8.526632345618129216e-01
7.882059812545776367e-01,8.554022223138209036e-01
9.248933196067808948e-01,8.552161162786592330e-01
1.265586972236633301e+00,8.703799638947878892e-01
9.180610179901123047e-01,9.258143680995694069e-01
8.252680301666259766e-01,9.051888824018045066e-01
4.257229864597321112e-01,8.892760561582291334e-01
7.238519787788391113e-01,8.356986707791193014e-01
9.657319784164427601e-01,8.284198455536193606e-01
7.146480083465576172e-01,8.703967299581996109e-01
8.502969741821289062e-01,8.778476423818936114e-01
6.113014817237854004e-01,8.833225671118436484e-01
5.909900069236755371e-01,8.368321650454042526e-01
1.191807866096496582e+00,8.263035939670693164e-01
7.976800203323364258e-01,8.895535754842188725e-01
8.885610103607177734e-01,9.123439068468842672e-01
7.367290258407592773e-01,9.054073727180073083e-01
8.569459915161132812e-01,8.669549088417286553e-01
5.838339924812316895e-01,8.482649292821612397e-01
8.865389823913574219e-01,8.377411669763998869e-01
8.750730156898498535e-01,1.194223031987328820e+00
1.111973047256469505e+00,1.351863190487115451e+00
5.632749795913696289e-01,1.252661593275542051e+00
5.519689917564392090e-01,1.091824855423955132e+00
5.465030074119567871e-01,9.366058494635421949e-01
7.512239813804626465e-01,8.694011573628015466e-01
8.402569890022277832e-01,8.384457792236494900e-01
5.915480256080627441e-01,8.739971803496381364e-01
6.109840273857116699e-01,8.633907671807583561e-01
7.992020249366759144e-01,8.442897912423538154e-01
5.405290126800537109e-01,8.485152179585470078e-01
1.093670010566711426e+00,8.357540835687862213e-01
7.972419857978820801e-01,8.940190893865099797e-01
5.896059870719909668e-01,8.861692706705190936e-01
5.182790160179138184e-01,8.520906740268013868e-01
6.216366887092590332e-01,8.381457312561348960e-01
8.810679912567138672e-01,8.163240031810503616e-01
9.703850150108336292e-01,8.587268644759996628e-01
8.715350031852722168e-01,9.005496556286562981e-01
2.576299905776976984e-01,9.036251213991502995e-01
3.547430038452148438e-01,8.366899628403636768e-01
1.308350920677185059e+00,8.134825357087492881e-01
2.422243118286133257e+00,8.982685588006670274e-01
1.588093161582946777e+00,1.137458260837060031e+00
1.510810017585754395e+00,1.216247171707179220e+00
6.637499928474426270e-01,1.250100606064187714e+00
5.865659713745117188e-01,1.052990200828906708e+00
1.126363039016723633e+00,9.113758553375558291e-01
9.455379843711851917e-01,8.790211305640797113e-01
8.895260095596313477e-01,8.784357737809347366e-01
7.889080047607421875e-01,8.944212167228557941e-01
5.571460127830505371e-01,8.878394280380864645e-01
7.382910251617431641e-01,8.270848511768448263e-01
6.742079854011535645e-01,8.332770988565034731e-01
7.401880025863647461e-01,8.337874163004864725e-01
7.983270287513732910e-01,8.550732850499296323e-01
5.137799978256225586e-01,8.747016304724655189e-01
8.528280258178710938e-01,8.462732398155048408e-01
7.851629853248596191e-01,8.764764389548088674e-01
1.024798870086670144e+00,8.754809402799526019e-01
8.841310143470764160e-01,8.935944540359122001e-01
3.615649938583374023e-01,8.953075234937238891e-01
4.477910101413726807e-01,8.265049683787065726e-01
7.665730118751525879e-01,8.254083071297078078e-01
1.054823040962219238e+00,8.406264973819779218e-01
1.034250974655151367e+00,8.939813545951692531e-01
1.096979022026062012e+00,9.266862934878218327e-01
5.883730053901672363e-01,9.171670588165095062e-01
6.365630030632019043e-01,8.590067015791109650e-01
5.399640202522277832e-01,8.298819052839117028e-01
8.178460001945495605e-01,8.127825339569029195e-01
6.359609961509704590e-01,8.608847037618753140e-01
9.872140288352967419e-01,8.888209657611325643e-01
9.839289784431457520e-01,9.057666572187521581e-01
8.986790180206299938e-01,9.012956072931963547e-01
6.926850080490112305e-01,8.650486911041840310e-01
5.757049918174743652e-01,8.506330931431919096e-01
8.279470205307006836e-01,8.268688442808245220e-01
6.547859907150268555e-01,8.426791725383517839e-01
8.509550094604492188e-01,8.445218453331316821e-01
6.557850241661071777e-01,8.760875278718529557e-01
6.597809791564941406e-01,8.655799498627455568e-01
7.502999901771545410e-01,8.481184108071928573e-01
9.303160309791562721e-01,8.545421788347332681e-01
7.123904824256896973e-01,8.618544760517521386e-01
6.544970273971557617e-01,8.662632166701456082e-01
4.987269937992096502e-01,8.681460368010203155e-01
5.593240261077880859e-01,8.441420165718497293e-01
8.733990192413330078e-01,8.328240752306538264e-01
6.319249868392944336e-01,8.575946358459136665e-01
8.613430261611938477e-01,8.449302904801916370e-01
1.036013007164001687e+00,8.739269954584465427e-01
9.874529838562011719e-01,9.032663583635703874e-01
6.686739921569824219e-01,9.049318446463467946e-01
1.007030010223388894e+00,8.786982889290139154e-01
9.358490109443664551e-01,8.696912861120801308e-01
6.626719832420349121e-01,8.637741226739760192e-01
5.495319962501525879e-01,8.507568756574470648e-01
9.273632764816285290e-01,8.412828970696035746e-01
9.193540215492249645e-01,8.437177591340406790e-01
6.497738957405090332e-01,8.891926224479910212e-01
9.705049991607666016e-01,8.691809232834313281e-01
8.920990228652954102e-01,8.901340554657488635e-01
7.462270259857177734e-01,8.671291504073561640e-01
7.597569823265075684e-01,8.573235518238683239e-01
1.126011013984680176e+00,9.389953713666379098e-01
7.641419768333435059e-01,9.704385739869351157e-01
8.309190273284912109e-01,9.549940037206054999e-01
5.316870212554931641e-01,9.342500844364799439e-01
1.097100019454955833e+00,8.641506889860295360e-01
9.711959958076475941e-01,8.614662330087825559e-01
7.501904964447021484e-01,8.706081343684529683e-01
7.235890030860900879e-01,8.562790326988561906e-01
1.088876962661743164e+00,8.476930293125116700e-01
1.923168003559112549e-01,8.589773477361360987e-01
3.752999901771545410e-01,8.118066468791235168e-01
1.878910064697265625e-01,8.064863383865591429e-01
6.128349900245666504e-01,7.885998273270065084e-01
4.822100102901458740e-01,8.193587221122246023e-01
8.997989892959593616e-01,8.557477649061103753e-01
6.762999892234802246e-01,8.967672135619593199e-01
9.804093837738035999e-01,9.031910176781849930e-01
6.459739804267883301e-01,9.003620384744186467e-01
7.601699829101562500e-01,8.877489926548328691e-01
1.045557022094726562e+00,8.669842707879460431e-01
1.085988998413085938e+00,8.903300560730708080e-01
7.320979833602905273e-01,8.931540073372861155e-01
1.045389056205749512e+00,8.758410705094877846e-01
7.359200119972229004e-01,8.744227946303244625e-01
8.745509982109069824e-01,8.488545294572097388e-01
9.997780323028564453e-01,8.573353861194346059e-01
1.739534020423889160e+00,8.812943488882927223e-01
7.049050331115722656e-01,1.000710229954418828e+00
8.328270316123962402e-01,9.819836943838115006e-01
8.953109979629515491e-01,9.431430194038219472e-01
1.179519057273864746e+00,8.812387744317968785e-01
1.443411946296691895e+00,8.900715997654653489e-01
7.634999752044677734e-01,9.450810455482445693e-01
1.145148038864135520e+00,9.107863890917097249e-01
7.633590102195740856e-01,9.145776157999979672e-01
1.029322981834411621e+00,8.484505801377409950e-01
1.302055954933166504e+00,8.623678623620046890e-01
9.734439849853515625e-01,9.129141799619969744e-01
1.229671001434326172e+00,9.862545472226008636e-01
1.063034057617187500e+00,1.059816353494962726e+00
8.984770178794860840e-01,9.638969499072700398e-01
7.175139784812927246e-01,8.962617063377424920e-01
1.175443053245544434e+00,8.509311977861276910e-01
1.101048946380615234e+00,8.751677527464166717e-01
1.431144952774048074e+00,8.938351671161058887e-01
6.568620204925537109e-01,9.388853286251491737e-01
1.074908018112182617e+00,9.033001872939161458e-01
1.004804968833923118e+00,8.885798849685441203e-01
1.609539985656738503e+00,8.858158725983821258e-01
1.962562561035156028e+00,9.508246204546049185e-01
1.995329976081847922e+00,1.140000434303131138e+00
2.033385992050170898e+00,1.217488654312886220e+00
1.611258029937743919e+00,1.229945415017669852e+00
2.040218114852905273e+00,1.136255223134702730e+00
1.351415991783142090e+00,1.144353704283068041e+00
1.363389015197754128e+00,1.083677850186800740e+00
1.526808977127075195e+00,1.021355430406644116e+00
1.103597044944763184e+00,9.960654906554031740e-01
1.763007998466491699e+00,9.598114272605355879e-01
1.153326034545898438e+00,1.012283915209599927e+00
2.580787897109985352e+00,9.810492128674620504e-01
1.242146968841552734e+00,1.187935433430452603e+00
6.676509976387023926e-01,1.146414620306690058e+00
8.271329998970031738e-01,1.034017228814571698e+00
1.394161701202392578e+00,9.400937371511624008e-01
6.900759935379028320e-01,9.281044987073729935e-01
6.740249991416931152e-01,8.714494616641409452e-01
7.907469868659973145e-01,8.700979080083456330e-01
7.285000085830688477e-01,8.643004853137221666e-01
3.354600071907043457e-01,8.383534585535822314e-01
1.058426976203918457e+00,8.095039837292981044e-01
7.669919729232788086e-01,8.679286161887348472e-01
5.922303199768066406e-01,8.720760322417613342e-01
8.828200101852416992e-01,8.660837724746404120e-01
5.677499771118164062e-01,8.934981797061612996e-01
1.077505946159362793e+00,8.335747476578643234e-01
6.909419894218444824e-01,8.919749023283015665e-01
7.237120270729064941e-01,8.984526868169716574e-01
9.752489924430848278e-01,8.678026052095031417e-01
7.574009895324707031e-01,8.825431458494066295e-01
1.183527946472167969e+00,8.476361349881416096e-01
7.705749869346618652e-01,8.961291899525022364e-01
6.143350005149841309e-01,8.899811054384816345e-01
7.692319750785827637e-01,8.680275438568597624e-01
4.068099856376647949e-01,8.680473372058616910e-01
2.481469959020614346e-01,8.295284410230713279e-01
2.568759918212890625e-01,8.057959702139102509e-01
5.981699824333190918e-01,7.854135145997813705e-01
8.801140189170837402e-01,8.126834144203174404e-01
9.920129776000974342e-01,8.748147028506428891e-01
8.770260214805603027e-01,9.323567170704827323e-01
1.008928894996642844e+00,9.378910589592089897e-01
6.714209914207458496e-01,9.025352389920385798e-01
7.449629902839660645e-01,8.831219062756940907e-01
1.001886010169982910e+00,8.717510431475368193e-01
