1.074290990829999792e+00,5.759886559019281593e-01
9.521890282630000035e-01,9.131809425617790632e-01
9.879170060160000766e-01,9.749659385222887442e-01
1.011654973029999960e+00,1.289860674333119350e+00
0.000000000000000000e+00,9.259818991137787059e-01
7.643579840659999736e-01,-1.863963539970272532e-01
7.788103222849999119e-01,3.849715326132923665e-01
3.306220054629999794e+00,4.403845776341779872e-01
1.055441975589999970e+00,4.359950337181387248e+00
7.543110251430000801e-01,2.717087949796872071e+00
7.915459871289999283e-01,2.138250453601531209e+00
1.409499049189999909e+00,1.306762368161362708e-01
8.875439763070001042e-01,-4.197526639297488038e-01
6.401469707490000660e-01,8.160171195691880985e-01
5.082880258560000808e-01,7.532346903311858410e-01
8.640019893649999450e-01,1.579580648028015843e-01
5.725920200349999822e-01,2.055529968412021513e-01
8.469420075419999971e-01,6.079899970872841841e-01
9.181020259860001032e-01,1.127379353752474778e+00
7.976629734039999420e-01,1.164945042783036788e+00
9.608020186419998776e-01,9.050470899634033284e-01
9.555831551549999192e-01,1.164890000703452611e+00
3.470349907879999862e-01,8.317867155917999522e-01
9.546210169789999256e-01,2.719116434552326655e-01
1.293938040730000072e+00,7.893636625602370449e-01
5.251880288119999962e-01,1.152635490228608450e+00
4.773890078070000542e-01,7.587678610895409737e-01
1.275226235389999907e+00,7.365946615634680894e-01
8.723750114439999814e-01,8.515898894229654292e-01
8.355640172959999390e-01,7.111588968556237234e-01
7.321749925609999377e-01,1.295550115919690937e+00
7.640249729160000225e-01,7.593811616315037094e-01
4.072830080990000323e-01,2.159668565376713090e-01
4.752210080619999610e-01,3.307512172887077662e-01
8.781340122220000488e-01,3.907666341064003901e-01
7.414129972460000717e-01,8.606652340093449149e-01
1.258002042770000051e+00,9.631241103929367720e-01
1.069700956339999953e+00,1.755417611578003578e+00
7.274609804150000691e-01,1.439525340884339366e+00
7.892770171170000459e-01,7.314276590330610617e-01
6.237750053410000550e-01,5.637188068463383495e-01
6.914690136910000007e-01,8.335917596980543104e-03
8.557710051540000640e-01,4.590357091577291770e-01
7.093830108640000187e-01,1.000453661328083443e+00
1.014547944070000041e+00,9.069079009275501368e-01
1.115731000900000103e+00,1.258287267548348076e+00
4.182830154900000208e-01,1.246202239448990889e+00
1.002280950550000105e+00,4.807469573523859285e-01
1.218860983849999968e+00,9.171141649946057406e-01
1.143296003339999922e+00,9.407233816371119994e-01
6.528189778330000248e-01,1.253138369260925256e+00
6.746559739110000731e-01,9.972664908953026153e-01
6.009536385540000802e-01,2.138207823264616225e-01
6.694570183749999348e-01,-1.659020324593584242e-02
6.538079977039999990e-01,4.015358693831925785e-01
7.814120054240000224e-01,9.677288794080117773e-01
1.206303954120000022e+00,1.100307118885170965e+00
8.469259738919999725e-01,1.474294650860984435e+00
8.286409974099999687e-01,1.125377536023635106e+00
6.482390165329999787e-01,9.893699687274682963e-01
5.623700022700000023e-01,4.169977080951934867e-01
7.183309793469999649e-01,1.175543475157857509e-01
1.099647998810000082e+00,6.786131122175435015e-01
9.541710019110001273e-01,1.168076624365600447e+00
7.290139794350000146e-01,1.289621209579054462e+00
6.694499850270000385e-01,1.026662016149409107e+00
8.631219863889999511e-01,5.522034423051658258e-01
6.464660167689999515e-01,4.423328153587449685e-01
8.223180174830000411e-01,5.814910932828384338e-01
9.235979914669999458e-01,1.007430253064113046e+00
8.300920128820000743e-01,1.056992883788339332e+00
1.067314028740000031e+00,8.933314572552526478e-01
1.546175003050000107e+00,1.221016692208892973e+00
6.827279925350000500e-01,1.716779419037087751e+00
6.385620236399999206e-01,7.840747704224029224e-01
6.464239954950000699e-01,5.619353121543089191e-01
6.881093978879999629e-01,-1.636666684340009822e-02
7.273989915849999877e-01,6.283197126153769463e-02
6.500350236890000133e-01,1.072062557644254843e+00
8.693690299990000092e-01,1.008405337847545935e+00
4.408580064769999640e-01,1.139576331856839930e+00
4.518609941010000020e-01,6.085964347754834192e-01
7.575070261959999662e-01,5.028405606730840249e-01
4.952389895920000229e-01,7.393268298283356410e-01
6.850870251659999521e-01,5.468892782414842557e-01
7.243813276289999825e-01,9.987825828227150371e-01
8.653740286830000628e-01,9.970442267769983324e-01
7.400469779970000328e-01,1.110566115645045482e+00
8.070759773250000269e-01,1.127179977509586317e+00
8.204330205920000729e-01,1.018067028414326725e+00
1.114411950110000049e+00,9.091716222920521728e-01
1.108605027200000093e+00,1.104316620333611887e+00
4.751499891279999943e-01,1.235802713128774544e+00
1.039268016820000140e+00,5.177261099075178841e-01
9.457899928090000019e-01,8.100219384609219642e-01
7.877500057220000462e-01,5.230898381957128640e-01
3.504549860949999762e-01,7.088601279433331959e-01
9.367713332179998797e-01,4.865498482128062241e-01
9.868059754369999936e-01,5.532698809285582220e-01
6.470239758489999549e-01,8.901627251798546192e-01
1.029777050020000084e+00,9.329759496356972992e-01
1.187446951870000156e+00,1.325368217434407692e+00
9.328820109369999614e-01,1.019090929095615383e+00
7.528370022769999004e-01,8.995185427444382098e-01
6.420040130619999452e-01,7.850275590116250202e-01
2.307340055699999837e-01,1.519362482055475749e-01
4.714997112749998998e-01,-2.041780576627903465e-01
8.772729635240000823e-01,1.946603831491148795e-01
7.876309752460000091e-01,8.104885044307256203e-01
2.742219865320000283e-01,1.110607141468344716e+00
3.992269933219999567e-01,7.197498996259192872e-01
9.923512339589999343e-01,3.990720727913466548e-01
7.627239823340000724e-01,7.811489562189878333e-01
7.200859785079999353e-01,9.984430074468932936e-01
6.264780163759999798e-01,1.269095836676919387e+00
7.269890308380000388e-01,8.372661886159548095e-01
9.301019906999999920e-01,5.710266947118581848e-01
6.872699856759999504e-01,1.067031730539113266e+00
8.662552833559999943e-01,9.357486791400152493e-01
8.352038264269999734e-01,1.091564392115730975e+00
9.402499794959999768e-01,8.676950773554119589e-01
1.023357987399999836e+00,8.790380849956670462e-01
7.322629690170000538e-01,1.121245670537762917e+00
9.300749897960000068e-01,6.313775493698946528e-01
8.702930212019999168e-01,7.666103745011066950e-01
5.104020237919999481e-01,5.773927299990579964e-01
1.025817990299999982e+00,3.407789938942916153e-01
4.551239907739999535e-01,9.774296495875509638e-01
7.345349788670000324e-01,3.282747535078596179e-01
7.012919783589999234e-01,7.660898899385747418e-01
1.014386057849999911e+00,7.817966138793489561e-01
1.123770236970000225e+00,9.941013808047847178e-01
4.825370013710000294e-01,1.521809255543609352e+00
4.689320027830000681e-01,6.581063406742851951e-01
8.755196928980000237e-01,3.887889570088290392e-01
1.145424962039999883e+00,4.270940974480560981e-01
1.943787455560000099e+00,1.064860364021563699e+00
1.557039022450000143e+00,2.806984560831192965e+00
2.104775905609999942e+00,2.537536082707092078e+00
1.062240004540000005e+00,3.132918665884456111e+00
7.867829799650000178e-01,1.186335130956143402e+00
2.247971057890000068e+00,1.339619150862031705e-01
5.664669871329999218e-01,1.616880130939468030e+00
8.389729857439999217e-01,1.161211222445565211e-01
3.188189864160000386e-01,1.128770556943079040e+00
6.386680006980000046e-01,-1.951130239772131403e-01
7.540266513819999794e-01,-3.297734425477891196e-01
1.085826039310000102e+00,8.313805357966812526e-01
6.014299988750000381e-01,1.290559322343615367e+00
6.923220157619999204e-01,1.090995836382683271e+00
8.782439827919999997e-01,8.441297934333683584e-01
1.279224038119999962e+00,7.464689494660701197e-01
7.251669764520000117e-01,1.199813074276785185e+00
4.283109903339999969e-01,1.054882051237183926e+00
7.012249827380000466e-01,4.990466333868261994e-01
8.846225738529999161e-01,2.847100144968009450e-01
7.809653878210001121e-01,4.664800811732831010e-01
9.259700179100002204e-01,1.085503302364962952e+00
9.178640246389998536e-01,1.319789641491643906e+00
9.073020219799998731e-01,9.933016794351736678e-01
4.099450111390000040e-01,8.091736625821051021e-01
8.741459846500000408e-01,3.758441488799839081e-01
1.231343984599999830e+00,6.240095983062468044e-01
7.683960199359999299e-01,1.114062821456053065e+00
9.357339143750000865e-01,9.789809640274719227e-01
7.523270249369999885e-01,1.270345430449681734e+00
6.247839927670000293e-01,4.209548886734209017e-01
1.977947235109999591e+00,1.997119448192139768e-01
2.476479291920000048e+00,2.213350856386684828e+00
6.822599768639999729e-01,3.488297507016879795e+00
1.294077992440000102e+00,1.963741725718465059e+00
2.116506099700000032e+00,1.706947119067876217e+00
2.030230045320000176e+00,1.024837210557309364e+00
1.727593064309999926e+00,1.861763566689328409e+00
1.321619033810000010e+00,2.994406241262706381e+00
1.114274978639999913e+00,1.420388770850026017e+00
1.618482947350000201e+00,2.524116538452170558e-02
1.102354049679999948e+00,6.241681031201344876e-01
8.501269817350000091e-01,5.086135046430750872e-01
6.531813144679999850e-01,5.157525279812593677e-01
6.168276071549999573e-01,4.888682584535583228e-03
1.023204803470000090e+00,-2.834461019083021061e-01
1.176781058310000017e+00,6.809022645514647420e-01
1.108754038809999898e+00,1.290258060913917593e+00
9.838110208509999177e-01,1.473350472284631563e+00
1.829927563669999868e+00,1.123049632892809457e+00
1.342131018639999951e+00,1.933072552650639153e+00
1.265669584270000092e+00,1.467615861754730577e+00
7.930377125740000199e-01,1.582227531385710595e+00
1.030689358710000114e+00,4.541958928522163430e-01
8.210232257839999992e-01,1.082115136746820971e-02
1.099169254300000009e+00,7.309313151026718136e-02
5.255355238910000004e-01,6.466250018027228652e-01
7.758393883709999717e-01,4.365116385184150682e-01
7.209759950640000081e-01,4.922765293645213758e-01
8.666771054269999386e-01,5.265678651670400168e-01
8.462041020389999835e-01,7.346226959934870626e-01
7.614132165909999195e-01,1.163436496516845331e+00
6.587246060370000045e-01,8.777417571492172055e-01
1.078659296040000104e+00,7.370935379321358338e-01
1.281940340999999872e+00,9.821337931770593999e-01
6.600005030629999547e-01,1.379727232089651867e+00
1.112500548360000119e+00,8.810595427313639982e-01
6.280704736709999958e-01,1.133559079458773322e+00
6.864575743680000341e-01,1.459047276566589890e-01
9.000409841539999123e-01,2.965165801320905903e-01
7.342569231990000445e-01,8.345452598436928771e-01
1.011121273039999879e+00,5.512349338729177761e-01
8.827599883079999543e-01,1.254573680324285956e+00
7.521411776540001259e-01,9.723798002721572020e-01
9.489411115650000506e-01,6.734820575224403916e-01
6.799052953720000625e-01,8.729616823453808516e-01
7.211565971369999772e-01,4.191791196814407816e-01
6.504104733470000843e-01,6.675981094989880127e-01
7.167106270790000178e-01,6.449605432869858213e-01
9.056316018100001308e-01,6.741415703012550997e-01
6.526464819910000603e-01,1.130350547349756596e+00
7.056654095649999014e-01,8.921313584179919598e-01
6.581057906149999637e-01,9.295254181039974695e-01
6.592794060709999959e-01,7.279448112138631188e-01
6.634064316750000190e-01,6.892858154929557557e-01
7.808002829549999246e-01,9.925471872288621489e-01
7.565907239910000248e-01,1.069076399775684916e+00
9.280405640600000172e-01,1.089455536315779849e+00
7.073829770089999913e-01,1.191873066876638410e+00
3.888399899009999383e-01,9.155788061098016906e-01
3.422417938710000107e-01,4.258098735680683200e-01
2.337300032380000281e-01,1.790145030583348285e-01
1.459127068520000015e-01,-7.521444463434701078e-02
3.949534893039999828e-01,-9.840926225253433801e-02
9.678409695629999199e-01,1.682409570765276696e-01
7.839220166210000285e-01,1.095823020404060433e+00
8.333759903910000766e-01,1.307834773477181578e+00
9.723259806630000224e-01,1.460986746009289128e+00
6.905210018160000685e-01,1.248516736961027940e+00
1.345324039460000121e+00,5.347579157545315764e-01
7.227010130879999439e-01,1.393888838672106667e+00
6.804850101469999135e-01,6.922434772355687826e-01
7.610610127449999318e-01,5.974137639961429880e-01
8.075709938999999782e-01,5.223341694859068296e-01
5.886639952659999953e-01,3.231428374545318172e-01
9.960750937460000065e-01,8.129301776303096139e-01
1.045413970949999882e+00,1.129707381190571125e+00
4.713059961800000197e-01,1.131708041269266829e+00
1.047140955920000005e+00,6.287517016853120255e-01
1.126214265820000060e+00,1.085417315285421402e+00
2.560461759570000329e+00,8.812554899643975093e-01
7.747610211370000721e-01,3.412130702336987564e+00
7.172060012819999608e-01,1.756774261195758191e+00
8.005080223080000001e-01,1.156173752745228267e+00
5.680390000339999856e-01,-1.053786042479590845e-01
1.195780038829999947e+00,-6.253265473678071285e-01
7.970449924470000003e-01,1.250413457376044368e+00
4.899359941480000979e-01,9.403373852985127401e-01
9.918130040170001216e-01,6.315634061204874472e-01
7.445690035819999553e-01,9.177145070278400762e-01
6.096370220180000743e-01,4.041232479451533632e-01
8.565919995309999591e-01,7.882880475703776257e-01
8.144299983980000102e-01,9.965436645001618521e-01
7.605929970739999657e-01,6.917480254037973175e-01
9.157519936560000184e-01,9.834014388140970286e-01
7.421634793279999753e-01,1.093224580291740855e+00
7.329360246660000522e-01,7.110714412224199421e-01
8.745691180230000805e-01,7.657977496958929819e-01
9.644910097120000803e-01,8.704146279050660739e-01
1.477671980859999845e+00,9.057155303791034617e-01
6.752679944040000937e-01,1.742680980545642022e+00
5.030400156970000758e-01,8.673979350491604068e-01
7.066659927370000371e-01,4.141475758573344157e-01
2.968195915220000369e+00,1.355540814837119801e-01
1.255300998690000114e+00,3.274794864797094807e+00
4.084815025330000182e+00,2.475436970835037886e+00
1.692322969440000158e+00,6.112287526702495200e+00
4.121052026750000041e-01,2.297370708671409467e+00
1.035750985149999970e+00,8.479837906334010134e-01
6.408920288089999806e-01,-3.174396112345386628e-02
7.065470218660000468e-01,-1.616745918839482599e+00
1.060830354689999977e+00,1.974910767384284727e-01
1.880954027180000043e+00,1.242293552342572216e+00
1.886373996729999725e+00,2.195608876065636039e+00
1.328773975370000082e+00,2.937139096002307603e+00
3.931840062139999592e-01,2.297746396154122017e+00
6.382430195809999374e-01,3.071684148911502654e-01
1.045531988140000035e+00,-6.263480634368445710e-01
6.588029861449999913e-01,-9.515213447679032877e-02
8.046740293499999863e-01,4.643243786230616399e-01
8.740410208700001293e-01,1.205441598777167389e+00
8.532550334930000258e-01,8.971578111308369241e-01
8.952109813689997919e-01,6.964514067659522967e-01
7.301589846610000434e-01,1.060218331616625376e+00
4.149410128589999802e-01,6.940498400030971071e-01
2.700940072540000125e-01,3.151218546973639234e-01
4.911319911480000466e-01,5.590744194293185976e-02
5.079169869420000483e-01,2.105146418844520140e-01
1.224020004270000017e+00,4.464917272712312091e-01
1.267657995220000222e+00,1.568555040295506853e+00
2.633487939829999736e+00,1.930283808943574320e+00
3.999615430829999596e+00,3.932699912560011946e+00
6.651418209080000032e+00,5.855102922188293313e+00
2.102678060530000170e+00,9.525405709700045520e+00
1.283689975739999989e+00,3.315621482205985515e+00
1.291347503659999951e+00,2.734618949423285983e+00
1.353754043579999733e+00,-1.233040734568731533e+00
2.390191078189999985e+00,-1.317348473823681809e-01
1.461441040039999972e+00,2.066008559956850732e+00
1.599208951000000045e+00,1.939920794777794999e+00
1.471150994300000070e+00,2.265829951035216006e+00
1.298205018039999992e+00,1.024788900743772713e+00
1.579622030259999921e+00,2.709748812051382960e-01
1.360355019570000268e+00,1.275417199174248006e+00
8.036410212519999874e-01,9.574956644592985677e-01
4.276689887049999750e-01,4.003265590500897919e-01
2.694070041180000041e-01,-2.444272408757698356e-01
3.897170126439999938e-01,-6.501816738556078779e-01
4.179170131680000067e-01,-2.267299477812746433e-01
1.546036005019999937e+00,2.433683875156765208e-01
1.017611026760000037e+00,1.899803406866194422e+00
8.653150200839999640e-01,1.763517243882437358e+00
6.194109916690000439e-01,1.591086689110519536e+00
8.454149961469999974e-01,6.156260206943514612e-01
8.048596382139999728e-01,1.651672283225470370e-02
1.435889005660000217e+00,5.649413948882829883e-01
2.565752029420000024e+00,1.581356420621841785e+00
6.206179142000000759e+00,3.646688257413276624e+00
9.309499859810000943e-01,8.970100688015625323e+00
9.077759981159998492e-01,3.089640006391731752e+00
4.609797894950000141e-01,3.026714701788259632e+00
5.264570117000000327e-01,-1.032145910823453860e+00
7.942249774930000283e-01,-4.403244051478709675e-01
9.704009890560000295e-01,5.635687140933189898e-01
6.695889830590000535e-01,1.061310488242755978e+00
6.997730135920000594e-01,1.123372599183019238e+00
6.903669834139999351e-01,9.501985820997829180e-01
6.361600160600000553e-01,6.201778330265449446e-01
9.726700186730000697e-01,5.768570934124920280e-01
6.393389701839999884e-01,1.175104080867753975e+00
5.123779773709999930e-01,8.596141639931835776e-01
5.699130296709999932e-01,6.889007743463755329e-01
8.318089842800000522e-01,5.591673915403270190e-01
4.694110155110000071e-01,7.329793386308708358e-01
9.054309725759998040e-01,7.233926007855222551e-01
8.482750058169999940e-01,1.189133567350051379e+00
6.566630005839999562e-01,1.059310323570075596e+00
6.324055790899999474e-01,8.377441817351322095e-01
3.268550038340000130e-01,8.497202256422902167e-01
3.047409951689999952e-01,1.638858057402574064e-01
2.159480005499999911e-01,1.310833154268831735e-01
2.148479968310000043e-01,-1.777935731130915811e-04
1.512310057880000003e-01,-2.474364384494086300e-02
4.153338372709999837e-01,-1.069650618055932589e-01
7.344200015070000420e-01,2.055187755075787992e-01
9.913370013240001555e-01,8.237076883375650249e-01
7.910000085830000138e-01,1.466388476715436484e+00
7.429170012469999973e-01,1.419933260544598674e+00
7.426548600200000294e-01,1.121748200439610210e+00
8.799139857289999256e-01,7.069137811090746570e-01
7.376829981800000491e-01,6.972744589791259884e-01
1.240342974660000097e+00,8.510001046278793391e-01
8.343409895899999151e-01,1.355101798218170339e+00
3.054729998110000122e-01,9.123231844795414158e-01
8.929460048680000206e-01,3.162703185196189537e-01
1.285866022110000007e+00,6.078467175131651024e-01
4.146400094030000538e-01,9.597944691942820183e-01
1.090137004850000091e+00,7.486042364802306670e-01
5.923830270769999684e-01,1.428276050289448262e+00
3.773260116580000045e-01,2.917309159468429169e-01
2.693597316740000469e+00,1.601609988727327183e-01
2.288666009900000020e+00,3.242354274613777676e+00
8.955270051960000366e-01,3.320173988502345352e+00
8.070570230480000884e-01,2.683041263670099763e+00
1.194862961769999954e+00,1.076893192313297609e+00
8.929409980770000033e-01,-8.148604706123477870e-01
9.776080250740001309e-01,-1.515474865587786435e-01
1.832507014270000179e+00,8.576164435229137739e-01
1.403792977329999747e+00,2.042525169993231859e+00
7.223749756810000644e-01,1.648853248485148137e+00
6.599410176280000595e-01,1.092317219934371808e+00
7.407349944109999917e-01,1.635872138937839171e-01
5.553659796709999874e-01,-4.284331759438789189e-01
1.236768960949999885e+00,3.464085670687763741e-02
6.214020252229999208e-01,1.357939362336260558e+00
7.108730077739999764e-01,8.382976244544331212e-01
3.064779937269999643e-01,8.809464852638547727e-01
6.473349928859999380e-01,2.201747600728147791e-01
5.458269715310000159e-01,2.386520230967623668e-01
1.024247765539999966e+00,6.004976222753228843e-01
8.176820278170000567e-01,1.246529749165026901e+00
7.440620064740001149e-01,1.281685599995574076e+00
7.367150187490000279e-01,1.045927884030987798e+00
5.768560171130000525e-01,8.448757878528074805e-01
9.152600169180000744e-01,3.554536462741996750e-01
1.137029051779999911e+00,9.461776863547918248e-01
4.960080087179999930e-01,1.273106999831824071e+00
4.941360056399999312e-01,7.349713144918366137e-01
8.834533095360000976e-01,5.680938486769419038e-01
1.271524906160000024e+00,5.218833713679120745e-01
8.864369988439999570e-01,1.203899543974120911e+00
8.988280296330000141e-01,1.417306004222832705e+00
9.049779772759998231e-01,1.185863899550665623e+00
8.299319744109999730e-01,5.292798292681215599e-01
8.756300210950000995e-01,2.548273911302286754e-01
5.502920150760000073e-01,6.884391796056870128e-01
1.073919415470000027e+00,4.030583158785762676e-01
8.491920232770000521e-01,9.261799745614920365e-01
6.393229961399998773e-01,8.267727412724146241e-01
7.995309829709998928e-01,7.225901482850289881e-01
9.646000266079999275e-01,8.472532308144830049e-01
8.413559794430000016e-01,6.654343323190790027e-01
7.011449933050000194e-01,9.276835938736569531e-01
7.240070104600000445e-01,8.807355496155422347e-01
1.010308027270000020e+00,6.285691343907894302e-01
6.538060307499999890e-01,8.227118445220175103e-01
7.932850122450000319e-01,7.236950986512287187e-01
6.538396477699999210e-01,9.322972637185001910e-01
1.160789966579999888e+00,6.274004076337104108e-01
8.085789680480000019e-01,1.044823701649409964e+00
3.743770122530000188e-01,1.011366077066927049e+00
2.556999921800000020e-01,4.779251001503952989e-01
4.893150031570000502e-01,6.583365943402125220e-02
1.151844024660000132e+00,-1.097711119280181218e-02
7.372779846189999597e-01,1.174365971443736223e+00
1.088750958439999916e+00,1.277392837532674408e+00
1.975852966309999958e+00,1.697057102643077409e+00
8.547700047490001118e-01,2.524719148742182728e+00
7.977370023729999371e-01,1.139869542929722535e+00
1.052428960799999924e+00,1.107174483876728788e+00
3.179450988770000208e+00,3.281142617418430496e-01
1.797067999840000541e+00,3.356658224310739680e+00
1.056702017779999947e+00,3.048748895451466545e+00
8.751260042189999977e-01,2.608080150934449115e+00
6.645399928090000019e-01,2.632299080385658852e-01
7.571684122089999969e-01,-1.459711976360186014e+00
1.368484020229999931e+00,-2.359971531355403163e-01
9.052469730380000579e-01,1.154307758346027724e+00
1.032060980800000083e+00,1.039201191868545093e+00
6.141330003739999821e-01,1.276506618528049586e+00
9.733130335809999645e-01,3.798084131557019072e-01
6.452289819719999597e-01,3.457169382307222483e-01
4.894390106200000035e-01,4.294858417548989005e-01
8.408679962160000576e-01,3.581860359547620054e-01
7.771940231319999226e-01,8.570968874059111675e-01
6.755350232119999854e-01,7.298937914027507912e-01
6.592059731480000018e-01,1.016709964028128077e+00
1.084153056139999904e+00,9.257270215093856836e-01
9.314100146290000826e-01,1.063895956801502285e+00
1.359479665760000122e+00,1.085860702292688273e+00
7.633988261220000515e-01,1.692715923082632967e+00
5.357339978220000409e-01,8.635641303308122518e-01
6.781889796259998882e-01,2.352046172231844201e-01
7.839810252189999273e-01,1.920030671238671105e-01
1.169367671010000054e+00,2.624407375968154099e-01
1.015287995340000027e+00,1.371409998067365965e+00
9.259430170060000131e-01,1.407397446262534269e+00
1.319244027140000108e+00,1.091352657633231527e+00
9.717460274700000511e-01,1.247544927631783596e+00
1.176299691200000108e+00,5.903916822471292347e-01
1.714609026910000056e+00,1.006164366060430915e+00
1.307337045669999975e+00,1.811062310791848429e+00
6.186890006069999393e-01,1.354640434610103084e+00
2.298435926440000276e+00,7.006936484455956737e-01
1.808241009709999680e+00,2.188998490303550870e+00
8.794149756429999742e-01,1.777493060471105002e+00
1.570945024490000064e+00,1.678760256752493518e+00
1.578516006470000121e+00,1.649450765899893145e+00
6.200309991839999535e-01,3.885095820021510771e-01
9.928810000419999726e-01,2.983883938842104566e-01
4.551869928839999968e-01,7.310653667376052489e-01
1.017398953439999865e+00,-4.947474879707146056e-01
8.378469943999999892e-01,4.288737198717995081e-01
4.884769916529999589e-01,9.225578332707166096e-01
1.246340990070000210e+00,5.158391167583363801e-01
1.209630966189999990e+00,1.384247421048349080e+00
1.252451062200000020e+00,1.150354806918683526e+00
1.519726991650000025e+00,1.649001851540569552e+00
1.063797950739999942e+00,1.994763507706751815e+00
1.571495056150000069e+00,8.354214681842354606e-01
1.278105020519999968e+00,1.510007463499755787e+00
1.192077994349999948e+00,9.992417629509703358e-01
8.304439187050000060e-01,9.060371367167560086e-01
1.402015686039999931e+00,4.095327779102286847e-01
1.156504034999999986e+00,7.003006306629934175e-01
1.162554860120000200e+00,7.522056617275458823e-01
6.007519960399999581e-01,1.030635377474225400e+00
1.253835797310000055e+00,3.745736114500065050e-01
1.791844010349999960e+00,5.931256067785330988e-01
1.734062552449999961e+00,1.783396877105555056e+00
4.939970970150000085e+00,2.401327658764294881e+00
2.394351005549999911e+00,6.971004518400826910e+00
2.212575912479999740e+00,3.354768627393689862e+00
1.886527061460000265e+00,3.661338571672909659e+00
9.343829751010001017e-01,5.400433595339977355e-01
9.099829792979999832e-01,-1.446406763308542009e+00
8.112999796870000724e-01,-5.679720772950124230e-01
1.049708962440000004e+00,-7.157079791661331569e-01
1.351788043980000076e+00,1.229724451567712901e-01
1.277305960659999906e+00,1.300722994828225065e+00
7.854449748989998925e-01,1.438260956770750276e+00
4.846229851250000165e-01,8.192289314850939030e-01
6.676359772680000582e-01,2.325483343023842381e-02
8.322510123249999836e-01,-1.407495268207157035e-01
5.959370136259999340e-01,3.711411078509059824e-01
3.410890102390000123e-01,8.146298629383714740e-01
6.860110163689999707e-01,5.589127179987638527e-01
8.153510093690000682e-01,6.525575144891374579e-01
3.985430002210000322e-01,8.460396657127631226e-01
6.998159885410000225e-01,6.952756888675969416e-01
4.263690114019999533e-01,9.563172617722461855e-01
6.866139769550000382e-01,4.327969057396999220e-01
1.826770007609999913e-01,7.545757136363719919e-01
7.018824815749999946e-01,2.862917849792993019e-01
1.796682000159999681e+00,6.866655540867787622e-01
7.204269766809999753e-01,2.172644403532820512e+00
4.680640101429999755e-01,1.414771736014851511e+00
6.408870220180000743e-01,1.199988957042619209e+00
7.520520091060001189e-01,1.820218433158522775e-01
1.001817584040000098e+00,-5.295321200407220041e-02
1.660804033279999814e+00,1.261377628385486727e+00
1.450595021250000061e+00,2.242895741239485208e+00
1.085010051729999869e+00,2.127283574930162846e+00
1.099555015560000015e+00,1.556310069556177345e+00
7.694180011750000325e-01,8.142266411658818370e-01
1.254430413249999932e+00,-1.752843262077789510e-01
1.496320962910000052e+00,5.943758004797308203e-01
7.186369895940000196e-01,1.402096848190544476e+00
8.902019858359999649e-01,7.345360514137893038e-01
9.891759753229998342e-01,7.853719468720593566e-01
2.849014520649999938e+00,2.382386213865937130e-01
4.281075000759999583e+00,3.287704823809967980e+00
1.248739004139999942e+00,6.253725139163022639e+00
7.096589803699999699e-01,3.047306169185183045e+00
7.497439980509998936e-01,1.694123372284625173e+00
8.907449841500001408e-01,-1.363747874952037531e+00
1.469527959819999952e+00,-1.398475735067641557e+00
1.608888030049999918e+00,1.277241219373574044e+00
1.043460965159999976e+00,2.199243597247482640e+00
1.184751033780000018e+00,1.537763566856559239e+00
5.063725113870000127e-01,1.152535251108441239e+00
6.946156024930000283e-01,-3.003680502723855006e-01
9.299110174179999744e-01,-1.344302544939260935e-01
7.754629850390000190e-01,4.623359537276453546e-01
8.564696311949999696e-01,6.036284824796391835e-01
9.269009828569999554e-01,1.204043304074714049e+00
7.506660223010001021e-01,9.747765498222161762e-01
9.248849749570000611e-01,6.326674382485030224e-01
1.070162653919999984e+00,9.071902973794758740e-01
8.752880096439998869e-01,9.514535134090970070e-01
7.511039972310000756e-01,7.676906377270473758e-01
8.627579808239999037e-01,7.050021848392046264e-01
5.096570253369999692e-01,5.248547477476119827e-01
8.495249748229999343e-01,2.111792271963048306e-01
6.711369752879999817e-01,7.853664578972494592e-01
6.132180094720000030e-01,7.268263030799001490e-01
3.810549974440000098e-01,7.253670734741795023e-01
8.710420131680000067e-01,5.095616006759353667e-01
6.540319919589999698e-01,8.106388185258924794e-01
9.089673757550000843e-01,8.462602010053483781e-01
9.709029793739999414e-01,1.257902970372994256e+00
9.856920242309999969e-01,1.312056763847445851e+00
1.356256246570000101e+00,1.020380722453509525e+00
1.309872984889999925e+00,1.571640008188573523e+00
6.344919800760000506e-01,1.394007530536263584e+00
5.933508276940000492e-01,5.685019038522589607e-01
8.796380162239999523e-01,1.608723739841803613e-01
1.131836414339999930e+00,6.263438240463470308e-02
1.841274023059999987e+00,8.043713873192968045e-01
2.261745929719999992e+00,2.514143216627363397e+00
2.597975969309999744e+00,3.478002724082898123e+00
2.399192094800000064e+00,4.008670448475259995e+00
1.982298016549999931e+00,3.529880431350315817e+00
2.269547939300000206e+00,2.307945125540040721e+00
2.017889976500000238e+00,1.697278961234470973e+00
1.452262043950000026e+00,1.066237556484558091e+00
1.342797994609999934e+00,8.640895402723282048e-01
1.311915040020000145e+00,5.621432977278912890e-01
1.276762008670000226e+00,1.116127374535079604e-02
1.275267004970000118e+00,3.746040568065497900e-01
1.210446000100000141e+00,8.116810282807722654e-01
8.153480291369999966e-01,7.840501681065050743e-01
7.271119952200000291e-01,2.543793812015585631e-01
6.043019890790000126e-01,3.291323441416987849e-02
9.830358624459998307e-01,-1.004480250958285359e-01
1.101529002189999940e+00,5.475996666308140526e-01
1.183724999429999869e+00,1.186093450106502356e+00
4.356400072569999726e-01,1.477421350076643325e+00
3.270040154459999959e-01,6.113031712537673190e-01
8.039849996569999879e-01,-1.255153904710438507e-02
4.216859936710000145e-01,2.181952673382680230e-01
5.734559893609999515e-01,2.147943865849666067e-01
3.959457874300000291e-01,8.334192967557657594e-01
4.163750112060000119e-01,5.043611323157425330e-01
5.603970289230000290e-01,3.670898420200246481e-01
7.749050259590000156e-01,6.288582346256090805e-01
6.370840072629999629e-01,9.675701659503095353e-01
3.839260041709999793e-01,1.024227311318827827e+00
5.648739933969999516e-01,6.762065769338917454e-01
1.054715037350000051e+00,6.324587006138805423e-01
6.537709832190000681e-01,1.083579329401695546e+00
5.931029915809999942e-01,1.005204144417502388e+00
1.022608995439999946e+00,9.967796998174186518e-01
8.359869718549999273e-01,1.052415820147108105e+00
6.375340223309999832e-01,7.175833062432314113e-01
9.755985140800000899e-01,9.095909028159825382e-01
4.898079931740000337e-01,1.022021747118067481e+00
1.098647952079999879e+00,2.879009107507138343e-01
1.151165962220000116e+00,1.120614875810879374e+00
8.061249852179999120e-01,1.285108381006477618e+00
4.744769930840000427e-01,9.000586283666425214e-01
7.896029949189999897e-01,6.039977136874811192e-01
4.762530028820000094e-01,2.440110271831726074e-01
5.455229878430000179e-01,1.399962627792465386e-01
6.212809681889999158e-01,6.239645272962837108e-01
7.707700133319999036e-01,7.743381473084627320e-01
9.337069988249999675e-01,9.305830339946602470e-01
8.110550045970000843e-01,1.333388241555281795e+00
6.005529761310000048e-01,1.194241821678621474e+00
1.002521038060000036e+00,8.161372068901164845e-01
8.921650052070000392e-01,9.355867849376151568e-01
9.160850048069999474e-01,7.926929310865249434e-01
7.413420081139999729e-01,1.037782420806729222e+00
9.283249974250000758e-01,8.286127071594240334e-01
6.429409980770000033e-01,6.105644686804926335e-01
9.950090050700001187e-01,5.019769410246506247e-01
6.271365880970000140e-01,8.956283380559061369e-01
1.038689017300000073e+00,6.503376879828718371e-01
6.888009905820000611e-01,9.892544471963664598e-01
5.214130282399999095e-01,7.615019870518318079e-01
6.510270237919999481e-01,4.244373961042361421e-01
1.159701943399999990e+00,6.202571251636023186e-01
6.456400156020000169e-01,9.939626089349438143e-01
1.195862650870000099e+00,9.449144412785405178e-01
1.304703950880000018e+00,1.544629243649751071e+00
8.844429850579998975e-01,1.424844963933852071e+00
7.697709798810000725e-01,8.001387335688388003e-01
7.702100276950000213e-01,7.520368754750345053e-01
6.418280005459999771e-01,7.178981387241842316e-02
8.937159776689999058e-01,8.596493270642245610e-02
5.247250199319999364e-01,8.452880295410761802e-01
5.142210125920000374e-01,6.228635361444895269e-01
7.172748446459999982e-01,5.919355127344479994e-01
6.410769820210000525e-01,7.556315089993457246e-01
4.689820110800000386e-01,7.015431409109972316e-01
1.203750014310000171e+00,7.568165603876718661e-01
7.911959886550000709e-01,1.396131012994445753e+00
1.136301159859999910e+00,1.009775493798876100e+00
8.642929792399999256e-01,1.516320513423299543e+00
8.814030289650001126e-01,1.011883788198773892e+00
5.817409753800000249e-01,4.372575793059084170e-01
8.651199936869999885e-01,3.910638824567944649e-01
9.078124761579998703e-01,4.478475781864549310e-01
7.377740144730000615e-01,8.302233185324380260e-01
1.120375037189999867e+00,8.198482224249237227e-01
9.422479867940000142e-01,1.298455239251143034e+00
1.060060024260000011e+00,8.445149929988701176e-01
7.158420085910000008e-01,9.947632738975307198e-01
4.040209949019999969e-01,6.016947821074446479e-01
2.920779883859999648e-01,1.921858391412988379e-02
6.317924261089999938e-01,-6.924649919570828593e-02
1.124665260310000026e+00,2.681442654386643754e-01
1.115690946580000009e+00,1.261439043565524054e+00
1.247418999670000028e+00,1.727706569439230844e+00
6.976169943809999996e-01,1.940472347546750687e+00
3.693974971769999893e+00,7.879234700301306349e-01
8.204839825630000361e-01,4.520641485425077377e+00
8.573070168499999921e-01,1.734875348615368074e+00
6.902359724040000311e-01,2.131211984516899971e+00
8.385969996449998964e-01,7.565867314314501935e-02
1.287726998329999928e+00,-9.767473910755067878e-01
9.632229804990000144e-01,1.291883457531945334e+00
1.343299984930000024e+00,1.072802387101990496e+00
7.316169738770000874e-01,1.623202258107777407e+00
6.809219717980000697e-01,5.639695546002823079e-01
7.014784216880000089e-01,1.642423660028650423e-01
6.698030233380000142e-01,2.079683795084165121e-01
1.365643024439999964e+00,1.780889846206179239e-01
9.781420230869999344e-01,1.515254760794564337e+00
6.786789894100000442e-01,1.273868349716642534e+00
5.976330041890000055e-01,9.209489394552272667e-01
8.193774819369999962e-01,3.861271243873343750e-01
7.911109924320000042e-01,1.469764936980891834e-01
1.044147372249999872e+00,7.277648414631485707e-01
1.400015950200000026e+00,1.301921130821006356e+00
8.748620152470000244e-01,1.727878271555450596e+00
6.228179931639999944e-01,1.013625440077580375e+00
7.164059877399998610e-01,5.603372251614785471e-01
6.523500084880000660e-01,1.194544783670769411e-01
9.379299879070001067e-01,3.382977228979471007e-02
5.936999917030000296e-01,9.897407236788998697e-01
5.393440127369999448e-01,8.598105315631495715e-01
9.370089769359999377e-01,6.854263269536521319e-01
8.087720274930000341e-01,9.576624468513826871e-01
5.654280185700000239e-01,8.376226723923900774e-01
6.020820140839999723e-01,9.011350630606024259e-01
1.146679997439999932e+00,7.224407522350019262e-01
9.824249744419998320e-01,9.983713869845528555e-01
5.671510100359999917e-01,1.180727445506488227e+00
7.866399884220000027e-01,9.254915375839167790e-01
7.388439774510000557e-01,7.293372016907436750e-01
6.810299754140000106e-01,2.896748190324111571e-01
7.086979746820000203e-01,6.604864194613284667e-01
6.642330288889999323e-01,9.996131362871297776e-01
5.124790072439999733e-01,8.207720941522100855e-01
6.040380001070000393e-01,6.790297916180294546e-01
6.728799939159999521e-01,7.609016398822168181e-01
8.265414834020000656e-01,8.503891021001606099e-01
4.546860158439999799e-01,1.124825710359377506e+00
5.594509840010000179e-01,7.755945487155286866e-01
1.332218050960000122e-01,7.225329986287678530e-01
1.633069962260000063e-01,2.589972951563677614e-02
1.797860413789999778e-01,-8.199208947771742528e-02
5.747918486599999932e-01,-1.278101189361924295e-01
8.508148789409999413e-01,3.987887290586819011e-01
8.527640104289999634e-01,1.131107117811632312e+00
1.687628030779999788e+00,1.423188467844346716e+00
2.149522066120000297e+00,2.436130437601159660e+00
8.122850060459999577e-01,3.192548937028861555e+00
1.239639997479999867e+00,1.634846749086513951e+00
2.128437280650000041e+00,1.431832877850251817e+00
2.139239072800000141e+00,1.422523509249406626e+00
9.779880046840000452e-01,2.223742849829545509e+00
6.937779784199998856e-01,1.983939825123541612e+00
7.218790054320000094e-01,3.907279602276090280e-01
7.631160020829999002e-01,-8.367938984124565494e-01
8.565329909319999713e-01,-3.756160645207852200e-01
1.109338045120000116e+00,7.673580865799604078e-01
6.476340293879999654e-01,1.293567712728817654e+00
9.241870045660001143e-01,7.900066186567350490e-01
7.877320051189998784e-01,8.986758339631227832e-01
1.305567026139999864e+00,5.574606254728700083e-01
9.107710123060001051e-01,1.169730919089005727e+00
8.699640035629999657e-01,1.087208240190882913e+00
5.743020176890000217e-01,7.652479642455208841e-01
8.599532246590000373e-01,3.021685181078656024e-01
4.775849878790000558e-01,2.622963984540072069e-01
1.108017444610000179e+00,3.548833814762625272e-01
1.290724992749999966e+00,1.124711232003115624e+00
8.591579794879999898e-01,1.566079967797250339e+00
3.058980107309999807e-01,1.128958466919116610e+00
9.039019942279998832e-01,4.992377819915873594e-01
6.352750062940000220e-01,2.840539981915818912e-01
1.023422956470000145e+00,1.742161205378270628e-01
6.730669736859999919e-01,1.208588742264036453e+00
8.504790067669999454e-01,1.033273940330365681e+00
5.141969919200000128e-01,8.307646279035805215e-01
1.527956604959999964e+00,5.484670290808519866e-01
4.094385623930000051e+00,1.466140430877529433e+00
9.952359795569999390e-01,5.554630107232039649e+00
8.670449852940000923e-01,2.707666139551289319e+00
1.141056060789999993e+00,2.555286324299807621e+00
1.622257947919999888e+00,-1.986978528778866049e-01
1.980204939840000344e+00,-4.745368936676171434e-01
1.375547051430000112e+00,2.724377867019243116e+00
1.851865053179999610e+00,2.124669876553494596e+00
1.420923948290000016e+00,2.291568386098808752e+00
1.589177966120000285e+00,1.001332081236168570e+00
1.673199415210000041e+00,1.222525409152440679e+00
2.123934030530000072e+00,1.520139687918013127e+00
1.648401975629999905e+00,2.108512553485002883e+00
1.204741954800000014e+00,2.015309675215489538e+00
7.920839786529999538e-01,1.250422753857799441e+00
1.227027416229999890e+00,-8.243129940042345782e-02
1.226951003070000157e+00,-9.681674856308422616e-02
1.131343960759999989e+00,4.934144124169486112e-01
1.252465009690000075e+00,9.410690104748051787e-01
1.116891980170000132e+00,1.253689626597211948e+00
1.122387051579999850e+00,6.693792453334245218e-01
1.040153026579999862e+00,6.734558447220684307e-01
8.091310262680000420e-01,5.375762715488673349e-01
7.681059837340000751e-01,1.607381574085689491e-01
7.982919812199998910e-01,1.878704990437580491e-01
7.666722536090000428e-01,2.805203027907837710e-01
1.057360053060000027e+00,5.143638449217209363e-01
8.607699871060000563e-01,1.083226104311335147e+00
1.070777058600000053e+00,9.314363755942627332e-01
5.301510095600000527e-01,1.095721583889468942e+00
6.604189872739999467e-01,4.453848503625873478e-01
9.909179806709998983e-01,3.315228699219996411e-01
3.561530113220000016e-01,7.604556790103831343e-01
9.618239998819998471e-01,2.849162610392667605e-01
1.244829058649999931e+00,1.159006291245755715e+00
8.381230235100001202e-01,1.320739628099247165e+00
9.245989918709999200e-01,1.032488496188679106e+00
8.131660223010001021e-01,1.282351564738856142e+00
1.003061056139999963e+00,3.658742953187887892e-01
8.752340078350000496e-01,4.966906811892961016e-01
7.991399765009998823e-01,7.549756609839790578e-01
8.812961578369999938e-01,6.165051863942841992e-01
1.063080191609999892e+00,7.194509714019866609e-01
9.057049751279999672e-01,7.966304953385252574e-01
6.909559965129999926e-01,8.271234640896011348e-01
1.355970025060000195e+00,6.256660413297008283e-01
7.572399973869999856e-01,1.187971815292783395e+00
2.043754577640000125e+00,5.537616184210200077e-01
8.576130270960000690e-01,2.547103756474420333e+00
2.364957094190000220e+00,1.185319397903637828e+00
4.179231166840000178e+00,2.968946993584407945e+00
2.233561992649999883e+00,5.497812536553495555e+00
8.013390302660000630e-01,3.176027792937809124e+00
8.372840285299999463e-01,2.276421365874152336e+00
8.851529955859999133e-01,-8.994696426574078085e-01
9.040349721909999303e-01,-1.879717597419821695e+00
1.302939534190000082e+00,-1.437324253032327415e-01
7.228699922560000157e-01,1.358151647850661670e+00
8.009120225910000279e-01,7.118200904379434757e-01
1.032919287679999965e+00,6.446085073806816501e-01
1.321628212929999879e+00,6.465353647787005498e-01
9.367759823799999275e-01,1.048889907579280800e+00
7.007700204850000336e-01,1.135346752518802127e+00
7.624319791789999634e-01,6.029518335401381490e-01
1.144938945770000105e+00,2.034854821237362665e-01
7.721610069269999599e-01,5.866884392198203901e-01
8.772150278090000697e-01,7.402641550948262372e-01
1.243505001070000171e+00,9.890031208343544877e-01
6.381840109830000385e-01,1.140666147167158195e+00
7.468199729919999807e-01,3.888854117661867393e-01
6.839929819109999976e-01,7.069628842180349926e-01
1.419505119320000119e+00,3.363973665924904766e-01
6.141470074649999500e-01,1.191508300462926551e+00
7.347676754000000976e-01,9.013259369175751212e-01
6.770560145379999062e-01,8.645349179840072784e-01
1.074026942249999950e+00,4.123076827269443467e-01
6.156389713290000287e-01,6.169612883255349844e-01
9.692379832270000550e-01,8.719296417984249148e-01
9.916120171550001361e-01,1.083810771808649376e+00
8.089560270310000023e-01,9.843969819138475019e-01
2.435143947599999859e+00,6.480980010250555479e-01
8.223479986189999869e-01,3.134101198157912993e+00
5.938220024110000272e-01,1.324130261980246415e+00
5.762249827380000466e-01,1.127973308782505235e+00
4.224239885809999429e-01,-5.211755129543166332e-02
6.765879988670000511e-01,-7.330513055671864509e-01
5.520349740979999531e-01,6.754648100517043341e-01
9.015229940410000031e-01,7.381994778046330197e-01
7.489960193629999763e-01,1.200713127594947638e+00
8.627583980560000754e-01,1.132339156284473569e+00
9.480749964710000199e-01,1.147741267506098728e+00
1.055613875389999956e+00,1.152420507976334330e+00
1.970020055770000056e+00,9.929739059299820259e-01
9.391199946399999554e-01,2.518624728554828884e+00
1.009042978289999892e+00,1.347237581191693678e+00
7.824029922490001177e-01,1.226539770621538183e+00
1.016265034679999957e+00,1.288234128355668362e-01
8.782749772069999850e-01,4.123319175006880805e-02
7.353619933130000064e-01,5.871715459304992502e-01
1.109990954399999952e+00,4.887020787765827823e-01
7.727199792860000027e-01,9.919489984443442543e-01
1.164981961250000086e+00,5.238121897691262463e-01
7.157210111620000426e-01,1.147229882930593359e+00
1.475479006770000101e+00,6.452278376758272538e-01
8.354520201680000202e-01,1.375232262404042727e+00
7.344660162930000125e-01,8.389865721773147600e-01
7.861927747729999805e-01,5.425568542617145162e-01
1.143465042110000107e+00,4.814966081708911272e-01
9.246990084649998609e-01,5.360252330471818594e-01
2.958764553069999970e+00,9.773243217343425826e-01
2.138324022289999959e+00,3.958142405978301248e+00
2.038712024690000124e+00,3.285354388279543514e+00
1.480209946629999829e+00,3.690428319770271415e+00
9.367650747299999248e-01,1.608104863746323110e+00
1.715939760209999942e+00,-7.767611098522126944e-01
1.001402020450000041e+00,5.218653345439532298e-01
8.896229863169999863e-01,9.695661820827876365e-02
7.492939829829999843e-01,5.674291693481523513e-01
1.115183949470000213e+00,2.242715173560863584e-01
9.457820057870000019e-01,2.497121898063620893e-01
6.452180147170000213e-01,7.041642529548542973e-01
1.164842009540000056e+00,5.843368943859196252e-01
1.244351029399999975e+00,1.029833020667086929e+00
9.045109748840001185e-01,1.006576578995213911e+00
5.575259923929999362e-01,9.651167191808798229e-01
5.778343677520000332e-01,5.488505640076056791e-01
7.199835777280000348e-01,-5.164679397224337942e-02
7.607790231700000128e-01,2.017159214652545773e-01
5.404400229450000426e-01,8.305507555030350320e-01
8.009672760959999360e-01,8.855927858277476972e-01
7.710149884220000027e-01,1.054097370259995392e+00
6.709719896319999988e-01,9.463689691502861212e-01
2.768970489500000021e+00,9.145534200284900495e-01
3.086133003230000060e+00,3.566903549000461915e+00
1.116358041760000086e+00,4.563260824547596961e+00
1.018260955809999979e+00,2.986539434579156271e+00
7.442610263819999794e-01,1.534004002871125261e+00
1.114386796949999869e+00,-1.341048260043632201e+00
1.380516409870000238e+00,-6.668562567920851558e-01
1.229098439219999950e+00,1.151531567919436450e+00
1.573238968849999919e+00,1.341063860013716136e+00
1.245597958560000107e+00,1.978788268990588906e+00
8.298619985580000247e-01,1.176852488955341114e+00
5.376980304720000436e-01,4.477170139389644588e-01
8.593800067899999284e-01,-1.411771516613878619e-01
7.949647903440000274e-01,-9.541149147451621904e-02
8.122889995569999577e-01,3.594610801242850706e-01
1.209460973739999945e+00,9.708684274515972934e-01
1.043611049649999956e+00,1.449881847041258220e+00
9.914460182189999138e-01,1.065735877194608383e+00
1.377645969390000058e+00,1.029329007206349011e+00
7.495359778399999229e-01,1.323851054782825498e+00
7.549669742579999676e-01,3.553031308573841862e-01
8.522210121150000095e-01,4.284979416527365248e-01
1.312628030780000010e+00,3.234146272867198801e-01
9.499999880789999906e-01,9.074491083773383870e-01
8.433979749680000637e-01,1.133222126365666327e+00
6.329939961430000039e-01,8.931781682896660080e-01
6.848490238189999246e-01,2.822565528152197745e-01
8.296039700509999504e-01,6.610895074149614192e-02
1.117776036259999994e+00,6.750392710621183623e-01
1.060515046120000138e+00,1.207214718168032164e+00
9.966710209850000446e-01,1.361152450945146253e+00
6.726049780850000825e-01,1.139249025477484967e+00
8.499810099600000335e-01,4.467163083683282632e-01
7.929700016980000266e-01,3.098821533794544614e-01
7.509549856190000927e-01,4.021360720673562983e-01
9.556260704989999466e-01,6.388383475203391892e-01
6.085839867589999397e-01,1.076407705736814879e+00
7.782499790189999489e-01,6.071279020142732463e-01
5.098140239720000411e-01,8.135848975315105314e-01
6.364319920540000286e-01,4.817687303268657906e-01
6.015599966049999248e-01,5.682441488925175088e-01
6.556333899499999784e-01,7.750878349321235206e-01
6.385549902920000243e-01,8.369344693631873833e-01
8.762890100480000832e-01,9.726407641438246099e-01
7.967479825020000739e-01,1.172752552423163230e+00
6.824830174449999509e-01,1.132924037783076265e+00
8.025500178340000401e-01,9.695539103382898594e-01
7.950311899190000142e-01,9.500800325039158167e-01
1.584897041320000088e+00,7.738809015436166616e-01
1.017485976220000143e+00,1.806020740071902164e+00
9.177780151369998585e-01,1.374854564344457852e+00
1.230221033100000083e+00,1.125169154115171155e+00
1.027899026870000121e+00,9.722839938587942710e-01
9.125559926030000213e-01,3.576579455685820474e-01
7.935979962350000472e-01,5.845582338481869478e-01
1.030437946320000187e+00,3.883085557565101320e-01
5.325379967690000438e-01,4.212024385976688712e-01
6.127780079839999505e-01,2.623462128975268537e-01
8.741289973260000234e-01,4.725961677440828068e-01
3.667230010029999820e-01,7.252324482060891198e-01
7.391750216480000857e-01,2.980169344737734760e-01
5.604230165479999748e-01,9.351182675894541552e-01
7.758178114889999755e-01,6.191809038412963151e-01
8.102909922600001202e-01,8.826733575195446768e-01
6.437510252000000488e-01,1.171267326716469270e+00
7.236457467079999706e-01,9.048125956678195747e-01
9.113870263100000146e-01,9.986642852941834958e-01
6.627830266949999993e-01,9.779416729437122591e-01
1.002035975460000117e+00,8.121906175795613470e-01
8.224419951440000709e-01,1.196747972738410715e+00
1.030576944350000135e+00,8.733141940538675652e-01
6.781139969830000114e-01,9.977724924666911965e-01
5.333459973340000104e-01,7.191982454805949665e-01
3.209959864620000047e-01,3.039534963237953691e-01
7.608630061149999069e-01,1.006760595902066457e-01
7.439860105509998878e-01,4.875688184924603652e-01
5.468400120740000148e-01,9.071952377691330227e-01
7.004669904709999173e-01,9.127395878915808280e-01
8.356525897980000561e-01,1.007917144119767183e+00
1.274258971210000091e+00,9.671217167483713295e-01
8.934450149539999719e-01,1.511255169616533500e+00
6.211659908290000365e-01,1.277744496257918083e+00
7.900159955019999680e-01,7.236375592863049100e-01
1.067494988440000014e+00,4.418528021674204553e-01
6.698009967800000464e-01,5.682199042280450252e-01
1.265694975850000015e+00,7.286410766182768173e-01
6.380620002750000408e-01,1.469185788506132129e+00
9.348030090330000652e-01,5.733526311013739107e-01
8.006410002709999363e-01,7.540542032963657437e-01
1.085708975790000030e+00,6.710340925642106491e-01
3.527039885520000251e-01,7.482291057041037252e-01
5.883709788319999578e-01,4.672452554473132680e-01
4.875420033929999120e-01,3.894923108130712297e-01
4.636880159380000754e-01,2.332749493420669673e-01
3.637039959430000136e-01,3.033649299538980215e-01
8.750243186949999696e-01,4.534458659886156928e-01
6.435279846190000708e-01,9.709581599125024498e-01
4.834130108359999678e-01,9.440355535362411343e-01
2.120890021319999930e-01,8.405599792235145529e-01
4.560469985010000005e-01,2.806235982580319033e-01
4.367910027499999903e-01,1.986656068397702202e-01
7.238804101939999569e-01,3.332043469459219920e-01
5.560690164570000205e-01,8.809751978670913308e-01
4.748429954049999679e-01,8.810486613654319177e-01
2.674640119080000100e-01,7.466100143919074394e-01
9.588437080379998978e-01,3.191653314223669713e-01
7.868980169300000549e-01,9.237464107449292472e-01
1.794360995290000149e+00,1.063569707993972990e+00
1.337677955630000026e+00,2.518890673349381881e+00
1.210453987120000185e+00,2.148095254176042079e+00
5.654799938200000264e-01,1.678825563431897372e+00
4.008429944520000565e-01,3.796841238974181798e-01
2.727654874320000200e-01,-6.045761488910953441e-01
5.836449861529999783e-01,-4.505899825858107333e-01
8.533802628519999711e-01,1.592523090567687094e-01
8.660610318179999823e-01,1.001453154461826145e+00
1.158349990839999899e+00,1.339584574243167570e+00
7.764859795569999390e-01,1.720115262636342734e+00
1.068807005880000105e+00,1.006170954390977812e+00
5.888479948040000744e-01,9.648943589424571199e-01
1.588868498799999918e+00,3.434641946678393953e-01
4.327859878540000205e-01,1.453654812968985910e+00
3.996030092239999942e-01,5.189517137173431660e-01
5.545349717140000134e-01,3.714955664228474785e-01
6.221979856490000849e-01,2.000264893350632567e-01
1.149551987649999996e+00,8.988173553502588897e-02
1.121260046960000034e+00,1.520870219952755287e+00
9.776459932330001656e-01,1.653754622341708336e+00
1.732741951940000025e+00,1.404201895269239886e+00
2.302707910540000125e+00,2.104613221114033372e+00
1.053477048870000043e+00,2.991890162653283891e+00
7.962800264360000435e-01,1.802468645056028107e+00
5.203329920770000117e-01,9.967382841288229267e-01
6.104800105090000262e-01,-7.348377267945488400e-01
4.453057944770000276e-01,-6.603488928186861395e-01
6.522138714790000069e-01,1.674336356755458666e-01
1.175541162490000069e+00,7.081016534867181633e-01
1.032202124599999937e+00,1.429090790293972457e+00
7.193930149079998948e-01,1.463508534146070295e+00
8.200139999390000378e-01,1.174077617778768401e+00
9.497330188749999458e-01,7.235415237721962711e-01
1.039114952089999822e+00,4.113771274151147850e-01
5.883830189700000046e-01,8.610948461498606488e-01
9.508559703829999599e-01,6.858287049213547260e-01
5.277600288389999728e-01,8.028151138500186912e-01
7.736063003540000205e-01,2.692268572469457832e-01
9.703559875489999875e-01,6.288333121397360337e-01
1.383889913560000018e+00,1.082112567394287517e+00
7.795230150220000542e-01,1.533119761507614420e+00
6.069999933240000090e-01,1.180716449877172503e+00
4.660570025440000097e-01,5.755784361691830275e-01
9.455270171170000459e-01,-3.882397756599102745e-02
6.238729953770000280e-01,3.702356628174328645e-01
3.923240005969999555e-01,7.724832364343827695e-01
5.156549811360000568e-01,6.407215913406103525e-01
9.679385423659998544e-01,5.360017505010488126e-01
1.356565952299999989e+00,8.485717782449160307e-01
9.072690010070001421e-01,1.770376617510583284e+00
8.162760138510000152e-01,1.551555788817814641e+00
2.479866981509999846e+00,1.060062078533669405e+00
1.133080005649999888e+00,2.775213071810703980e+00
1.045583963389999926e+00,1.478055413515266370e+00
8.474370241169999485e-01,1.854365805732004047e+00
1.536522984499999911e+00,3.596807060747709284e-01
9.008989930149998715e-01,2.754611172037711997e-01
4.812009930610000041e-01,6.852236423505482232e-01
8.572540283199999722e-01,3.847089447388629124e-01
8.617479801180000232e-01,3.826121055992606768e-01
1.008694052699999899e+00,1.661648727293149330e-01
1.127727031710000105e+00,1.123427228800514932e+00
7.795569896699999779e-01,1.456016655252654557e+00
9.895502924919998833e-01,6.805378485105662012e-01
8.363329768179998958e-01,7.610020264592386452e-01
9.099559783939999980e-01,4.030714893773690299e-01
5.511059761050000061e-01,5.272305852203049703e-01
1.239764332770000088e+00,4.746965169171684096e-01
1.211838960649999963e+00,1.033868673093033319e+00
1.379981994630000042e+00,1.268289838581327045e+00
1.148460984229999982e+00,1.739146011963186744e+00
7.663900256160000035e-01,1.462235190044888888e+00
9.660840034480000504e-01,2.987451303890391041e-01
8.156750202179999798e-01,2.838848105016306134e-01
1.142272949220000111e+00,6.930382632894893646e-02
1.299479961400000105e+00,8.175508120831921355e-01
8.583310246469999516e-01,1.390106370075242292e+00
7.149469852449999996e-01,7.847352132548039982e-01
8.764400482179999230e-01,5.284594363468345657e-01
8.305460214609999836e-01,2.246420323818409948e-01
8.535240292550000385e-01,2.967395810801070066e-01
9.092410206789999227e-01,8.619793969279857526e-01
5.202720165249999917e-01,9.674547708901396481e-01
7.411040067669999454e-01,4.506201744508582241e-01
5.853319764140000325e-01,6.574880263074218689e-01
5.047770142559999673e-01,4.878528446281891751e-01
5.519493222240000607e-01,5.193087970335493742e-01
9.697520136830000137e-01,7.141898223418308156e-01
1.116515994070000017e+00,1.084322343376632913e+00
1.049844980239999837e+00,1.487899610791914906e+00
6.342629790310000404e-01,1.541047955679755166e+00
5.644329786300000817e-01,8.181720875124836034e-01
9.184709787369998990e-01,1.854187902321149384e-01
9.593539834020000656e-01,4.302368333727275007e-01
5.984159708020000412e-01,8.502100732126576244e-01
9.383450150489998087e-01,9.168184488574979696e-01
4.542250037189999867e-01,1.064634334102338098e+00
7.079470157619999204e-01,2.756063850775229418e-01
3.876500129699999575e-01,6.184996569846499259e-01
4.484339952469999502e-01,3.980563917869720525e-01
8.405709862710000202e-01,3.488268251106909079e-01
5.337110161779999862e-01,9.608263970230140893e-01
7.211350202559999589e-01,7.353646559025838192e-01
5.215386152269999576e-01,1.095752587822744983e+00
7.050759792330000275e-01,7.309294915889646971e-01
6.405649781229999506e-01,7.958057427510563109e-01
5.168589949609999623e-01,9.180577821711137787e-01
1.660409450529999997e+00,7.244420090745444796e-01
2.465307950970000217e+00,1.955294818323555006e+00
1.622156023979999917e+00,3.505623320492249562e+00
1.866270065309999948e+00,3.063490495204586495e+00
3.623536109919999859e+00,3.097367734982372944e+00
7.948709726329999947e-01,3.928206525863334964e+00
9.065989851949999290e-01,7.833627960515228139e-01
8.571879863740000660e-01,1.345647945577342464e+00
7.756379842759999477e-01,-6.651506086426638431e-01
7.006700038909999817e-01,-9.746052182865574398e-01
6.443409919740000769e-01,6.582677436481040312e-01
7.579550147059999077e-01,5.283589561779448163e-01
5.499600172040000068e-01,7.734593813169828858e-01
4.964669942860000518e-01,7.006269484643601331e-01
1.367677569390000070e+00,6.450370110653210753e-01
1.397894024850000250e+00,1.465152940947782367e+00
8.148130178450000427e-01,1.810927389936725085e+00
1.278898954390000009e+00,1.459586071011714559e+00
8.623980283740000363e-01,1.474536127644270112e+00
1.093865990639999897e+00,1.721468211970277051e-01
8.134710192680000285e-01,6.233605213427881875e-01
1.466687083240000078e+00,5.555238627335604695e-01
9.060310125349999577e-01,1.181410187744838858e+00
7.652140259739999006e-01,8.631777766781236760e-01
1.311033964160000176e+00,5.724745299942423093e-01
7.892500162119999718e-01,1.039816052842552851e+00
1.474902033810000068e+00,2.541396266058035258e-01
9.167850017550001063e-01,1.618618366953030296e+00
1.186140060420000086e+00,8.876021639087687820e-01
1.411391973500000008e+00,9.515509014637998364e-01
2.092472076419999993e+00,1.363159239250729904e+00
7.189220190049999681e-01,2.374597964127890037e+00
1.301861047739999888e+00,1.164538517788855643e+00
1.268974781040000055e+00,1.276400629791012653e+00
1.221997022629999874e+00,4.590905654309988537e-01
9.061110019679999850e-01,6.093227397179508120e-01
1.078873991970000112e+00,8.960320239549317556e-01
1.028025031089999874e+00,4.315061927954423893e-01
7.863690257070000689e-01,3.765067454481897946e-01
1.276852965350000035e+00,2.418579831409055914e-01
7.093420028689999546e-01,1.064792785197288927e+00
5.201929807659999572e-01,3.722027115366519645e-01
5.645610094070000473e-01,3.237893705949562717e-01
9.855200052259998067e-01,2.457435381198090352e-01
1.092841982840000004e+00,5.587810027521901146e-01
4.786899983879999709e-01,1.372539025309645888e+00
3.955059945579999514e-01,8.903166013688170732e-01
1.850703001020000071e+00,4.295802614080789783e-01
1.195796012879999815e+00,1.665849094039015377e+00
1.702510833739999896e+00,1.542158030150505788e+00
2.998351097109999586e+00,2.836607440856882878e+00
2.407080888749999925e+00,4.055109049911123087e+00
2.585943937299999718e+00,3.099913898376705834e+00
2.233839035029999920e+00,4.005486464380658695e+00
1.655773043629999997e+00,2.064863331983110672e+00
1.430611014370000156e+00,4.564460817291322026e-01
8.921740055079999676e-01,2.826078122045544427e-01
1.231696963309999893e+00,-7.073281430022371197e-01
8.955079913140000514e-01,-8.102482721487549999e-02
1.602033019070000064e+00,-9.269062366800731936e-03
1.585399031639999956e+00,1.347685126796667188e+00
1.232059955600000034e+00,1.870421460724277507e+00
1.210371017459999976e+00,1.476941761638187023e+00
1.242141008379999967e+00,1.224867069809374431e+00
9.857040047650000858e-01,4.990010120121714521e-01
7.289689779279999726e-01,2.890784237585111160e-01
6.761519908910000876e-01,1.232764826358807159e-01
1.071573019029999907e+00,-2.397918367684973798e-03
9.457439780239998983e-01,5.187161156354688218e-01
4.376370012759999706e-01,8.468091896623074488e-01
5.141820311550000522e-01,6.036782968420388862e-01
3.387190103530000052e-01,3.981629115737193580e-01
7.144280076029999593e-01,-7.419088866838141616e-02
4.996199905870000180e-01,5.856034998538477421e-01
7.917379736899999854e-01,6.917330855553991409e-01
8.646243214609999894e-01,1.092014170267559869e+00
6.024960279459999901e-01,1.228434093335361688e+00
1.260069966320000123e+00,8.863649676064899730e-01
1.012339949610000067e+00,1.517124860746493331e+00
1.004528999329999950e+00,1.087227161922166729e+00
6.310235261919999727e-01,1.136276100122038724e+00
1.141221046449999887e+00,5.979917765863836943e-01
5.426099896430000014e-01,5.707205797593840613e-01
8.547459840769999762e-01,2.750217169243938664e-01
7.744219899179999311e-01,7.238049120588604390e-01
3.084340095520000102e-01,7.367311422323339354e-01
8.376209735870000506e-01,1.412391645851357180e-01
7.293469905850000767e-01,8.929776092554703171e-01
7.503905892370000830e-01,6.839591497835738609e-01
1.134822010990000019e+00,1.011199360232562183e+00
1.614240050320000064e+00,1.512617765210221510e+00
1.244793057440000128e+00,1.926112551350420476e+00
7.141630053519999466e-01,1.765787455186526245e+00
7.293040156360000026e-01,9.082470069680498304e-01
6.486989855770000091e-01,7.809521915165275330e-02
3.427990078929999962e-01,-3.075658781953756749e-01
3.861860036850000011e-01,-3.877323863720943953e-02
6.366299986840000535e-01,3.065316567865421504e-01
3.990480005740000280e-01,5.499867076215588790e-01
4.178859889509999870e-01,4.772164046895815970e-01
1.103790521619999909e+00,5.703707935056938627e-01
6.956189870829999622e-01,1.285286043583412141e+00
8.070139884950000564e-01,1.019371874399786382e+00
5.947690010070000310e-01,1.294000425894523243e+00
1.107607960700000005e+00,7.343927172393839298e-01
9.713580012320001122e-01,8.595041911301182225e-01
7.170349955560000321e-01,1.129764285703105609e+00
6.764810085300000386e-01,8.541231507149698032e-01
1.687772989270000190e+00,6.738077061977356674e-01
9.907569885250001596e-01,1.515102555766554726e+00
8.082039952280000161e-01,1.188531415860114349e+00
1.087718963619999979e+00,1.191285554683158665e+00
1.564818024639999861e+00,8.319148912023847098e-01
6.673809885979999912e-01,1.023668855791473264e+00
1.256489992140000123e+00,7.406271975824278986e-01
1.091886043549999963e+00,1.302715500019879347e+00
7.375509738919999725e-01,6.202869937085860874e-01
6.224380135540000802e-01,2.887414078818454355e-01
8.364729881290000613e-01,4.839046109795054340e-01
5.774260163309999916e-01,1.864510747729530848e-01
1.015761017800000054e+00,3.496089889959846930e-01
1.106158971790000001e+00,1.163627152715138058e+00
6.945540308949998964e-01,1.307642938577661562e+00
1.130903959270000092e+00,8.357730144278945339e-01
9.518219828609998379e-01,1.234540024664087410e+00
7.524570226669999862e-01,5.962441661737263310e-01
5.585229992869999993e-01,4.966087145547561366e-01
1.415836334229999771e+00,4.544277843615515677e-01
1.855298042299999839e+00,1.076207468028041792e+00
7.845479845999999702e-01,2.307783786141342386e+00
8.210539817810000862e-01,1.499542161747690727e+00
5.835890173909999978e-01,1.062810536844886355e+00
8.359720110889999889e-01,-3.903527219092723377e-01
2.184663057329999880e+00,-4.978235022997359871e-02
6.805480122570000123e-01,2.619133276132988186e+00
1.238904953000000031e+00,1.321880773217687599e+00
1.030328035349999949e+00,1.921964197041350575e+00
7.914109826090000022e-01,5.953444189129544206e-01
8.423720002169999832e-01,-3.505749022953688621e-02
4.464710056779999658e-01,6.943127893366733971e-01
5.589337944979999584e-01,-9.413566215173443941e-02
7.099329829220000221e-01,2.911158842836609750e-01
7.334340214730000751e-01,6.588520860566834392e-01
7.833399772640000647e-01,8.797655126802934600e-01
8.426809906959999985e-01,1.208386673826822966e+00
1.099761009220000085e+00,1.181952811215569943e+00
8.706315755840000614e-01,1.258922944125714372e+00
5.862460136410000411e-01,9.841493525577875712e-01
8.863990306849999223e-01,5.780257222890864410e-01
1.019399046900000050e+00,6.262956070696944488e-01
8.493610024450000129e-01,7.034575582437382346e-01
1.010666966439999870e+00,9.384327615041901938e-01
1.331516027449999973e+00,1.180225050417543331e+00
1.215008974079999859e+00,1.242773727865968070e+00
1.645591020579999952e+00,1.192110539413208325e+00
9.708780050280001461e-01,2.031923393281830137e+00
1.411272048950000135e+00,9.416189556073166766e-01
7.953929901119999313e-01,1.200353927417649791e+00
1.046331048010000098e+00,2.508094729942880741e-01
8.879339694979999642e-01,3.774167424103955226e-01
8.349300026890000836e-01,4.254818210577084314e-01
9.847199916840001510e-01,2.481030838071752731e-01
1.090394020079999970e+00,8.176647012075797250e-01
4.901649951929999971e-01,7.782597001144211379e-01
6.141669750209999279e-01,4.232226827045640349e-01
6.314740180969999894e-01,4.269821716921108901e-01
8.252440094949999860e-01,2.547430610154857722e-01
1.051450967789999913e+00,6.992231891537279420e-01
1.047114968300000060e+00,1.428335370871602894e+00
3.921430110930000379e-01,1.379884228066230234e+00
4.695149958129999912e-01,5.824632833893390593e-01
7.720900177959999500e-01,2.391212009898819046e-01
7.520099878309999264e-01,3.237877298400531068e-01
6.877393722529999698e-01,7.146988668736684591e-01
6.718119978899999012e-01,1.138338060656514772e+00
1.185933232310000029e+00,9.978182196772199530e-01
6.571980118750000432e-01,1.245878473353494886e+00
8.213180303569999063e-01,8.279607099433790030e-01
7.795739769939998842e-01,9.845584280769186236e-01
1.030122995379999962e+00,6.747761986065163864e-01
6.211889982220000217e-01,7.348852710353771522e-01
8.660820126530001106e-01,7.916797761910885356e-01
9.608931541440000057e-01,8.330676814913408057e-01
6.760399937630000577e-01,8.631464450425125889e-01
7.402380108830000083e-01,5.722301182581489565e-01
5.984709858890000511e-01,8.749753639294266527e-01
6.151059865950000427e-01,4.586144425837798133e-01
9.358735680579999272e-01,5.394063573067238160e-01
5.818247795100000008e-01,1.103208852990025246e+00
7.156659960750000327e-01,7.984838208029499951e-01
6.529520154000000298e-01,9.875928467606081007e-01
9.700022935870000751e-01,7.641696553459099706e-01
7.834500074390000623e-01,9.702118788367959379e-01
7.448130249979999506e-01,1.091711937122579190e+00
8.276180028919999376e-01,9.399379702238279677e-01
8.943400979039998200e-01,8.876485652917947000e-01
2.505017042159999985e+00,7.404709386987602393e-01
1.620712041850000062e+00,3.221332968918337869e+00
1.417585968970000110e+00,2.614819896991196657e+00
1.049872040749999957e+00,2.636655280673980695e+00
1.226507544519999993e+00,8.336481278548212304e-01
1.043179035189999881e+00,-2.553052959246404630e-01
9.694439768789999690e-01,2.186047079787226677e-01
8.192250132559999454e-01,3.317836180990289541e-01
8.129550218580000598e-01,2.759013054637682316e-01
6.712080240250000163e-01,1.668398080868394862e-01
5.289899706839999993e-01,2.965370967018812753e-01
3.461930155749999849e-01,3.550433313674733471e-01
4.789490103719999392e-01,2.458052382263501978e-01
1.153810977940000093e+00,3.477820140333469645e-01
9.671270251270001062e-01,1.238062568096651717e+00
7.845839858059999727e-01,1.437287218272810030e+00
4.701859951019999873e-01,1.372346603648892494e+00
5.632782578470000301e-01,5.510835575507271322e-01
2.416239976880000251e-01,7.968527603835730277e-02
2.709859907630000064e-01,-1.030193011684931576e-02
1.994680017229999991e-01,1.008217311831455104e-01
1.327169984580000017e-01,-1.641659044970523312e-02
4.732620120050000101e-01,-1.237259895960128864e-01
6.585559844969999244e-01,2.838846744104726039e-01
9.621880054470000054e-01,7.299342536785760061e-01
5.111979842189999790e-01,1.420665719267332872e+00
9.829789996150000153e-01,1.045239057150291195e+00
9.100099802019999684e-01,1.281377417019817777e+00
1.026576042179999870e+00,9.858809431175247218e-01
8.309389948840000262e-01,1.068678633656167332e+00
9.651920199390000565e-01,1.032801773810898771e+00
1.000543951989999902e+00,6.253970937591297741e-01
1.983185052869999687e+00,7.241270743674704802e-01
1.274855017659999978e+00,2.323627332655286093e+00
1.286525964740000028e+00,1.803800381576496470e+00
1.382244944570000245e+00,1.785780559368828291e+00
1.736924052240000016e+00,1.129460983538352670e+00
1.257668018339999971e+00,1.177905828521712328e+00
7.533379793170000838e-01,1.288881344828589848e+00
1.084908962249999886e+00,5.065468988523177396e-01
1.062494039539999990e+00,2.603617910264920399e-01
7.787629961969999570e-01,1.338939906987720585e-01
8.256469964979999965e-01,3.641553940462518568e-01
9.891830086710000636e-01,6.704495010169561064e-01
1.418092012410000047e+00,5.072443542867868249e-01
1.151677966120000063e+00,1.346077976317634706e+00
1.250364065170000094e+00,1.392262745243246336e+00
8.794019818310000458e-01,1.414264063569644625e+00
1.089423060420000144e+00,5.342155693197377930e-01
1.809062957760000145e+00,4.160395429324690864e-01
8.687390089040000207e-01,1.749106112642937250e+00
8.521729707719999380e-01,8.923598066481528424e-01
1.307837963100000112e+00,9.390802082894846858e-01
1.262575984000000151e+00,7.105122097217936306e-01
7.601559758189999627e-01,6.616416462466657711e-01
1.069887042049999959e+00,8.049388482512792597e-01
8.579840064049999437e-01,8.018581468740252349e-01
1.149323940279999956e+00,1.532542874882174000e-01
1.067142963410000034e+00,7.570401561902549981e-01
7.400619983670000401e-01,1.016401475189449233e+00
6.799880266190000411e-01,4.031994378285889691e-01
7.323921322820000634e-01,3.841452232478366202e-01
8.352749943730000126e-01,1.961788946906990461e-01
6.000829935070000065e-01,6.125485383956367214e-01
1.010563969610000168e+00,8.107578803528037170e-01
7.613970041280000434e-01,1.160107323642684429e+00
7.260069847110000030e-01,8.602474461462717992e-01
1.064324021340000037e+00,8.166870440971103484e-01
5.901079773899998715e-01,1.131503088108882782e+00
7.744659781460000447e-01,4.439685658510339472e-01
7.406870126719998781e-01,8.321398991249197019e-01
8.908360004430001533e-01,6.658079431700226758e-01
7.620100975040000613e-01,7.584164079240929279e-01
7.774500250820000069e-01,1.041716581239131356e+00
5.811070203779999943e-01,8.765862014053377171e-01
7.908779978749999051e-01,6.293138295603236676e-01
8.903719782829999652e-01,7.415354810077420256e-01
7.882059812549999656e-01,1.000020451623487627e+00
7.301949858670000459e-01,9.963665597599792312e-01
9.248933196070001639e-01,9.825953821663190313e-01
1.265586972239999941e+00,8.921871722449861153e-01
7.884140014650000694e-01,1.255678320640122969e+00
9.180610179899998391e-01,9.145699405152037942e-01
6.569269895549999516e-01,9.169393162343855153e-01
8.252680301670000107e-01,2.617884883159158349e-01
4.257229864599999525e-01,3.363254240745098822e-01
9.114630222319998198e-01,3.843702259816997868e-01
7.238519787790000937e-01,8.277950690325943661e-01
9.657319784160000031e-01,8.615315662331386459e-01
7.194200158119999911e-01,1.154024595227164163e+00
7.146480083470000411e-01,1.014599655751141194e+00
6.188799738879999790e-01,6.454610844954951077e-01
8.502969741820000094e-01,6.208049764660872327e-01
6.113014817240000065e-01,7.459040517939108383e-01
8.405809998509999881e-01,8.191335168852895698e-01
5.909900069240000553e-01,1.051938669891713030e+00
1.191807866100000002e+00,7.761793049113488996e-01
1.072478055950000009e+00,1.242050542095051835e+00
7.976800203319999172e-01,1.315913971320645581e+00
7.140370011329999489e-01,9.359941522282351212e-01
8.885610103609999921e-01,6.859515225617265344e-01
7.367290258409999737e-01,2.930039326957021295e-01
9.655410051350000744e-01,4.710302713148448728e-01
8.569459915160000385e-01,1.031201810566713117e+00
5.838339924809999859e-01,9.252417282445540847e-01
3.047562122340000457e+00,5.442603952188840299e-01
8.865389823909999301e-01,3.762524593952438323e+00
1.186460971829999878e+00,1.742531466423443032e+00
8.750730156899999557e-01,2.392702916281152170e+00
1.111973047260000014e+00,4.795723589000670528e-01
6.929270029070000447e-01,-4.469523850386227792e-01
5.632749795910000357e-01,4.004041941591514608e-01
5.519689917560000048e-01,1.267224236192357190e-01
9.211350083349998386e-01,2.606374247442949099e-01
5.465030074119999748e-01,6.511867025601563164e-01
9.997850060459999577e-01,7.865807846790644486e-01
7.512239813800000166e-01,1.295341433641490569e+00
8.402569890019999654e-01,9.392452926256429357e-01
7.843149900439999600e-01,8.694118640355172900e-01
5.915480256080000165e-01,9.252263545054908445e-01
6.109840273859999948e-01,4.332924259025749403e-01
9.328789710999999540e-01,6.612385480003869498e-01
7.992020249369999885e-01,9.161221923823065216e-01
9.833549857140000405e-01,9.953129427017974873e-01
5.405290126799999761e-01,1.305696209519240814e+00
1.093670010570000128e+00,6.726188135176097704e-01
9.266330003740002041e-01,9.360935999090196358e-01
7.972419857979999858e-01,8.751606123622781563e-01
5.896059870719999596e-01,7.849592671327022542e-01
7.799540162090000672e-01,6.560402616477178928e-01
5.182790160179999717e-01,3.767377855526389818e-01
7.263879776000000676e-01,4.249405694882880113e-01
6.216366887090000182e-01,8.472153769037323867e-01
8.810679912569999717e-01,8.439276006405892483e-01
7.315016984940000411e-01,1.071198330621386141e+00
9.703850150109999406e-01,1.074897126941956271e+00
8.715350031849999901e-01,1.166320160892919455e+00
5.505740046500000595e-01,1.038198204401414637e+00
2.576299905780000121e-01,5.253372364576219811e-01
6.952109932899999123e-01,1.609084606132568096e-01
3.547430038449999601e-01,3.557246700108366300e-01
1.308350920679999918e+00,2.513479782376537575e-01
1.424710035319999957e+00,1.596919425059758035e+00
2.422243118290000385e+00,2.064070158845653147e+00
1.588093161580000023e+00,3.677337045494896373e+00
2.882889986040000352e+00,2.781316079593883828e+00
1.510810017590000109e+00,3.927593011419568292e+00
5.103110075000000245e-01,1.597360971514970140e+00
6.637499928469999810e-01,1.832496140290725550e-01
5.865659713749999948e-01,-5.183834936283837624e-01
9.182999730110000813e-01,-1.167338744457280475e+00
1.126363039020000123e+00,4.220085228883520001e-01
9.455379843709997845e-01,1.481328222413941909e+00
7.979699969290000583e-01,1.264098805337369846e+00
8.895260095599999417e-01,9.532576007575414012e-01
5.017459988589999531e-01,5.150155140778520657e-01
7.889080047609999813e-01,1.013718569682171555e-01
5.571460127830000220e-01,6.156971729141258454e-01
8.079270124439998924e-01,5.265374576461260281e-01
7.382910251620000697e-01,8.731082906261331544e-01
6.742079854009999096e-01,1.035221430588346259e+00
8.787713646889999675e-01,8.815125059803801122e-01
7.401880025859999268e-01,1.130730774256260229e+00
8.886500000949999478e-01,8.456606842874899721e-01
7.983270287510000340e-01,1.057960043637782732e+00
5.137799978260000344e-01,9.233423897504152711e-01
7.760372757910000141e-01,4.943038391251014518e-01
8.528280258179999906e-01,7.714834350648156480e-01
7.851629853249999513e-01,8.048485037730133129e-01
8.431609868999999646e-01,1.001783477678465095e+00
1.024798870089999925e+00,1.153884355266756367e+00
8.044279813770001120e-01,1.034065523636424233e+00
8.841310143469999216e-01,7.713590198206808912e-01
3.615649938579999501e-01,8.490832665798085932e-01
1.171491026879999842e+00,2.091637810653046714e-01
4.477910101409999788e-01,9.100307946609330623e-01
7.665730118750000432e-01,4.346278416547800227e-01
7.735599875449999940e-01,8.625127308210219779e-01
1.054823040959999902e+00,8.714150180091001507e-01
7.843300104139999673e-01,9.238465977665366591e-01
1.034250974660000155e+00,1.162091562621684337e+00
1.096979022029999973e+00,1.077546110680445812e+00
7.633029818529999400e-01,1.016562569801349625e+00
5.883730053899999257e-01,4.911838587006298606e-01
6.365630030629999547e-01,4.500862856545410629e-01
5.750700235369999858e-01,1.984598323136465559e-01
5.399640202519999654e-01,2.961541847503508795e-01
1.324671149250000068e+00,6.739433530503958769e-01
8.178460001949999780e-01,1.525104513395496575e+00
6.359609961509999909e-01,1.165006782239792704e+00
8.135920166969999867e-01,1.005626231112837221e+00
9.872140288349999793e-01,7.173192980946935249e-01
9.839289784429999797e-01,4.808906265300803007e-01
5.904790163040000150e-01,1.103319596767695643e+00
8.986790180210000312e-01,7.678279450061544775e-01
6.268000006680000125e-01,7.341745780850101877e-01
6.926850080490000172e-01,3.539150847473785944e-01
5.757049918169999669e-01,6.280175377864255504e-01
6.764680147170000213e-01,7.224465077389682355e-01
8.279470205309999997e-01,6.999153105516486839e-01
6.547859907149999881e-01,1.109505839373916780e+00
1.085815548900000094e+00,9.617158509621597240e-01
8.509550094600001335e-01,1.353428790938771220e+00
8.879359960560000431e-01,1.007455871718248464e+00
6.557850241659999302e-01,9.432002012442723959e-01
6.597809791559999804e-01,6.348716756018160101e-01
8.856279850010000398e-01,3.167198721595781419e-01
7.502999901769999980e-01,8.024752210777194028e-01
9.303160309790001747e-01,8.099259776097730290e-01
7.259460091590000941e-01,1.178961681840860809e+00
7.123904824259998936e-01,8.584121768203895053e-01
9.326570034030000622e-01,6.637988473951629276e-01
6.544970273969999974e-01,9.198322302799931682e-01
4.987269937989999846e-01,6.128848412349143793e-01
9.782410264020000579e-01,6.180268639017122423e-01
5.593240261080000275e-01,9.425057146259623320e-01
8.733990192409999409e-01,5.476681538969878638e-01
6.232500076290000690e-01,1.129701238915510553e+00
6.319249868390000024e-01,7.880614483114856128e-01
8.335350155830000274e-01,5.893593201578365415e-01
8.613430261610000027e-01,1.019835504406380711e+00
1.036013007159999999e+00,9.481447723837516106e-01
6.160370111469999355e-01,1.333985680145930441e+00
9.874529838559999995e-01,7.965088898215046953e-01
6.686739921569999634e-01,8.852877212978043087e-01
6.455339789389999972e-01,4.960284411145493011e-01
1.007030010220000049e+00,5.083903194456020902e-01
7.763000130650000719e-01,1.057132244904372520e+00
9.358490109439999705e-01,7.118051959981589460e-01
6.626719832419999401e-01,1.163198645210614890e+00
1.113351941109999910e+00,7.143511190797854349e-01
5.495319962500000432e-01,9.057823584498201352e-01
9.273632764820000096e-01,5.408476717974306514e-01
8.215330243109999486e-01,8.437089008645199950e-01
9.193540215489999223e-01,7.879165716932797769e-01
6.899859905239998925e-01,7.606419222305514927e-01
6.497738957409999738e-01,8.817610226076074698e-01
9.705049991609999704e-01,5.045487441862941402e-01
8.034440279009998909e-01,8.811494746513334198e-01
8.920990228650002019e-01,7.982915827478772597e-01
7.462270259859999921e-01,1.106837734675730323e+00
1.495407462120000197e+00,8.159615445661320132e-01
7.597569823270000633e-01,1.463263727426295402e+00
9.677280187609998974e-01,8.689088226028026662e-01
1.126011013979999920e+00,1.006795736299378019e+00
7.641419768330000029e-01,8.867872850324358680e-01
1.423818945879999909e+00,2.222515187124919911e-01
8.309190273280000483e-01,1.502337827432022266e+00
5.316870212550000030e-01,6.378130531852332918e-01
6.942920088770000442e-01,3.355833275211793643e-01
1.097100019450000019e+00,3.321695470520086291e-01
8.623710274700000511e-01,5.192910009174825925e-01
9.711959958079999788e-01,1.045044196817077609e+00
7.501904964450000213e-01,1.306819706383967050e+00
5.659890174870000346e-01,6.842514579301991473e-01
7.235890030859999378e-01,2.116201297051625851e-01
1.088876962660000114e+00,5.486639242375322967e-01
2.614549994470000138e-01,9.646916083625499683e-01
1.923168003559999895e-01,4.515142347466063466e-01
2.048390060660000012e-01,2.429909313783793767e-01
3.752999901769999980e-01,-1.796719098396691860e-01
1.878910064700000104e-01,2.532172718858036187e-02
4.178839921949999980e-01,4.895621641819395548e-02
6.128349900249999704e-01,3.390732443350549796e-01
4.822100102899999352e-01,6.580763379923557643e-01
8.136649727820000066e-01,6.799816291477237540e-01
8.997989892959999958e-01,1.163995955890245293e+00
7.667459845540000041e-01,1.270400884020914889e+00
6.762999892229999421e-01,1.148039216734873857e+00
9.804093837739999984e-01,9.720540354725291099e-01
1.075533032420000090e+00,9.087558322007488476e-01
6.459739804270000496e-01,1.040627640698546186e+00
7.601699829100000416e-01,7.881495812584998761e-01
8.707180023190000950e-01,7.460934068318203494e-01
1.045557022089999899e+00,5.150073362773707197e-01
4.832339882849999713e-01,8.834876808294775952e-01
1.085988998409999962e+00,6.891813896726857180e-01
7.320979833600000930e-01,1.046657871759020475e+00
7.128990292550000385e-01,5.686168537276261592e-01
1.045389056210000112e+00,6.568677637069141317e-01
7.359200119969999676e-01,1.158066112199415132e+00
8.956930041309999480e-01,5.187038924050272337e-01
8.745509982110000191e-01,1.009792850709555934e+00
9.237470030779999508e-01,8.267250233616434407e-01
9.997780323029999971e-01,6.805028579793804822e-01
1.739534020420000049e+00,1.013241257648999305e+00
8.107889890670000321e-01,1.985883329728831193e+00
7.049050331119999235e-01,1.027728483550607974e+00
8.328269720080000438e-01,7.163947279230447052e-01
8.276600241660000412e-01,1.870725201244339553e-01
8.953109979630000659e-01,2.939351348689420163e-02
1.459501028060000039e+00,9.749654068642188420e-01
1.179519057270000060e+00,1.666115753414752376e+00
1.443411946299999915e+00,1.389477703793049246e+00
1.306735038760000078e+00,1.801243643205345801e+00
7.634999752040000365e-01,1.327046739917557172e+00
1.145148038860000161e+00,2.893358851587643499e-01
7.253450155259999477e-01,5.896984046287452319e-01
7.633590102199999672e-01,-5.403542901298880735e-02
6.174820065499999622e-01,2.808475457113903673e-01
1.029322981830000039e+00,4.432869105111490460e-01
1.302055954929999926e+00,7.172258367070371010e-01
3.164124965670000122e+00,1.496472630766791045e+00
9.734439849849999549e-01,4.412190781737762357e+00
1.229671001429999855e+00,2.212514783510173277e+00
7.441530227660000385e-01,2.170956030917448487e+00
1.063034057620000139e+00,-2.325242640533373151e-01
1.123872041700000102e+00,-6.476881047439418948e-01
8.984770178790000283e-01,7.770500285125423456e-01
7.175139784810000698e-01,5.300855036178362401e-01
5.367509722709999931e-01,6.053261985755989949e-01
1.175443053249999981e+00,6.758917039691295092e-02
1.101048946379999949e+00,7.923936344519896258e-01
5.734490156170000130e-01,1.157366153165982459e+00
1.431144952770000200e+00,8.701589542090812923e-01
1.037794947620000130e+00,1.555014898021925829e+00
6.568620204930000206e-01,7.360075419243986561e-01
1.074908018110000141e+00,6.527297878280938770e-01
1.385972023009999887e+00,9.667082817680626716e-01
1.004804968829999812e+00,8.895610828417312987e-01
1.609539985660000116e+00,1.055690992074810319e+00
2.817575931549999524e+00,2.013896929635389466e+00
1.962562561039999709e+00,3.575075689356058461e+00
1.279752016069999998e+00,2.921893876089757036e+00
1.995329976079999845e+00,2.505761318077268207e+00
2.033385992049999924e+00,1.369517230446920086e+00
1.307443976400000096e+00,7.503920306863781642e-01
1.611258029939999892e+00,1.350377290959840160e+00
2.040218114850000042e+00,1.646851444993860492e+00
2.183244943620000100e+00,1.359488698222313552e+00
1.351415991779999937e+00,2.257318591983173750e+00
7.242180109020001089e-01,1.977441026380938993e+00
1.363389015200000109e+00,3.363336157083771094e-01
1.526808977129999967e+00,-2.337534379180609620e-02
1.784019589420000163e+00,5.189724522609644453e-01
1.103597044940000105e+00,2.180997529601760299e+00
1.763007998470000004e+00,1.594177506652114440e+00
1.157549023629999896e+00,1.741536467269748645e+00
1.153326034550000045e+00,6.447340376211264656e-01
2.362811088559999551e+00,7.066632544436913799e-01
2.580787897110000007e+00,2.522603629664330160e+00
1.242146968839999976e+00,3.090285680109908117e+00
1.712821006770000265e+00,2.468223702626877625e+00
6.676509976389999323e-01,1.971566554623346956e+00
8.271329998970000652e-01,-8.183487568032494774e-01
9.642647504809997994e-01,-5.052137871407734737e-01
1.394161701200000048e+00,1.540815773660897947e-01
7.584049701689999923e-01,8.885628392678817100e-01
6.900759935379999765e-01,1.001438325469604207e+00
6.740249991419999809e-01,6.024730316833747379e-01
8.615220189090000424e-01,1.600979869832711289e-01
7.907469868659999790e-01,3.050548291787774091e-01
7.285000085830000138e-01,9.829049741294669795e-01
2.411980032920000294e-01,9.749298000186560342e-01
3.354600071909999981e-01,2.802186227314203415e-01
5.912460088730000507e-01,9.828173691790939581e-02
1.058426976200000036e+00,3.647956516330902454e-01
7.669919729230000316e-01,1.211922325917398791e+00
5.881239771840000019e-01,1.352906954374052395e+00
5.922303199769999305e-01,1.045412503376830893e+00
8.753510117530000079e-01,5.949773425738301702e-01
7.038279771799998974e-01,6.289665373489657929e-01
5.677499771120000371e-01,9.228052263957823298e-01
7.133870124819999825e-01,8.819521469506831357e-01
1.077505946160000061e+00,8.681545504161315430e-01
6.909419894220000247e-01,1.073778284572607822e+00
7.724580168719999973e-01,9.639629528694415583e-01
7.237120270730000859e-01,1.028409928550831909e+00
9.752489924429998958e-01,6.504383268222717618e-01
9.151769876479998178e-01,7.588372702044253737e-01
7.574009895319999686e-01,1.088160681985766542e+00
6.912069916730000374e-01,8.441214243049744992e-01
1.183527946470000147e+00,6.608812169624975752e-01
