9.743152856830000763e-01,8.142055017270821704e-01
5.654720067979999154e-01,8.449416150277172521e-01
7.307389974590000614e-01,7.894506358854013195e-01
1.074290990829999792e+00,8.267031777144000504e-01
9.521890282630000035e-01,8.617922466822501848e-01
9.879170060160000766e-01,8.187863455391436451e-01
1.011654973029999960e+00,8.246433050689718769e-01
0.000000000000000000e+00,8.233052645279160808e-01
7.643579840659999736e-01,1.044167619470158126e+00
7.788103222849999119e-01,1.314237527571155528e+00
3.306220054629999794e+00,8.114411216923448356e-01
1.055441975589999970e+00,2.152695427892493019e+00
7.543110251430000801e-01,1.655705681159231446e+00
7.915459871289999283e-01,1.373109604305983167e+00
1.409499049189999909e+00,1.298853006485164441e+00
8.875439763070001042e-01,1.149678188937133694e+00
6.401469707490000660e-01,8.613666299994034992e-01
5.082880258560000808e-01,8.183816596810293831e-01
8.640019893649999450e-01,8.141831676536251949e-01
5.725920200349999822e-01,8.396629038429634928e-01
8.469420075419999971e-01,7.898470550841131255e-01
9.181020259860001032e-01,8.457857080725552645e-01
7.976629734039999420e-01,8.315564008241296268e-01
9.608020186419998776e-01,8.056014919193462687e-01
9.555831551549999192e-01,8.341159999972136418e-01
3.470349907879999862e-01,8.186144326494598777e-01
9.546210169789999256e-01,7.865604663373264582e-01
1.293938040730000072e+00,9.016423638143143959e-01
5.251880288119999962e-01,8.956096758761108445e-01
4.773890078070000542e-01,8.041294384700988784e-01
1.275226235389999907e+00,8.119800078663111931e-01
8.723750114439999814e-01,9.430409628820255463e-01
8.355640172959999390e-01,8.197100628686214696e-01
7.321749925609999377e-01,8.081482444774067408e-01
7.640249729160000225e-01,7.982108207800225896e-01
4.072830080990000323e-01,8.147873952810706921e-01
4.752210080619999610e-01,7.899584834082689078e-01
8.781340122220000488e-01,8.209029641828194945e-01
7.414129972460000717e-01,8.560284937505167058e-01
1.258002042770000051e+00,8.204401401141299122e-01
1.069700956339999953e+00,8.956602415994023847e-01
7.274609804150000691e-01,8.351751162741916090e-01
7.892770171170000459e-01,7.931827649052134444e-01
6.237750053410000550e-01,8.167369550568844838e-01
6.914690136910000007e-01,7.963203589136976790e-01
8.557710051540000640e-01,8.138135642261806746e-01
7.093830108640000187e-01,8.409637233828881620e-01
1.014547944070000041e+00,7.961535103487008547e-01
1.115731000900000103e+00,8.523541266970195984e-01
4.182830154900000208e-01,8.457694919182064952e-01
1.002280950550000105e+00,7.934918241006330142e-01
1.218860983849999968e+00,9.031340697487382219e-01
1.143296003339999922e+00,8.498592421702403366e-01
6.528189778330000248e-01,8.493676315125771037e-01
6.746559739110000731e-01,7.954720002038442317e-01
6.009536385540000802e-01,8.114085389184012564e-01
6.694570183749999348e-01,7.968308664131461549e-01
6.538079977039999990e-01,8.312958998958805967e-01
7.814120054240000224e-01,8.089883113055590380e-01
1.206303954120000022e+00,8.175483571313389985e-01
8.469259738919999725e-01,8.889113000462902647e-01
8.286409974099999687e-01,8.116142969881164904e-01
6.482390165329999787e-01,8.081262010190419787e-01
5.623700022700000023e-01,7.913998739618627321e-01
7.183309793469999649e-01,7.998473071110794308e-01
1.099647998810000082e+00,8.258640261368737079e-01
9.541710019110001273e-01,8.926579835260358697e-01
7.290139794350000146e-01,8.181101280589752056e-01
6.694499850270000385e-01,8.014134758919025936e-01
8.631219863889999511e-01,7.991837962817621710e-01
6.464660167689999515e-01,8.418378550299897567e-01
8.223180174830000411e-01,7.928387630551858578e-01
9.235979914669999458e-01,8.235746327580399928e-01
8.300920128820000743e-01,8.305970227288660412e-01
1.067314028740000031e+00,8.134507437829896492e-01
1.546175003050000107e+00,8.397134757460921195e-01
6.827279925350000500e-01,9.757330006217936891e-01
6.385620236399999206e-01,8.506926491547125435e-01
6.464239954950000699e-01,8.189668873141564553e-01
6.881093978879999629e-01,8.124035617373218665e-01
7.273989915849999877e-01,8.048081439701283424e-01
6.500350236890000133e-01,8.182746794344680774e-01
8.693690299990000092e-01,8.028097043306822167e-01
4.408580064769999640e-01,8.335425542712974201e-01
4.518609941010000020e-01,7.885962799062714579e-01
7.575070261959999662e-01,8.161039210218175022e-01
4.952389895920000229e-01,8.504675113586910307e-01
6.850870251659999521e-01,7.959573475583953117e-01
7.243813276289999825e-01,8.291041053624293999e-01
8.653740286830000628e-01,8.077516058860754189e-01
7.400469779970000328e-01,8.388419251474923399e-01
8.070759773250000269e-01,7.997427191181305517e-01
8.204330205920000729e-01,8.251382287599714482e-01
1.114411950110000049e+00,8.116281275121834948e-01
1.108605027200000093e+00,8.601176833658361609e-01
4.751499891279999943e-01,8.471802308723648256e-01
1.039268016820000140e+00,7.922848694526957170e-01
9.457899928090000019e-01,8.881860450851737365e-01
7.877500057220000462e-01,8.124784557813263808e-01
3.504549860949999762e-01,7.986651903701630362e-01
9.367713332179998797e-01,7.906411588464239415e-01
9.868059754369999936e-01,8.915709990206506230e-01
6.470239758489999549e-01,8.390837352549846972e-01
1.029777050020000084e+00,7.884044706197443908e-01
1.187446951870000156e+00,8.724474273190104823e-01
9.328820109369999614e-01,8.474409119761359133e-01
7.528370022769999004e-01,8.218317341443240887e-01
6.420040130619999452e-01,8.023200005794304257e-01
2.307340055699999837e-01,8.044504761881416943e-01
4.714997112749998998e-01,8.006781958758734108e-01
8.772729635240000823e-01,8.407249874939133338e-01
7.876309752460000091e-01,8.762446736233677758e-01
2.742219865320000283e-01,8.451271412333047905e-01
3.992269933219999567e-01,7.948798874979422502e-01
9.923512339589999343e-01,8.435972645533809100e-01
7.627239823340000724e-01,8.852379308972032623e-01
7.200859785079999353e-01,8.195980658862577206e-01
6.264780163759999798e-01,8.070684838029729136e-01
7.269890308380000388e-01,7.969820803535784259e-01
9.301019906999999920e-01,8.184097523008811992e-01
6.872699856759999504e-01,8.364264785219885923e-01
8.662552833559999943e-01,7.961586550038407539e-01
8.352038264269999734e-01,8.314868436289619691e-01
9.402499794959999768e-01,8.135687160586717592e-01
1.023357987399999836e+00,8.425938924107875261e-01
7.322629690170000538e-01,8.213657811217184301e-01
9.300749897960000068e-01,7.918071512203681550e-01
8.702930212019999168e-01,8.304367672620437402e-01
5.104020237919999481e-01,8.278108841954209263e-01
1.025817990299999982e+00,7.899665745838684305e-01
4.551239907739999535e-01,8.746826842974882998e-01
7.345349788670000324e-01,7.862965639737192758e-01
7.012919783589999234e-01,8.448628666404898180e-01
1.014386057849999911e+00,8.099285505352447068e-01
1.123770236970000225e+00,8.554052487920142944e-01
4.825370013710000294e-01,8.494405572169402285e-01
4.689320027830000681e-01,7.910075271358047999e-01
8.755196928980000237e-01,8.211140460073856895e-01
1.145424962039999883e+00,8.581137365935898043e-01
1.943787455560000099e+00,8.645164073282427530e-01
1.557039022450000143e+00,1.117628226831940408e+00
2.104775905609999942e+00,1.144684843999802526e+00
1.062240004540000005e+00,1.298897384302375002e+00
7.867829799650000178e-01,1.063126296525896741e+00
2.247971057890000068e+00,8.101060906765238379e-01
5.664669871329999218e-01,1.367322305293677598e+00
8.389729857439999217e-01,1.061146793634746288e+00
3.188189864160000386e-01,9.935544999678401767e-01
6.386680006980000046e-01,8.809592363496951961e-01
7.540266513819999794e-01,8.512642005951644997e-01
1.085826039310000102e+00,8.188928335985843354e-01
6.014299988750000381e-01,8.803594499140473539e-01
6.923220157619999204e-01,7.912548204869369606e-01
8.782439827919999997e-01,8.189392853399490857e-01
1.279224038119999962e+00,8.298549204511456168e-01
7.251669764520000117e-01,8.961437778472498561e-01
4.283109903339999969e-01,8.060008522996390257e-01
7.012249827380000466e-01,7.898118734486144765e-01
8.846225738529999161e-01,8.356290477170607023e-01
7.809653878210001121e-01,8.411575982424639442e-01
9.259700179100002204e-01,8.103672187227966006e-01
9.178640246389998536e-01,8.457177294098540132e-01
9.073020219799998731e-01,8.101208315750040301e-01
4.099450111390000040e-01,8.045883215608069516e-01
8.741459846500000408e-01,7.861145748812171652e-01
1.231343984599999830e+00,8.882079906113938828e-01
7.683960199359999299e-01,8.857784312777979840e-01
9.357339143750000865e-01,8.083744729644799509e-01
7.523270249369999885e-01,8.269026857776072825e-01
6.247839927670000293e-01,8.017211796682878200e-01
1.977947235109999591e+00,7.996511516114407359e-01
2.476479291920000048e+00,1.199985603570261405e+00
6.822599768639999729e-01,1.740842006465158853e+00
1.294077992440000102e+00,1.318176590605268261e+00
2.116506099700000032e+00,1.258948318257935739e+00
2.030230045320000176e+00,1.389343068083692234e+00
1.727593064309999926e+00,1.438217163068187032e+00
1.321619033810000010e+00,1.344318523580944724e+00
1.114274978639999913e+00,1.164408067588879492e+00
1.618482947350000201e+00,9.450868301734416388e-01
1.102354049679999948e+00,9.837073997178692464e-01
8.501269817350000091e-01,8.980688569602212068e-01
6.531813144679999850e-01,7.997937508376478100e-01
6.168276071549999573e-01,7.923662354470359936e-01
1.023204803470000090e+00,8.051745797920656367e-01
1.176781058310000017e+00,8.614255449030294720e-01
1.108754038809999898e+00,8.826114907572620849e-01
9.838110208509999177e-01,8.246222320557689001e-01
1.829927563669999868e+00,8.054663406446725959e-01
1.342131018639999951e+00,1.059339923174709375e+00
1.265669584270000092e+00,1.111688344747103319e+00
7.930377125740000199e-01,1.059996512140287894e+00
1.030689358710000114e+00,9.213223948094707572e-01
8.210232257839999992e-01,8.479331459691739070e-01
1.099169254300000009e+00,7.968415271520221665e-01
5.255355238910000004e-01,8.435965148520386814e-01
7.758393883709999717e-01,7.916964205359071638e-01
7.209759950640000081e-01,8.398964354221827300e-01
8.666771054269999386e-01,7.985986223341379198e-01
8.462041020389999835e-01,8.274772309108984203e-01
7.614132165909999195e-01,8.151067916702035010e-01
6.587246060370000045e-01,8.087252827714913606e-01
1.078659296040000104e+00,8.017551536833871229e-01
1.281940340999999872e+00,8.677404891434765677e-01
6.600005030629999547e-01,9.180565028431039165e-01
1.112500548360000119e+00,8.491047569503528125e-01
6.280704736709999958e-01,9.308013476428490529e-01
6.864575743680000341e-01,8.217987431051263503e-01
9.000409841539999123e-01,8.095107570686866927e-01
7.342569231990000445e-01,8.473240968498354508e-01
1.011121273039999879e+00,8.036636694872609787e-01
8.827599883079999543e-01,8.409718522057316736e-01
7.521411776540001259e-01,8.100937766090285930e-01
9.489411115650000506e-01,7.969910584264157105e-01
6.799052953720000625e-01,8.384402359748670541e-01
7.211565971369999772e-01,7.996085707481882521e-01
6.504104733470000843e-01,8.064718470925256177e-01
7.167106270790000178e-01,8.210549083651224045e-01
9.056316018100001308e-01,8.222415345808660181e-01
6.526464819910000603e-01,8.220076290916900064e-01
7.056654095649999014e-01,7.917423562519878555e-01
6.581057906149999637e-01,8.098659638389220650e-01
6.592794060709999959e-01,8.093046659458321690e-01
6.634064316750000190e-01,8.113682689636267931e-01
7.808002829549999246e-01,8.065248057669864856e-01
7.565907239910000248e-01,8.255258086111596505e-01
9.280405640600000172e-01,8.091372310394592260e-01
7.073829770089999913e-01,8.381523291674806142e-01
3.888399899009999383e-01,8.000914884146271833e-01
3.422417938710000107e-01,7.916758899740703459e-01
2.337300032380000281e-01,8.137531709826861803e-01
1.459127068520000015e-01,8.046400594999041367e-01
3.949534893039999828e-01,8.123274273269305290e-01
9.678409695629999199e-01,8.598731160892834069e-01
7.839220166210000285e-01,9.075912446433499481e-01
8.333759903910000766e-01,8.187830312743095140e-01
9.723259806630000224e-01,8.147711381210485104e-01
6.905210018160000685e-01,8.272335720168008111e-01
1.345324039460000121e+00,7.981932787458188017e-01
7.227010130879999439e-01,9.792234175430502008e-01
6.804850101469999135e-01,8.339116316386868677e-01
7.610610127449999318e-01,8.270682446064964166e-01
8.075709938999999782e-01,8.114368034002388264e-01
5.886639952659999953e-01,8.199628798432833099e-01
9.960750937460000065e-01,7.916643643242553541e-01
1.045413970949999882e+00,8.594790085652359579e-01
4.713059961800000197e-01,8.464424592578071449e-01
1.047140955920000005e+00,7.903611141734742107e-01
1.126214265820000060e+00,8.883221675777737136e-01
2.560461759570000329e+00,8.411860237141310925e-01
7.747610211370000721e-01,1.819769844167470563e+00
7.172060012819999608e-01,1.459502398639171306e+00
8.005080223080000001e-01,1.357503869324580448e+00
5.680390000339999856e-01,1.261444810737655686e+00
1.195780038829999947e+00,9.799754360384915763e-01
7.970449924470000003e-01,9.188886646654558232e-01
4.899359941480000979e-01,8.075750794887233130e-01
9.918130040170001216e-01,8.010418342236956812e-01
7.445690035819999553e-01,8.701093672418839242e-01
6.096370220180000743e-01,7.943580995207575324e-01
8.565919995309999591e-01,7.978244153731175459e-01
8.144299983980000102e-01,8.430813960639487181e-01
7.605929970739999657e-01,8.114617185977208713e-01
9.157519936560000184e-01,8.041318526640256481e-01
7.421634793279999753e-01,8.328311578935981840e-01
7.329360246660000522e-01,7.970746077483721326e-01
8.745691180230000805e-01,8.182493637203110959e-01
9.644910097120000803e-01,8.197648808633175577e-01
1.477671980859999845e+00,8.313359977758555397e-01
6.752679944040000937e-01,1.140462743464703665e+00
5.030400156970000758e-01,1.000212717882006608e+00
7.066659927370000371e-01,9.336416246801224617e-01
2.968195915220000369e+00,8.745858400427727330e-01
1.255300998690000114e+00,1.708924012682596860e+00
4.084815025330000182e+00,1.368391842678697401e+00
1.692322969440000158e+00,2.330708564576314590e+00
4.121052026750000041e-01,1.835415966909818453e+00
1.035750985149999970e+00,1.077855141707674491e+00
6.408920288089999806e-01,1.102739914489159423e+00
7.065470218660000468e-01,8.922093728189475215e-01
1.060830354689999977e+00,8.061017228599346440e-01
1.880954027180000043e+00,8.689865203717530573e-01
1.886373996729999725e+00,1.136238562303478083e+00
1.328773975370000082e+00,1.204140225823771670e+00
3.931840062139999592e-01,1.044862673192649583e+00
6.382430195809999374e-01,8.399762158123651457e-01
1.045531988140000035e+00,8.604252161126587639e-01
6.588029861449999913e-01,8.481740077790329568e-01
8.046740293499999863e-01,7.963947247916812744e-01
8.740410208700001293e-01,8.229565439639426883e-01
8.532550334930000258e-01,8.152317232964846339e-01
8.952109813689997919e-01,8.159703438148964150e-01
7.301589846610000434e-01,8.195891086133536563e-01
4.149410128589999802e-01,8.017570574916824677e-01
2.700940072540000125e-01,7.885264091639826445e-01
4.911319911480000466e-01,8.004659293575516754e-01
5.079169869420000483e-01,8.479773796255010154e-01
1.224020004270000017e+00,8.150845082536968267e-01
1.267657995220000222e+00,1.004703721679422346e+00
2.633487939829999736e+00,8.651813381052572138e-01
3.999615430829999596e+00,1.619109986637228493e+00
6.651418209080000032e+00,2.431643558741721112e+00
2.102678060530000170e+00,4.268454747035492325e+00
1.283689975739999989e+00,3.120789372628183234e+00
1.291347503659999951e+00,2.559668691709025001e+00
1.353754043579999733e+00,2.431993443814126188e+00
2.390191078189999985e+00,2.082206692013751415e+00
1.461441040039999972e+00,1.776421599563231979e+00
1.599208951000000045e+00,1.341011459414490181e+00
1.471150994300000070e+00,1.224017688147008842e+00
1.298205018039999992e+00,1.110660773021289849e+00
1.579622030259999921e+00,9.762691139525476736e-01
1.360355019570000268e+00,1.023675531149922380e+00
8.036410212519999874e-01,9.854789264877767963e-01
4.276689887049999750e-01,8.922722724361661362e-01
2.694070041180000041e-01,8.566166127414737153e-01
3.897170126439999938e-01,8.551899438153969246e-01
4.179170131680000067e-01,8.403672490097205960e-01
1.546036005019999937e+00,8.175275282332292726e-01
1.017611026760000037e+00,1.076414749168723484e+00
8.653150200839999640e-01,8.688012895693019155e-01
6.194109916690000439e-01,8.009316085133679763e-01
8.454149961469999974e-01,7.972279391360462819e-01
8.048596382139999728e-01,8.277587616430602813e-01
1.435889005660000217e+00,8.063865129035038271e-01
2.565752029420000024e+00,9.454875829626763206e-01
6.206179142000000759e+00,1.446969328327942561e+00
9.309499859810000943e-01,3.807772559915379329e+00
9.077759981159998492e-01,2.554283649679264911e+00
4.609797894950000141e-01,1.883849506308968857e+00
5.264570117000000327e-01,1.639548046579762053e+00
7.942249774930000283e-01,1.242636278439368303e+00
9.704009890560000295e-01,8.589080471196941513e-01
6.695889830590000535e-01,8.369738972940300448e-01
6.997730135920000594e-01,7.944300476551491297e-01
6.903669834139999351e-01,8.130206318029599144e-01
6.361600160600000553e-01,8.115562582000385161e-01
9.726700186730000697e-01,8.058987746915713402e-01
6.393389701839999884e-01,8.669797711624437353e-01
5.123779773709999930e-01,7.910446265796814425e-01
5.699130296709999932e-01,8.038657723862071558e-01
8.318089842800000522e-01,8.122728750933138064e-01
4.694110155110000071e-01,8.493559533878497492e-01
9.054309725759998040e-01,7.868599265909259621e-01
8.482750058169999940e-01,8.781034027859944135e-01
6.566630005839999562e-01,8.096295929452121953e-01
6.324055790899999474e-01,7.918143255286391735e-01
3.268550038340000130e-01,8.008607334279704837e-01
3.047409951689999952e-01,7.914207595521653982e-01
2.159480005499999911e-01,8.176287873570369236e-01
2.148479968310000043e-01,8.077806263159920119e-01
1.512310057880000003e-01,8.244997783388841039e-01
4.153338372709999837e-01,8.188243440338484058e-01
7.344200015070000420e-01,8.566822195938322837e-01
9.913370013240001555e-01,8.592653498147572178e-01
7.910000085830000138e-01,8.646935750391793185e-01
7.429170012469999973e-01,7.999862748090766917e-01
7.426548600200000294e-01,8.056091102516792501e-01
8.799139857289999256e-01,8.099606384200906950e-01
7.376829981800000491e-01,8.322558077460651127e-01
1.240342974660000097e+00,8.025703944554600788e-01
8.343409895899999151e-01,9.021056105309384066e-01
3.054729998110000122e-01,8.100914241147876282e-01
8.929460048680000206e-01,7.939127729858000970e-01
1.285866022110000007e+00,8.921711698643112198e-01
4.146400094030000538e-01,8.990617554475174300e-01
1.090137004850000091e+00,8.127068931940434338e-01
5.923830270769999684e-01,9.428824666743296223e-01
3.773260116580000045e-01,7.970502732551766334e-01
2.693597316740000469e+00,7.961577192113349355e-01
2.288666009900000020e+00,1.638523576871496523e+00
8.955270051960000366e-01,1.771121083560962983e+00
8.070570230480000884e-01,1.420226725520693734e+00
1.194862961769999954e+00,1.298896068825387440e+00
8.929409980770000033e-01,1.183483192683482788e+00
9.776080250740001309e-01,9.040688689413911572e-01
1.832507014270000179e+00,8.196991936354812713e-01
1.403792977329999747e+00,1.093569487791883788e+00
7.223749756810000644e-01,1.046985137421957646e+00
6.599410176280000595e-01,8.489125433532012099e-01
7.407349944109999917e-01,8.108291452709852631e-01
5.553659796709999874e-01,8.079668497087217904e-01
1.236768960949999885e+00,7.948495561053914304e-01
6.214020252229999208e-01,9.472032368134909452e-01
7.108730077739999764e-01,8.015710331443687275e-01
3.064779937269999643e-01,8.189246091956537965e-01
6.473349928859999380e-01,7.902529175803734152e-01
5.458269715310000159e-01,8.471304718474794715e-01
1.024247765539999966e+00,8.081287384204104418e-01
8.176820278170000567e-01,8.756926344875012314e-01
7.440620064740001149e-01,8.462880955864230392e-01
7.367150187490000279e-01,8.150706072471000097e-01
5.768560171130000525e-01,8.108853427321321972e-01
9.152600169180000744e-01,7.935952509799175658e-01
1.137029051779999911e+00,8.799936016307607911e-01
4.960080087179999930e-01,8.493900667736419274e-01
4.941360056399999312e-01,7.910994590610025412e-01
8.834533095360000976e-01,8.016357120597253916e-01
1.271524906160000024e+00,8.713899268380405072e-01
8.864369988439999570e-01,9.110163094905029402e-01
8.988280296330000141e-01,8.484790967930588845e-01
9.049779772759998231e-01,8.150382564119069695e-01
8.299319744109999730e-01,8.075155952537200754e-01
8.756300210950000995e-01,7.987784664621325748e-01
5.502920150760000073e-01,8.228782114397484859e-01
1.073919415470000027e+00,7.870418814008128816e-01
8.491920232770000521e-01,8.894957111888704970e-01
6.393229961399998773e-01,8.179386404716592063e-01
7.995309829709998928e-01,7.923819294930745105e-01
9.646000266079999275e-01,8.207915044007896288e-01
8.413559794430000016e-01,8.432158189982941199e-01
7.011449933050000194e-01,8.065445825720313211e-01
7.240070104600000445e-01,7.969505353228034661e-01
1.010308027270000020e+00,8.040226366651676004e-01
6.538060307499999890e-01,8.574204409946538652e-01
7.932850122450000319e-01,7.927218642640811996e-01
6.538396477699999210e-01,8.216307390049883974e-01
1.160789966579999888e+00,7.967361123528553524e-01
8.085789680480000019e-01,9.019898669251358303e-01
3.743770122530000188e-01,8.090290979136420813e-01
2.556999921800000020e-01,7.859228071043362629e-01
4.893150031570000502e-01,8.066859635789569438e-01
1.151844024660000132e+00,8.418802849427858837e-01
7.372779846189999597e-01,9.482579455441013661e-01
1.088750958439999916e+00,8.018162810277768004e-01
1.975852966309999958e+00,8.561102587258447860e-01
8.547700047490001118e-01,1.191892727963006493e+00
7.977370023729999371e-01,1.014730236525443363e+00
1.052428960799999924e+00,8.994977104401342682e-01
3.179450988770000208e+00,8.738876837233191530e-01
1.797067999840000541e+00,1.826146913836337093e+00
1.056702017779999947e+00,1.567907945552391880e+00
8.751260042189999977e-01,1.099053657141438656e+00
6.645399928090000019e-01,9.233001635845899946e-01
7.571684122089999969e-01,8.275053754976383624e-01
1.368484020229999931e+00,8.139732943173355606e-01
9.052469730380000579e-01,9.599063920891576229e-01
1.032060980800000083e+00,8.534364886785231752e-01
6.141330003739999821e-01,8.431303489922659100e-01
9.733130335809999645e-01,8.046637688510239750e-01
6.452289819719999597e-01,8.383165803318625153e-01
4.894390106200000035e-01,7.939009971703401281e-01
8.408679962160000576e-01,7.953494155370305352e-01
7.771940231319999226e-01,8.586740860668693465e-01
6.755350232119999854e-01,8.087323431408359742e-01
6.592059731480000018e-01,8.049096411625179526e-01
1.084153056139999904e+00,8.051466482263105462e-01
9.314100146290000826e-01,8.823812392943073402e-01
1.359479665760000122e+00,8.178619177839179244e-01
7.633988261220000515e-01,9.143019382816676144e-01
5.357339978220000409e-01,8.190012403543811548e-01
6.781889796259998882e-01,7.993916333966398780e-01
7.839810252189999273e-01,8.187837992434990886e-01
1.169367671010000054e+00,8.153384715922815662e-01
1.015287995340000027e+00,8.845714765787059397e-01
9.259430170060000131e-01,8.827388604724764054e-01
1.319244027140000108e+00,8.148825555162936274e-01
9.717460274700000511e-01,8.914880374091742610e-01
1.176299691200000108e+00,8.313715824136949095e-01
1.714609026910000056e+00,8.315468067940268160e-01
1.307337045669999975e+00,1.063005927369023995e+00
6.186890006069999393e-01,1.005233402081844973e+00
2.298435926440000276e+00,8.362940198437164296e-01
1.808241009709999680e+00,1.526815761231808066e+00
8.794149756429999742e-01,1.430098315138605747e+00
1.570945024490000064e+00,1.117401138894106527e+00
1.578516006470000121e+00,1.069506718830067316e+00
6.200309991839999535e-01,1.038169563457654654e+00
9.928810000419999726e-01,8.624902376468882581e-01
4.551869928839999968e-01,8.643931531508881605e-01
1.017398953439999865e+00,7.936428472324756900e-01
8.378469943999999892e-01,8.869118358358173415e-01
4.884769916529999589e-01,8.138896699046394012e-01
1.246340990070000210e+00,7.856564112887955975e-01
1.209630966189999990e+00,9.645684528824277626e-01
1.252451062200000020e+00,8.566918393024607337e-01
1.519726991650000025e+00,8.570374726597567161e-01
1.063797950739999942e+00,9.472191459361208876e-01
1.571495056150000069e+00,8.641709916069280073e-01
1.278105020519999968e+00,9.894848936510077797e-01
1.192077994349999948e+00,9.519114871073495188e-01
8.304439187050000060e-01,8.721800394665448763e-01
1.402015686039999931e+00,8.066910245987051198e-01
1.156504034999999986e+00,9.339421573072297367e-01
1.162554860120000200e+00,8.953719167151200642e-01
6.007519960399999581e-01,8.782338588770791654e-01
1.253835797310000055e+00,8.163974915401687182e-01
1.791844010349999960e+00,9.071503619898062531e-01
1.734062552449999961e+00,1.123439777653247207e+00
4.939970970150000085e+00,1.171356248731580729e+00
2.394351005549999911e+00,3.054362229088497749e+00
2.212575912479999740e+00,2.526672809612652504e+00
1.886527061460000265e+00,2.246106703331683718e+00
9.343829751010001017e-01,2.018252936952123378e+00
9.099829792979999832e-01,1.434591967849999650e+00
8.112999796870000724e-01,8.595147113989329846e-01
1.049708962440000004e+00,8.104351787727672729e-01
1.351788043980000076e+00,8.368112588654942341e-01
1.277305960659999906e+00,8.852170835355913647e-01
7.854449748989998925e-01,9.178645799542698436e-01
4.846229851250000165e-01,8.352236592576167684e-01
6.676359772680000582e-01,8.076376500614281806e-01
8.322510123249999836e-01,8.248755805410555864e-01
5.959370136259999340e-01,8.249377002546525173e-01
3.410890102390000123e-01,7.931998935621318303e-01
6.860110163689999707e-01,7.933725551895554062e-01
8.153510093690000682e-01,8.617291754432331308e-01
3.985430002210000322e-01,8.268385187006404013e-01
6.998159885410000225e-01,7.845644987022222239e-01
4.263690114019999533e-01,8.471095413134073215e-01
6.866139769550000382e-01,8.003449955345057765e-01
1.826770007609999913e-01,8.512044460707512972e-01
7.018824815749999946e-01,7.934812935136752454e-01
1.796682000159999681e+00,8.881370141699684861e-01
7.204269766809999753e-01,1.411781067111562926e+00
4.680640101429999755e-01,1.181052367561840732e+00
6.408870220180000743e-01,1.102672248628447038e+00
7.520520091060001189e-01,1.045664011668181459e+00
1.001817584040000098e+00,8.858467053328971108e-01
1.660804033279999814e+00,8.412839763720687536e-01
1.450595021250000061e+00,1.050614737552735711e+00
1.085010051729999869e+00,9.856330882894143164e-01
1.099555015560000015e+00,8.612539143829943677e-01
7.694180011750000325e-01,8.152592603238951741e-01
1.254430413249999932e+00,7.959959337778539368e-01
1.496320962910000052e+00,8.823595302470431667e-01
7.186369895940000196e-01,9.724594489741218428e-01
8.902019858359999649e-01,8.735230787871249847e-01
9.891759753229998342e-01,8.705332582480236336e-01
2.849014520649999938e+00,8.211675335741426274e-01
4.281075000759999583e+00,1.632085733257074400e+00
1.248739004139999942e+00,2.704705745707938647e+00
7.096589803699999699e-01,1.911347600691777782e+00
7.497439980509998936e-01,1.237959950837647316e+00
8.907449841500001408e-01,1.090640780630687923e+00
1.469527959819999952e+00,8.986363594894247742e-01
1.608888030049999918e+00,9.488415183173287692e-01
1.043460965159999976e+00,1.391949817390000899e+00
1.184751033780000018e+00,1.297489055934928581e+00
5.063725113870000127e-01,1.290979335451504006e+00
6.946156024930000283e-01,1.036732497917741469e+00
9.299110174179999744e-01,8.580156798325970779e-01
7.754629850390000190e-01,8.506832577319886068e-01
8.564696311949999696e-01,8.013519095891693533e-01
9.269009828569999554e-01,8.195698317396906685e-01
7.506660223010001021e-01,8.386757199907328708e-01
9.248849749570000611e-01,7.983389876910264027e-01
1.070162653919999984e+00,8.360790838505911537e-01
8.752880096439998869e-01,8.278253458257460728e-01
7.511039972310000756e-01,8.231738175631660992e-01
8.627579808239999037e-01,8.281226783072532793e-01
5.096570253369999692e-01,8.271016345273395354e-01
8.495249748229999343e-01,7.929603563797338328e-01
6.711369752879999817e-01,8.446040800744722965e-01
6.132180094720000030e-01,7.994396410285593557e-01
3.810549974440000098e-01,8.219593174575067218e-01
8.710420131680000067e-01,8.024394964108124695e-01
6.540319919589999698e-01,8.743222984560899969e-01
9.089673757550000843e-01,7.961407860576799056e-01
9.709029793739999414e-01,8.407592025655031831e-01
9.856920242309999969e-01,8.391015514880267867e-01
1.356256246570000101e+00,8.217108185074153415e-01
1.309872984889999925e+00,9.089501272490639883e-01
6.344919800760000506e-01,9.705196292794224799e-01
5.933508276940000492e-01,8.773614124089484934e-01
8.796380162239999523e-01,8.593145800414365709e-01
1.131836414339999930e+00,8.406343350801991354e-01
1.841274023059999987e+00,8.442424769295293618e-01
2.261745929719999992e+00,1.123233615761886739e+00
2.597975969309999744e+00,1.391254457385013410e+00
2.399192094800000064e+00,1.605125062143654135e+00
1.982298016549999931e+00,1.618601518609118717e+00
2.269547939300000206e+00,1.447305105020619376e+00
2.017889976500000238e+00,1.456811129154466533e+00
1.452262043950000026e+00,1.463402861533577903e+00
1.342797994609999934e+00,1.349947254364225024e+00
1.311915040020000145e+00,1.279521855564297761e+00
1.276762008670000226e+00,1.179349367305125185e+00
1.275267004970000118e+00,1.017600020945009343e+00
1.210446000100000141e+00,9.111032034067559904e-01
8.153480291369999966e-01,8.628487955767906170e-01
7.271119952200000291e-01,8.107453292854638338e-01
6.043019890790000126e-01,8.084517086041995704e-01
9.830358624459998307e-01,7.982754076760857354e-01
1.101529002189999940e+00,8.647543962675742213e-01
1.183724999429999869e+00,8.724523920481649375e-01
4.356400072569999726e-01,8.345941053568224355e-01
3.270040154459999959e-01,8.080614896676823200e-01
8.039849996569999879e-01,8.091510453338424114e-01
4.216859936710000145e-01,8.942469369162892034e-01
5.734559893609999515e-01,7.856331803884109011e-01
3.959457874300000291e-01,8.226238309200868404e-01
4.163750112060000119e-01,7.951693218037773070e-01
5.603970289230000290e-01,8.204396427860264351e-01
7.749050259590000156e-01,8.264182768924823730e-01
6.370840072629999629e-01,8.414334379578203293e-01
3.839260041709999793e-01,8.001053550176820961e-01
5.648739933969999516e-01,7.918751693272733094e-01
1.054715037350000051e+00,8.372707729169630575e-01
6.537709832190000681e-01,8.838121723373516536e-01
5.931029915809999942e-01,7.976795061044410495e-01
1.022608995439999946e+00,8.026193242362137381e-01
8.359869718549999273e-01,8.754641208765858718e-01
6.375340223309999832e-01,8.026969076372990619e-01
9.755985140800000899e-01,7.924756447632427259e-01
4.898079931740000337e-01,8.560650095789080760e-01
1.098647952079999879e+00,7.901437801784989556e-01
1.151165962220000116e+00,9.015863966491169945e-01
8.061249852179999120e-01,8.473582139257207491e-01
4.744769930840000427e-01,8.001946789465202992e-01
7.896029949189999897e-01,7.866733535860832571e-01
4.762530028820000094e-01,8.449063773647292885e-01
5.455229878430000179e-01,7.925329062805102076e-01
6.212809681889999158e-01,8.173175779622202652e-01
7.707700133319999036e-01,8.146329719512892531e-01
9.337069988249999675e-01,8.320680619953393364e-01
8.110550045970000843e-01,8.445284609976413392e-01
6.005529761310000048e-01,8.144603283280285044e-01
1.002521038060000036e+00,7.952957908542827026e-01
8.921650052070000392e-01,8.551763879835665438e-01
9.160850048069999474e-01,8.151157689785653027e-01
7.413420081139999729e-01,8.119395406183274044e-01
9.283249974250000758e-01,7.945917601766838700e-01
6.429409980770000033e-01,8.340241238601576734e-01
9.950090050700001187e-01,8.036096448641210088e-01
6.271365880970000140e-01,8.502509444932411231e-01
1.038689017300000073e+00,7.902776015585493141e-01
6.888009905820000611e-01,8.690561214173980753e-01
5.214130282399999095e-01,7.915790036620116155e-01
6.510270237919999481e-01,7.926087135609792833e-01
1.159701943399999990e+00,8.375054847405206671e-01
6.456400156020000169e-01,8.924556446206231008e-01
1.195862650870000099e+00,7.961416736047286502e-01
1.304703950880000018e+00,9.055537519167752292e-01
8.844429850579998975e-01,8.924813115324091717e-01
7.697709798810000725e-01,8.514146748262103603e-01
7.702100276950000213e-01,8.308735174291173031e-01
6.418280005459999771e-01,8.207916453893973063e-01
8.937159776689999058e-01,7.974061533957351733e-01
5.247250199319999364e-01,8.590466040119927316e-01
5.142210125920000374e-01,7.891735596379544360e-01
7.172748446459999982e-01,8.104027736933265835e-01
6.410769820210000525e-01,8.279542841478655379e-01
4.689820110800000386e-01,8.392244278213500941e-01
1.203750014310000171e+00,8.123354097863597634e-01
7.911959886550000709e-01,9.524081287333324708e-01
1.136301159859999910e+00,8.070788652460488821e-01
8.642929792399999256e-01,8.589694583438957087e-01
8.814030289650001126e-01,8.251536818588743882e-01
5.817409753800000249e-01,8.307411513138711623e-01
8.651199936869999885e-01,8.024365749519711821e-01
9.078124761579998703e-01,8.279330774834511297e-01
7.377740144730000615e-01,8.310234412862607112e-01
1.120375037189999867e+00,8.049456342127251363e-01
9.422479867940000142e-01,8.606334138289257751e-01
1.060060024260000011e+00,8.153692911030944179e-01
7.158420085910000008e-01,8.398584847134945575e-01
4.040209949019999969e-01,7.953812687825062566e-01
2.920779883859999648e-01,7.873887793933875834e-01
6.317924261089999938e-01,8.026578041897389770e-01
1.124665260310000026e+00,8.594751961912888705e-01
1.115690946580000009e+00,9.087757421197056873e-01
1.247418999670000028e+00,8.541322625898000176e-01
6.976169943809999996e-01,8.594014929332893793e-01
3.693974971769999893e+00,8.020725406994149154e-01
8.204839825630000361e-01,2.228601650390118039e+00
8.573070168499999921e-01,1.700883632068556306e+00
6.902359724040000311e-01,1.468412130211248501e+00
8.385969996449998964e-01,1.361707178112000705e+00
1.287726998329999928e+00,1.123398461919713487e+00
9.632229804990000144e-01,8.992762735767498850e-01
1.343299984930000024e+00,8.708042496476245953e-01
7.316169738770000874e-01,9.240337456664031723e-01
6.809219717980000697e-01,8.426626340603872167e-01
7.014784216880000089e-01,8.081726046501317429e-01
6.698030233380000142e-01,8.042087134454511954e-01
1.365643024439999964e+00,8.130479115985830285e-01
9.781420230869999344e-01,9.554748554372521907e-01
6.786789894100000442e-01,8.393228447290014271e-01
5.976330041890000055e-01,8.001815869603857712e-01
8.193774819369999962e-01,8.110700657355448540e-01
7.911109924320000042e-01,8.321329898898491839e-01
1.044147372249999872e+00,8.123657144084756032e-01
1.400015950200000026e+00,8.459730415558467387e-01
8.748620152470000244e-01,9.349930567947424276e-01
6.228179931639999944e-01,8.461221384990206262e-01
7.164059877399998610e-01,8.023556315900225444e-01
6.523500084880000660e-01,8.113926315516332144e-01
9.379299879070001067e-01,8.020310917719384314e-01
5.936999917030000296e-01,8.499491615252279253e-01
5.393440127369999448e-01,7.917453194197349164e-01
9.370089769359999377e-01,8.034763975208286668e-01
8.087720274930000341e-01,8.705319839757796885e-01
5.654280185700000239e-01,8.066968683785770144e-01
6.020820140839999723e-01,7.907058400492412709e-01
1.146679997439999932e+00,8.073581775251524872e-01
9.824249744419998320e-01,9.189981791000431111e-01
5.671510100359999917e-01,8.235294263384026481e-01
7.866399884220000027e-01,7.900805692826804449e-01
7.388439774510000557e-01,8.253000376493024870e-01
6.810299754140000106e-01,8.063036954966414926e-01
7.086979746820000203e-01,8.063542245793150487e-01
6.642330288889999323e-01,8.097079957046469101e-01
5.124790072439999733e-01,8.039980319391462071e-01
6.040380001070000393e-01,8.013802953190721778e-01
6.728799939159999521e-01,8.240052002038533718e-01
8.265414834020000656e-01,8.134031253980104070e-01
4.546860158439999799e-01,8.321906573238755378e-01
5.594509840010000179e-01,7.878950005314787619e-01
1.332218050960000122e-01,8.296596456087123039e-01
1.633069962260000063e-01,7.972893314448431523e-01
1.797860413789999778e-01,8.283910984507014685e-01
5.747918486599999932e-01,8.227887043494868102e-01
8.508148789409999413e-01,8.928493327958921810e-01
8.527640104289999634e-01,8.504365718833430954e-01
1.687628030779999788e+00,8.192298405938935879e-01
2.149522066120000297e+00,1.030692052811690518e+00
8.122850060459999577e-01,1.351877638145539295e+00
1.239639997479999867e+00,1.065665357017532733e+00
2.128437280650000041e+00,9.807651873241233220e-01
2.139239072800000141e+00,1.230832045693953436e+00
9.779880046840000452e-01,1.437827963313237367e+00
6.937779784199998856e-01,1.148360345980633301e+00
7.218790054320000094e-01,9.261186538436242399e-01
7.631160020829999002e-01,8.439091474332293119e-01
8.565329909319999713e-01,8.047747412831309788e-01
1.109338045120000116e+00,8.219899421084847502e-01
6.476340293879999654e-01,8.621561691795852633e-01
9.241870045660001143e-01,7.926138808302910510e-01
7.877320051189998784e-01,8.456395619624854643e-01
1.305567026139999864e+00,8.021090694890662398e-01
9.107710123060001051e-01,9.037231153335903988e-01
8.699640035629999657e-01,8.200997661315811982e-01
5.743020176890000217e-01,8.075612743132987159e-01
8.599532246590000373e-01,7.895007687950920117e-01
4.775849878790000558e-01,8.372237177555876819e-01
1.108017444610000179e+00,7.906958494368979684e-01
1.290724992749999966e+00,9.063340700054307586e-01
8.591579794879999898e-01,9.567125354538362769e-01
3.058980107309999807e-01,8.458105733581749996e-01
9.039019942279998832e-01,8.085294514485059647e-01
6.352750062940000220e-01,8.876425938732299681e-01
1.023422956470000145e+00,7.913176771193837222e-01
6.730669736859999919e-01,8.672963134866692458e-01
8.504790067669999454e-01,8.001037343513895950e-01
5.141969919200000128e-01,8.267884892652413997e-01
1.527956604959999964e+00,7.875177671080623165e-01
4.094385623930000051e+00,1.021387538368770276e+00
9.952359795569999390e-01,2.583463969039333286e+00
8.670449852940000923e-01,1.914885449141238372e+00
1.141056060789999993e+00,1.604365009698841771e+00
1.622257947919999888e+00,1.550146163589817050e+00
1.980204939840000344e+00,1.338983011674362622e+00
1.375547051430000112e+00,1.229531205652457659e+00
1.851865053179999610e+00,1.082476605454353757e+00
1.420923948290000016e+00,1.205430532341271510e+00
1.589177966120000285e+00,1.132186610145840211e+00
1.673199415210000041e+00,1.084800705394505238e+00
2.123934030530000072e+00,1.093180446262590255e+00
1.648401975629999905e+00,1.462915269447429223e+00
1.204741954800000014e+00,1.390596515030887437e+00
7.920839786529999538e-01,1.183029973400222312e+00
1.227027416229999890e+00,9.520872385604672861e-01
1.226951003070000157e+00,8.730858576708967478e-01
1.131343960759999989e+00,8.647521082120475100e-01
1.252465009690000075e+00,8.310266838736576345e-01
1.116891980170000132e+00,8.530019098198367011e-01
1.122387051579999850e+00,8.400290981924416478e-01
1.040153026579999862e+00,8.293088508235926248e-01
8.091310262680000420e-01,8.192885931715907510e-01
7.681059837340000751e-01,7.992452498486959378e-01
7.982919812199998910e-01,8.031198582901344363e-01
7.666722536090000428e-01,8.073135919469729416e-01
1.057360053060000027e+00,8.107768358792166730e-01
8.607699871060000563e-01,8.562916033544687444e-01
1.070777058600000053e+00,8.051107697871195956e-01
5.301510095600000527e-01,8.396154700368001489e-01
6.604189872739999467e-01,7.889790962418833375e-01
9.909179806709998983e-01,8.253055219537280829e-01
3.561530113220000016e-01,8.603495286259245090e-01
9.618239998819998471e-01,7.876628788256658797e-01
1.244829058649999931e+00,9.002361187245301322e-01
8.381230235100001202e-01,8.741897797707747220e-01
9.245989918709999200e-01,8.168569517870071239e-01
8.131660223010001021e-01,8.150072631860126871e-01
1.003061056139999963e+00,7.986208366600465736e-01
8.752340078350000496e-01,8.399510923316271249e-01
7.991399765009998823e-01,8.060622955694051184e-01
8.812961578369999938e-01,8.026257406188349597e-01
1.063080191609999892e+00,8.183848548813266177e-01
9.057049751279999672e-01,8.483396344820852697e-01
6.909559965129999926e-01,8.203011155411699118e-01
1.355970025060000195e+00,7.932105936968789628e-01
7.572399973869999856e-01,9.352681079918829798e-01
2.043754577640000125e+00,8.164902305892359768e-01
8.576130270960000690e-01,1.207398010994325643e+00
2.364957094190000220e+00,1.025062750186632288e+00
4.179231166840000178e+00,1.405250058055292683e+00
2.233561992649999883e+00,2.365605385274704542e+00
8.013390302660000630e-01,1.955381880234363212e+00
8.372840285299999463e-01,1.164922727733853192e+00
8.851529955859999133e-01,9.404357395612814585e-01
9.040349721909999303e-01,8.398610539415090059e-01
1.302939534190000082e+00,8.287675203820805692e-01
7.228699922560000157e-01,9.037952369537032293e-01
8.009120225910000279e-01,8.108323947050000147e-01
1.032919287679999965e+00,8.204920450000612320e-01
1.321628212929999879e+00,8.301189893623859284e-01
9.367759823799999275e-01,8.913392446897521193e-01
7.007700204850000336e-01,8.224752607451877306e-01
7.624319791789999634e-01,8.011532813811292897e-01
1.144938945770000105e+00,8.142976836336651703e-01
7.721610069269999599e-01,8.541867401971550144e-01
8.772150278090000697e-01,8.069414310593755468e-01
1.243505001070000171e+00,8.184737793404502915e-01
6.381840109830000385e-01,8.747627266065686191e-01
7.468199729919999807e-01,8.263637500136821190e-01
6.839929819109999976e-01,8.489138613739286576e-01
1.419505119320000119e+00,8.114180852412177236e-01
6.141470074649999500e-01,9.349652308775145970e-01
7.347676754000000976e-01,8.273377981537629600e-01
6.770560145379999062e-01,8.417123946904008225e-01
1.074026942249999950e+00,8.067711793226914896e-01
6.156389713290000287e-01,8.553519397715139139e-01
9.692379832270000550e-01,7.906422156090807674e-01
9.916120171550001361e-01,8.513059516491009449e-01
8.089560270310000023e-01,8.260542844046646627e-01
2.435143947599999859e+00,8.021963694255747068e-01
8.223479986189999869e-01,1.548504674600583941e+00
5.938220024110000272e-01,1.200035664347689490e+00
5.762249827380000466e-01,9.546175770899647528e-01
4.224239885809999429e-01,8.986571291976240827e-01
6.765879988670000511e-01,8.375154209793875815e-01
5.520349740979999531e-01,8.476521152963661931e-01
9.015229940410000031e-01,8.029913870214659966e-01
7.489960193629999763e-01,8.561842977630133023e-01
8.627583980560000754e-01,8.074460706855700609e-01
9.480749964710000199e-01,8.234160049485269584e-01
1.055613875389999956e+00,8.344256149627812258e-01
1.970020055770000056e+00,8.192125672394613423e-01
9.391199946399999554e-01,1.229849177973898700e+00
1.009042978289999892e+00,1.045678477999101963e+00
7.824029922490001177e-01,9.294938418859015616e-01
1.016265034679999957e+00,8.312597783766756399e-01
8.782749772069999850e-01,8.285928298757612165e-01
7.353619933130000064e-01,8.102832744202519422e-01
1.109990954399999952e+00,7.981219407205254468e-01
7.727199792860000027e-01,8.656530294991232610e-01
1.164981961250000086e+00,7.984716916986233093e-01
7.157210111620000426e-01,8.704123416060292051e-01
1.475479006770000101e+00,8.059354471317635715e-01
8.354520201680000202e-01,9.789146623186889551e-01
7.344660162930000125e-01,8.439135958017555117e-01
7.861927747729999805e-01,8.042763152813469096e-01
1.143465042110000107e+00,8.056734720828127028e-01
9.246990084649998609e-01,8.880201346566957143e-01
2.958764553069999970e+00,8.052493381660826843e-01
2.138324022289999959e+00,1.690743096769459664e+00
2.038712024690000124e+00,1.680716611437182317e+00
1.480209946629999829e+00,1.539134830614172333e+00
9.367650747299999248e-01,1.344148826712207256e+00
1.715939760209999942e+00,1.028207633329976334e+00
1.001402020450000041e+00,1.070360310678558857e+00
8.896229863169999863e-01,9.557506925705611112e-01
7.492939829829999843e-01,8.323193359018565829e-01
1.115183949470000213e+00,7.996725824630843693e-01
9.457820057870000019e-01,8.562046384701282875e-01
6.452180147170000213e-01,8.293353597050147075e-01
1.164842009540000056e+00,7.986427162878748653e-01
1.244351029399999975e+00,8.733392685559828728e-01
9.045109748840001185e-01,8.612253846083559594e-01
5.575259923929999362e-01,8.128944381618752324e-01
5.778343677520000332e-01,7.912971680185094669e-01
7.199835777280000348e-01,8.199376052548492666e-01
7.607790231700000128e-01,8.389668670740471068e-01
5.404400229450000426e-01,8.202339229924699993e-01
8.009672760959999360e-01,7.988763249028733027e-01
7.710149884220000027e-01,8.412845621376797700e-01
6.709719896319999988e-01,8.205827543435166849e-01
2.768970489500000021e+00,8.074080842261296409e-01
3.086133003230000060e+00,1.690160459696055772e+00
1.116358041760000086e+00,2.106211421034836384e+00
1.018260955809999979e+00,1.636993247230785542e+00
7.442610263819999794e-01,1.418118888902038632e+00
1.114386796949999869e+00,1.237676412838264239e+00
1.380516409870000238e+00,1.066221829586087466e+00
1.229098439219999950e+00,1.029097674337603241e+00
1.573238968849999919e+00,1.037293573791360446e+00
1.245597958560000107e+00,1.168239623630062729e+00
8.298619985580000247e-01,1.118074878944167239e+00
5.376980304720000436e-01,9.905009981104276884e-01
8.593800067899999284e-01,8.725307763656503512e-01
7.949647903440000274e-01,8.460637892426321471e-01
8.122889995569999577e-01,8.024797194064062777e-01
1.209460973739999945e+00,8.276643535648646743e-01
1.043611049649999956e+00,8.633029935343813355e-01
9.914460182189999138e-01,8.188593815893971950e-01
1.377645969390000058e+00,8.106535131334815514e-01
7.495359778399999229e-01,8.943467514257841255e-01
7.549669742579999676e-01,8.191311827772060905e-01
8.522210121150000095e-01,8.100528821310870597e-01
1.312628030780000010e+00,8.136782331304071025e-01
9.499999880789999906e-01,9.052083979190476137e-01
8.433979749680000637e-01,8.265078565103503028e-01
6.329939961430000039e-01,8.003422095486902865e-01
6.848490238189999246e-01,7.924373561568629487e-01
8.296039700509999504e-01,8.189922196420909017e-01
1.117776036259999994e+00,8.221618095919033253e-01
1.060515046120000138e+00,8.886951713383262064e-01
9.966710209850000446e-01,8.383050340975164438e-01
6.726049780850000825e-01,8.212196495727488443e-01
8.499810099600000335e-01,7.954440162905225264e-01
7.929700016980000266e-01,8.361383830718581711e-01
7.509549856190000927e-01,8.047102112613739866e-01
9.556260704989999466e-01,8.038120595156148518e-01
6.085839867589999397e-01,8.311562679206730975e-01
7.782499790189999489e-01,7.917051616274507486e-01
5.098140239720000411e-01,8.317132698744108543e-01
6.364319920540000286e-01,7.921005787573707213e-01
6.015599966049999248e-01,8.270157079368634090e-01
6.556333899499999784e-01,8.038260231129881195e-01
6.385549902920000243e-01,8.187800770878201906e-01
8.762890100480000832e-01,8.163846622296867528e-01
7.967479825020000739e-01,8.425284592183972521e-01
6.824830174449999509e-01,8.044390910498994129e-01
8.025500178340000401e-01,8.008506325431768991e-01
7.950311899190000142e-01,8.180214519933722839e-01
1.584897041320000088e+00,8.114485602387164764e-01
1.017485976220000143e+00,1.044471713022725456e+00
9.177780151369998585e-01,9.011617882482451103e-01
1.230221033100000083e+00,8.097249439225921996e-01
1.027899026870000121e+00,8.741135382081447469e-01
9.125559926030000213e-01,8.285000602740958398e-01
7.935979962350000472e-01,8.047690127846922614e-01
1.030437946320000187e+00,8.032838182259131043e-01
5.325379967690000438e-01,8.339508305273974909e-01
6.127780079839999505e-01,7.917339649052643757e-01
8.741289973260000234e-01,8.236092561289684033e-01
3.667230010029999820e-01,8.343902287716700172e-01
7.391750216480000857e-01,7.865845327660224706e-01
5.604230165479999748e-01,8.652489824394581364e-01
7.758178114889999755e-01,7.966818379888267465e-01
8.102909922600001202e-01,8.346224307232522621e-01
6.437510252000000488e-01,8.254258552757082201e-01
7.236457467079999706e-01,8.001523280030908847e-01
9.113870263100000146e-01,8.237792066823155235e-01
6.627830266949999993e-01,8.486373028249388772e-01
1.002035975460000117e+00,8.103844948543755811e-01
8.224419951440000709e-01,8.785655425113281236e-01
1.030576944350000135e+00,8.613576045981655716e-01
6.781139969830000114e-01,8.845854527222732910e-01
5.333459973340000104e-01,8.209318754503074356e-01
3.209959864620000047e-01,8.067564347878865005e-01
7.608630061149999069e-01,8.036825416240028774e-01
7.439860105509998878e-01,8.771206891307998799e-01
5.468400120740000148e-01,8.088492421112699615e-01
7.004669904709999173e-01,7.940222263529749247e-01
8.356525897980000561e-01,8.260731333833380985e-01
1.274258971210000091e+00,8.282845804536634882e-01
8.934450149539999719e-01,9.607494065695901808e-01
6.211659908290000365e-01,8.618941435480582669e-01
7.900159955019999680e-01,8.284198015761317091e-01
1.067494988440000014e+00,8.325632026947500375e-01
6.698009967800000464e-01,8.672894420254134706e-01
1.265694975850000015e+00,8.083328412105896810e-01
6.380620002750000408e-01,9.135504639766235391e-01
9.348030090330000652e-01,8.091798740055062833e-01
8.006410002709999363e-01,8.515368797708152693e-01
1.085708975790000030e+00,7.960654280792934800e-01
3.527039885520000251e-01,8.627001715408536553e-01
5.883709788319999578e-01,7.974487556047554770e-01
4.875420033929999120e-01,8.569360606219370569e-01
4.636880159380000754e-01,7.993044477587387675e-01
3.637039959430000136e-01,8.130585706067802176e-01
8.750243186949999696e-01,8.051809942817368393e-01
6.435279846190000708e-01,8.857917116624806075e-01
4.834130108359999678e-01,8.165929770765054663e-01
2.120890021319999930e-01,8.030445189201731448e-01
4.560469985010000005e-01,8.061630079577625230e-01
4.367910027499999903e-01,8.523626150617038544e-01
7.238804101939999569e-01,8.118315782386538171e-01
5.560690164570000205e-01,8.529058361627847029e-01
4.748429954049999679e-01,8.061612085568818920e-01
2.674640119080000100e-01,8.084651047954179992e-01
9.588437080379998978e-01,8.003717666715779444e-01
7.868980169300000549e-01,9.448818336693244335e-01
1.794360995290000149e+00,8.097231058775447021e-01
1.337677955630000026e+00,1.095214291952274932e+00
1.210453987120000185e+00,1.005208630401609460e+00
5.654799938200000264e-01,8.779447076919025816e-01
4.008429944520000565e-01,8.078733835198520508e-01
2.727654874320000200e-01,8.040400386097960039e-01
5.836449861529999783e-01,8.025936889421361187e-01
8.533802628519999711e-01,8.712370046953972214e-01
8.660610318179999823e-01,8.436567305462878696e-01
1.158349990839999899e+00,8.200872519955354489e-01
7.764859795569999390e-01,8.707051165299781736e-01
1.068807005880000105e+00,8.018463798543984389e-01
5.888479948040000744e-01,8.438324114450139746e-01
1.588868498799999918e+00,7.919180179894909077e-01
4.327859878540000205e-01,1.088606749116118877e+00
3.996030092239999942e-01,8.995708252075091949e-01
5.545349717140000134e-01,9.107748547316566468e-01
6.221979856490000849e-01,8.919570997744518115e-01
1.149551987649999996e+00,8.221183926871432623e-01
1.121260046960000034e+00,9.116928217149816716e-01
9.776459932330001656e-01,8.335084484302732744e-01
1.732741951940000025e+00,8.133496056847744349e-01
2.302707910540000125e+00,1.056911107274266959e+00
1.053477048870000043e+00,1.346117557439971080e+00
7.962800264360000435e-01,1.100083704936948958e+00
5.203329920770000117e-01,8.377460648038694835e-01
6.104800105090000262e-01,8.117317658241275380e-01
4.453057944770000276e-01,8.130597073840152289e-01
6.522138714790000069e-01,7.945721393314126857e-01
1.175541162490000069e+00,8.427799390115189304e-01
1.032202124599999937e+00,9.290140734801471956e-01
7.193930149079998948e-01,8.258656114892345412e-01
8.200139999390000378e-01,8.100055572630301404e-01
9.497330188749999458e-01,8.320008851907279013e-01
1.039114952089999822e+00,8.374566122451617689e-01
5.883830189700000046e-01,8.205013593356491608e-01
9.508559703829999599e-01,7.954311627241598126e-01
5.277600288389999728e-01,8.495697003984764573e-01
7.736063003540000205e-01,7.884721855245300226e-01
9.703559875489999875e-01,8.360837099581274190e-01
1.383889913560000018e+00,8.478908816062294962e-01
7.795230150220000542e-01,8.978188979815741044e-01
6.069999933240000090e-01,8.546624039929755501e-01
4.660570025440000097e-01,8.529555471530192445e-01
9.455270171170000459e-01,8.439904213832571944e-01
6.238729953770000280e-01,8.651356287319482696e-01
3.923240005969999555e-01,7.876408208912063502e-01
5.156549811360000568e-01,7.986226359884467385e-01
9.679385423659998544e-01,8.261769335777930934e-01
1.356565952299999989e+00,8.677585200440164348e-01
9.072690010070001421e-01,9.494181827057873724e-01
8.162760138510000152e-01,8.225436291642185260e-01
2.479866981509999846e+00,8.000878643232697263e-01
1.133080005649999888e+00,1.463136375276854473e+00
1.045583963389999926e+00,1.230052179789444367e+00
8.474370241169999485e-01,1.027090507071120262e+00
1.536522984499999911e+00,9.243926977504554054e-01
9.008989930149998715e-01,1.008747037014694037e+00
4.812009930610000041e-01,8.918088432688635603e-01
8.572540283199999722e-01,8.216325581983870974e-01
8.617479801180000232e-01,8.571642161910359992e-01
1.008694052699999899e+00,8.095498639343789993e-01
1.127727031710000105e+00,8.275079510017833151e-01
7.795569896699999779e-01,8.328873261158663555e-01
9.895502924919998833e-01,7.997754414627273878e-01
8.363329768179998958e-01,8.319966338265436523e-01
9.099559783939999980e-01,8.090530897634182761e-01
5.511059761050000061e-01,8.149958021012996268e-01
1.239764332770000088e+00,7.865064965830560473e-01
1.211838960649999963e+00,9.275289310465880677e-01
1.379981994630000042e+00,8.752414807199413449e-01
1.148460984229999982e+00,8.932673069661747345e-01
7.663900256160000035e-01,8.771709183374226670e-01
9.660840034480000504e-01,8.172059504418291986e-01
8.156750202179999798e-01,8.262619378080481303e-01
1.142272949220000111e+00,7.958575759723345300e-01
1.299479961400000105e+00,8.655374320248176989e-01
8.583310246469999516e-01,8.792439792967062795e-01
7.149469852449999996e-01,8.124146936555084464e-01
8.764400482179999230e-01,7.978102368095749686e-01
8.305460214609999836e-01,8.172356206221106367e-01
8.535240292550000385e-01,8.181353310528501899e-01
9.092410206789999227e-01,8.132710674327685574e-01
5.202720165249999917e-01,8.165349688405015849e-01
7.411040067669999454e-01,7.864881123175392341e-01
5.853319764140000325e-01,8.416573633989206105e-01
5.047770142559999673e-01,7.971026902816668036e-01
5.519493222240000607e-01,8.024225725637467166e-01
9.697520136830000137e-01,8.123341286515827209e-01
1.116515994070000017e+00,8.818931017726904242e-01
1.049844980239999837e+00,8.493969507050950218e-01
6.342629790310000404e-01,8.235550337944915755e-01
5.644329786300000817e-01,7.906794810056149148e-01
9.184709787369998990e-01,8.039589502167444612e-01
9.593539834020000656e-01,8.471548237962063244e-01
5.984159708020000412e-01,8.362052349044573063e-01
9.383450150489998087e-01,7.892039728345560112e-01
4.542250037189999867e-01,8.505319363812330336e-01
7.079470157619999204e-01,7.862103949423331350e-01
3.876500129699999575e-01,8.420551465446646233e-01
4.484339952469999502e-01,7.864448424150954908e-01
8.405709862710000202e-01,8.202934462896982470e-01
5.337110161779999862e-01,8.689450889286965962e-01
7.211350202559999589e-01,7.913929905965535472e-01
5.215386152269999576e-01,8.296280201401559085e-01
7.050759792330000275e-01,7.911391255012785173e-01
6.405649781229999506e-01,8.462238834254418585e-01
5.168589949609999623e-01,8.003707015650692869e-01
1.660409450529999997e+00,8.016727112088208873e-01
2.465307950970000217e+00,1.082059106664461368e+00
1.622156023979999917e+00,1.445049226244324858e+00
1.866270065309999948e+00,1.277328088199351619e+00
3.623536109919999859e+00,1.188165219885600310e+00
7.948709726329999947e-01,2.062025581557703546e+00
9.065989851949999290e-01,1.575548241977974051e+00
8.571879863740000660e-01,1.239809893407819441e+00
7.756379842759999477e-01,1.184592136383747052e+00
7.006700038909999817e-01,9.833070589852120902e-01
6.443409919740000769e-01,8.099683155960176739e-01
7.579550147059999077e-01,8.027196775937106565e-01
5.499600172040000068e-01,8.160027773467268819e-01
4.964669942860000518e-01,7.933407851277771705e-01
1.367677569390000070e+00,8.094151273683676262e-01
1.397894024850000250e+00,9.812308955736177563e-01
8.148130178450000427e-01,1.116288642347388116e+00
1.278898954390000009e+00,1.039996125193270782e+00
8.623980283740000363e-01,1.167438661761508678e+00
1.093865990639999897e+00,9.897474033143497385e-01
8.134710192680000285e-01,8.489867551584079353e-01
1.466687083240000078e+00,7.999134114076641433e-01
9.060310125349999577e-01,9.556194638991349910e-01
7.652140259739999006e-01,9.005336495934099794e-01
1.311033964160000176e+00,8.709529422726173253e-01
7.892500162119999718e-01,9.394498327565730111e-01
1.474902033810000068e+00,8.269794699512358349e-01
9.167850017550001063e-01,9.585827068414715102e-01
1.186140060420000086e+00,8.703581812401878226e-01
1.411391973500000008e+00,8.643619179615352754e-01
2.092472076419999993e+00,8.984610186585033631e-01
7.189220190049999681e-01,1.227481333997549884e+00
1.301861047739999888e+00,9.889823716796605213e-01
1.268974781040000055e+00,9.372629985003086972e-01
1.221997022629999874e+00,8.752982437260666826e-01
9.061110019679999850e-01,8.837416525338583906e-01
1.078873991970000112e+00,8.341892693817986038e-01
1.028025031089999874e+00,8.329132287413564262e-01
7.863690257070000689e-01,8.096002333928735695e-01
1.276852965350000035e+00,7.978762304605371281e-01
7.093420028689999546e-01,8.886680842491985199e-01
5.201929807659999572e-01,8.047951549686371830e-01
5.645610094070000473e-01,7.941921136190872588e-01
9.855200052259998067e-01,8.123068345760940945e-01
1.092841982840000004e+00,8.667686103248939400e-01
4.786899983879999709e-01,8.676036186013061924e-01
3.955059945579999514e-01,7.945363391670807740e-01
1.850703001020000071e+00,8.226517910134393263e-01
1.195796012879999815e+00,1.217932243799636716e+00
1.702510833739999896e+00,1.027388479706740076e+00
2.998351097109999586e+00,1.091498365776476520e+00
2.407080888749999925e+00,1.729441833252762795e+00
2.585943937299999718e+00,1.697880148627418206e+00
2.233839035029999920e+00,1.660190256740028403e+00
1.655773043629999997e+00,1.593191057983026182e+00
1.430611014370000156e+00,1.366925050435721101e+00
8.921740055079999676e-01,1.179129247896911314e+00
1.231696963309999893e+00,9.223373057000506803e-01
8.955079913140000514e-01,8.538008188897096007e-01
1.602033019070000064e+00,8.084843955757806677e-01
1.585399031639999956e+00,1.020506668739347145e+00
1.232059955600000034e+00,1.056473117331691469e+00
1.210371017459999976e+00,9.536586666468780393e-01
1.242141008379999967e+00,8.566558468800320458e-01
9.857040047650000858e-01,8.487228944299383127e-01
7.289689779279999726e-01,8.156369499084299424e-01
6.761519908910000876e-01,7.933134953259244337e-01
1.071573019029999907e+00,8.069486974814847891e-01
9.457439780239998983e-01,8.702616993114358213e-01
4.376370012759999706e-01,8.097083317579043538e-01
5.141820311550000522e-01,7.960510118471401109e-01
3.387190103530000052e-01,8.422928883114556564e-01
7.144280076029999593e-01,8.079026734547223310e-01
4.996199905870000180e-01,8.748335173259623732e-01
7.917379736899999854e-01,8.035065895819855086e-01
8.646243214609999894e-01,8.490956231650880204e-01
6.024960279459999901e-01,8.109063071818277679e-01
1.260069966320000123e+00,7.977192275977075253e-01
1.012339949610000067e+00,9.314947789927250366e-01
1.004528999329999950e+00,8.248425669117701586e-01
6.310235261919999727e-01,8.082133024979955005e-01
1.141221046449999887e+00,7.892415665007307402e-01
5.426099896430000014e-01,9.255690250679435849e-01
8.547459840769999762e-01,8.073393692587903514e-01
7.744219899179999311e-01,8.590312611616389704e-01
3.084340095520000102e-01,7.993864522677366358e-01
8.376209735870000506e-01,7.945938610885375786e-01
7.293469905850000767e-01,8.990294621404315567e-01
7.503905892370000830e-01,7.973782740726231832e-01
1.134822010990000019e+00,8.130684527904317171e-01
1.614240050320000064e+00,8.930776214583476813e-01
1.244793057440000128e+00,1.014077379446371774e+00
7.141630053519999466e-01,9.795236988950655199e-01
7.293040156360000026e-01,8.526638827791608310e-01
6.486989855770000091e-01,8.199017248976262495e-01
3.427990078929999962e-01,8.127451128020909410e-01
3.861860036850000011e-01,8.029139329903426381e-01
6.366299986840000535e-01,8.328363360138542060e-01
3.990480005740000280e-01,8.405604999100382280e-01
4.178859889509999870e-01,7.987799531486055038e-01
1.103790521619999909e+00,8.200098408722021892e-01
6.956189870829999622e-01,9.230564630173313523e-01
8.070139884950000564e-01,8.070306233863905332e-01
5.947690010070000310e-01,8.203111858301335158e-01
1.107607960700000005e+00,7.916983782254295443e-01
9.713580012320001122e-01,9.047935241454123645e-01
7.170349955560000321e-01,8.102291997852252292e-01
6.764810085300000386e-01,7.946234006659324001e-01
1.687772989270000190e+00,7.996333186727785369e-01
9.907569885250001596e-01,1.089561335162028133e+00
8.082039952280000161e-01,9.078244317104040562e-01
1.087718963619999979e+00,8.035524387307123595e-01
1.564818024639999861e+00,8.385580848053697522e-01
6.673809885979999912e-01,9.772458682115348072e-01
1.256489992140000123e+00,8.581580814212671493e-01
1.091886043549999963e+00,9.236090642854543065e-01
7.375509738919999725e-01,8.489104112009273617e-01
6.224380135540000802e-01,8.050358894817227773e-01
8.364729881290000613e-01,7.971946990343249384e-01
5.774260163309999916e-01,8.439424116106813978e-01
1.015761017800000054e+00,7.916295760368090573e-01
1.106158971790000001e+00,8.852774813407809917e-01
6.945540308949998964e-01,8.274248664049845825e-01
1.130903959270000092e+00,7.924700491805739544e-01
9.518219828609998379e-01,8.886162580721247428e-01
7.524570226669999862e-01,8.097911946658352678e-01
5.585229992869999993e-01,7.994127204772291106e-01
1.415836334229999771e+00,7.941194189986969798e-01
1.855298042299999839e+00,9.836646640037346456e-01
7.845479845999999702e-01,1.321144280153873973e+00
8.210539817810000862e-01,1.143279331904887952e+00
5.835890173909999978e-01,1.079084396506728050e+00
8.359720110889999889e-01,9.357538950530537303e-01
2.184663057329999880e+00,8.473699295790316777e-01
6.805480122570000123e-01,1.310528352613412162e+00
1.238904953000000031e+00,1.051467402794264094e+00
1.030328035349999949e+00,1.008791423617299232e+00
7.914109826090000022e-01,9.704428017666945072e-01
8.423720002169999832e-01,9.272484202604123205e-01
4.464710056779999658e-01,8.997964818371797513e-01
5.589337944979999584e-01,8.232625170453959917e-01
7.099329829220000221e-01,8.164387323507893424e-01
7.334340214730000751e-01,8.374007128876382877e-01
7.833399772640000647e-01,8.103503928759620001e-01
8.426809906959999985e-01,8.239786511631959076e-01
1.099761009220000085e+00,8.189848768739373952e-01
8.706315755840000614e-01,8.417796429451409601e-01
5.862460136410000411e-01,8.095466879221039358e-01
8.863990306849999223e-01,7.922842195056282177e-01
1.019399046900000050e+00,8.467369457603192151e-01
8.493610024450000129e-01,8.441159711407931754e-01
1.010666966439999870e+00,8.087144641371140086e-01
1.331516027449999973e+00,8.246233553453599097e-01
1.215008974079999859e+00,8.704431120651803244e-01
1.645591020579999952e+00,8.627998849961044936e-01
9.708780050280001461e-01,1.016933627243789662e+00
1.411272048950000135e+00,9.047416394150197272e-01
7.953929901119999313e-01,9.064915506034399995e-01
1.046331048010000098e+00,8.372324358855697257e-01
8.879339694979999642e-01,8.537908102542707267e-01
8.349300026890000836e-01,8.057262645044419580e-01
9.847199916840001510e-01,8.008065280534928387e-01
1.090394020079999970e+00,8.279785464048473598e-01
4.901649951929999971e-01,8.291282299536524292e-01
6.141669750209999279e-01,7.943781508546123860e-01
6.314740180969999894e-01,8.365883673694399780e-01
8.252440094949999860e-01,8.110357029352941449e-01
1.051450967789999913e+00,8.317756063269327038e-01
1.047114968300000060e+00,8.508364553993420509e-01
3.921430110930000379e-01,8.219678409591923973e-01
4.695149958129999912e-01,7.962210091486910946e-01
7.720900177959999500e-01,8.350261316401543787e-01
7.520099878309999264e-01,8.453828794074731423e-01
6.877393722529999698e-01,8.155276073273372006e-01
6.718119978899999012e-01,7.988064846555442688e-01
1.185933232310000029e+00,8.165888153205443922e-01
6.571980118750000432e-01,8.872643235668078443e-01
8.213180303569999063e-01,7.989093490403282871e-01
7.795739769939998842e-01,8.279913647375238828e-01
1.030122995379999962e+00,8.029076450090871786e-01
6.211889982220000217e-01,8.455238673363124624e-01
8.660820126530001106e-01,7.912222940921589398e-01
9.608931541440000057e-01,8.361243117669483471e-01
6.760399937630000577e-01,8.218174967720861535e-01
7.402380108830000083e-01,7.962676363663210299e-01
5.984709858890000511e-01,8.151332751460457215e-01
6.151059865950000427e-01,7.961219871561451278e-01
9.358735680579999272e-01,8.118321232124215969e-01
5.818247795100000008e-01,8.549625896723335172e-01
7.156659960750000327e-01,7.885919232199396500e-01
6.529520154000000298e-01,8.323018023477722904e-01
9.700022935870000751e-01,8.074578896616967372e-01
7.834500074390000623e-01,8.451933452002066138e-01
7.448130249979999506e-01,8.049500628700142491e-01
8.276180028919999376e-01,8.123833880103047411e-01
8.943400979039998200e-01,8.133882056515464587e-01
2.505017042159999985e+00,8.112835821937532943e-01
1.620712041850000062e+00,1.646100737513287893e+00
1.417585968970000110e+00,1.411672448566518856e+00
1.049872040749999957e+00,1.222522970895586036e+00
1.226507544519999993e+00,1.008431331653123264e+00
1.043179035189999881e+00,8.625899438279556186e-01
9.694439768789999690e-01,8.381612146404865404e-01
8.192250132559999454e-01,8.100004812512069385e-01
8.129550218580000598e-01,8.004990935614507697e-01
6.712080240250000163e-01,8.068552162448399123e-01
5.289899706839999993e-01,7.983126321915854362e-01
3.461930155749999849e-01,7.951840457493983827e-01
4.789490103719999392e-01,7.988995570539033642e-01
1.153810977940000093e+00,8.292143749555385135e-01
9.671270251270001062e-01,9.302955077011012541e-01
7.845839858059999727e-01,8.296461273560394867e-01
4.701859951019999873e-01,7.993032193365123828e-01
5.632782578470000301e-01,7.885236462569246152e-01
2.416239976880000251e-01,8.147531489318133868e-01
2.709859907630000064e-01,7.941411899241239691e-01
1.994680017229999991e-01,8.313165812743934513e-01
1.327169984580000017e-01,8.176125649780786597e-01
4.732620120050000101e-01,8.182960456419573481e-01
6.585559844969999244e-01,8.663439158323267275e-01
9.621880054470000054e-01,8.584750520671576846e-01
5.111979842189999790e-01,8.482532759881581397e-01
9.829789996150000153e-01,7.879506485833296381e-01
9.100099802019999684e-01,8.754859877343206254e-01
1.026576042179999870e+00,8.255244174571811921e-01
8.309389948840000262e-01,8.240790616412784209e-01
9.651920199390000565e-01,7.989951323803545780e-01
1.000543951989999902e+00,8.219927709342248479e-01
1.983185052869999687e+00,8.209736645975822533e-01
1.274855017659999978e+00,1.155673051205052593e+00
1.286525964740000028e+00,1.065379429479632822e+00
1.382244944570000245e+00,9.531472786765987637e-01
1.736924052240000016e+00,9.485632424820303887e-01
1.257668018339999971e+00,1.144433700716638747e+00
7.533379793170000838e-01,1.052903020206606755e+00
1.084908962249999886e+00,8.711065542399183403e-01
1.062494039539999990e+00,8.498487883619555427e-01
7.787629961969999570e-01,8.149975753873327511e-01
8.256469964979999965e-01,7.949205995402746083e-01
9.891830086710000636e-01,8.082141650380277875e-01
1.418092012410000047e+00,8.320013741243234007e-01
1.151677966120000063e+00,9.278599394006634693e-01
1.250364065170000094e+00,8.656086715371446028e-01
8.794019818310000458e-01,8.473152346380158351e-01
1.089423060420000144e+00,8.085010072631242384e-01
1.809062957760000145e+00,8.361262333262459157e-01
8.687390089040000207e-01,1.104227907265291853e+00
8.521729707719999380e-01,9.298642025633515606e-01
1.307837963100000112e+00,8.140940764063148150e-01
1.262575984000000151e+00,8.745575068032950261e-01
7.601559758189999627e-01,8.780438237547654179e-01
1.069887042049999959e+00,8.055027282879272388e-01
8.579840064049999437e-01,8.406872101939646402e-01
1.149323940279999956e+00,8.175101168478774438e-01
1.067142963410000034e+00,8.463629604039034637e-01
7.400619983670000401e-01,8.148768311541878528e-01
6.799880266190000411e-01,7.928669183542412791e-01
7.323921322820000634e-01,8.018877514677333895e-01
8.352749943730000126e-01,8.085695582868852593e-01
6.000829935070000065e-01,8.306581953966366560e-01
1.010563969610000168e+00,7.916732773384533850e-01
7.613970041280000434e-01,8.698522350207390508e-01
7.260069847110000030e-01,8.037398576815191209e-01
1.064324021340000037e+00,8.065826993479592311e-01
5.901079773899998715e-01,8.531057392276909512e-01
7.744659781460000447e-01,7.906307301207549099e-01
7.406870126719998781e-01,8.374782807525248396e-01
8.908360004430001533e-01,8.032302087368609067e-01
7.620100975040000613e-01,8.247141499111561025e-01
7.774500250820000069e-01,7.998272092922064092e-01
5.811070203779999943e-01,8.257312045158505809e-01
7.908779978749999051e-01,7.969600487284786983e-01
8.903719782829999652e-01,8.246704745916522139e-01
7.882059812549999656e-01,8.261136591224822467e-01
7.301949858670000459e-01,8.041261882993483434e-01
9.248933196070001639e-01,8.055335461228965155e-01
1.265586972239999941e+00,8.322341171905414114e-01
7.884140014650000694e-01,9.048238574620873775e-01
9.180610179899998391e-01,8.061205731285143727e-01
6.569269895549999516e-01,8.179119390743457840e-01
8.252680301670000107e-01,7.923009468026785962e-01
4.257229864599999525e-01,8.280989452656896121e-01
9.114630222319998198e-01,7.897300765057324590e-01
7.238519787790000937e-01,8.782009934733630008e-01
9.657319784160000031e-01,7.975156176145802300e-01
7.194200158119999911e-01,8.463340793688082231e-01
7.146480083470000411e-01,7.978737568113172252e-01
6.188799738879999790e-01,8.106764221920720326e-01
8.502969741820000094e-01,7.960389715402421684e-01
6.113014817240000065e-01,8.387545356406643782e-01
8.405809998509999881e-01,7.911845184803579789e-01
5.909900069240000553e-01,8.476955742753884415e-01
1.191807866100000002e+00,7.931200495542253259e-01
1.072478055950000009e+00,9.068128014671191783e-01
7.976800203319999172e-01,8.634812608471038597e-01
7.140370011329999489e-01,8.079572842686274514e-01
8.885610103609999921e-01,8.073103036941526867e-01
7.367290258409999737e-01,8.173202046958104594e-01
9.655410051350000744e-01,8.011247722752952161e-01
8.569459915160000385e-01,8.402039650242545399e-01
5.838339924809999859e-01,8.114071349347525830e-01
3.047562122340000457e+00,7.901198581375339369e-01
8.865389823909999301e-01,2.066627066727854345e+00
1.186460971829999878e+00,1.703241656929273429e+00
8.750730156899999557e-01,1.828202157214023682e+00
1.111973047260000014e+00,1.665055028760582534e+00
6.929270029070000447e-01,1.293901563036252034e+00
5.632749795910000357e-01,8.233562994291219184e-01
5.519689917560000048e-01,8.289366811042183647e-01
9.211350083349998386e-01,8.245878619118530706e-01
5.465030074119999748e-01,8.465393041320624645e-01
9.997850060459999577e-01,7.890139871420951412e-01
7.512239813800000166e-01,8.740027618565748835e-01
8.402569890019999654e-01,8.059498579094898085e-01
7.843149900439999600e-01,8.163585755326235871e-01
5.915480256080000165e-01,8.041490950362171208e-01
6.109840273859999948e-01,7.952658992254785231e-01
9.328789710999999540e-01,8.077269671178534116e-01
7.992020249369999885e-01,8.528416075084982451e-01
9.833549857140000405e-01,8.122443436350351709e-01
5.405290126799999761e-01,8.314976021566821140e-01
1.093670010570000128e+00,7.861248505611015958e-01
9.266330003740002041e-01,8.997687730407498696e-01
7.972419857979999858e-01,8.142356950323756948e-01
5.896059870719999596e-01,7.976892421507243425e-01
7.799540162090000672e-01,7.903362958136452843e-01
5.182790160179999717e-01,8.293877797112130246e-01
7.263879776000000676e-01,7.934004284477470526e-01
6.216366887090000182e-01,8.332139244985581339e-01
8.810679912569999717e-01,7.989586934308434696e-01
7.315016984940000411e-01,8.501941345800686500e-01
9.703850150109999406e-01,8.035832784102644455e-01
8.715350031849999901e-01,8.382815415189196484e-01
5.505740046500000595e-01,8.056882683872158557e-01
2.576299905780000121e-01,7.896053942152553295e-01
6.952109932899999123e-01,7.981926470360116710e-01
3.547430038449999601e-01,8.828725051514872968e-01
1.308350920679999918e+00,7.992792470822167594e-01
1.424710035319999957e+00,9.952846571557583122e-01
2.422243118290000385e+00,9.274146411087100805e-01
1.588093161580000023e+00,1.370770871970480531e+00
2.882889986040000352e+00,1.260407353845591327e+00
1.510810017590000109e+00,1.735136958807380614e+00
5.103110075000000245e-01,1.473387849348322565e+00
6.637499928469999810e-01,1.031794631046312860e+00
5.865659713749999948e-01,9.098139603053884139e-01
9.182999730110000813e-01,8.143577514838064024e-01
1.126363039020000123e+00,8.548773261320712358e-01
9.455379843709997845e-01,8.522824763992020713e-01
7.979699969290000583e-01,8.134506079794743272e-01
8.895260095599999417e-01,8.033033850427300226e-01
5.017459988589999531e-01,8.183393306366266717e-01
7.889080047609999813e-01,7.943912583727917864e-01
5.571460127830000220e-01,8.483522069121973708e-01
8.079270124439998924e-01,7.895482873782970756e-01
7.382910251620000697e-01,8.420634652796538111e-01
6.742079854009999096e-01,8.067012984913392026e-01
8.787713646889999675e-01,8.036411113368261416e-01
7.401880025859999268e-01,8.311747008040614171e-01
8.886500000949999478e-01,8.058243064933324762e-01
7.983270287510000340e-01,8.253065126087398840e-01
5.137799978260000344e-01,8.055309430432038287e-01
7.760372757910000141e-01,7.927430597529456779e-01
8.528280258179999906e-01,8.379741278622271361e-01
7.851629853249999513e-01,8.372976698067696733e-01
8.431609868999999646e-01,8.040195240637244556e-01
1.024798870089999925e+00,8.117469531748486844e-01
8.044279813770001120e-01,8.317947707482090669e-01
8.841310143469999216e-01,8.026227518429150942e-01
3.615649938579999501e-01,8.183933384201325101e-01
1.171491026879999842e+00,7.875589887553385848e-01
4.477910101409999788e-01,9.598354416132566236e-01
7.665730118750000432e-01,7.973517918115680114e-01
7.735599875449999940e-01,8.506581884538069183e-01
1.054823040959999902e+00,8.066127063556642884e-01
7.843300104139999673e-01,8.566265428448590624e-01
1.034250974660000155e+00,7.982441511099614972e-01
1.096979022029999973e+00,8.363331134521794219e-01
7.633029818529999400e-01,8.383383897336674773e-01
5.883730053899999257e-01,7.987436845366493454e-01
6.365630030629999547e-01,7.948101047311196821e-01
5.750700235369999858e-01,8.091759399018190191e-01
5.399640202519999654e-01,8.035558673732314805e-01
1.324671149250000068e+00,8.057462539902726650e-01
8.178460001949999780e-01,9.697040064741639931e-01
6.359609961509999909e-01,8.265721610901038963e-01
8.135920166969999867e-01,8.071373805265777968e-01
9.872140288349999793e-01,8.252042179424888824e-01
9.839289784429999797e-01,8.250985496655667273e-01
5.904790163040000150e-01,8.220796880344931612e-01
8.986790180210000312e-01,7.895630864606867361e-01
6.268000006680000125e-01,8.420644940576187398e-01
6.926850080490000172e-01,7.914679912095569092e-01
5.757049918169999669e-01,8.165346747623154489e-01
6.764680147170000213e-01,8.000988962763690981e-01
8.279470205309999997e-01,8.162856481915453655e-01
6.547859907149999881e-01,8.351272341594088156e-01
1.085815548900000094e+00,7.965529696914129820e-01
8.509550094600001335e-01,8.737062719230130892e-01
8.879359960560000431e-01,8.101969915543009160e-01
6.557850241659999302e-01,8.128882481596325649e-01
6.597809791559999804e-01,7.944956129902541742e-01
8.856279850010000398e-01,8.081687733636777615e-01
7.502999901769999980e-01,8.368957648251164061e-01
9.303160309790001747e-01,8.023438227460207850e-01
7.259460091590000941e-01,8.284606844906858836e-01
7.123904824259998936e-01,8.035880137538652379e-01
9.326570034030000622e-01,8.071952691013392078e-01
6.544970273969999974e-01,8.389665722538536263e-01
4.987269937989999846e-01,7.994286865483627436e-01
9.782410264020000579e-01,8.048824625020030155e-01
5.593240261080000275e-01,8.671163296801560616e-01
8.733990192409999409e-01,7.898530912875411092e-01
6.232500076290000690e-01,8.483384290032639496e-01
6.319249868390000024e-01,7.925186267941048968e-01
8.335350155830000274e-01,8.061167898330436898e-01
8.613430261610000027e-01,8.398688616627851822e-01
1.036013007159999999e+00,8.170368369275817777e-01
6.160370111469999355e-01,8.463720723777036214e-01
9.874529838559999995e-01,7.919529098356473673e-01
6.686739921569999634e-01,8.560355578077448735e-01
6.455339789389999972e-01,7.891044969492488903e-01
1.007030010220000049e+00,8.112942732337840024e-01
7.763000130650000719e-01,8.566553408972398254e-01
9.358490109439999705e-01,8.027738402534456696e-01
6.626719832419999401e-01,8.233940250659929072e-01
1.113351941109999910e+00,7.902042969943433581e-01
5.495319962500000432e-01,8.779131066607844813e-01
9.273632764820000096e-01,7.918314159495183358e-01
8.215330243109999486e-01,8.513934284318496193e-01
9.193540215489999223e-01,8.384581119807686944e-01
6.899859905239998925e-01,8.239652165369122372e-01
6.497738957409999738e-01,7.936617804223941031e-01
9.705049991609999704e-01,7.980292609659447312e-01
8.034440279009998909e-01,8.732045612965075865e-01
8.920990228650002019e-01,8.018046780112006999e-01
7.462270259859999921e-01,8.155941549921880140e-01
1.495407462120000197e+00,8.007690744528911386e-01
7.597569823270000633e-01,9.930082070455814591e-01
9.677280187609998974e-01,9.281932665851092557e-01
1.126011013979999920e+00,9.806163207059771514e-01
7.641419768330000029e-01,9.545157890737473450e-01
1.423818945879999909e+00,8.533249318907735192e-01
8.309190273280000483e-01,9.727631861825721815e-01
5.316870212550000030e-01,8.742155679168508442e-01
6.942920088770000442e-01,8.306933044180840886e-01
1.097100019450000019e+00,8.412083666633733969e-01
8.623710274700000511e-01,8.508020125061742656e-01
9.711959958079999788e-01,8.090781897894805397e-01
7.501904964450000213e-01,8.241005575503744796e-01
5.659890174870000346e-01,7.944720842938000072e-01
7.235890030859999378e-01,7.906641215518874777e-01
1.088876962660000114e+00,8.268440865065195267e-01
2.614549994470000138e-01,8.686620181386849326e-01
1.923168003559999895e-01,7.933841827962515580e-01
2.048390060660000012e-01,8.272656315312575392e-01
3.752999901769999980e-01,8.324666485626187606e-01
1.878910064700000104e-01,8.370347197972682896e-01
4.178839921949999980e-01,8.074694649800114865e-01
6.128349900249999704e-01,8.534666066704525988e-01
4.822100102899999352e-01,8.303155298934786765e-01
8.136649727820000066e-01,8.051342571075816856e-01
8.997989892959999958e-01,8.520919273626206270e-01
7.667459845540000041e-01,8.260545088140510694e-01
6.762999892229999421e-01,8.079420909938686002e-01
9.804093837739999984e-01,8.062234787533069102e-01
1.075533032420000090e+00,8.431120051969727136e-01
6.459739804270000496e-01,8.602508992947830446e-01
7.601699829100000416e-01,7.933811401387953488e-01
8.707180023190000950e-01,8.199743667748538023e-01
1.045557022089999899e+00,8.175465816081606274e-01
4.832339882849999713e-01,8.410724140136547344e-01
1.085988998409999962e+00,7.890533824894835346e-01
7.320979833600000930e-01,8.981612780353888104e-01
7.128990292550000385e-01,7.962115279401194012e-01
1.045389056210000112e+00,8.071911277627705772e-01
7.359200119969999676e-01,8.481067397682834352e-01
8.956930041309999480e-01,8.021465666294662622e-01
8.745509982110000191e-01,8.259441338450068670e-01
9.237470030779999508e-01,8.140077881294401907e-01
9.997780323029999971e-01,8.197466707121209284e-01
1.739534020420000049e+00,8.322203276842311537e-01
8.107889890670000321e-01,1.089740701063976580e+00
7.049050331119999235e-01,9.354942566184990538e-01
8.328269720080000438e-01,8.645264059486958974e-01
8.276600241660000412e-01,8.425585337071503922e-01
8.953109979630000659e-01,8.028002460031361531e-01
1.459501028060000039e+00,8.178040910889353698e-01
1.179519057270000060e+00,9.488852200501687317e-01
1.443411946299999915e+00,8.874459466875899150e-01
1.306735038760000078e+00,9.096428468648639631e-01
7.634999752040000365e-01,8.973337255882928298e-01
1.145148038860000161e+00,8.106970361449402640e-01
7.253450155259999477e-01,8.599872839724492790e-01
7.633590102199999672e-01,7.944152231504183481e-01
6.174820065499999622e-01,8.088614172662436097e-01
1.029322981830000039e+00,8.028949085633836358e-01
1.302055954929999926e+00,8.684692977431993643e-01
3.164124965670000122e+00,8.863511114543829450e-01
9.734439849849999549e-01,1.836361228375774868e+00
1.229671001429999855e+00,1.395038448028399269e+00
7.441530227660000385e-01,1.068797926718255908e+00
1.063034057620000139e+00,9.048138682600345151e-01
1.123872041700000102e+00,8.404793561028189863e-01
8.984770178790000283e-01,8.421953949401701500e-01
7.175139784810000698e-01,8.052952451213168938e-01
5.367509722709999931e-01,7.977721534259418767e-01
1.175443053249999981e+00,7.953792335734337637e-01
1.101048946379999949e+00,9.174778514844766919e-01
5.734490156170000130e-01,8.337697448440556380e-01
1.431144952770000200e+00,7.905369224505325310e-01
1.037794947620000130e+00,9.770798633864108407e-01
6.568620204930000206e-01,8.552763767471783796e-01
1.074908018110000141e+00,7.974609777651151532e-01
1.385972023009999887e+00,8.531645350616727796e-01
1.004804968829999812e+00,9.001961694217310850e-01
1.609539985660000116e+00,8.406936570533704023e-01
2.817575931549999524e+00,9.796730057400728775e-01
1.962562561039999709e+00,1.644953353549072572e+00
1.279752016069999998e+00,1.513704049733950452e+00
1.995329976079999845e+00,1.187920025193841989e+00
2.033385992049999924e+00,1.292700264874616201e+00
1.307443976400000096e+00,1.306826512702149445e+00
1.611258029939999892e+00,1.058672976052228210e+00
2.040218114850000042e+00,1.004925887800241613e+00
2.183244943620000100e+00,1.246816289283249723e+00
1.351415991779999937e+00,1.374641035077115658e+00
7.242180109020001089e-01,1.144465525659104754e+00
1.363389015200000109e+00,8.495751254750312231e-01
1.526808977129999967e+00,9.192281198842536805e-01
1.784019589420000163e+00,9.624929243805802059e-01
1.103597044940000105e+00,1.076711253368666021e+00
1.763007998470000004e+00,9.708257442478339660e-01
1.157549023629999896e+00,1.079927013476816189e+00
1.153326034550000045e+00,9.792690866847634235e-01
2.362811088559999551e+00,8.667570521589251786e-01
2.580787897110000007e+00,1.357632918730096394e+00
1.242146968839999976e+00,1.595563019387552517e+00
1.712821006770000265e+00,1.261919775040553082e+00
6.676509976389999323e-01,1.185128854026429090e+00
8.271329998970000652e-01,9.605791066222909569e-01
9.642647504809997994e-01,8.268122499624531718e-01
1.394161701200000048e+00,8.266470737077673547e-01
7.584049701689999923e-01,9.368757965736497217e-01
6.900759935379999765e-01,8.264979495344971783e-01
6.740249991419999809e-01,8.104503894789163443e-01
8.615220189090000424e-01,8.076275039035625269e-01
7.907469868659999790e-01,8.262861764413216292e-01
7.285000085830000138e-01,8.117774917553874925e-01
2.411980032920000294e-01,8.010409601166965654e-01
3.354600071909999981e-01,7.894760090805824637e-01
5.912460088730000507e-01,8.269973936758883148e-01
1.058426976200000036e+00,8.456413550592372097e-01
7.669919729230000316e-01,9.086316724213623353e-01
5.881239771840000019e-01,7.988454556905939530e-01
5.922303199769999305e-01,7.950719244397230767e-01
8.753510117530000079e-01,8.033015198588225880e-01
7.038279771799998974e-01,8.585655131388021388e-01
5.677499771120000371e-01,7.968537948864549136e-01
7.133870124819999825e-01,8.012061269254949769e-01
1.077505946160000061e+00,8.252213215582622219e-01
6.909419894220000247e-01,8.703214355332419272e-01
7.724580168719999973e-01,8.040962214399632879e-01
7.237120270730000859e-01,8.228525824055769045e-01
9.752489924429998958e-01,7.993508766151639078e-01
9.151769876479998178e-01,8.426948014168048617e-01
