1.074290990829999792e+00,7.938981277238387202e-01
9.521890282630000035e-01,8.751623144708097213e-01
9.879170060160000766e-01,8.961254379839936890e-01
1.011654973029999960e+00,8.783025216430706550e-01
0.000000000000000000e+00,8.312068394287216444e-01
7.643579840659999736e-01,7.910747228880373738e-01
7.788103222849999119e-01,8.404911671181412025e-01
3.306220054629999794e+00,9.423527754174503279e-01
1.055441975589999970e+00,1.766735415525688024e+00
7.543110251430000801e-01,1.549770740064875474e+00
7.915459871289999283e-01,1.117098445891341552e+00
1.409499049189999909e+00,1.027411064855237921e+00
8.875439763070001042e-01,1.229528069375733335e+00
6.401469707490000660e-01,9.053448026561025097e-01
5.082880258560000808e-01,8.195058738626735950e-01
8.640019893649999450e-01,7.825624779810536058e-01
5.725920200349999822e-01,8.568369478473488732e-01
8.469420075419999971e-01,8.553147089413211113e-01
9.181020259860001032e-01,8.775722906327159123e-01
7.976629734039999420e-01,8.930499936109155268e-01
9.608020186419998776e-01,8.509429902004235213e-01
9.555831551549999192e-01,8.544462784554328616e-01
3.470349907879999862e-01,8.243724857622186653e-01
9.546210169789999256e-01,7.936175460795903414e-01
1.293938040730000072e+00,8.392851669857802621e-01
5.251880288119999962e-01,9.763725221253138908e-01
4.773890078070000542e-01,9.124253636118813127e-01
1.275226235389999907e+00,8.318447085224788262e-01
8.723750114439999814e-01,9.263749598740955715e-01
8.355640172959999390e-01,9.646940350645383244e-01
7.321749925609999377e-01,9.028167358081120586e-01
7.640249729160000225e-01,8.332642441573578918e-01
4.072830080990000323e-01,8.075979716814606357e-01
4.752210080619999610e-01,7.951602508309677519e-01
8.781340122220000488e-01,8.082221293662065209e-01
7.414129972460000717e-01,8.934178270358319462e-01
1.258002042770000051e+00,9.199365659961528108e-01
1.069700956339999953e+00,9.968608045993759825e-01
7.274609804150000691e-01,9.490893456064030120e-01
7.892770171170000459e-01,8.266081053792960764e-01
6.237750053410000550e-01,7.936410043744931420e-01
6.914690136910000007e-01,7.954910908065071506e-01
8.557710051540000640e-01,8.125720654889112549e-01
7.093830108640000187e-01,8.523443309502899412e-01
1.014547944070000041e+00,8.482703087776024553e-01
1.115731000900000103e+00,8.782914011074255400e-01
4.182830154900000208e-01,8.987425437043630172e-01
1.002280950550000105e+00,8.216415080852613739e-01
1.218860983849999968e+00,8.432409569003648242e-01
1.143296003339999922e+00,9.389556013558213454e-01
6.528189778330000248e-01,9.640529774554625897e-01
6.746559739110000731e-01,8.591849948739759268e-01
6.009536385540000802e-01,7.689879775960104524e-01
6.694570183749999348e-01,7.983930174298858873e-01
6.538079977039999990e-01,8.348247875185098588e-01
7.814120054240000224e-01,8.499172821003605494e-01
1.206303954120000022e+00,8.646896208196159783e-01
8.469259738919999725e-01,9.472590885551699369e-01
8.286409974099999687e-01,8.989487384920836766e-01
6.482390165329999787e-01,8.328189081795284165e-01
5.623700022700000023e-01,7.881392944109774090e-01
7.183309793469999649e-01,7.927074778904412700e-01
1.099647998810000082e+00,8.232193513521262052e-01
9.541710019110001273e-01,9.166012950015348659e-01
7.290139794350000146e-01,9.237105305677307809e-01
6.694499850270000385e-01,8.466045224476859143e-01
8.631219863889999511e-01,7.866212940105663520e-01
6.464660167689999515e-01,8.137802755762912899e-01
8.223180174830000411e-01,8.246590882471811490e-01
9.235979914669999458e-01,8.393515114137549693e-01
8.300920128820000743e-01,8.605102774760640116e-01
1.067314028740000031e+00,8.426675865016036715e-01
1.546175003050000107e+00,8.656825363848128507e-01
6.827279925350000500e-01,9.954363376799955088e-01
6.385620236399999206e-01,8.912983683366652032e-01
6.464239954950000699e-01,7.992420457838105285e-01
6.881093978879999629e-01,8.083667189599774705e-01
7.273989915849999877e-01,8.695083722672961590e-01
6.500350236890000133e-01,8.549684802698443997e-01
8.693690299990000092e-01,8.464476190581360360e-01
4.408580064769999640e-01,8.619685996680108708e-01
4.518609941010000020e-01,8.304211444341157433e-01
7.575070261959999662e-01,8.136748357380720886e-01
4.952389895920000229e-01,8.685966887414264814e-01
6.850870251659999521e-01,8.809369374735049885e-01
7.243813276289999825e-01,8.910391619857422896e-01
8.653740286830000628e-01,8.851160650726054291e-01
7.400469779970000328e-01,8.872031267139608435e-01
8.070759773250000269e-01,8.713187789310099518e-01
8.204330205920000729e-01,8.334610431170532685e-01
1.114411950110000049e+00,8.268598079013204094e-01
1.108605027200000093e+00,8.720085291502180924e-01
4.751499891279999943e-01,8.948781185469687482e-01
1.039268016820000140e+00,8.105122000899939172e-01
9.457899928090000019e-01,8.330520886032559691e-01
7.877500057220000462e-01,8.771440945336137496e-01
3.504549860949999762e-01,8.618940403611889955e-01
9.367713332179998797e-01,8.057192896072108423e-01
9.868059754369999936e-01,8.397244181814861319e-01
6.470239758489999549e-01,9.214894959259678497e-01
1.029777050020000084e+00,8.877338852868309482e-01
1.187446951870000156e+00,8.952784196813893258e-01
9.328820109369999614e-01,8.963120538987366936e-01
7.528370022769999004e-01,8.709743824477497176e-01
6.420040130619999452e-01,8.092511235605950315e-01
2.307340055699999837e-01,7.694004469275039781e-01
4.714997112749998998e-01,7.840867789106101826e-01
8.772729635240000823e-01,8.241890478050741820e-01
7.876309752460000091e-01,9.348705381247627288e-01
2.742219865320000283e-01,9.687759457202215208e-01
3.992269933219999567e-01,8.886680363637249336e-01
9.923512339589999343e-01,8.237998058741610174e-01
7.627239823340000724e-01,9.315895419177089298e-01
7.200859785079999353e-01,9.694146672364202244e-01
6.264780163759999798e-01,9.273297712976165119e-01
7.269890308380000388e-01,8.405787376964980462e-01
9.301019906999999920e-01,8.173043288467509715e-01
6.872699856759999504e-01,8.687051585087107730e-01
8.662552833559999943e-01,8.524430938236656763e-01
8.352038264269999734e-01,8.446181186435783861e-01
9.402499794959999768e-01,8.322933922871244006e-01
1.023357987399999836e+00,8.384756258175994903e-01
7.322629690170000538e-01,8.569602764976071985e-01
9.300749897960000068e-01,8.048017244244348722e-01
8.702930212019999168e-01,8.034358774063562469e-01
5.104020237919999481e-01,8.109030381868554960e-01
1.025817990299999982e+00,7.961419576600645698e-01
4.551239907739999535e-01,8.497602818581561079e-01
7.345349788670000324e-01,8.379669467717932863e-01
7.012919783589999234e-01,8.471783120658020749e-01
1.014386057849999911e+00,8.677185781789172880e-01
1.123770236970000225e+00,9.071177410799047269e-01
4.825370013710000294e-01,9.504723017523788453e-01
4.689320027830000681e-01,8.331431052596833808e-01
8.755196928980000237e-01,7.827113660212865476e-01
1.145424962039999883e+00,8.536526336850056573e-01
1.943787455560000099e+00,9.721898176266219327e-01
1.557039022450000143e+00,1.224009102121934811e+00
2.104775905609999942e+00,1.179336355530490099e+00
1.062240004540000005e+00,1.217238354897033137e+00
7.867829799650000178e-01,1.023620425712939319e+00
2.247971057890000068e+00,8.827580293619086138e-01
5.664669871329999218e-01,1.180116388838619024e+00
8.389729857439999217e-01,1.090801270400689305e+00
3.188189864160000386e-01,9.217223011194995985e-01
6.386680006980000046e-01,8.839476850279701647e-01
7.540266513819999794e-01,9.659684183914366562e-01
1.085826039310000102e+00,8.963434289555385348e-01
6.014299988750000381e-01,9.649708899703941523e-01
6.923220157619999204e-01,9.096808146571897513e-01
8.782439827919999997e-01,8.190521626399497324e-01
1.279224038119999962e+00,8.396663697115513969e-01
7.251669764520000117e-01,9.492913245888167095e-01
4.283109903339999969e-01,8.927305599006564174e-01
7.012249827380000466e-01,7.921566046093240221e-01
8.846225738529999161e-01,8.067300718831033057e-01
7.809653878210001121e-01,8.949180860790318937e-01
9.259700179100002204e-01,8.965504589928854351e-01
9.178640246389998536e-01,8.903526164124339060e-01
9.073020219799998731e-01,8.404051600432441704e-01
4.099450111390000040e-01,8.165945309560483922e-01
8.741459846500000408e-01,7.876660031351824243e-01
1.231343984599999830e+00,8.196067950184635631e-01
7.683960199359999299e-01,9.471711980110767426e-01
9.357339143750000865e-01,9.153816640445312514e-01
7.523270249369999885e-01,8.752542838593033725e-01
6.247839927670000293e-01,8.018808762695438519e-01
1.977947235109999591e+00,7.989815971264186967e-01
2.476479291920000048e+00,1.133828800219241595e+00
6.822599768639999729e-01,1.482820396566245424e+00
1.294077992440000102e+00,1.172562976770403109e+00
2.116506099700000032e+00,1.009089319240825011e+00
2.030230045320000176e+00,1.238933826518997527e+00
1.727593064309999926e+00,1.381517731813084682e+00
1.321619033810000010e+00,1.205391787251023805e+00
1.114274978639999913e+00,1.012369583634041614e+00
1.618482947350000201e+00,9.429304679318168958e-01
1.102354049679999948e+00,1.020429107437143879e+00
8.501269817350000091e-01,9.566353610871348723e-01
6.531813144679999850e-01,8.375207349928810441e-01
6.168276071549999573e-01,7.876343356716637434e-01
1.023204803470000090e+00,8.152696198980521336e-01
1.176781058310000017e+00,8.600126607490305997e-01
1.108754038809999898e+00,9.404735188126416290e-01
9.838110208509999177e-01,9.332495057323858534e-01
1.829927563669999868e+00,8.590012445459102031e-01
1.342131018639999951e+00,1.043613656055315086e+00
1.265669584270000092e+00,1.040172236550083840e+00
7.930377125740000199e-01,9.620158393834365995e-01
1.030689358710000114e+00,8.512194583887079391e-01
8.210232257839999992e-01,8.683960637674125183e-01
1.099169254300000009e+00,8.227629500882602809e-01
5.255355238910000004e-01,8.547848375897277862e-01
7.758393883709999717e-01,8.072919918179076726e-01
7.209759950640000081e-01,8.010514837669362453e-01
8.666771054269999386e-01,8.291893472796867393e-01
8.462041020389999835e-01,8.660458313172491041e-01
7.614132165909999195e-01,8.701795830740899351e-01
6.587246060370000045e-01,8.221843396362449319e-01
1.078659296040000104e+00,8.023422369509910501e-01
1.281940340999999872e+00,8.581058426174086318e-01
6.600005030629999547e-01,9.514812181667903213e-01
1.112500548360000119e+00,8.688551682535464726e-01
6.280704736709999958e-01,8.594851206798296284e-01
6.864575743680000341e-01,8.204357528346336581e-01
9.000409841539999123e-01,8.184000793855461531e-01
7.342569231990000445e-01,8.481201022013280522e-01
1.011121273039999879e+00,8.482338307167586189e-01
8.827599883079999543e-01,8.752792667235468338e-01
7.521411776540001259e-01,8.494553919269912656e-01
9.489411115650000506e-01,8.058523452413464128e-01
6.799052953720000625e-01,8.192168130581279906e-01
7.211565971369999772e-01,8.034535841168858328e-01
6.504104733470000843e-01,8.020461061806219982e-01
7.167106270790000178e-01,8.090306461425390561e-01
9.056316018100001308e-01,8.266757378558061697e-01
6.526464819910000603e-01,8.686788422856539515e-01
7.056654095649999014e-01,8.450358389970603623e-01
6.581057906149999637e-01,8.254284362784992668e-01
6.592794060709999959e-01,8.181669630574867069e-01
6.634064316750000190e-01,8.276285951703699073e-01
7.808002829549999246e-01,8.408473363505828413e-01
7.565907239910000248e-01,8.551965195330946123e-01
9.280405640600000172e-01,8.584425881671600145e-01
7.073829770089999913e-01,8.688650015338270638e-01
3.888399899009999383e-01,8.359099121191077009e-01
3.422417938710000107e-01,7.927262660854756948e-01
2.337300032380000281e-01,7.961933660496620657e-01
1.459127068520000015e-01,8.378964957639141176e-01
3.949534893039999828e-01,8.757001011274155866e-01
9.678409695629999199e-01,9.260360392701212362e-01
7.839220166210000285e-01,1.053963933921865381e+00
8.333759903910000766e-01,1.047795599672913358e+00
9.723259806630000224e-01,9.680966610639699654e-01
6.905210018160000685e-01,8.896997543609542758e-01
1.345324039460000121e+00,8.082790350497729426e-01
7.227010130879999439e-01,9.176410995248007740e-01
6.804850101469999135e-01,8.717373985900004341e-01
7.610610127449999318e-01,8.138819283922320569e-01
8.075709938999999782e-01,8.210332929773935806e-01
5.886639952659999953e-01,8.526373970740180885e-01
9.960750937460000065e-01,8.262253796285131680e-01
1.045413970949999882e+00,8.649342573175838877e-01
4.713059961800000197e-01,8.985284480010262698e-01
1.047140955920000005e+00,8.351466479993907566e-01
1.126214265820000060e+00,8.624260824465594943e-01
2.560461759570000329e+00,9.136146593424731011e-01
7.747610211370000721e-01,1.395320745460553624e+00
7.172060012819999608e-01,1.179410848178592319e+00
8.005080223080000001e-01,9.236230355766078537e-01
5.680390000339999856e-01,9.233877345702996564e-01
1.195780038829999947e+00,9.975392124064237365e-01
7.970449924470000003e-01,9.066244072333319304e-01
4.899359941480000979e-01,8.940491927462449473e-01
9.918130040170001216e-01,8.223278824591191416e-01
7.445690035819999553e-01,8.617089491705365312e-01
6.096370220180000743e-01,8.672901619604053147e-01
8.565919995309999591e-01,8.393427284840068170e-01
8.144299983980000102e-01,8.540363577403947692e-01
7.605929970739999657e-01,8.455368563029017626e-01
9.157519936560000184e-01,8.423144050170269237e-01
7.421634793279999753e-01,8.469533622601157496e-01
7.329360246660000522e-01,8.153658619223659310e-01
8.745691180230000805e-01,8.064465506904285874e-01
9.644910097120000803e-01,8.250141515758037114e-01
1.477671980859999845e+00,8.495553431459268445e-01
6.752679944040000937e-01,9.881384048562142919e-01
5.030400156970000758e-01,8.876090769924371848e-01
7.066659927370000371e-01,7.880423228847904804e-01
2.968195915220000369e+00,8.147933431678036076e-01
1.255300998690000114e+00,1.546817548385719387e+00
4.084815025330000182e+00,1.443712888765632751e+00
1.692322969440000158e+00,2.054771801601134928e+00
4.121052026750000041e-01,1.724953730435931698e+00
1.035750985149999970e+00,1.223515269868896249e+00
6.408920288089999806e-01,1.117265542485247565e+00
7.065470218660000468e-01,1.277944937629865496e+00
1.060830354689999977e+00,9.030624373779725378e-01
1.880954027180000043e+00,9.115097720893191591e-01
1.886373996729999725e+00,1.143735646699746589e+00
1.328773975370000082e+00,1.261054462409269439e+00
3.931840062139999592e-01,1.087282250700588149e+00
6.382430195809999374e-01,8.427511060438456214e-01
1.045531988140000035e+00,8.334317405613651530e-01
6.588029861449999913e-01,9.532573218006319404e-01
8.046740293499999863e-01,9.143191202934485284e-01
8.740410208700001293e-01,8.793007384174095220e-01
8.532550334930000258e-01,8.449872130873461451e-01
8.952109813689997919e-01,8.383701784582350269e-01
7.301589846610000434e-01,8.394850126823925063e-01
4.149410128589999802e-01,8.014336815224802901e-01
2.700940072540000125e-01,7.813830579410647736e-01
4.911319911480000466e-01,7.895427790895840348e-01
5.079169869420000483e-01,8.506749709490570854e-01
1.224020004270000017e+00,9.060852184596025483e-01
1.267657995220000222e+00,1.051970058651253925e+00
2.633487939829999736e+00,1.095912751894095205e+00
3.999615430829999596e+00,1.461196559936480677e+00
6.651418209080000032e+00,2.120605013286219531e+00
2.102678060530000170e+00,3.511674327718275368e+00
1.283689975739999989e+00,2.640938153561954493e+00
1.291347503659999951e+00,1.710671852302355633e+00
1.353754043579999733e+00,1.645544514329027708e+00
2.390191078189999985e+00,1.878796213079632960e+00
1.461441040039999972e+00,1.282817166788620789e+00
1.599208951000000045e+00,1.170973572049751832e+00
1.471150994300000070e+00,1.073221543477481665e+00
1.298205018039999992e+00,1.033964958075546337e+00
1.579622030259999921e+00,1.023698624644423738e+00
1.360355019570000268e+00,9.886514111851686382e-01
8.036410212519999874e-01,9.814880817161439897e-01
4.276689887049999750e-01,8.571624226213790942e-01
2.694070041180000041e-01,7.710302491464039454e-01
3.897170126439999938e-01,7.956079783701116570e-01
4.179170131680000067e-01,8.526139503210452553e-01
1.546036005019999937e+00,8.943541137811590325e-01
1.017611026760000037e+00,1.151290870273365075e+00
8.653150200839999640e-01,1.126488703559941129e+00
6.194109916690000439e-01,9.653791198845736998e-01
8.454149961469999974e-01,8.392867290253351875e-01
8.048596382139999728e-01,8.336187122347474832e-01
1.435889005660000217e+00,8.286745962405592802e-01
2.565752029420000024e+00,9.771024693052723364e-01
6.206179142000000759e+00,1.424038993083641680e+00
9.309499859810000943e-01,3.105092937215657933e+00
9.077759981159998492e-01,2.314549611311644828e+00
4.609797894950000141e-01,1.546117358763231309e+00
5.264570117000000327e-01,1.476352260777241687e+00
7.942249774930000283e-01,1.756807455106993876e+00
9.704009890560000295e-01,8.521510304644547285e-01
6.695889830590000535e-01,9.271981266186413162e-01
6.997730135920000594e-01,8.944714252214173156e-01
6.903669834139999351e-01,8.296767192818710335e-01
6.361600160600000553e-01,8.091116036058650929e-01
9.726700186730000697e-01,8.232163919734075685e-01
6.393389701839999884e-01,8.792484154473741986e-01
5.123779773709999930e-01,8.553220194689922229e-01
5.699130296709999932e-01,8.157345380199702012e-01
8.318089842800000522e-01,8.178002274073611355e-01
4.694110155110000071e-01,8.740455763915019327e-01
9.054309725759998040e-01,8.685910512455347066e-01
8.482750058169999940e-01,8.950225212324504076e-01
6.566630005839999562e-01,8.965173867431495136e-01
6.324055790899999474e-01,8.519804099560016608e-01
3.268550038340000130e-01,8.276932307913323905e-01
3.047409951689999952e-01,7.961947029920338759e-01
2.159480005499999911e-01,8.197930495414037511e-01
2.148479968310000043e-01,8.556608751242039679e-01
1.512310057880000003e-01,8.923093019718439933e-01
4.153338372709999837e-01,9.122176675389362943e-01
7.344200015070000420e-01,9.525298647585466183e-01
9.913370013240001555e-01,1.023332852257560210e+00
7.910000085830000138e-01,1.064094180532903833e+00
7.429170012469999973e-01,9.840353268153804178e-01
7.426548600200000294e-01,8.599728598146640923e-01
8.799139857289999256e-01,8.038421037775971278e-01
7.376829981800000491e-01,8.257041003869051154e-01
1.240342974660000097e+00,8.287598879953614883e-01
8.343409895899999151e-01,9.073766739816812033e-01
3.054729998110000122e-01,8.713932302401762309e-01
8.929460048680000206e-01,7.940906121276375407e-01
1.285866022110000007e+00,8.383822234431426157e-01
4.146400094030000538e-01,9.915887629804277514e-01
1.090137004850000091e+00,9.201650586333817161e-01
5.923830270769999684e-01,9.256198027208810686e-01
3.773260116580000045e-01,8.585636992608758344e-01
2.693597316740000469e+00,8.402015445224243484e-01
2.288666009900000020e+00,1.435036359848151921e+00
8.955270051960000366e-01,1.624260551159344645e+00
8.070570230480000884e-01,1.273509763909602688e+00
1.194862961769999954e+00,9.953886865625117819e-01
8.929409980770000033e-01,1.040427064305128990e+00
9.776080250740001309e-01,9.921937923592382136e-01
1.832507014270000179e+00,8.258150096373936266e-01
1.403792977329999747e+00,1.066171356735939213e+00
7.223749756810000644e-01,1.073029084971141245e+00
6.599410176280000595e-01,8.959705820336566484e-01
7.407349944109999917e-01,8.045853914393461537e-01
5.553659796709999874e-01,8.589885110305598426e-01
1.236768960949999885e+00,8.374306193582908842e-01
6.214020252229999208e-01,9.345186911800705820e-01
7.108730077739999764e-01,8.971603132150327564e-01
3.064779937269999643e-01,8.433053957289152747e-01
6.473349928859999380e-01,8.136670506688589155e-01
5.458269715310000159e-01,8.502631975162134870e-01
1.024247765539999966e+00,8.795342951435288770e-01
8.176820278170000567e-01,9.571381102892817516e-01
7.440620064740001149e-01,9.495065806629565675e-01
7.367150187490000279e-01,8.557944464781063187e-01
5.768560171130000525e-01,8.237821318781276547e-01
9.152600169180000744e-01,7.978076371645681508e-01
1.137029051779999911e+00,8.485642113777096540e-01
4.960080087179999930e-01,9.239488706183844879e-01
4.941360056399999312e-01,8.566784245513315854e-01
8.834533095360000976e-01,8.007488286117047105e-01
1.271524906160000024e+00,8.529713944940250370e-01
8.864369988439999570e-01,9.960198296449752631e-01
8.988280296330000141e-01,9.570436340001179376e-01
9.049779772759998231e-01,8.606820844527073300e-01
8.299319744109999730e-01,8.054438509473841323e-01
8.756300210950000995e-01,8.101950264261434942e-01
5.502920150760000073e-01,7.967832707237735290e-01
1.073919415470000027e+00,7.875672111260092478e-01
8.491920232770000521e-01,8.528640261019073687e-01
6.393229961399998773e-01,8.698335927383131772e-01
7.995309829709998928e-01,8.297644030040296492e-01
9.646000266079999275e-01,8.266626922997352134e-01
8.413559794430000016e-01,8.481375772263475277e-01
7.011449933050000194e-01,8.514425667359800665e-01
7.240070104600000445e-01,8.175817190214829111e-01
1.010308027270000020e+00,7.935524334138041036e-01
6.538060307499999890e-01,8.469491462974926277e-01
7.932850122450000319e-01,8.377522941729341754e-01
6.538396477699999210e-01,8.255169279790004477e-01
1.160789966579999888e+00,8.138806986539726118e-01
8.085789680480000019e-01,8.957111917555903302e-01
3.743770122530000188e-01,8.848737486633448945e-01
2.556999921800000020e-01,8.061569634410340468e-01
4.893150031570000502e-01,7.888429187851849766e-01
1.151844024660000132e+00,8.560286040437671273e-01
7.372779846189999597e-01,1.021067351490571262e+00
1.088750958439999916e+00,1.013043758754609946e+00
1.975852966309999958e+00,9.763458302139806921e-01
8.547700047490001118e-01,1.170473711237229431e+00
7.977370023729999371e-01,1.019066699184787206e+00
1.052428960799999924e+00,8.744192884578774194e-01
3.179450988770000208e+00,8.853689836042988315e-01
1.797067999840000541e+00,1.611071981648489526e+00
1.056702017779999947e+00,1.541900162313424083e+00
8.751260042189999977e-01,1.172132595010927147e+00
6.645399928090000019e-01,9.831429286343610352e-01
7.571684122089999969e-01,1.026286385421791625e+00
1.368484020229999931e+00,8.520367157940298419e-01
9.052469730380000579e-01,9.370855865741527513e-01
1.032060980800000083e+00,9.207148376301549364e-01
6.141330003739999821e-01,8.790351543244984134e-01
9.733130335809999645e-01,8.037541331983056869e-01
6.452289819719999597e-01,8.322038667397809730e-01
4.894390106200000035e-01,8.168720644087243965e-01
8.408679962160000576e-01,8.052711211398192459e-01
7.771940231319999226e-01,8.501691221279445987e-01
6.755350232119999854e-01,8.742947756463391729e-01
6.592059731480000018e-01,8.629430918141171025e-01
1.084153056139999904e+00,8.362916474379292753e-01
9.314100146290000826e-01,8.792364738399260915e-01
1.359479665760000122e+00,8.933324453043385294e-01
7.633988261220000515e-01,9.596976075277326990e-01
5.357339978220000409e-01,8.674463124251965418e-01
6.781889796259998882e-01,7.789388856530415906e-01
7.839810252189999273e-01,7.965497351823636052e-01
1.169367671010000054e+00,8.652085886602480791e-01
1.015287995340000027e+00,9.410174813696463580e-01
9.259430170060000131e-01,9.338728790879936570e-01
1.319244027140000108e+00,8.511412751318310210e-01
9.717460274700000511e-01,8.942484634310384761e-01
1.176299691200000108e+00,8.631775239683245893e-01
1.714609026910000056e+00,8.633692869936510084e-01
1.307337045669999975e+00,1.029151284211558215e+00
6.186890006069999393e-01,1.009883524062203053e+00
2.298435926440000276e+00,8.448323677444351532e-01
1.808241009709999680e+00,1.173873180189700882e+00
8.794149756429999742e-01,1.294180033749603220e+00
1.570945024490000064e+00,1.058715547516338562e+00
1.578516006470000121e+00,1.038548913291081011e+00
6.200309991839999535e-01,1.112220039561134355e+00
9.928810000419999726e-01,9.239770675358738306e-01
4.551869928839999968e-01,8.423156310922368384e-01
1.017398953439999865e+00,8.364662681912693465e-01
8.378469943999999892e-01,9.037601448280344618e-01
4.884769916529999589e-01,8.915403754614162901e-01
1.246340990070000210e+00,8.363584255609425311e-01
1.209630966189999990e+00,9.315066450949247567e-01
1.252451062200000020e+00,9.698993893371968822e-01
1.519726991650000025e+00,9.788780681553586049e-01
1.063797950739999942e+00,1.015962630276198153e+00
1.571495056150000069e+00,9.046323766862931492e-01
1.278105020519999968e+00,9.668304443431143813e-01
1.192077994349999948e+00,9.600935615269935441e-01
8.304439187050000060e-01,9.208741343412709668e-01
1.402015686039999931e+00,8.266451631529906363e-01
1.156504034999999986e+00,9.202309124043184241e-01
1.162554860120000200e+00,9.202461400031692884e-01
6.007519960399999581e-01,8.961771045808416547e-01
1.253835797310000055e+00,8.044114149375400924e-01
1.791844010349999960e+00,8.748129950694549795e-01
1.734062552449999961e+00,1.097656885046454311e+00
4.939970970150000085e+00,1.177900437706162373e+00
2.394351005549999911e+00,2.365620123906469363e+00
2.212575912479999740e+00,2.099790813265362210e+00
1.886527061460000265e+00,1.654191808536551900e+00
9.343829751010001017e-01,1.463030064122047502e+00
9.099829792979999832e-01,1.392463709921535342e+00
8.112999796870000724e-01,9.223928206781896177e-01
1.049708962440000004e+00,9.091267277366313904e-01
1.351788043980000076e+00,9.156386563229105269e-01
1.277305960659999906e+00,9.274671326995937992e-01
7.854449748989998925e-01,9.497256476253189694e-01
4.846229851250000165e-01,8.422175272305008065e-01
6.676359772680000582e-01,7.631623559441654825e-01
8.322510123249999836e-01,8.012571562686374715e-01
5.959370136259999340e-01,8.706156133336113712e-01
3.410890102390000123e-01,8.628162265466906566e-01
6.860110163689999707e-01,8.270890975786119315e-01
8.153510093690000682e-01,8.455113441795742979e-01
3.985430002210000322e-01,9.088967232374737248e-01
6.998159885410000225e-01,8.836323257796548925e-01
4.263690114019999533e-01,8.759846567818536656e-01
6.866139769550000382e-01,8.454988793757195475e-01
1.826770007609999913e-01,8.774472340078934840e-01
7.018824815749999946e-01,8.635223826744653497e-01
1.796682000159999681e+00,8.925891101274739947e-01
7.204269766809999753e-01,1.205733712615772779e+00
4.680640101429999755e-01,1.096104342324136116e+00
6.408870220180000743e-01,9.206161245591309994e-01
7.520520091060001189e-01,8.440563811090923130e-01
1.001817584040000098e+00,9.259755490698482472e-01
1.660804033279999814e+00,9.241066895847724894e-01
1.450595021250000061e+00,1.102919895367971526e+00
1.085010051729999869e+00,1.089006785078495909e+00
1.099555015560000015e+00,9.453883143277658219e-01
7.694180011750000325e-01,8.676052899077317804e-01
1.254430413249999932e+00,8.349383190331478577e-01
1.496320962910000052e+00,8.807092791057744563e-01
7.186369895940000196e-01,9.877755214896710712e-01
8.902019858359999649e-01,8.865980697625697182e-01
9.891759753229998342e-01,8.218866136248703658e-01
2.849014520649999938e+00,8.501979375954720197e-01
4.281075000759999583e+00,1.469682257830851491e+00
1.248739004139999942e+00,2.310801920977589852e+00
7.096589803699999699e-01,1.746134526558641653e+00
7.497439980509998936e-01,1.181942423494108718e+00
8.907449841500001408e-01,1.152684036757062769e+00
1.469527959819999952e+00,1.334168911091913934e+00
1.608888030049999918e+00,9.856021653067402744e-01
1.043460965159999976e+00,1.095912533511864462e+00
1.184751033780000018e+00,9.642190629143779779e-01
5.063725113870000127e-01,8.871875373848244761e-01
6.946156024930000283e-01,8.130151727138578144e-01
9.299110174179999744e-01,8.130563415709128883e-01
7.754629850390000190e-01,8.515531175619046600e-01
8.564696311949999696e-01,8.787254206173888971e-01
9.269009828569999554e-01,8.656389723983717310e-01
7.506660223010001021e-01,8.364112049744492072e-01
9.248849749570000611e-01,8.079854955594227839e-01
1.070162653919999984e+00,8.184808254266136007e-01
8.752880096439998869e-01,8.499115102556358270e-01
7.511039972310000756e-01,8.308266500818586309e-01
8.627579808239999037e-01,7.953808196761927851e-01
5.096570253369999692e-01,7.904822869674779096e-01
8.495249748229999343e-01,7.941038798508468499e-01
6.711369752879999817e-01,8.283301784701551096e-01
6.132180094720000030e-01,8.450386619823967438e-01
3.810549974440000098e-01,8.366579436649079771e-01
8.710420131680000067e-01,8.215064497893613815e-01
6.540319919589999698e-01,8.723099019138482735e-01
9.089673757550000843e-01,8.974909452834113344e-01
9.709029793739999414e-01,9.132413969710397872e-01
9.856920242309999969e-01,9.157499307967749136e-01
1.356256246570000101e+00,8.591698454241739613e-01
1.309872984889999925e+00,9.370407194917609317e-01
6.344919800760000506e-01,9.457786552446254547e-01
5.933508276940000492e-01,8.301462447795435740e-01
8.796380162239999523e-01,7.704745421910774716e-01
1.131836414339999930e+00,8.392820682009184408e-01
1.841274023059999987e+00,9.329990244891649409e-01
2.261745929719999992e+00,1.152334714124592763e+00
2.597975969309999744e+00,1.355044879666366331e+00
2.399192094800000064e+00,1.486428482246049843e+00
1.982298016549999931e+00,1.435934805337157671e+00
2.269547939300000206e+00,1.263457214441746856e+00
2.017889976500000238e+00,1.274311524458109579e+00
1.452262043950000026e+00,1.268996369788274681e+00
1.342797994609999934e+00,1.108448608763804577e+00
1.311915040020000145e+00,9.947997099968187706e-01
1.276762008670000226e+00,9.953371295520937467e-01
1.275267004970000118e+00,9.640032835813517886e-01
1.210446000100000141e+00,9.139009704649604382e-01
8.153480291369999966e-01,8.944730390488475624e-01
7.271119952200000291e-01,8.208614868640781159e-01
6.043019890790000126e-01,7.794732496529435117e-01
9.830358624459998307e-01,7.837752512840598929e-01
1.101529002189999940e+00,8.521358055097696393e-01
1.183724999429999869e+00,9.122107638720724498e-01
4.356400072569999726e-01,9.347004725813845560e-01
3.270040154459999959e-01,8.259991059824783877e-01
8.039849996569999879e-01,7.637555902137592723e-01
4.216859936710000145e-01,8.589644770275811636e-01
5.734559893609999515e-01,9.038957130237148530e-01
3.959457874300000291e-01,8.965913397118067119e-01
4.163750112060000119e-01,8.713317567628767746e-01
5.603970289230000290e-01,8.587561257775657708e-01
7.749050259590000156e-01,8.941635766379099071e-01
6.370840072629999629e-01,9.319501749141959612e-01
3.839260041709999793e-01,9.200801447485985607e-01
5.648739933969999516e-01,8.524137912524197835e-01
1.054715037350000051e+00,8.392930772673223849e-01
6.537709832190000681e-01,9.399995098847715447e-01
5.931029915809999942e-01,9.286633529063945680e-01
1.022608995439999946e+00,8.664050677664032474e-01
8.359869718549999273e-01,8.795523079193537930e-01
6.375340223309999832e-01,8.772221838983430553e-01
9.755985140800000899e-01,8.382220340758617105e-01
4.898079931740000337e-01,8.487080206435920759e-01
1.098647952079999879e+00,8.178976543478503336e-01
1.151165962220000116e+00,8.860340780007696093e-01
8.061249852179999120e-01,9.493177919483619664e-01
4.744769930840000427e-01,8.815750645148849873e-01
7.896029949189999897e-01,8.047040538837910706e-01
4.762530028820000094e-01,8.013325303893181761e-01
5.455229878430000179e-01,8.342964581896097354e-01
6.212809681889999158e-01,8.434065053651716992e-01
7.707700133319999036e-01,8.675218338119127237e-01
9.337069988249999675e-01,8.894515229750542540e-01
8.110550045970000843e-01,9.269931105097152235e-01
6.005529761310000048e-01,8.827784715352059441e-01
1.002521038060000036e+00,8.159597415192226810e-01
8.921650052070000392e-01,8.405309522232370378e-01
9.160850048069999474e-01,8.596982144451055241e-01
7.413420081139999729e-01,8.548434416526499158e-01
9.283249974250000758e-01,8.182041259915365794e-01
6.429409980770000033e-01,8.025093673990397747e-01
9.950090050700001187e-01,8.017941546621333293e-01
6.271365880970000140e-01,8.391873150229058886e-01
1.038689017300000073e+00,8.289687765686001297e-01
6.888009905820000611e-01,8.612466539629524132e-01
5.214130282399999095e-01,8.468008405722918797e-01
6.510270237919999481e-01,8.035849979769180695e-01
1.159701943399999990e+00,8.184033700550271684e-01
6.456400156020000169e-01,9.260428398740540024e-01
1.195862650870000099e+00,9.033078699774491627e-01
1.304703950880000018e+00,9.312650705967353559e-01
8.844429850579998975e-01,9.662971004486211601e-01
7.697709798810000725e-01,8.865342190055068849e-01
7.702100276950000213e-01,8.109251953809081259e-01
6.418280005459999771e-01,7.886378935357593045e-01
8.937159776689999058e-01,8.059820262893049314e-01
5.247250199319999364e-01,8.325420997725614392e-01
5.142210125920000374e-01,8.263273247047839831e-01
7.172748446459999982e-01,8.128585862323870481e-01
6.410769820210000525e-01,8.492025439691149868e-01
4.689820110800000386e-01,8.694596678470638551e-01
1.203750014310000171e+00,8.553567056871586027e-01
7.911959886550000709e-01,9.534300905806649684e-01
1.136301159859999910e+00,9.302001808063687927e-01
8.642929792399999256e-01,9.367704965193623945e-01
8.814030289650001126e-01,8.807622716172105459e-01
5.817409753800000249e-01,8.144264485279283372e-01
8.651199936869999885e-01,7.843272633674381877e-01
9.078124761579998703e-01,8.119510347468755773e-01
7.377740144730000615e-01,8.515178281761031087e-01
1.120375037189999867e+00,8.404957408446421807e-01
9.422479867940000142e-01,8.827550058503007557e-01
1.060060024260000011e+00,8.508831044939844102e-01
7.158420085910000008e-01,8.496996647164031247e-01
4.040209949019999969e-01,8.051215575524323098e-01
2.920779883859999648e-01,7.673382672477366828e-01
6.317924261089999938e-01,7.830946454908566112e-01
1.124665260310000026e+00,8.676133623175212861e-01
1.115690946580000009e+00,1.008991939991606523e+00
1.247418999670000028e+00,1.048918848310385732e+00
6.976169943809999996e-01,1.010284189520329612e+00
3.693974971769999893e+00,8.390272383094082853e-01
8.204839825630000361e-01,1.742893395560752845e+00
8.573070168499999921e-01,1.497778228434176295e+00
6.902359724040000311e-01,1.174052500282368294e+00
8.385969996449998964e-01,1.108229668647008559e+00
1.287726998329999928e+00,1.228801395549263820e+00
9.632229804990000144e-01,9.211657230022738396e-01
1.343299984930000024e+00,9.020820337934644106e-01
7.316169738770000874e-01,9.358051782545583341e-01
6.809219717980000697e-01,8.415603535176401362e-01
7.014784216880000089e-01,7.898877201697332984e-01
6.698030233380000142e-01,7.969516630516316757e-01
1.365643024439999964e+00,8.363855918003426648e-01
9.781420230869999344e-01,9.677743013998317823e-01
6.786789894100000442e-01,9.518646964216989081e-01
5.976330041890000055e-01,8.458682344043024770e-01
8.193774819369999962e-01,7.915296983066706371e-01
7.911109924320000042e-01,8.326778269316059689e-01
1.044147372249999872e+00,8.524889899757621681e-01
1.400015950200000026e+00,8.962643165924168986e-01
8.748620152470000244e-01,9.841832303609351351e-01
6.228179931639999944e-01,8.899745716409639407e-01
7.164059877399998610e-01,7.935666130268834717e-01
6.523500084880000660e-01,7.877467001838038829e-01
9.379299879070001067e-01,8.325037895806540744e-01
5.936999917030000296e-01,8.667035424971039070e-01
5.393440127369999448e-01,8.510958481884061122e-01
9.370089769359999377e-01,8.140227997438969076e-01
8.087720274930000341e-01,8.675759057671387220e-01
5.654280185700000239e-01,8.847506301921627125e-01
6.020820140839999723e-01,8.480505739204264870e-01
1.146679997439999932e+00,8.167730298655020427e-01
9.824249744419998320e-01,9.034837825577675119e-01
5.671510100359999917e-01,9.350302544326284382e-01
7.866399884220000027e-01,8.534328667223572973e-01
7.388439774510000557e-01,8.130329214679272720e-01
6.810299754140000106e-01,8.242167677126100989e-01
7.086979746820000203e-01,8.351051224427255004e-01
6.642330288889999323e-01,8.386598326398480019e-01
5.124790072439999733e-01,8.249369643678035047e-01
6.040380001070000393e-01,8.206287685135812415e-01
6.728799939159999521e-01,8.327284895609599058e-01
8.265414834020000656e-01,8.593076550477584119e-01
4.546860158439999799e-01,8.929632594210367147e-01
5.594509840010000179e-01,8.566588250929761950e-01
1.332218050960000122e-01,8.290352066665844788e-01
1.633069962260000063e-01,8.245495877079361824e-01
1.797860413789999778e-01,8.519544707128662298e-01
5.747918486599999932e-01,8.979851204939186538e-01
8.508148789409999413e-01,9.820294309617343398e-01
8.527640104289999634e-01,1.067323258190984614e+00
1.687628030779999788e+00,1.032497098426413684e+00
2.149522066120000297e+00,1.146697137708399206e+00
8.122850060459999577e-01,1.312150772060963533e+00
1.239639997479999867e+00,1.057890441372504542e+00
2.128437280650000041e+00,9.408366821359638310e-01
2.139239072800000141e+00,1.194054948359838164e+00
9.779880046840000452e-01,1.367784885870260814e+00
6.937779784199998856e-01,1.073728299154560473e+00
7.218790054320000094e-01,8.627808499055117375e-01
7.631160020829999002e-01,8.916902207479907583e-01
8.565329909319999713e-01,9.269064186170442587e-01
1.109338045120000116e+00,8.393534175898479388e-01
6.476340293879999654e-01,8.957988496039424042e-01
9.241870045660001143e-01,8.380731116287385429e-01
7.877320051189998784e-01,8.213362985595784593e-01
1.305567026139999864e+00,8.196537941952327655e-01
9.107710123060001051e-01,9.242377364064278122e-01
8.699640035629999657e-01,8.956976721443098421e-01
5.743020176890000217e-01,8.220153676478486604e-01
8.599532246590000373e-01,7.844730576415023249e-01
4.775849878790000558e-01,8.192841887370118092e-01
1.108017444610000179e+00,8.159311407392142446e-01
1.290724992749999966e+00,9.023639590827918777e-01
8.591579794879999898e-01,1.001935369011780042e+00
3.058980107309999807e-01,9.166646867583569946e-01
9.039019942279998832e-01,8.068337984746271063e-01
6.352750062940000220e-01,8.264470997997330759e-01
1.023422956470000145e+00,8.840043533980954660e-01
6.730669736859999919e-01,9.318418658169665969e-01
8.504790067669999454e-01,8.979060216528835792e-01
5.141969919200000128e-01,8.309857074775407471e-01
1.527956604959999964e+00,8.144067269337782466e-01
4.094385623930000051e+00,9.937785179776925659e-01
9.952359795569999390e-01,2.077089471206680749e+00
8.670449852940000923e-01,1.691775988424055965e+00
1.141056060789999993e+00,1.229258213793250620e+00
1.622257947919999888e+00,1.171613904227143621e+00
1.980204939840000344e+00,1.443159464060370434e+00
1.375547051430000112e+00,1.194984719503595860e+00
1.851865053179999610e+00,1.083997698129347320e+00
1.420923948290000016e+00,1.087850463223565267e+00
1.589177966120000285e+00,1.041289825973987782e+00
1.673199415210000041e+00,1.045224125594528486e+00
2.123934030530000072e+00,1.051107529575563637e+00
1.648401975629999905e+00,1.202227628777897905e+00
1.204741954800000014e+00,1.134247782526557113e+00
7.920839786529999538e-01,9.804642430716862256e-01
1.227027416229999890e+00,8.670310230566450338e-01
1.226951003070000157e+00,9.370184952667091061e-01
1.131343960759999989e+00,9.422190519723719904e-01
1.252465009690000075e+00,8.953241377926690614e-01
1.116891980170000132e+00,8.938215690783480882e-01
1.122387051579999850e+00,8.674774780410421382e-01
1.040153026579999862e+00,8.533606793561350212e-01
8.091310262680000420e-01,8.321874362458402397e-01
7.681059837340000751e-01,7.965811735934174020e-01
7.982919812199998910e-01,7.738360690882071236e-01
7.666722536090000428e-01,7.918017837688964278e-01
1.057360053060000027e+00,8.085313226358166183e-01
8.607699871060000563e-01,8.601744816609090405e-01
1.070777058600000053e+00,8.483707466026608746e-01
5.301510095600000527e-01,8.511017480534356361e-01
6.604189872739999467e-01,8.021588161408816919e-01
9.909179806709998983e-01,7.867349667341060337e-01
3.561530113220000016e-01,8.628739683100139501e-01
9.618239998819998471e-01,8.526223684487600485e-01
1.244829058649999931e+00,8.911216941080672971e-01
8.381230235100001202e-01,9.795047850751618101e-01
9.245989918709999200e-01,9.314816208370165773e-01
8.131660223010001021e-01,8.798070413882435048e-01
1.003061056139999963e+00,7.954475682654174040e-01
8.752340078350000496e-01,8.323931038548243455e-01
7.991399765009998823e-01,8.163725746540583250e-01
8.812961578369999938e-01,7.954106677191241648e-01
1.063080191609999892e+00,8.005854122522245708e-01
9.057049751279999672e-01,8.375203628092724450e-01
6.909559965129999926e-01,8.312074479999518317e-01
1.355970025060000195e+00,7.920072192883412798e-01
7.572399973869999856e-01,9.010986564422183154e-01
2.043754577640000125e+00,8.744974806113000598e-01
8.576130270960000690e-01,1.153008355784373107e+00
2.364957094190000220e+00,1.040226730960033485e+00
4.179231166840000178e+00,1.272595410520998671e+00
2.233561992649999883e+00,2.116300416097094406e+00
8.013390302660000630e-01,1.876002105323445912e+00
8.372840285299999463e-01,1.276888842215881947e+00
8.851529955859999133e-01,1.081965526224175189e+00
9.040349721909999303e-01,1.255383308294734102e+00
1.302939534190000082e+00,9.701334855757695053e-01
7.228699922560000157e-01,9.105823334201723629e-01
8.009120225910000279e-01,8.483752016531835860e-01
1.032919287679999965e+00,7.998559509203708728e-01
1.321628212929999879e+00,8.419461960314891247e-01
9.367759823799999275e-01,9.492479529989236164e-01
7.007700204850000336e-01,8.903498168966500481e-01
7.624319791789999634e-01,7.957322467316773063e-01
1.144938945770000105e+00,7.825489710165338675e-01
7.721610069269999599e-01,8.815479972290856114e-01
8.772150278090000697e-01,8.551381292999797878e-01
1.243505001070000171e+00,8.311654516067727982e-01
6.381840109830000385e-01,8.911036324661265606e-01
7.468199729919999807e-01,8.415430099238377926e-01
6.839929819109999976e-01,8.025936764863357276e-01
1.419505119320000119e+00,8.065041517396200899e-01
6.141470074649999500e-01,9.764548276324918064e-01
7.347676754000000976e-01,9.153125156653539873e-01
6.770560145379999062e-01,8.377027820137329384e-01
1.074026942249999950e+00,8.304803258384001463e-01
6.156389713290000287e-01,9.112829347416513404e-01
9.692379832270000550e-01,8.631919409435567792e-01
9.916120171550001361e-01,8.549999798062315470e-01
8.089560270310000023e-01,8.736074604096589757e-01
2.435143947599999859e+00,8.390227072185906243e-01
8.223479986189999869e-01,1.298437653341670384e+00
5.938220024110000272e-01,1.135256909614515308e+00
5.762249827380000466e-01,9.259097032524331583e-01
4.224239885809999429e-01,8.924733201651644521e-01
6.765879988670000511e-01,9.660527439396485727e-01
5.520349740979999531e-01,8.580237115962687788e-01
9.015229940410000031e-01,8.794198587219498320e-01
7.489960193629999763e-01,9.198794987498886133e-01
8.627583980560000754e-01,9.055329592964409535e-01
9.480749964710000199e-01,8.673671905695763407e-01
1.055613875389999956e+00,8.668261569252705412e-01
1.970020055770000056e+00,8.534844540063332152e-01
9.391199946399999554e-01,1.142624482695212107e+00
1.009042978289999892e+00,1.017911095510698249e+00
7.824029922490001177e-01,8.948576212183877443e-01
1.016265034679999957e+00,8.506258396692117918e-01
8.782749772069999850e-01,9.151882015640302459e-01
7.353619933130000064e-01,8.108021035728633086e-01
1.109990954399999952e+00,7.945238246431390872e-01
7.727199792860000027e-01,8.453561675757317317e-01
1.164981961250000086e+00,8.289042293983498455e-01
7.157210111620000426e-01,8.715939151640558213e-01
1.475479006770000101e+00,8.332020912626202369e-01
8.354520201680000202e-01,9.490777412640077904e-01
7.344660162930000125e-01,9.049298065231635713e-01
7.861927747729999805e-01,8.278693335034834622e-01
1.143465042110000107e+00,8.192302322878967091e-01
9.246990084649998609e-01,9.026245198582402152e-01
2.958764553069999970e+00,8.697488974408016382e-01
2.138324022289999959e+00,1.507375348014714067e+00
2.038712024690000124e+00,1.547853400706747706e+00
1.480209946629999829e+00,1.380530427415359140e+00
9.367650747299999248e-01,1.161755256001753223e+00
1.715939760209999942e+00,1.021136114939570350e+00
1.001402020450000041e+00,1.043546034673983103e+00
8.896229863169999863e-01,9.943993634291548034e-01
7.492939829829999843e-01,8.645612195365605102e-01
1.115183949470000213e+00,8.148772167724966931e-01
9.457820057870000019e-01,8.977900943174041970e-01
6.452180147170000213e-01,8.449126111903006997e-01
1.164842009540000056e+00,8.026608357489725121e-01
1.244351029399999975e+00,8.587478179489355101e-01
9.045109748840001185e-01,9.295758029117971999e-01
5.575259923929999362e-01,8.787753247486471686e-01
5.778343677520000332e-01,7.939863191536469245e-01
7.199835777280000348e-01,7.736429926242752719e-01
7.607790231700000128e-01,8.341106108135672992e-01
5.404400229450000426e-01,8.685437238353130862e-01
8.009672760959999360e-01,8.531515021292084278e-01
7.710149884220000027e-01,8.546824153378934641e-01
6.709719896319999988e-01,8.596380582447049612e-01
2.768970489500000021e+00,8.464759477755040562e-01
3.086133003230000060e+00,1.460439325127291132e+00
1.116358041760000086e+00,1.864127097086142548e+00
1.018260955809999979e+00,1.432659916807804912e+00
7.442610263819999794e-01,1.073798442350918814e+00
1.114386796949999869e+00,1.026166972448855796e+00
1.380516409870000238e+00,1.104789480513884925e+00
1.229098439219999950e+00,9.418466697542187127e-01
1.573238968849999919e+00,9.474893785081326403e-01
1.245597958560000107e+00,1.004356596114129418e+00
8.298619985580000247e-01,9.473555952967254168e-01
5.376980304720000436e-01,8.437776894530377714e-01
8.593800067899999284e-01,7.749990479352194539e-01
7.949647903440000274e-01,8.357503807294426323e-01
8.122889995569999577e-01,8.547209245168514435e-01
1.209460973739999945e+00,8.544968184852516080e-01
1.043611049649999956e+00,9.208888696211739999e-01
9.914460182189999138e-01,8.875866028808792052e-01
1.377645969390000058e+00,8.481784954942923616e-01
7.495359778399999229e-01,9.121875947194422185e-01
7.549669742579999676e-01,8.448946261074026243e-01
8.522210121150000095e-01,7.900739745859485241e-01
1.312628030780000010e+00,8.120198325403328310e-01
9.499999880789999906e-01,9.425283989211465929e-01
8.433979749680000637e-01,9.029892050998227226e-01
6.329939961430000039e-01,8.267749562463311275e-01
6.848490238189999246e-01,7.798332088498569625e-01
8.296039700509999504e-01,7.985812104169892622e-01
1.117776036259999994e+00,8.303726516386166212e-01
1.060515046120000138e+00,9.071970378368993115e-01
9.966710209850000446e-01,9.161624798925623869e-01
6.726049780850000825e-01,8.585863601320476990e-01
8.499810099600000335e-01,7.841272038859566917e-01
7.929700016980000266e-01,7.862380538330171476e-01
7.509549856190000927e-01,8.102411236470767886e-01
9.556260704989999466e-01,8.188189067634267237e-01
6.085839867589999397e-01,8.471235860796555439e-01
7.782499790189999489e-01,8.150242843486991129e-01
5.098140239720000411e-01,8.148058077827908807e-01
6.364319920540000286e-01,8.108968477627345184e-01
6.015599966049999248e-01,8.275490752307171904e-01
6.556333899499999784e-01,8.493676926922826276e-01
6.385549902920000243e-01,8.600143197341946211e-01
8.762890100480000832e-01,8.665676260956978183e-01
7.967479825020000739e-01,8.833035770605855985e-01
6.824830174449999509e-01,8.780756315736406581e-01
8.025500178340000401e-01,8.370476114338083473e-01
7.950311899190000142e-01,8.275390459919168551e-01
1.584897041320000088e+00,8.266799838598388739e-01
1.017485976220000143e+00,1.022144951657484757e+00
9.177780151369998585e-01,9.799995076723271303e-01
1.230221033100000083e+00,8.714562088300314979e-01
1.027899026870000121e+00,8.904172431658545772e-01
9.125559926030000213e-01,8.953837519583378590e-01
7.935979962350000472e-01,8.113404455134735072e-01
1.030437946320000187e+00,7.827509518926522025e-01
5.325379967690000438e-01,8.215065348650911758e-01
6.127780079839999505e-01,7.995645542576035325e-01
8.741289973260000234e-01,7.916860055420252840e-01
3.667230010029999820e-01,8.491627122120516402e-01
7.391750216480000857e-01,8.470776863386361155e-01
5.604230165479999748e-01,8.641903073490313503e-01
7.758178114889999755e-01,8.635877651907480912e-01
8.102909922600001202e-01,8.878457778479275087e-01
6.437510252000000488e-01,9.062971410087884427e-01
7.236457467079999706e-01,8.457617964278961731e-01
9.113870263100000146e-01,8.364744751902605246e-01
6.627830266949999993e-01,8.515948201886156532e-01
1.002035975460000117e+00,8.400221364488400511e-01
8.224419951440000709e-01,8.662387429265668848e-01
1.030576944350000135e+00,8.459815317119598888e-01
6.781139969830000114e-01,8.528601551122879654e-01
5.333459973340000104e-01,8.197954163785627912e-01
3.209959864620000047e-01,7.792613415795233145e-01
7.608630061149999069e-01,7.876977382794182470e-01
7.439860105509998878e-01,8.672554189391118440e-01
5.468400120740000148e-01,9.213795695662159169e-01
7.004669904709999173e-01,8.944284108908183706e-01
8.356525897980000561e-01,8.738407755858326187e-01
1.274258971210000091e+00,8.630524531543034561e-01
8.934450149539999719e-01,9.663600325726816598e-01
6.211659908290000365e-01,9.215312465871670078e-01
7.900159955019999680e-01,8.093308066017707025e-01
1.067494988440000014e+00,7.950692879509001498e-01
6.698009967800000464e-01,8.768499293900127167e-01
1.265694975850000015e+00,8.485702943483360849e-01
6.380620002750000408e-01,9.162417151336014198e-01
9.348030090330000652e-01,8.523171314581406977e-01
8.006410002709999363e-01,8.416938801921819424e-01
1.085708975790000030e+00,8.431604071634247743e-01
3.527039885520000251e-01,8.802703005783935053e-01
5.883709788319999578e-01,8.231710579793816152e-01
4.875420033929999120e-01,7.991885113585989187e-01
4.636880159380000754e-01,8.375090277507430958e-01
3.637039959430000136e-01,8.734670692497030764e-01
8.750243186949999696e-01,8.714296239661604160e-01
6.435279846190000708e-01,9.295427449268794939e-01
4.834130108359999678e-01,9.359242905689723058e-01
2.120890021319999930e-01,8.794317018244113271e-01
4.560469985010000005e-01,8.314245551804905210e-01
4.367910027499999903e-01,8.504422073427773121e-01
7.238804101939999569e-01,9.016476257686297791e-01
5.560690164570000205e-01,9.563684038781207208e-01
4.748429954049999679e-01,9.394908190338290277e-01
2.674640119080000100e-01,8.713017416397096371e-01
9.588437080379998978e-01,8.402178395851048753e-01
7.868980169300000549e-01,9.306838855499277585e-01
1.794360995290000149e+00,9.709871750682271818e-01
1.337677955630000026e+00,1.180063175418220478e+00
1.210453987120000185e+00,1.135533969035954938e+00
5.654799938200000264e-01,9.728472807894466001e-01
4.008429944520000565e-01,8.337784573538151722e-01
2.727654874320000200e-01,7.984494652732715414e-01
5.836449861529999783e-01,8.044219812567391381e-01
8.533802628519999711e-01,8.866801927693291896e-01
8.660610318179999823e-01,9.667883906989240828e-01
1.158349990839999899e+00,9.818383923769384847e-01
7.764859795569999390e-01,9.858243855546288126e-01
1.068807005880000105e+00,8.622594274534307601e-01
5.888479948040000744e-01,8.351716404740860966e-01
1.588868498799999918e+00,8.026678717076455305e-01
4.327859878540000205e-01,9.866356842639689706e-01
3.996030092239999942e-01,9.142338836434861227e-01
5.545349717140000134e-01,8.311546528377402598e-01
6.221979856490000849e-01,8.643081109190804412e-01
1.149551987649999996e+00,9.350254890995376433e-01
1.121260046960000034e+00,1.003325192852516867e+00
9.776459932330001656e-01,1.008425779940649969e+00
1.732741951940000025e+00,9.132663312018208801e-01
2.302707910540000125e+00,1.040421323691975042e+00
1.053477048870000043e+00,1.302845457225224601e+00
7.962800264360000435e-01,1.103534383388241835e+00
5.203329920770000117e-01,8.927253792630445162e-01
6.104800105090000262e-01,8.512460081089845421e-01
4.453057944770000276e-01,9.197340415562673677e-01
6.522138714790000069e-01,8.200240854084493991e-01
1.175541162490000069e+00,8.617449339798818331e-01
1.032202124599999937e+00,9.822168908332137294e-01
7.193930149079998948e-01,9.814600697448465638e-01
8.200139999390000378e-01,8.811905605866899860e-01
9.497330188749999458e-01,8.059215527577530125e-01
1.039114952089999822e+00,8.249781625879156755e-01
5.883830189700000046e-01,8.579077651888458167e-01
9.508559703829999599e-01,8.153117264013084453e-01
5.277600288389999728e-01,8.157672718504139775e-01
7.736063003540000205e-01,8.119586821824454903e-01
9.703559875489999875e-01,8.347049957847259005e-01
1.383889913560000018e+00,8.891879125768895609e-01
7.795230150220000542e-01,9.897198223617875712e-01
6.069999933240000090e-01,9.130635062639852473e-01
4.660570025440000097e-01,7.936774932172122599e-01
9.455270171170000459e-01,7.795971206303795586e-01
6.238729953770000280e-01,8.832173220436765337e-01
3.923240005969999555e-01,8.811839168670753120e-01
5.156549811360000568e-01,8.411476699815692015e-01
9.679385423659998544e-01,8.364073602370727389e-01
1.356565952299999989e+00,9.188528238729746223e-01
9.072690010070001421e-01,1.058941204484726839e+00
8.162760138510000152e-01,9.826719178819853795e-01
2.479866981509999846e+00,8.463033486502322678e-01
1.133080005649999888e+00,1.274584502163390809e+00
1.045583963389999926e+00,1.194292000500397632e+00
8.474370241169999485e-01,1.010385635553401107e+00
1.536522984499999911e+00,9.222022342421594132e-01
9.008989930149998715e-01,1.080818247741387905e+00
4.812009930610000041e-01,9.036342060285422750e-01
8.572540283199999722e-01,8.028726523729109443e-01
8.617479801180000232e-01,8.224743585741587371e-01
1.008694052699999899e+00,8.932238471198282737e-01
1.127727031710000105e+00,8.960251092818766194e-01
7.795569896699999779e-01,9.183894963413959944e-01
9.895502924919998833e-01,8.164925644082974276e-01
8.363329768179998958e-01,8.069508128546133419e-01
9.099559783939999980e-01,8.034052518803733722e-01
5.511059761050000061e-01,8.135246941388025732e-01
1.239764332770000088e+00,7.913020369022730760e-01
1.211838960649999963e+00,8.865824195791628393e-01
1.379981994630000042e+00,9.583287625186212022e-01
1.148460984229999982e+00,9.952557322767220382e-01
7.663900256160000035e-01,9.359468913246471455e-01
9.660840034480000504e-01,8.098362801917855514e-01
8.156750202179999798e-01,8.071097052305297170e-01
1.142272949220000111e+00,8.231736484328406878e-01
1.299479961400000105e+00,8.614993348567939746e-01
8.583310246469999516e-01,9.306859332541381757e-01
7.149469852449999996e-01,8.553929229728671757e-01
8.764400482179999230e-01,7.871937079865438669e-01
8.305460214609999836e-01,8.005998172103298005e-01
8.535240292550000385e-01,8.339614222036416669e-01
9.092410206789999227e-01,8.246518241752448519e-01
5.202720165249999917e-01,8.292247297621002655e-01
7.411040067669999454e-01,7.946757354282860675e-01
5.853319764140000325e-01,8.039568852846442626e-01
5.047770142559999673e-01,8.232872301463627362e-01
5.519493222240000607e-01,8.326974463850572716e-01
9.697520136830000137e-01,8.467770986221213603e-01
1.116515994070000017e+00,9.131506970524224664e-01
1.049844980239999837e+00,9.790629469311634692e-01
6.342629790310000404e-01,9.469228111493704914e-01
5.644329786300000817e-01,8.258662300685227775e-01
9.184709787369998990e-01,7.644519387505096519e-01
9.593539834020000656e-01,8.350861029436579264e-01
5.984159708020000412e-01,8.942939582416142841e-01
9.383450150489998087e-01,8.533084282970583301e-01
4.542250037189999867e-01,8.462969897307431877e-01
7.079470157619999204e-01,8.114866334525127067e-01
3.876500129699999575e-01,8.299286091756266082e-01
4.484339952469999502e-01,8.357604911622888988e-01
8.405709862710000202e-01,8.446647426840643291e-01
5.337110161779999862e-01,9.194706395540327426e-01
7.211350202559999589e-01,9.044501193734526545e-01
5.215386152269999576e-01,8.993408863139225051e-01
7.050759792330000275e-01,8.550759157268965627e-01
6.405649781229999506e-01,8.521915684347414199e-01
5.168589949609999623e-01,8.660457232991826126e-01
1.660409450529999997e+00,8.432037455168960305e-01
2.465307950970000217e+00,1.082238795765044559e+00
1.622156023979999917e+00,1.464555999363246652e+00
1.866270065309999948e+00,1.344081516041559787e+00
3.623536109919999859e+00,1.207698820131825501e+00
7.948709726329999947e-01,1.720317048276615690e+00
9.065989851949999290e-01,1.384989902163611397e+00
8.571879863740000660e-01,1.056032631652618070e+00
7.756379842759999477e-01,1.077810759529520546e+00
7.006700038909999817e-01,1.209799070420057410e+00
6.443409919740000769e-01,7.942946964446674363e-01
7.579550147059999077e-01,7.957163112423705220e-01
5.499600172040000068e-01,8.237828986155589783e-01
4.964669942860000518e-01,8.272346751263409681e-01
1.367677569390000070e+00,8.221911288610350699e-01
1.397894024850000250e+00,9.878229678731701435e-01
8.148130178450000427e-01,1.085795709011309729e+00
1.278898954390000009e+00,9.605714207142044270e-01
8.623980283740000363e-01,9.223275840528497582e-01
1.093865990639999897e+00,8.593731807794083855e-01
8.134710192680000285e-01,8.671631514728268542e-01
1.466687083240000078e+00,8.190973159064256492e-01
9.060310125349999577e-01,9.424337350465658014e-01
7.652140259739999006e-01,8.965268162607681335e-01
1.311033964160000176e+00,8.194414943105519100e-01
7.892500162119999718e-01,9.011408197362257289e-01
1.474902033810000068e+00,8.834041967732758627e-01
9.167850017550001063e-01,9.583475992352755712e-01
1.186140060420000086e+00,9.085046020144056378e-01
1.411391973500000008e+00,8.965324110812176173e-01
2.092472076419999993e+00,9.569580449165826508e-01
7.189220190049999681e-01,1.191796611142229123e+00
1.301861047739999888e+00,9.947423759879439054e-01
1.268974781040000055e+00,9.313622307380033938e-01
1.221997022629999874e+00,9.848443581183164985e-01
9.061110019679999850e-01,1.018160576114764071e+00
1.078873991970000112e+00,8.497985708843839303e-01
1.028025031089999874e+00,8.312591334629387818e-01
7.863690257070000689e-01,8.394404560530486226e-01
1.276852965350000035e+00,8.021418483613340644e-01
7.093420028689999546e-01,8.690777789315029533e-01
5.201929807659999572e-01,8.357697111783031207e-01
5.645610094070000473e-01,7.871714241461206241e-01
9.855200052259998067e-01,7.973812944010114645e-01
1.092841982840000004e+00,8.987216522046128642e-01
4.786899983879999709e-01,9.587148933339074697e-01
3.955059945579999514e-01,8.717838264994043351e-01
1.850703001020000071e+00,7.936844387721941896e-01
1.195796012879999815e+00,1.105276380026815497e+00
1.702510833739999896e+00,1.151618292111374675e+00
2.998351097109999586e+00,1.180934103790400203e+00
2.407080888749999925e+00,1.566137155937848524e+00
2.585943937299999718e+00,1.555912038911970052e+00
2.233839035029999920e+00,1.500524046152703406e+00
1.655773043629999997e+00,1.367146349837519592e+00
1.430611014370000156e+00,1.220199087875969202e+00
8.921740055079999676e-01,1.064882908558115071e+00
1.231696963309999893e+00,9.709847593101714747e-01
8.955079913140000514e-01,9.472921872910261554e-01
1.602033019070000064e+00,8.747730051302010645e-01
1.585399031639999956e+00,9.896421695844849209e-01
1.232059955600000034e+00,1.063405016363942801e+00
1.210371017459999976e+00,9.821416897278331115e-01
1.242141008379999967e+00,9.110949412081972287e-01
9.857040047650000858e-01,9.115395304912152774e-01
7.289689779279999726e-01,8.683322975282050660e-01
6.761519908910000876e-01,7.855230232195565820e-01
1.071573019029999907e+00,7.738381803524757574e-01
9.457439780239998983e-01,8.536477661196779643e-01
4.376370012759999706e-01,8.723847134301833117e-01
5.141820311550000522e-01,8.165346466903586897e-01
3.387190103530000052e-01,7.894133030299480547e-01
7.144280076029999593e-01,8.179489655402366610e-01
4.996199905870000180e-01,8.941089734158811364e-01
7.917379736899999854e-01,9.095727268640164676e-01
8.646243214609999894e-01,9.197583717699432393e-01
6.024960279459999901e-01,9.301524385612091050e-01
1.260069966320000123e+00,8.567289243584560454e-01
1.012339949610000067e+00,9.394374391326070217e-01
1.004528999329999950e+00,9.180605653768838526e-01
6.310235261919999727e-01,8.801166016167568662e-01
1.141221046449999887e+00,8.105012263813777817e-01
5.426099896430000014e-01,8.473686504408993736e-01
8.547459840769999762e-01,8.270013711766448505e-01
7.744219899179999311e-01,8.356913238325534010e-01
3.084340095520000102e-01,8.517098134755485273e-01
8.376209735870000506e-01,8.211551228648156231e-01
7.293469905850000767e-01,8.626404621830313646e-01
7.503905892370000830e-01,8.892619399511427769e-01
1.134822010990000019e+00,8.962661077160880563e-01
1.614240050320000064e+00,9.484109304773936655e-01
1.244793057440000128e+00,1.052551478704120358e+00
7.141630053519999466e-01,1.016173167646313269e+00
7.293040156360000026e-01,8.523253289771649532e-01
6.486989855770000091e-01,7.897022303988334713e-01
3.427990078929999962e-01,8.268038418975930393e-01
3.861860036850000011e-01,8.090134962898750670e-01
6.366299986840000535e-01,8.193735682763292338e-01
3.990480005740000280e-01,8.822581615694504720e-01
4.178859889509999870e-01,8.983506195897498214e-01
1.103790521619999909e+00,8.885682615156558217e-01
6.956189870829999622e-01,9.856223884385757472e-01
8.070139884950000564e-01,9.567603280718461889e-01
5.947690010070000310e-01,9.142609406545987305e-01
1.107607960700000005e+00,8.417517378022648655e-01
9.713580012320001122e-01,8.791671693707008295e-01
7.170349955560000321e-01,9.033620449110062456e-01
6.764810085300000386e-01,8.395172924828983030e-01
1.687772989270000190e+00,8.012908027946819001e-01
9.907569885250001596e-01,1.022639541280032205e+00
8.082039952280000161e-01,1.004000226159463161e+00
1.087718963619999979e+00,8.891354381405321972e-01
1.564818024639999861e+00,8.783109450931264606e-01
6.673809885979999912e-01,1.025856149668919581e+00
1.256489992140000123e+00,8.938359538319788911e-01
1.091886043549999963e+00,8.961866552297816924e-01
7.375509738919999725e-01,9.104172358655240327e-01
6.224380135540000802e-01,8.681844102299949295e-01
8.364729881290000613e-01,7.876069785414224755e-01
5.774260163309999916e-01,8.135942751773008741e-01
1.015761017800000054e+00,8.253749999053049402e-01
1.106158971790000001e+00,8.805962456904514735e-01
6.945540308949998964e-01,9.275393292376781229e-01
1.130903959270000092e+00,8.536109354221648182e-01
9.518219828609998379e-01,8.713316225797682613e-01
7.524570226669999862e-01,8.472022593717785099e-01
5.585229992869999993e-01,8.160605066349104764e-01
1.415836334229999771e+00,7.832833675862854728e-01
1.855298042299999839e+00,9.381674154872117199e-01
7.845479845999999702e-01,1.183571452887908659e+00
8.210539817810000862e-01,1.021550722663948640e+00
5.835890173909999978e-01,8.693049420232792368e-01
8.359720110889999889e-01,8.257679839403819777e-01
2.184663057329999880e+00,8.978540155687416702e-01
6.805480122570000123e-01,1.240812890366252752e+00
1.238904953000000031e+00,1.100097274025187311e+00
1.030328035349999949e+00,1.005494478586731466e+00
7.914109826090000022e-01,9.641600085424053557e-01
8.423720002169999832e-01,9.499522258494788041e-01
4.464710056779999658e-01,8.065756695832987377e-01
5.589337944979999584e-01,7.844563134214055378e-01
7.099329829220000221e-01,7.983407354594336258e-01
7.334340214730000751e-01,8.522750277398696284e-01
7.833399772640000647e-01,8.879586807646591140e-01
8.426809906959999985e-01,8.949763833486137354e-01
1.099761009220000085e+00,8.672956504562413516e-01
8.706315755840000614e-01,8.873221052371843554e-01
5.862460136410000411e-01,8.530423647933647047e-01
8.863990306849999223e-01,7.916702531037325130e-01
1.019399046900000050e+00,8.064297668731226221e-01
8.493610024450000129e-01,8.685905239190981897e-01
1.010666966439999870e+00,8.596970500653666747e-01
1.331516027449999973e+00,8.553035810408224915e-01
1.215008974079999859e+00,9.085347663003645602e-01
1.645591020579999952e+00,9.228171364923676290e-01
9.708780050280001461e-01,1.021022428377302393e+00
1.411272048950000135e+00,9.152153986452296053e-01
7.953929901119999313e-01,9.295422581910665061e-01
1.046331048010000098e+00,8.644975352643126110e-01
8.879339694979999642e-01,8.704953928274277164e-01
8.349300026890000836e-01,8.289158752138156006e-01
9.847199916840001510e-01,8.293509360586820423e-01
1.090394020079999970e+00,8.149365288541799979e-01
4.901649951929999971e-01,8.432487734612429398e-01
6.141669750209999279e-01,8.038335425855041017e-01
6.314740180969999894e-01,7.824043243756102495e-01
8.252440094949999860e-01,8.205948274305275847e-01
1.051450967789999913e+00,8.837387854708662616e-01
1.047114968300000060e+00,9.391251647559325511e-01
3.921430110930000379e-01,9.169097044293674781e-01
4.695149958129999912e-01,8.176744586257661540e-01
7.720900177959999500e-01,7.776163502616405543e-01
7.520099878309999264e-01,8.563653414320236967e-01
6.877393722529999698e-01,9.139284192343818392e-01
6.718119978899999012e-01,9.001609092120484990e-01
1.185933232310000029e+00,8.481655557613502205e-01
6.571980118750000432e-01,9.087667222788218258e-01
8.213180303569999063e-01,8.751085573683624608e-01
7.795739769939998842e-01,8.399154195611251428e-01
1.030122995379999962e+00,8.297417593159562843e-01
6.211889982220000217e-01,8.682299044944526978e-01
8.660820126530001106e-01,8.337496302372257029e-01
9.608931541440000057e-01,8.175997367588621056e-01
6.760399937630000577e-01,8.506146104656543416e-01
7.402380108830000083e-01,8.296783542835722836e-01
5.984709858890000511e-01,8.146049042995039402e-01
6.151059865950000427e-01,7.988395450931797814e-01
9.358735680579999272e-01,8.173570235972252851e-01
5.818247795100000008e-01,8.787142762314521516e-01
7.156659960750000327e-01,8.597621227354830253e-01
6.529520154000000298e-01,8.451690106851575957e-01
9.700022935870000751e-01,8.350672221015553731e-01
7.834500074390000623e-01,8.774518375758466604e-01
7.448130249979999506e-01,8.768325694097146572e-01
8.276180028919999376e-01,8.302832908313207971e-01
8.943400979039998200e-01,8.237945183209554045e-01
2.505017042159999985e+00,8.284498424464792343e-01
1.620712041850000062e+00,1.348619435537831146e+00
1.417585968970000110e+00,1.326579138458071849e+00
1.049872040749999957e+00,1.130336597609946869e+00
1.226507544519999993e+00,9.675915519895754713e-01
1.043179035189999881e+00,9.893389652737893947e-01
9.694439768789999690e-01,8.823315335570384166e-01
8.192250132559999454e-01,8.356192499390053818e-01
8.129550218580000598e-01,7.848070363654563453e-01
6.712080240250000163e-01,7.874596196345446941e-01
5.289899706839999993e-01,7.834006540890079417e-01
3.461930155749999849e-01,7.894265039000842865e-01
4.789490103719999392e-01,8.001141497341694997e-01
1.153810977940000093e+00,8.385185813967191981e-01
9.671270251270001062e-01,9.895392729986951519e-01
7.845839858059999727e-01,1.015757878937058267e+00
4.701859951019999873e-01,9.253466123411538957e-01
5.632782578470000301e-01,8.063020985869089330e-01
2.416239976880000251e-01,7.909410557842736500e-01
2.709859907630000064e-01,8.196649352922928955e-01
1.994680017229999991e-01,8.490031667960675765e-01
1.327169984580000017e-01,8.802337581175020409e-01
4.732620120050000101e-01,9.045621496664263406e-01
6.585559844969999244e-01,9.615661933696115771e-01
9.621880054470000054e-01,1.010620658045763065e+00
5.111979842189999790e-01,1.053127477082733465e+00
9.829789996150000153e-01,9.470158229910866643e-01
9.100099802019999684e-01,8.958046096547310766e-01
1.026576042179999870e+00,8.855760121205964452e-01
8.309389948840000262e-01,8.870016269534037878e-01
9.651920199390000565e-01,8.514825848941748321e-01
1.000543951989999902e+00,7.976606025743075978e-01
1.983185052869999687e+00,8.158631045917750235e-01
1.274855017659999978e+00,1.130586508678193880e+00
1.286525964740000028e+00,1.085102966103219657e+00
1.382244944570000245e+00,9.784266258250466919e-01
1.736924052240000016e+00,9.646927113300112211e-01
1.257668018339999971e+00,1.082688063000732059e+00
7.533379793170000838e-01,9.818936598151269957e-01
1.084908962249999886e+00,8.421225291796271550e-01
1.062494039539999990e+00,8.511604252150211103e-01
7.787629961969999570e-01,9.090837425221204304e-01
8.256469964979999965e-01,8.266774804149047418e-01
9.891830086710000636e-01,7.931771715545550272e-01
1.418092012410000047e+00,8.171668362738121472e-01
1.151677966120000063e+00,9.538084527669919988e-01
1.250364065170000094e+00,9.431755832125608974e-01
8.794019818310000458e-01,9.109759264221632957e-01
1.089423060420000144e+00,8.334352510452429641e-01
1.809062957760000145e+00,8.425877996613876375e-01
8.687390089040000207e-01,1.053010804599606054e+00
8.521729707719999380e-01,9.638222622603668244e-01
1.307837963100000112e+00,8.501614903129186551e-01
1.262575984000000151e+00,9.193835382717954197e-01
7.601559758189999627e-01,9.969065991725827303e-01
1.069887042049999959e+00,8.459369290869053204e-01
8.579840064049999437e-01,8.301993342434186296e-01
1.149323940279999956e+00,8.317514302688896466e-01
1.067142963410000034e+00,8.704615791489616061e-01
7.400619983670000401e-01,8.654453023834250969e-01
6.799880266190000411e-01,8.019723833096602528e-01
7.323921322820000634e-01,7.727460788897315691e-01
8.352749943730000126e-01,7.956348674456481529e-01
6.000829935070000065e-01,8.361085139093814567e-01
1.010563969610000168e+00,8.296114630891501251e-01
7.613970041280000434e-01,8.687098043277611259e-01
7.260069847110000030e-01,8.556476836902432437e-01
1.064324021340000037e+00,8.268822989179041016e-01
5.901079773899998715e-01,8.704237519055717520e-01
7.744659781460000447e-01,8.273888312977789594e-01
7.406870126719998781e-01,8.192550683403618805e-01
8.908360004430001533e-01,8.282830497596067598e-01
7.620100975040000613e-01,8.565841356583653310e-01
7.774500250820000069e-01,8.501099482582453737e-01
5.811070203779999943e-01,8.176045528218335301e-01
7.908779978749999051e-01,8.016699558352605726e-01
8.903719782829999652e-01,8.216883163357242559e-01
7.882059812549999656e-01,8.636307369154101465e-01
7.301949858670000459e-01,8.564962801688958960e-01
9.248933196070001639e-01,8.300253553374863369e-01
1.265586972239999941e+00,8.257692472860060917e-01
7.884140014650000694e-01,9.167172038017520341e-01
9.180610179899998391e-01,8.679685600517701438e-01
6.569269895549999516e-01,8.225650766161219929e-01
8.252680301670000107e-01,7.910520167483467979e-01
4.257229864599999525e-01,8.177633380813017494e-01
9.114630222319998198e-01,8.039384288102879861e-01
7.238519787790000937e-01,8.564963943517223122e-01
9.657319784160000031e-01,8.796869326545307954e-01
7.194200158119999911e-01,8.966702315932270073e-01
7.146480083470000411e-01,8.668010374661031525e-01
6.188799738879999790e-01,8.031257229130940312e-01
8.502969741820000094e-01,8.039188029187702700e-01
6.113014817240000065e-01,8.378063275927833953e-01
8.405809998509999881e-01,8.410780041146004304e-01
5.909900069240000553e-01,8.520670556857515843e-01
1.191807866100000002e+00,8.363088458195387931e-01
1.072478055950000009e+00,9.126275395556781023e-01
7.976800203319999172e-01,9.417330144163341688e-01
7.140370011329999489e-01,8.577017424167135973e-01
8.885610103609999921e-01,8.041767011110576568e-01
7.367290258409999737e-01,8.070179763602841616e-01
9.655410051350000744e-01,8.180337741298251419e-01
8.569459915160000385e-01,8.445665547747953639e-01
5.838339924809999859e-01,8.389196577233247742e-01
3.047562122340000457e+00,7.979778349804083071e-01
8.865389823909999301e-01,1.531230390803451025e+00
1.186460971829999878e+00,1.358801906200479692e+00
8.750730156899999557e-01,1.144971652511042937e+00
1.111973047260000014e+00,1.051745427878881811e+00
6.929270029070000447e-01,1.113608069230326514e+00
5.632749795910000357e-01,8.023843760943961678e-01
5.519689917560000048e-01,7.783108485198745319e-01
9.211350083349998386e-01,7.909743354546697747e-01
5.465030074119999748e-01,8.756292224044339711e-01
9.997850060459999577e-01,8.720839365813248811e-01
7.512239813800000166e-01,9.028612858892508530e-01
8.402569890019999654e-01,8.759068188199923277e-01
7.843149900439999600e-01,8.456198497249842738e-01
5.915480256080000165e-01,8.383872347016346760e-01
6.109840273859999948e-01,7.981150508362494511e-01
9.328789710999999540e-01,8.041100391101723144e-01
7.992020249369999885e-01,8.627881031390565170e-01
9.833549857140000405e-01,8.791738607572873176e-01
5.405290126799999761e-01,8.867675925357864086e-01
1.093670010570000128e+00,8.201466192255003618e-01
9.266330003740002041e-01,8.549095305749605522e-01
7.972419857979999858e-01,8.798367057966370863e-01
5.896059870719999596e-01,8.465165926613354985e-01
7.799540162090000672e-01,8.063030033518538975e-01
5.182790160179999717e-01,8.019092350921330770e-01
7.263879776000000676e-01,8.172906883267211375e-01
6.216366887090000182e-01,8.434261446124706740e-01
8.810679912569999717e-01,8.542104519232077697e-01
7.315016984940000411e-01,8.792530737190629164e-01
9.703850150109999406e-01,8.742736816700652502e-01
8.715350031849999901e-01,8.679756791370284441e-01
5.505740046500000595e-01,8.553237290434075879e-01
2.576299905780000121e-01,7.985849968890106343e-01
6.952109932899999123e-01,7.801291461969810381e-01
3.547430038449999601e-01,8.439380630355535207e-01
1.308350920679999918e+00,8.826710899191207993e-01
1.424710035319999957e+00,1.044880427451096550e+00
2.422243118290000385e+00,1.144557372410682117e+00
1.588093161580000023e+00,1.404826729905863658e+00
2.882889986040000352e+00,1.276397639318555655e+00
1.510810017590000109e+00,1.457885282042871378e+00
5.103110075000000245e-01,1.273671900709178795e+00
6.637499928469999810e-01,9.896953401002812623e-01
5.865659713749999948e-01,8.993288688521287044e-01
9.182999730110000813e-01,1.023992362277627022e+00
1.126363039020000123e+00,9.183418826239924115e-01
9.455379843709997845e-01,9.572264880247117746e-01
7.979699969290000583e-01,9.034554763012766498e-01
8.895260095599999417e-01,8.280394491565284953e-01
5.017459988589999531e-01,7.883353462950882795e-01
7.889080047609999813e-01,7.869206111136007875e-01
5.571460127830000220e-01,8.122643348322126089e-01
8.079270124439998924e-01,8.298455712926310346e-01
7.382910251620000697e-01,8.628017882558386420e-01
6.742079854009999096e-01,8.746338653808929386e-01
8.787713646889999675e-01,8.406627848455086038e-01
7.401880025859999268e-01,8.597293939743182456e-01
8.886500000949999478e-01,8.367888361138040576e-01
7.983270287510000340e-01,8.450504608368030190e-01
5.137799978260000344e-01,8.325294250906316584e-01
7.760372757910000141e-01,7.967538082904285224e-01
8.528280258179999906e-01,8.185038612505437516e-01
7.851629853249999513e-01,8.597576675406259916e-01
8.431609868999999646e-01,8.664842393034143386e-01
1.024798870089999925e+00,8.568605727485918422e-01
8.044279813770001120e-01,8.479852565301080336e-01
8.841310143469999216e-01,8.241985892991406937e-01
3.615649938579999501e-01,8.098204836212794522e-01
1.171491026879999842e+00,7.844412660032749063e-01
4.477910101409999788e-01,8.892674714400042868e-01
7.665730118750000432e-01,8.838825891219198594e-01
7.735599875449999940e-01,8.796622712839627933e-01
1.054823040959999902e+00,8.985255166907006874e-01
7.843300104139999673e-01,9.181349939582192921e-01
1.034250974660000155e+00,8.874082594723231576e-01
1.096979022029999973e+00,8.454640365705100580e-01
7.633029818529999400e-01,8.632401751942510026e-01
5.883730053899999257e-01,8.149610528407092991e-01
6.365630030629999547e-01,7.756966491167257560e-01
5.750700235369999858e-01,7.854413827665572834e-01
5.399640202519999654e-01,8.225048720760362864e-01
1.324671149250000068e+00,8.386273081839595855e-01
8.178460001949999780e-01,9.913985059555618928e-01
6.359609961509999909e-01,9.600039966313197448e-01
8.135920166969999867e-01,8.631941448391092786e-01
9.872140288349999793e-01,8.355567626775828316e-01
9.839289784429999797e-01,8.721798146408136221e-01
5.904790163040000150e-01,8.757597382292492405e-01
8.986790180210000312e-01,8.188809448388489898e-01
6.268000006680000125e-01,8.072114511328661868e-01
6.926850080490000172e-01,8.140842779748894698e-01
5.757049918169999669e-01,8.248356704083490420e-01
6.764680147170000213e-01,8.272823351511965351e-01
8.279470205309999997e-01,8.351056280223071449e-01
6.547859907149999881e-01,8.747776681827054146e-01
1.085815548900000094e+00,8.578144317734137658e-01
8.509550094600001335e-01,9.032182042139217382e-01
8.879359960560000431e-01,8.730864780539739911e-01
6.557850241659999302e-01,8.370743147352822655e-01
6.597809791559999804e-01,8.034778374989536287e-01
8.856279850010000398e-01,7.885055267999838691e-01
7.502999901769999980e-01,8.347468371813753230e-01
9.303160309790001747e-01,8.478413242029995134e-01
7.259460091590000941e-01,8.625180930373307353e-01
7.123904824259998936e-01,8.286283834406196203e-01
9.326570034030000622e-01,8.015288508568623183e-01
6.544970273969999974e-01,8.358383019418801352e-01
4.987269937989999846e-01,8.250982725422109088e-01
9.782410264020000579e-01,8.037922345196936158e-01
5.593240261080000275e-01,8.635155299987605781e-01
8.733990192409999409e-01,8.625002471304303864e-01
6.232500076290000690e-01,8.785177294766036704e-01
6.319249868390000024e-01,8.550715361731547892e-01
8.335350155830000274e-01,8.262386583953765795e-01
8.613430261610000027e-01,8.601170145901545494e-01
1.036013007159999999e+00,8.680289284289151031e-01
6.160370111469999355e-01,8.971248704635810256e-01
9.874529838559999995e-01,8.295690734236859099e-01
6.686739921569999634e-01,8.262139147609450784e-01
6.455339789389999972e-01,8.211462692591647849e-01
1.007030010220000049e+00,8.132439633049374228e-01
7.763000130650000719e-01,8.694307680670556593e-01
9.358490109439999705e-01,8.580377625358335258e-01
6.626719832419999401e-01,8.602406559750153114e-01
1.113351941109999910e+00,8.165840493387567234e-01
5.495319962500000432e-01,8.549119008312326962e-01
9.273632764820000096e-01,8.327924948229546986e-01
8.215330243109999486e-01,8.415833850988929665e-01
9.193540215489999223e-01,8.572430337691778757e-01
6.899859905239998925e-01,8.600018015562650442e-01
6.497738957409999738e-01,8.308183662013505222e-01
9.705049991609999704e-01,7.885523250883281765e-01
8.034440279009998909e-01,8.432270829134866919e-01
8.920990228650002019e-01,8.546995374849989391e-01
7.462270259859999921e-01,8.516173903345283236e-01
1.495407462120000197e+00,8.182582425872376719e-01
7.597569823270000633e-01,9.612537635267605074e-01
9.677280187609998974e-01,9.085402127481573276e-01
1.126011013979999920e+00,8.573303868781033676e-01
7.641419768330000029e-01,8.880550287283790478e-01
1.423818945879999909e+00,8.584819083916632732e-01
8.309190273280000483e-01,9.284307511508395061e-01
5.316870212550000030e-01,8.768712504741912328e-01
6.942920088770000442e-01,8.021222168597721414e-01
1.097100019450000019e+00,8.047690583076901882e-01
8.623710274700000511e-01,9.148404646309666877e-01
9.711959958079999788e-01,9.019744534086890919e-01
7.501904964450000213e-01,8.807118232485470211e-01
5.659890174870000346e-01,8.094145575612559096e-01
7.235890030859999378e-01,7.785731103286492871e-01
1.088876962660000114e+00,8.020316936985392164e-01
2.614549994470000138e-01,8.949383410436031472e-01
1.923168003559999895e-01,8.574404206500844117e-01
2.048390060660000012e-01,8.128784637404599112e-01
3.752999901769999980e-01,8.493241694843459699e-01
1.878910064700000104e-01,9.385425722519800118e-01
4.178839921949999980e-01,9.386350055012790961e-01
6.128349900249999704e-01,9.489346309850011929e-01
4.822100102899999352e-01,9.756025612323889762e-01
8.136649727820000066e-01,9.468849553212222991e-01
8.997989892959999958e-01,9.597917498218164756e-01
7.667459845540000041e-01,9.393812925940748793e-01
6.762999892229999421e-01,8.865888195072310074e-01
9.804093837739999984e-01,8.361562396134964992e-01
1.075533032420000090e+00,8.362604839346877705e-01
6.459739804270000496e-01,8.833845861980363923e-01
7.601699829100000416e-01,8.354674648001189086e-01
8.707180023190000950e-01,8.012582140005596321e-01
1.045557022089999899e+00,8.195014840980388016e-01
4.832339882849999713e-01,8.769861361410046241e-01
1.085988998409999962e+00,8.303960005679011935e-01
7.320979833600000930e-01,8.593424792654280608e-01
7.128990292550000385e-01,8.589536942190918456e-01
1.045389056210000112e+00,8.423098456509289234e-01
7.359200119969999676e-01,8.855601193510330704e-01
8.956930041309999480e-01,8.402153441815782831e-01
8.745509982110000191e-01,8.355282566016749568e-01
9.237470030779999508e-01,8.284820649491078104e-01
9.997780323029999971e-01,8.245327760375013026e-01
1.739534020420000049e+00,8.371667016159274333e-01
8.107889890670000321e-01,1.047883519643235450e+00
7.049050331119999235e-01,9.460809781468100255e-01
8.328269720080000438e-01,8.264149564915969082e-01
8.276600241660000412e-01,8.327608650970335091e-01
8.953109979630000659e-01,8.919051883576787354e-01
1.459501028060000039e+00,8.387047092886216193e-01
1.179519057270000060e+00,9.733431004106740669e-01
1.443411946299999915e+00,9.591025657849964192e-01
1.306735038760000078e+00,9.746350003089454539e-01
7.634999752040000365e-01,9.480877571076087307e-01
1.145148038860000161e+00,8.433538905662293361e-01
7.253450155259999477e-01,8.427215832084183900e-01
7.633590102199999672e-01,8.365151513979911524e-01
6.174820065499999622e-01,8.118400920449199143e-01
1.029322981830000039e+00,7.968757844258341771e-01
1.302055954929999926e+00,8.637236130587079286e-01
3.164124965670000122e+00,9.673521220307655932e-01
9.734439849849999549e-01,1.641786162004179372e+00
1.229671001429999855e+00,1.360354015639654524e+00
7.441530227660000385e-01,1.085867577828572683e+00
1.063034057620000139e+00,1.000632591924177417e+00
1.123872041700000102e+00,1.112168405133221016e+00
8.984770178790000283e-01,8.665383433329072460e-01
7.175139784810000698e-01,8.463828424299423281e-01
5.367509722709999931e-01,7.893568046791181736e-01
1.175443053249999981e+00,7.673342901543944716e-01
1.101048946379999949e+00,8.840577809454007729e-01
5.734490156170000130e-01,9.436515504916346275e-01
1.431144952770000200e+00,8.616515604447113619e-01
1.037794947620000130e+00,9.499391788553550597e-01
6.568620204930000206e-01,9.354644499789908085e-01
1.074908018110000141e+00,8.516643460123897169e-01
1.385972023009999887e+00,8.657780523996984057e-01
1.004804968829999812e+00,9.662707416188787146e-01
1.609539985660000116e+00,9.166402278784849811e-01
2.817575931549999524e+00,1.004853747857379798e+00
1.962562561039999709e+00,1.455078701048988288e+00
1.279752016069999998e+00,1.413134283165518479e+00
1.995329976079999845e+00,1.122981347496599946e+00
2.033385992049999924e+00,1.146250800542723214e+00
1.307443976400000096e+00,1.296540156747807204e+00
1.611258029939999892e+00,1.084685003046482299e+00
2.040218114850000042e+00,1.022149948478466852e+00
2.183244943620000100e+00,1.175236434554045140e+00
1.351415991779999937e+00,1.291217742588727013e+00
7.242180109020001089e-01,1.093979054702336251e+00
1.363389015200000109e+00,8.881719920619345343e-01
1.526808977129999967e+00,9.640029254191435637e-01
1.784019589420000163e+00,1.088605506103102583e+00
1.103597044940000105e+00,1.127246002022936455e+00
1.763007998470000004e+00,9.884008950302916041e-01
1.157549023629999896e+00,1.027576210825401626e+00
1.153326034550000045e+00,9.807709846606780246e-01
2.362811088559999551e+00,9.293680772092484110e-01
2.580787897110000007e+00,1.225136582622745385e+00
1.242146968839999976e+00,1.496381784707746743e+00
1.712821006770000265e+00,1.214121306293157287e+00
6.676509976389999323e-01,1.093996933287626039e+00
8.271329998970000652e-01,9.873284500455697943e-01
9.642647504809997994e-01,9.451879220153850403e-01
1.394161701200000048e+00,8.657452287597722229e-01
7.584049701689999923e-01,1.009066180827717263e+00
6.900759935379999765e-01,8.888653293634725117e-01
6.740249991419999809e-01,7.962441630700345385e-01
8.615220189090000424e-01,7.943994463882666501e-01
7.907469868659999790e-01,8.580713282978557066e-01
7.285000085830000138e-01,8.513778422003465129e-01
2.411980032920000294e-01,8.329509285594937085e-01
3.354600071909999981e-01,7.970415017326530904e-01
5.912460088730000507e-01,8.066785963770425338e-01
1.058426976200000036e+00,8.859144756121082320e-01
7.669919729230000316e-01,1.015460480032240431e+00
5.881239771840000019e-01,9.980294822729153248e-01
5.922303199769999305e-01,8.736981086759750825e-01
8.753510117530000079e-01,8.084644779668944681e-01
7.038279771799998974e-01,8.534100646165524440e-01
5.677499771120000371e-01,8.682392635894081723e-01
7.133870124819999825e-01,8.386576807091374874e-01
1.077505946160000061e+00,8.329026202003410040e-01
6.909419894220000247e-01,9.008772561103272070e-01
7.724580168719999973e-01,8.804998051697959793e-01
7.237120270730000859e-01,8.400251355403949294e-01
9.752489924429998958e-01,8.136507914115772566e-01
9.151769876479998178e-01,8.527906592730679636e-01
7.574009895319999686e-01,8.648921050170139679e-01
6.912069916730000374e-01,8.198789529979035873e-01
1.183527946470000147e+00,7.926688205128243903e-01
