5.654720067979999154e-01,8.788266430210569524e-01
7.307389974590000614e-01,6.857038538965983809e-01
1.074290990829999792e+00,7.872391788335026952e-01
9.521890282630000035e-01,8.976984609373034329e-01
9.879170060160000766e-01,8.453158260314421746e-01
1.011654973029999960e+00,9.009653857421003886e-01
0.000000000000000000e+00,8.982402666790244572e-01
7.643579840659999736e-01,4.390457007791577770e-01
7.788103222849999119e-01,8.269799954256575880e-01
3.306220054629999794e+00,7.034734371613685644e-01
1.055441975589999970e+00,1.962570211465085590e+00
7.543110251430000801e-01,8.096216959030313465e-01
7.915459871289999283e-01,1.016153194844653829e+00
1.409499049189999909e+00,8.162847022413932674e-01
8.875439763070001042e-01,1.069265872552072283e+00
6.401469707490000660e-01,8.089948380831724073e-01
5.082880258560000808e-01,7.776362490547009676e-01
8.640019893649999450e-01,6.739985044116829638e-01
5.725920200349999822e-01,8.167706851838710813e-01
8.469420075419999971e-01,6.567899946824284907e-01
9.181020259860001032e-01,8.291421423482139286e-01
7.976629734039999420e-01,8.222396707319776787e-01
9.608020186419998776e-01,7.919607892169399088e-01
9.555831551549999192e-01,8.785438109474148494e-01
3.470349907879999862e-01,8.578985324070389495e-01
9.546210169789999256e-01,5.960810259950090062e-01
1.293938040730000072e+00,8.961082643872968490e-01
5.251880288119999962e-01,9.685993401566970196e-01
4.773890078070000542e-01,6.639052265762962479e-01
1.275226235389999907e+00,7.050818107758661801e-01
8.723750114439999814e-01,9.956803836460556001e-01
8.355640172959999390e-01,7.754640513920112443e-01
7.321749925609999377e-01,8.542101495257745647e-01
7.640249729160000225e-01,7.675966857456691939e-01
4.072830080990000323e-01,7.823349935014308754e-01
4.752210080619999610e-01,6.076551460064449905e-01
8.781340122220000488e-01,6.550273655935049399e-01
7.414129972460000717e-01,8.009655700022838554e-01
1.258002042770000051e+00,7.301757280563899721e-01
1.069700956339999953e+00,1.013560282771692744e+00
7.274609804150000691e-01,8.934932295326696305e-01
7.892770171170000459e-01,7.954949214755786535e-01
6.237750053410000550e-01,8.176795710917489357e-01
6.914690136910000007e-01,7.050952047335368178e-01
8.557710051540000640e-01,7.484517411151064836e-01
7.093830108640000187e-01,8.045718504584976616e-01
1.014547944070000041e+00,7.381631307388186736e-01
1.115731000900000103e+00,9.002671513415344551e-01
4.182830154900000208e-01,9.206868666562999515e-01
1.002280950550000105e+00,6.279277121175824705e-01
1.218860983849999968e+00,9.315546880169941479e-01
1.143296003339999922e+00,9.393326647577251443e-01
6.528189778330000248e-01,9.551847530235911821e-01
6.746559739110000731e-01,7.545949522293605716e-01
6.009536385540000802e-01,7.753524051205049616e-01
6.694570183749999348e-01,6.913928490301727292e-01
6.538079977039999990e-01,7.276610660232406547e-01
7.814120054240000224e-01,7.105285217246078977e-01
1.206303954120000022e+00,7.764656285362760979e-01
8.469259738919999725e-01,9.655855941554021271e-01
8.286409974099999687e-01,7.970775159617006222e-01
6.482390165329999787e-01,8.450423366698288641e-01
5.623700022700000023e-01,7.268613831512981127e-01
7.183309793469999649e-01,6.924647912339680911e-01
1.099647998810000082e+00,7.487984144681590903e-01
9.541710019110001273e-01,9.095269311020506287e-01
7.290139794350000146e-01,8.440175766459160345e-01
6.694499850270000385e-01,7.846048392576960850e-01
8.631219863889999511e-01,7.510880906322908723e-01
6.464660167689999515e-01,8.193776591242429852e-01
8.223180174830000411e-01,7.068670074531869796e-01
9.235979914669999458e-01,8.150237500151361614e-01
8.300920128820000743e-01,8.331386098400747064e-01
1.067314028740000031e+00,8.041478923749270091e-01
1.546175003050000107e+00,9.268951427183501623e-01
6.827279925350000500e-01,1.129903372994184307e+00
6.385620236399999206e-01,7.376253364666834900e-01
6.464239954950000699e-01,7.983198469537675646e-01
6.881093978879999629e-01,7.165440131288923764e-01
7.273989915849999877e-01,7.308762680320552985e-01
6.500350236890000133e-01,7.481171175049927680e-01
8.693690299990000092e-01,7.154433492321363719e-01
4.408580064769999640e-01,8.228020945274796549e-01
4.518609941010000020e-01,6.107486626426739118e-01
7.575070261959999662e-01,6.537576836463799834e-01
4.952389895920000229e-01,7.498799082045931597e-01
6.850870251659999521e-01,6.197347652929341422e-01
7.243813276289999825e-01,7.470674347271024640e-01
8.653740286830000628e-01,7.315888112398116760e-01
7.400469779970000328e-01,8.139423614889303993e-01
8.070759773250000269e-01,7.551695377109153284e-01
8.204330205920000729e-01,8.047858019342272184e-01
1.114411950110000049e+00,7.957815567361516962e-01
1.108605027200000093e+00,9.372082832355635995e-01
4.751499891279999943e-01,9.248299232133917469e-01
1.039268016820000140e+00,6.641980919634468128e-01
9.457899928090000019e-01,9.457709994656028352e-01
7.877500057220000462e-01,8.179055922198735784e-01
3.504549860949999762e-01,8.057561586639149231e-01
9.367713332179998797e-01,6.024068378686227021e-01
9.868059754369999936e-01,8.708640595298962062e-01
6.470239758489999549e-01,8.280212807532405517e-01
1.029777050020000084e+00,7.294313289676475076e-01
1.187446951870000156e+00,9.227925270512823408e-01
9.328820109369999614e-01,9.468915238224772102e-01
7.528370022769999004e-01,8.622970061480824677e-01
6.420040130619999452e-01,8.051642972002411858e-01
2.307340055699999837e-01,7.354975571953498159e-01
4.714997112749998998e-01,5.338896066732548018e-01
8.772729635240000823e-01,6.474586121046931320e-01
7.876309752460000091e-01,7.828556911828178366e-01
2.742219865320000283e-01,7.510164075210759016e-01
3.992269933219999567e-01,5.608024833241714857e-01
9.923512339589999343e-01,6.276026140374866280e-01
7.627239823340000724e-01,8.427896349932852971e-01
7.200859785079999353e-01,7.279787953121635846e-01
6.264780163759999798e-01,7.768654373165769789e-01
7.269890308380000388e-01,7.124625419928396486e-01
9.301019906999999920e-01,7.576424803806276476e-01
6.872699856759999504e-01,8.376623072020644711e-01
8.662552833559999943e-01,7.288354873695355174e-01
8.352038264269999734e-01,8.404246667062432730e-01
9.402499794959999768e-01,7.950249776334469276e-01
1.023357987399999836e+00,8.624704183385512035e-01
7.322629690170000538e-01,8.936270317973001864e-01
9.300749897960000068e-01,7.674309421414682308e-01
8.702930212019999168e-01,8.774617506688294766e-01
5.104020237919999481e-01,8.132762582465888901e-01
1.025817990299999982e+00,6.706831312724579330e-01
4.551239907739999535e-01,9.142730214673904232e-01
7.345349788670000324e-01,5.972900391737553383e-01
7.012919783589999234e-01,7.982274336185628538e-01
1.014386057849999911e+00,7.151262640106806900e-01
1.123770236970000225e+00,8.882712055297069531e-01
4.825370013710000294e-01,9.235820354712497293e-01
4.689320027830000681e-01,6.569185781522439704e-01
8.755196928980000237e-01,6.856488964213330872e-01
1.145424962039999883e+00,8.075974735564780405e-01
1.943787455560000099e+00,9.153294763635522191e-01
1.557039022450000143e+00,1.316595200486768480e+00
2.104775905609999942e+00,1.133012330417192848e+00
1.062240004540000005e+00,1.483825713773536670e+00
7.867829799650000178e-01,9.394492607385576122e-01
2.247971057890000068e+00,9.083920692235812888e-01
5.664669871329999218e-01,1.491274216940427166e+00
8.389729857439999217e-01,6.287694950471961475e-01
3.188189864160000386e-01,9.653274300310448197e-01
6.386680006980000046e-01,5.478403377079881231e-01
7.540266513819999794e-01,7.404954377014696387e-01
1.085826039310000102e+00,7.290667603651047601e-01
6.014299988750000381e-01,9.095307918645254563e-01
6.923220157619999204e-01,6.864250355947970617e-01
8.782439827919999997e-01,7.795516431974472971e-01
1.279224038119999962e+00,8.126024117062156105e-01
7.251669764520000117e-01,9.995247567390115329e-01
4.283109903339999969e-01,7.482368110196471189e-01
7.012249827380000466e-01,6.738117788102180317e-01
8.846225738529999161e-01,7.536521469557543318e-01
7.809653878210001121e-01,7.977227683997568652e-01
9.259700179100002204e-01,7.708679021094981820e-01
9.178640246389998536e-01,8.597831351439841896e-01
9.073020219799998731e-01,8.401884726736321696e-01
4.099450111390000040e-01,8.502554773841106694e-01
8.741459846500000408e-01,6.222333920502836069e-01
1.231343984599999830e+00,8.519722388930826007e-01
7.683960199359999299e-01,9.490623437329558376e-01
9.357339143750000865e-01,7.694550663563969328e-01
7.523270249369999885e-01,8.996701464637670842e-01
6.247839927670000293e-01,7.625981091746405482e-01
1.977947235109999591e+00,7.279267617594005202e-01
2.476479291920000048e+00,1.339626179680446727e+00
6.822599768639999729e-01,1.509043801324903900e+00
1.294077992440000102e+00,7.927374806925636674e-01
2.116506099700000032e+00,1.193786758058255737e+00
2.030230045320000176e+00,1.372223691127129053e+00
1.727593064309999926e+00,1.361624345216892795e+00
1.321619033810000010e+00,1.306832413500046197e+00
1.114274978639999913e+00,1.121625674245321447e+00
1.618482947350000201e+00,1.010987736623077948e+00
1.102354049679999948e+00,1.211219075089815078e+00
8.501269817350000091e-01,9.322831651907820261e-01
6.531813144679999850e-01,8.868341109543382839e-01
6.168276071549999573e-01,7.540569853486552843e-01
1.023204803470000090e+00,7.193420436413671126e-01
1.176781058310000017e+00,8.872541323481710762e-01
1.108754038809999898e+00,9.391724095034139630e-01
9.838110208509999177e-01,9.429695961876222166e-01
1.829927563669999868e+00,9.035007470722342671e-01
1.342131018639999951e+00,1.293079166054236007e+00
1.265669584270000092e+00,1.021618219902959090e+00
7.930377125740000199e-01,1.090380742266045200e+00
1.030689358710000114e+00,8.265952784323217228e-01
8.210232257839999992e-01,9.458794720898912045e-01
1.099169254300000009e+00,7.930089227443265498e-01
5.255355238910000004e-01,9.526968999984888331e-01
7.758393883709999717e-01,6.579943379438244477e-01
7.209759950640000081e-01,8.219583122503987260e-01
8.666771054269999386e-01,7.297135692385751105e-01
8.462041020389999835e-01,8.238183911562841910e-01
7.614132165909999195e-01,8.034563475947886779e-01
6.587246060370000045e-01,7.800226711793805112e-01
1.078659296040000104e+00,7.340936468638279422e-01
1.281940340999999872e+00,9.221482492613954918e-01
6.600005030629999547e-01,9.898548008851377755e-01
1.112500548360000119e+00,7.384902369910771869e-01
6.280704736709999958e-01,9.901401873160040612e-01
6.864575743680000341e-01,6.881172206432367711e-01
9.000409841539999123e-01,7.785688000916375362e-01
7.342569231990000445e-01,8.255178165311315430e-01
1.011121273039999879e+00,7.473941927134043484e-01
8.827599883079999543e-01,9.022277020810025583e-01
7.521411776540001259e-01,8.161548967422956880e-01
9.489411115650000506e-01,7.889608654512676456e-01
6.799052953720000625e-01,8.712257816112943809e-01
7.211565971369999772e-01,7.272930028348182363e-01
6.504104733470000843e-01,7.760597682212457826e-01
7.167106270790000178e-01,7.150197038487330348e-01
9.056316018100001308e-01,7.521563725862947525e-01
6.526464819910000603e-01,8.292161676731237829e-01
7.056654095649999014e-01,7.128696400988517867e-01
6.581057906149999637e-01,7.656110360900098000e-01
6.592794060709999959e-01,7.163669273529360559e-01
6.634064316750000190e-01,7.240158432101505559e-01
7.808002829549999246e-01,7.210641379772704251e-01
7.565907239910000248e-01,7.748028907475359439e-01
9.280405640600000172e-01,7.597589100950333796e-01
7.073829770089999913e-01,8.511774175581720003e-01
3.888399899009999383e-01,7.411070998189963621e-01
3.422417938710000107e-01,6.210979869628200367e-01
2.337300032380000281e-01,5.893662237138191928e-01
1.459127068520000015e-01,5.095338911002423865e-01
3.949534893039999828e-01,4.688684405075917994e-01
9.678409695629999199e-01,5.743762192460423188e-01
7.839220166210000285e-01,8.186877364946788527e-01
8.333759903910000766e-01,7.381862478015137619e-01
9.723259806630000224e-01,8.255429244425549484e-01
6.905210018160000685e-01,8.689850545875787979e-01
1.345324039460000121e+00,7.394636587926416427e-01
7.227010130879999439e-01,1.065301434599951858e+00
6.804850101469999135e-01,7.256597799141408789e-01
7.610610127449999318e-01,7.957800874139661085e-01
8.075709938999999782e-01,7.715176212437356851e-01
5.886639952659999953e-01,7.855901771194462313e-01
9.960750937460000065e-01,6.917462030845624721e-01
1.045413970949999882e+00,8.913814457724593687e-01
4.713059961800000197e-01,8.768171123471465433e-01
1.047140955920000005e+00,6.529086572201748817e-01
1.126214265820000060e+00,9.431702564068585870e-01
2.560461759570000329e+00,9.002648424422678985e-01
7.747610211370000721e-01,1.624021186001981754e+00
7.172060012819999608e-01,7.458747880047770229e-01
8.005080223080000001e-01,9.334814064561045566e-01
5.680390000339999856e-01,7.934887647426831503e-01
1.195780038829999947e+00,6.781607720517262017e-01
7.970449924470000003e-01,9.834349704670909409e-01
4.899359941480000979e-01,7.530717424794255432e-01
9.918130040170001216e-01,6.908452393182066276e-01
7.445690035819999553e-01,8.919975647218073567e-01
6.096370220180000743e-01,7.288413989061907072e-01
8.565919995309999591e-01,7.269388333118381729e-01
8.144299983980000102e-01,8.201631012249099850e-01
7.605929970739999657e-01,7.780243987941071193e-01
9.157519936560000184e-01,7.798171142938755684e-01
7.421634793279999753e-01,8.487724813902631782e-01
7.329360246660000522e-01,7.579037103277488363e-01
8.745691180230000805e-01,7.757988031904875514e-01
9.644910097120000803e-01,8.236016399758233630e-01
1.477671980859999845e+00,8.587016143795521694e-01
6.752679944040000937e-01,1.106493203423364990e+00
5.030400156970000758e-01,7.264863843154584222e-01
7.066659927370000371e-01,7.297573351231431138e-01
2.968195915220000369e+00,7.483677244799596950e-01
1.255300998690000114e+00,1.777878672884497302e+00
4.084815025330000182e+00,9.082811701231201518e-01
1.692322969440000158e+00,2.542036468718529729e+00
4.121052026750000041e-01,1.120099702761870430e+00
1.035750985149999970e+00,9.160251936562849862e-01
6.408920288089999806e-01,1.005288283532803195e+00
7.065470218660000468e-01,6.718564344024370305e-01
1.060830354689999977e+00,7.795608301696960174e-01
1.880954027180000043e+00,9.000089684555209191e-01
1.886373996729999725e+00,1.273434843554120066e+00
1.328773975370000082e+00,1.280176168667214398e+00
3.931840062139999592e-01,1.103672265037398015e+00
6.382430195809999374e-01,6.962713767519940200e-01
1.045531988140000035e+00,7.869335732906146408e-01
6.588029861449999913e-01,8.704898230242297252e-01
8.046740293499999863e-01,7.025123458403843557e-01
8.740410208700001293e-01,8.248537383357610331e-01
8.532550334930000258e-01,8.122801627686092596e-01
8.952109813689997919e-01,8.148555776423107577e-01
7.301589846610000434e-01,8.418880334199178028e-01
4.149410128589999802e-01,7.625145663864746348e-01
2.700940072540000125e-01,6.288414040792986714e-01
4.911319911480000466e-01,5.578663395104795919e-01
5.079169869420000483e-01,6.320664531566437816e-01
1.224020004270000017e+00,6.170048123577754895e-01
1.267657995220000222e+00,9.674724218206730564e-01
2.633487939829999736e+00,9.625298403493732780e-01
3.999615430829999596e+00,1.670937139843265085e+00
6.651418209080000032e+00,2.274694592780274860e+00
2.102678060530000170e+00,3.671484998785346843e+00
1.283689975739999989e+00,1.481490480153044187e+00
1.291347503659999951e+00,1.577752916097494795e+00
1.353754043579999733e+00,1.132031557904072949e+00
2.390191078189999985e+00,1.077964288779291069e+00
1.461441040039999972e+00,1.559765380650853572e+00
1.599208951000000045e+00,1.092058066494337121e+00
1.471150994300000070e+00,1.296961746774934143e+00
1.298205018039999992e+00,1.138415950064617821e+00
1.579622030259999921e+00,1.077197042760316137e+00
1.360355019570000268e+00,1.201254847183814256e+00
8.036410212519999874e-01,1.071424734545750157e+00
4.276689887049999750e-01,8.517790397274433989e-01
2.694070041180000041e-01,6.787704513849514010e-01
3.897170126439999938e-01,5.644960949291312202e-01
4.179170131680000067e-01,5.871207506144868749e-01
1.546036005019999937e+00,5.795902497173216483e-01
1.017611026760000037e+00,1.109557715783686893e+00
8.653150200839999640e-01,8.258363692122876465e-01
6.194109916690000439e-01,8.896999316022224935e-01
8.454149961469999974e-01,7.295029519259531581e-01
8.048596382139999728e-01,8.268439435182868280e-01
1.435889005660000217e+00,7.750387855945021220e-01
2.565752029420000024e+00,1.090173603052460249e+00
6.206179142000000759e+00,1.590302421025804991e+00
9.309499859810000943e-01,3.383554908065271594e+00
9.077759981159998492e-01,8.100087653972695145e-01
4.609797894950000141e-01,1.399899007741776558e+00
5.264570117000000327e-01,6.468100971814156885e-01
7.942249774930000283e-01,6.909391063881623607e-01
9.704009890560000295e-01,7.660031803888913693e-01
6.695889830590000535e-01,8.435888675084787236e-01
6.997730135920000594e-01,7.260075005553225935e-01
6.903669834139999351e-01,7.688114468198479212e-01
6.361600160600000553e-01,7.330614962970715132e-01
9.726700186730000697e-01,7.116472035038684529e-01
6.393389701839999884e-01,8.670435499176996075e-01
5.123779773709999930e-01,6.961400309473031456e-01
5.699130296709999932e-01,6.844738481811259989e-01
8.318089842800000522e-01,6.818387295517979174e-01
4.694110155110000071e-01,7.868310263572009244e-01
9.054309725759998040e-01,6.170948740323898285e-01
8.482750058169999940e-01,8.565503449638374178e-01
6.566630005839999562e-01,7.775700082907757160e-01
6.324055790899999474e-01,7.358786337486336038e-01
3.268550038340000130e-01,7.261514526539925019e-01
3.047409951689999952e-01,5.682818330858192546e-01
2.159480005499999911e-01,5.669926363114990986e-01
2.148479968310000043e-01,4.965513586913931077e-01
1.512310057880000003e-01,4.970424016541892809e-01
4.153338372709999837e-01,4.591943886967496113e-01
7.344200015070000420e-01,5.815639741598249701e-01
9.913370013240001555e-01,7.113484810552027637e-01
7.910000085830000138e-01,8.442216827707843541e-01
7.429170012469999973e-01,7.748108027054397828e-01
7.426548600200000294e-01,7.861691281324816316e-01
8.799139857289999256e-01,7.676498251934023020e-01
7.376829981800000491e-01,8.257702284993228004e-01
1.240342974660000097e+00,7.553849039491279393e-01
8.343409895899999151e-01,1.005723431752668651e+00
3.054729998110000122e-01,7.855996430968701372e-01
8.929460048680000206e-01,6.098604015544211165e-01
1.285866022110000007e+00,8.570671041750059782e-01
4.146400094030000538e-01,9.629806909755812550e-01
1.090137004850000091e+00,6.075533630010606645e-01
5.923830270769999684e-01,9.892713581770179454e-01
3.773260116580000045e-01,6.478753508680196171e-01
2.693597316740000469e+00,6.364420406144354336e-01
2.288666009900000020e+00,1.668914514989169984e+00
8.955270051960000366e-01,1.367322665324569142e+00
8.070570230480000884e-01,9.705503235030004117e-01
1.194862961769999954e+00,9.425733019298563331e-01
8.929409980770000033e-01,9.837201858294682966e-01
9.776080250740001309e-01,8.212225332541150946e-01
1.832507014270000179e+00,9.105929523169635775e-01
1.403792977329999747e+00,1.272770496270565488e+00
7.223749756810000644e-01,1.049423670798682595e+00
6.599410176280000595e-01,8.383783333784821101e-01
7.407349944109999917e-01,7.922803641258839846e-01
5.553659796709999874e-01,7.629318197888442787e-01
1.236768960949999885e+00,6.688208100428062464e-01
6.214020252229999208e-01,9.967950856430198847e-01
7.108730077739999764e-01,6.697960746692769307e-01
3.064779937269999643e-01,8.025137451420074619e-01
6.473349928859999380e-01,5.525382239028786557e-01
5.458269715310000159e-01,7.319954310078922166e-01
1.024247765539999966e+00,6.322347152858529551e-01
8.176820278170000567e-01,8.897656412026562212e-01
7.440620064740001149e-01,7.667829353984924046e-01
7.367150187490000279e-01,7.890141574227621524e-01
5.768560171130000525e-01,7.675754360835483903e-01
9.152600169180000744e-01,6.872744384455404809e-01
1.137029051779999911e+00,8.475229436376762182e-01
4.960080087179999930e-01,9.208652866909371459e-01
4.941360056399999312e-01,6.525774727924181784e-01
8.834533095360000976e-01,6.979923566351898812e-01
1.271524906160000024e+00,8.116744755999835137e-01
8.864369988439999570e-01,9.757737385556528587e-01
8.988280296330000141e-01,8.230207809508013339e-01
9.049779772759998231e-01,8.823538512134887490e-01
8.299319744109999730e-01,8.459175825898975765e-01
8.756300210950000995e-01,8.124838912272535074e-01
5.502920150760000073e-01,8.368857663732789387e-01
1.073919415470000027e+00,6.786097109086647317e-01
8.491920232770000521e-01,9.354862659641133282e-01
6.393229961399998773e-01,7.798179305127965755e-01
7.995309829709998928e-01,7.448867899717257490e-01
9.646000266079999275e-01,8.034322876647569389e-01
8.413559794430000016e-01,8.521137241986262989e-01
7.011449933050000194e-01,8.054799426080798685e-01
7.240070104600000445e-01,7.624614987658145937e-01
1.010308027270000020e+00,7.657350433601023409e-01
6.538060307499999890e-01,8.821838914639290596e-01
7.932850122450000319e-01,7.102034508160107729e-01
6.538396477699999210e-01,8.162671557612092288e-01
1.160789966579999888e+00,7.112711422121039684e-01
8.085789680480000019e-01,9.633940508810341363e-01
3.743770122530000188e-01,7.683460426034224300e-01
2.556999921800000020e-01,6.341889182285884718e-01
4.893150031570000502e-01,5.607089762744081884e-01
1.151844024660000132e+00,6.276614173736346780e-01
7.372779846189999597e-01,9.110630575602243209e-01
1.088750958439999916e+00,7.193953724511991110e-01
1.975852966309999958e+00,9.632233375791378061e-01
8.547700047490001118e-01,1.319780151335642415e+00
7.977370023729999371e-01,8.019511340884396544e-01
1.052428960799999924e+00,9.081766404267213044e-01
3.179450988770000208e+00,9.143126265602513625e-01
1.797067999840000541e+00,1.895181877416670213e+00
1.056702017779999947e+00,1.185823819756874231e+00
8.751260042189999977e-01,1.113612168313535156e+00
6.645399928090000019e-01,9.180485301262953923e-01
7.571684122089999969e-01,7.537207008425067523e-01
1.368484020229999931e+00,7.856907656085836411e-01
9.052469730380000579e-01,1.042511041774620395e+00
1.032060980800000083e+00,8.152295227332037042e-01
6.141330003739999821e-01,9.526741450907445508e-01
9.733130335809999645e-01,7.095054665242318537e-01
6.452289819719999597e-01,9.025942387198028216e-01
4.894390106200000035e-01,6.965882396303969548e-01
8.408679962160000576e-01,6.738483046893283257e-01
7.771940231319999226e-01,8.073586525192705254e-01
6.755350232119999854e-01,7.494044035555206262e-01
6.592059731480000018e-01,7.406617370620555141e-01
1.084153056139999904e+00,7.305485736696516463e-01
9.314100146290000826e-01,9.160005842782814600e-01
1.359479665760000122e+00,8.281788134782592792e-01
7.633988261220000515e-01,1.074126004173388216e+00
5.357339978220000409e-01,7.680500084516459491e-01
6.781889796259998882e-01,7.295024423852196627e-01
7.839810252189999273e-01,7.430133602761035405e-01
1.169367671010000054e+00,7.632465178098766234e-01
1.015287995340000027e+00,9.509082329135228884e-01
9.259430170060000131e-01,8.761053154474902627e-01
1.319244027140000108e+00,8.796799679478709555e-01
9.717460274700000511e-01,1.048786103987000784e+00
1.176299691200000108e+00,8.646839367442655799e-01
1.714609026910000056e+00,1.011676396715197823e+00
1.307337045669999975e+00,1.218307416985407565e+00
6.186890006069999393e-01,1.029406165353448754e+00
2.298435926440000276e+00,7.827113564760711517e-01
1.808241009709999680e+00,1.545897829450420202e+00
8.794149756429999742e-01,1.182755337601221202e+00
1.570945024490000064e+00,9.418939082598029033e-01
1.578516006470000121e+00,1.247045081257640797e+00
6.200309991839999535e-01,1.130663915074413994e+00
9.928810000419999726e-01,7.584348358984763783e-01
4.551869928839999968e-01,9.664344880628078505e-01
1.017398953439999865e+00,6.096234833193058256e-01
8.378469943999999892e-01,9.247806783010874554e-01
4.884769916529999589e-01,7.671408304408916523e-01
1.246340990070000210e+00,6.706858502262003086e-01
1.209630966189999990e+00,1.013467586882706328e+00
1.252451062200000020e+00,9.329256090503452725e-01
1.519726991650000025e+00,1.030489897247106823e+00
1.063797950739999942e+00,1.148858025787738102e+00
1.571495056150000069e+00,9.322516440414667649e-01
1.278105020519999968e+00,1.211271444928126106e+00
1.192077994349999948e+00,1.010099283225212474e+00
8.304439187050000060e-01,1.032781148427467155e+00
1.402015686039999931e+00,8.401004540991040548e-01
1.156504034999999986e+00,1.108461986815728606e+00
1.162554860120000200e+00,9.369709465715586605e-01
6.007519960399999581e-01,1.006702507337718711e+00
1.253835797310000055e+00,7.237682722588260065e-01
1.791844010349999960e+00,1.045507590538722109e+00
1.734062552449999961e+00,1.213911088465147836e+00
4.939970970150000085e+00,1.232125400093510903e+00
2.394351005549999911e+00,2.821694846057518191e+00
2.212575912479999740e+00,1.460602172674051458e+00
1.886527061460000265e+00,1.811129640210090708e+00
9.343829751010001017e-01,1.401840122992834337e+00
9.099829792979999832e-01,9.553953293311843176e-01
8.112999796870000724e-01,9.476905592910371823e-01
1.049708962440000004e+00,8.073318074362734187e-01
1.351788043980000076e+00,9.181188067203357450e-01
1.277305960659999906e+00,1.038622726231299920e+00
7.854449748989998925e-01,1.016745684066183930e+00
4.846229851250000165e-01,8.236435472637454458e-01
6.676359772680000582e-01,6.970655561380050269e-01
8.322510123249999836e-01,7.422863114614147717e-01
5.959370136259999340e-01,7.806171149289981015e-01
3.410890102390000123e-01,6.847282440397854941e-01
6.860110163689999707e-01,5.938172732707780455e-01
8.153510093690000682e-01,7.368402408276136795e-01
3.985430002210000322e-01,7.576806750030694593e-01
6.998159885410000225e-01,5.971019099933391194e-01
4.263690114019999533e-01,7.631895072235669319e-01
6.866139769550000382e-01,5.850711824316116028e-01
1.826770007609999913e-01,7.444769465084838389e-01
7.018824815749999946e-01,4.774474155146331555e-01
1.796682000159999681e+00,7.590126341379336283e-01
7.204269766809999753e-01,1.194668550832170384e+00
4.680640101429999755e-01,7.083585139471934022e-01
6.408870220180000743e-01,7.442868155438957523e-01
7.520520091060001189e-01,7.240990064381389590e-01
1.001817584040000098e+00,7.431607279294526469e-01
1.660804033279999814e+00,8.711567181974020357e-01
1.450595021250000061e+00,1.177737774354690181e+00
1.085010051729999869e+00,1.080204775160749975e+00
1.099555015560000015e+00,9.858317743669541278e-01
7.694180011750000325e-01,9.852632083065118174e-01
1.254430413249999932e+00,7.961665758983242913e-01
1.496320962910000052e+00,1.033178018121185815e+00
7.186369895940000196e-01,1.093572439948372388e+00
8.902019858359999649e-01,7.748369731351759659e-01
9.891759753229998342e-01,9.073021595065186018e-01
2.849014520649999938e+00,8.680258127415957370e-01
4.281075000759999583e+00,1.749818850706941431e+00
1.248739004139999942e+00,2.374421736375404102e+00
7.096589803699999699e-01,1.067585919776474768e+00
7.497439980509998936e-01,1.089573462711514784e+00
8.907449841500001408e-01,8.182555913813971404e-01
1.469527959819999952e+00,8.271263810940125971e-01
1.608888030049999918e+00,1.092902786250156355e+00
1.043460965159999976e+00,1.149811056259601116e+00
1.184751033780000018e+00,9.413226714149217633e-01
5.063725113870000127e-01,1.042065120189160865e+00
6.946156024930000283e-01,6.684173929707523110e-01
9.299110174179999744e-01,7.940722183385251487e-01
7.754629850390000190e-01,8.266553571693022739e-01
8.564696311949999696e-01,7.659811987548763579e-01
9.269009828569999554e-01,8.326343153342598002e-01
7.506660223010001021e-01,8.463890974473786688e-01
9.248849749570000611e-01,7.710465726526141150e-01
1.070162653919999984e+00,8.646735284573378033e-01
8.752880096439998869e-01,9.072276928627219794e-01
7.511039972310000756e-01,8.297129511047128814e-01
8.627579808239999037e-01,7.947135039790576005e-01
5.096570253369999692e-01,8.309232177487795301e-01
8.495249748229999343e-01,6.525854373418981114e-01
6.711369752879999817e-01,8.325212636661974974e-01
6.132180094720000030e-01,7.025403086318371404e-01
3.810549974440000098e-01,7.169651864312893697e-01
8.710420131680000067e-01,5.951408355292832075e-01
6.540319919589999698e-01,8.219522757326709339e-01
9.089673757550000843e-01,6.809176083348421615e-01
9.709029793739999414e-01,8.553194378466223435e-01
9.856920242309999969e-01,8.524034376924751744e-01
1.356256246570000101e+00,8.825816042559643249e-01
1.309872984889999925e+00,1.059185688118479796e+00
6.344919800760000506e-01,1.025175147342631821e+00
5.933508276940000492e-01,7.537195347655002431e-01
8.796380162239999523e-01,7.556191902370931190e-01
1.131836414339999930e+00,8.202429219639213454e-01
1.841274023059999987e+00,9.214707882235128045e-01
2.261745929719999992e+00,1.269697243741797932e+00
2.597975969309999744e+00,1.464524666592875723e+00
2.399192094800000064e+00,1.677773390978139156e+00
1.982298016549999931e+00,1.613225352089775022e+00
2.269547939300000206e+00,1.459830341122885677e+00
2.017889976500000238e+00,1.590632405443227260e+00
1.452262043950000026e+00,1.419222473402210305e+00
1.342797994609999934e+00,1.194974191403794572e+00
1.311915040020000145e+00,1.140797458691571009e+00
1.276762008670000226e+00,1.073638801418455690e+00
1.275267004970000118e+00,1.047542952164531194e+00
1.210446000100000141e+00,1.045081064861366205e+00
8.153480291369999966e-01,1.011665100902787051e+00
7.271119952200000291e-01,8.321916016197562493e-01
6.043019890790000126e-01,8.000932812646338599e-01
9.830358624459998307e-01,7.073651127643371117e-01
1.101529002189999940e+00,8.766943764101317038e-01
1.183724999429999869e+00,9.047288313499316503e-01
4.356400072569999726e-01,9.763384663245506800e-01
3.270040154459999959e-01,6.420295335609004228e-01
8.039849996569999879e-01,6.287160521238780442e-01
4.216859936710000145e-01,7.752285311166887682e-01
5.734559893609999515e-01,5.718281943138118217e-01
3.959457874300000291e-01,7.033911752521375682e-01
4.163750112060000119e-01,5.782165581246454522e-01
5.603970289230000290e-01,6.093773652708724953e-01
7.749050259590000156e-01,6.564419232741121046e-01
6.370840072629999629e-01,7.513886307057563441e-01
3.839260041709999793e-01,6.948650078106937134e-01
5.648739933969999516e-01,6.060303358547427521e-01
1.054715037350000051e+00,6.840205073771362665e-01
6.537709832190000681e-01,8.764932716198990947e-01
5.931029915809999942e-01,6.924600403034744112e-01
1.022608995439999946e+00,7.290874247824379317e-01
8.359869718549999273e-01,8.879163265588908560e-01
6.375340223309999832e-01,7.800140991045678707e-01
9.755985140800000899e-01,7.393925829624752311e-01
4.898079931740000337e-01,8.830213131347246502e-01
1.098647952079999879e+00,6.278380285804628924e-01
1.151165962220000116e+00,9.591772487482873588e-01
8.061249852179999120e-01,9.116911296384184737e-01
4.744769930840000427e-01,8.124179049190148882e-01
7.896029949189999897e-01,6.789567756836221157e-01
4.762530028820000094e-01,8.006174687883523822e-01
5.455229878430000179e-01,6.121575163700483380e-01
6.212809681889999158e-01,6.871761204898215736e-01
7.707700133319999036e-01,6.876419411876011356e-01
9.337069988249999675e-01,7.602859567199685698e-01
8.110550045970000843e-01,8.371654184285978184e-01
6.005529761310000048e-01,7.898388630916445274e-01
1.002521038060000036e+00,7.144530230620643740e-01
8.921650052070000392e-01,8.942586415140076905e-01
9.160850048069999474e-01,8.073111358953428685e-01
7.413420081139999729e-01,8.629667694792488852e-01
9.283249974250000758e-01,7.707772428298844680e-01
6.429409980770000033e-01,8.655111945714716315e-01
9.950090050700001187e-01,7.100617683935780411e-01
6.271365880970000140e-01,9.010541759117502991e-01
1.038689017300000073e+00,6.904020289478104422e-01
6.888009905820000611e-01,9.284570176168601696e-01
5.214130282399999095e-01,7.153806616695999043e-01
6.510270237919999481e-01,6.934178500484240448e-01
1.159701943399999990e+00,7.235874375938330383e-01
6.456400156020000169e-01,9.355710660802628587e-01
1.195862650870000099e+00,6.934621672598106912e-01
1.304703950880000018e+00,1.016797749714627219e+00
8.844429850579998975e-01,9.946161948351186499e-01
7.697709798810000725e-01,8.523160120807172779e-01
7.702100276950000213e-01,8.265539068341215545e-01
6.418280005459999771e-01,7.886973065952882500e-01
8.937159776689999058e-01,7.183299497175301696e-01
5.247250199319999364e-01,8.386021993368323324e-01
5.142210125920000374e-01,6.472862904141134521e-01
7.172748446459999982e-01,6.815910414622866620e-01
6.410769820210000525e-01,7.376244220793281015e-01
4.689820110800000386e-01,6.941747893320038276e-01
1.203750014310000171e+00,6.388585079701445402e-01
7.911959886550000709e-01,9.746813278837920258e-01
1.136301159859999910e+00,7.400865458561722843e-01
8.642929792399999256e-01,9.883563998258367844e-01
8.814030289650001126e-01,8.086900111448205308e-01
5.817409753800000249e-01,8.615582621236929084e-01
8.651199936869999885e-01,6.962283087474799848e-01
9.078124761579998703e-01,8.389018245027488607e-01
7.377740144730000615e-01,8.177561795884016327e-01
1.120375037189999867e+00,7.667269536929766094e-01
9.422479867940000142e-01,9.531897152962076625e-01
1.060060024260000011e+00,8.397138346184220836e-01
7.158420085910000008e-01,9.391804535843604196e-01
4.040209949019999969e-01,7.587262768392744050e-01
2.920779883859999648e-01,6.410050109881100244e-01
6.317924261089999938e-01,5.668257040396005308e-01
1.124665260310000026e+00,6.944372815382680031e-01
1.115690946580000009e+00,8.969582865872488542e-01
1.247418999670000028e+00,9.086845702611643372e-01
6.976169943809999996e-01,1.019469941667196178e+00
3.693974971769999893e+00,7.607544896161138048e-01
8.204839825630000361e-01,2.200129455690045255e+00
8.573070168499999921e-01,6.774869599654401719e-01
6.902359724040000311e-01,1.112215448143993202e+00
8.385969996449998964e-01,7.423463837206200067e-01
1.287726998329999928e+00,8.202841127442219715e-01
9.632229804990000144e-01,1.004725949348278080e+00
1.343299984930000024e+00,8.531643716652184128e-01
7.316169738770000874e-01,1.085955424937767866e+00
6.809219717980000697e-01,7.573103371867487832e-01
7.014784216880000089e-01,7.954447464046406902e-01
6.698030233380000142e-01,7.451043435998823128e-01
1.365643024439999964e+00,7.247277845905690796e-01
9.781420230869999344e-01,1.048167917846974939e+00
6.786789894100000442e-01,8.400304923900687726e-01
5.976330041890000055e-01,7.874506880552303301e-01
8.193774819369999962e-01,7.225203806496373060e-01
7.911109924320000042e-01,7.968853501573486264e-01
1.044147372249999872e+00,7.675090454139026352e-01
1.400015950200000026e+00,9.071798056939014421e-01
8.748620152470000244e-01,1.059113335946897161e+00
6.228179931639999944e-01,8.289903797729817336e-01
7.164059877399998610e-01,7.692287459049457210e-01
6.523500084880000660e-01,7.685333179817627203e-01
9.379299879070001067e-01,7.103249422280565328e-01
5.936999917030000296e-01,8.531001241934587087e-01
5.393440127369999448e-01,6.782064341987050771e-01
9.370089769359999377e-01,6.949765090390479516e-01
8.087720274930000341e-01,8.444739075143703477e-01
5.654280185700000239e-01,7.653223361062863050e-01
6.020820140839999723e-01,6.988155911174332990e-01
1.146679997439999932e+00,7.116748773336279976e-01
9.824249744419998320e-01,9.358202945324195499e-01
5.671510100359999917e-01,8.435023050568042358e-01
7.866399884220000027e-01,7.142213945074690207e-01
7.388439774510000557e-01,8.136145749256064041e-01
6.810299754140000106e-01,7.416971924959497864e-01
7.086979746820000203e-01,7.391383749359842215e-01
6.642330288889999323e-01,7.491351970600906851e-01
5.124790072439999733e-01,7.219213247103426490e-01
6.040380001070000393e-01,6.569902485896992328e-01
6.728799939159999521e-01,6.999454339752326781e-01
8.265414834020000656e-01,7.127485408362257413e-01
4.546860158439999799e-01,7.898568129447969266e-01
5.594509840010000179e-01,6.209618464545311189e-01
1.332218050960000122e-01,6.980549906323820775e-01
1.633069962260000063e-01,4.625495972276584822e-01
1.797860413789999778e-01,5.023465496204729819e-01
5.747918486599999932e-01,4.656559107523656205e-01
8.508148789409999413e-01,6.481038936439361686e-01
8.527640104289999634e-01,7.617502926944584862e-01
1.687628030779999788e+00,7.923133717390937747e-01
2.149522066120000297e+00,1.205756810892150144e+00
8.122850060459999577e-01,1.389751346727361447e+00
1.239639997479999867e+00,8.359815628348835626e-01
2.128437280650000041e+00,1.130666114783367426e+00
2.139239072800000141e+00,1.392994525296832764e+00
9.779880046840000452e-01,1.406687276323407954e+00
6.937779784199998856e-01,9.570110343829779653e-01
7.218790054320000094e-01,8.724387851574852970e-01
7.631160020829999002e-01,7.788027047321539609e-01
8.565329909319999713e-01,7.680057526290152703e-01
1.109338045120000116e+00,8.121534654563379307e-01
6.476340293879999654e-01,9.290894506747950921e-01
9.241870045660001143e-01,7.170023964942012773e-01
7.877320051189998784e-01,8.865587295601298212e-01
1.305567026139999864e+00,7.670821357397576978e-01
9.107710123060001051e-01,1.038453215821119713e+00
8.699640035629999657e-01,8.232514803600582409e-01
5.743020176890000217e-01,8.716173190388446512e-01
8.599532246590000373e-01,6.979404555885579953e-01
4.775849878790000558e-01,8.356517969677171864e-01
1.108017444610000179e+00,6.202159223377213815e-01
1.290724992749999966e+00,9.522896699022536104e-01
8.591579794879999898e-01,9.745227309665801529e-01
3.058980107309999807e-01,8.323911306763037699e-01
9.039019942279998832e-01,6.142017335919071064e-01
6.352750062940000220e-01,8.645850217980523000e-01
1.023422956470000145e+00,6.635077445365671345e-01
6.730669736859999919e-01,9.119495660199599119e-01
8.504790067669999454e-01,7.095745331128294753e-01
5.141969919200000128e-01,8.431127756659908545e-01
1.527956604959999964e+00,6.472478614525987162e-01
4.094385623930000051e+00,1.144127772109092334e+00
9.952359795569999390e-01,2.288084591534448542e+00
8.670449852940000923e-01,8.247725134765935273e-01
1.141056060789999993e+00,1.151783454203532786e+00
1.622257947919999888e+00,9.667093532654925658e-01
1.980204939840000344e+00,1.166160927117540824e+00
1.375547051430000112e+00,1.342112122334613078e+00
1.851865053179999610e+00,1.095535043424746169e+00
1.420923948290000016e+00,1.376314347043035458e+00
1.589177966120000285e+00,1.096690330026487192e+00
1.673199415210000041e+00,1.239396616576013077e+00
2.123934030530000072e+00,1.228503165206218384e+00
1.648401975629999905e+00,1.452525776799658663e+00
1.204741954800000014e+00,1.221552643106105451e+00
7.920839786529999538e-01,1.080183516547003952e+00
1.227027416229999890e+00,8.593437628177582610e-01
1.226951003070000157e+00,1.030276579565033934e+00
1.131343960759999989e+00,9.722844145615477940e-01
1.252465009690000075e+00,9.720086664752118910e-01
1.116891980170000132e+00,1.031511852416538089e+00
1.122387051579999850e+00,9.547383667117503858e-01
1.040153026579999862e+00,9.746167595069697986e-01
8.091310262680000420e-01,9.228749030323027958e-01
7.681059837340000751e-01,8.203842811157677772e-01
7.982919812199998910e-01,8.019549890624728672e-01
7.666722536090000428e-01,7.940438528657272066e-01
1.057360053060000027e+00,7.742858871817953625e-01
8.607699871060000563e-01,9.120477677990198595e-01
1.070777058600000053e+00,8.075844462560660686e-01
5.301510095600000527e-01,9.408204810971485532e-01
6.604189872739999467e-01,6.651812133269795480e-01
9.909179806709998983e-01,7.660619159054468108e-01
3.561530113220000016e-01,8.583712596142554219e-01
9.618239998819998471e-01,5.686247865809110902e-01
1.244829058649999931e+00,9.026469889868928842e-01
8.381230235100001202e-01,9.465646332800624618e-01
9.245989918709999200e-01,8.097562736442150966e-01
8.131660223010001021e-01,8.933106896564598776e-01
1.003061056139999963e+00,7.979385578699735859e-01
8.752340078350000496e-01,8.980545059544352560e-01
7.991399765009998823e-01,8.209583004151864705e-01
8.812961578369999938e-01,8.099763224703238063e-01
1.063080191609999892e+00,8.376391569294228123e-01
9.057049751279999672e-01,9.104868916103259213e-01
6.909559965129999926e-01,8.395563562326973095e-01
1.355970025060000195e+00,7.653098654023650083e-01
7.572399973869999856e-01,1.063496328790938028e+00
2.043754577640000125e+00,7.411220071435939971e-01
8.576130270960000690e-01,1.426294893150351628e+00
2.364957094190000220e+00,7.671845953953254638e-01
4.179231166840000178e+00,1.642557961957041623e+00
2.233561992649999883e+00,2.331103026903802000e+00
8.013390302660000630e-01,1.481001778352113663e+00
8.372840285299999463e-01,1.082685769240507190e+00
8.851529955859999133e-01,9.543797588853757397e-01
9.040349721909999303e-01,8.305379645547821266e-01
1.302939534190000082e+00,8.410426614679877844e-01
7.228699922560000157e-01,1.028957932273506959e+00
8.009120225910000279e-01,7.488797823972666023e-01
1.032919287679999965e+00,8.466819939400156425e-01
1.321628212929999879e+00,8.919162016102877288e-01
9.367759823799999275e-01,1.024261692563569026e+00
7.007700204850000336e-01,8.592961616645850009e-01
7.624319791789999634e-01,7.946842181368460878e-01
1.144938945770000105e+00,7.929718808252615991e-01
7.721610069269999599e-01,9.427234427646064008e-01
8.772150278090000697e-01,7.631990818911574825e-01
1.243505001070000171e+00,8.639448385703955013e-01
6.381840109830000385e-01,9.911157431403185836e-01
7.468199729919999807e-01,7.096741528430370316e-01
6.839929819109999976e-01,8.190388298044930515e-01
1.419505119320000119e+00,7.252267837781420923e-01
6.141470074649999500e-01,1.077143567366534160e+00
7.347676754000000976e-01,6.724792063280713439e-01
6.770560145379999062e-01,8.321378876964391491e-01
1.074026942249999950e+00,7.200744826491066730e-01
6.156389713290000287e-01,9.166485438104957639e-01
9.692379832270000550e-01,6.856059835321366425e-01
9.916120171550001361e-01,9.048926574076945339e-01
8.089560270310000023e-01,8.557915049838583643e-01
2.435143947599999859e+00,8.067030705253548373e-01
8.223479986189999869e-01,1.571300159915567596e+00
5.938220024110000272e-01,7.407325899045908990e-01
5.762249827380000466e-01,8.625203670627659136e-01
4.224239885809999429e-01,7.001750072491390586e-01
6.765879988670000511e-01,6.075653406198481266e-01
5.520349740979999531e-01,7.275634750295296715e-01
9.015229940410000031e-01,6.457056600964146131e-01
7.489960193629999763e-01,8.360645332692455689e-01
8.627583980560000754e-01,7.405295251812706869e-01
9.480749964710000199e-01,8.336457925700565541e-01
1.055613875389999956e+00,8.532163820279031752e-01
1.970020055770000056e+00,9.109577796319059395e-01
9.391199946399999554e-01,1.339553850336453689e+00
1.009042978289999892e+00,8.375820830152216345e-01
7.824029922490001177e-01,1.001486731049685774e+00
1.016265034679999957e+00,7.908356968799737929e-01
8.782749772069999850e-01,9.137853475371132683e-01
7.353619933130000064e-01,8.187561324209715607e-01
1.109990954399999952e+00,7.819586217641166792e-01
7.727199792860000027e-01,9.455173226311516244e-01
1.164981961250000086e+00,7.620487117716130410e-01
7.157210111620000426e-01,9.928243833079801739e-01
1.475479006770000101e+00,7.376153171716393064e-01
8.354520201680000202e-01,1.144032953752407433e+00
7.344660162930000125e-01,7.749063980715978905e-01
7.861927747729999805e-01,8.294144317451356274e-01
1.143465042110000107e+00,7.924008828862175724e-01
9.246990084649998609e-01,9.445566956912558876e-01
2.958764553069999970e+00,8.356569062975343076e-01
2.138324022289999959e+00,1.829827164827369401e+00
2.038712024690000124e+00,1.341335836442857588e+00
1.480209946629999829e+00,1.533305330484788787e+00
9.367650747299999248e-01,1.193822925134370605e+00
1.715939760209999942e+00,9.546408764041961481e-01
1.001402020450000041e+00,1.279192081589738406e+00
8.896229863169999863e-01,8.641493109507136783e-01
7.492939829829999843e-01,9.186038068057646999e-01
1.115183949470000213e+00,7.864198801837326558e-01
9.457820057870000019e-01,9.485357314051948707e-01
6.452180147170000213e-01,8.426961208080643306e-01
1.164842009540000056e+00,7.481219240232868106e-01
1.244351029399999975e+00,9.809516171562180364e-01
9.045109748840001185e-01,9.678683826669185475e-01
5.575259923929999362e-01,8.607066587131050328e-01
5.778343677520000332e-01,7.225876214706644651e-01
7.199835777280000348e-01,7.105311997667724810e-01
7.607790231700000128e-01,7.398314682692738176e-01
5.404400229450000426e-01,7.553080753394385560e-01
8.009672760959999360e-01,6.673116336460408471e-01
7.710149884220000027e-01,7.988305281026417681e-01
6.709719896319999988e-01,7.532105082856763723e-01
2.768970489500000021e+00,7.347813247767979172e-01
3.086133003230000060e+00,1.711775593363060954e+00
1.116358041760000086e+00,1.770910338992012667e+00
1.018260955809999979e+00,1.047788695344124665e+00
7.442610263819999794e-01,1.112480978734006642e+00
1.114386796949999869e+00,7.908629675374303503e-01
1.380516409870000238e+00,9.613175814285659371e-01
1.229098439219999950e+00,1.042711904619096019e+00
1.573238968849999919e+00,9.998991805654929843e-01
1.245597958560000107e+00,1.191790116712090120e+00
8.298619985580000247e-01,1.011669418666349740e+00
5.376980304720000436e-01,8.675403041077629496e-01
8.593800067899999284e-01,7.164478490186074744e-01
7.949647903440000274e-01,8.326965250788829209e-01
8.122889995569999577e-01,7.617325255545918106e-01
1.209460973739999945e+00,8.045273891528563759e-01
1.043611049649999956e+00,9.801254197339273055e-01
9.914460182189999138e-01,8.904723247637149619e-01
1.377645969390000058e+00,9.127646140731077162e-01
7.495359778399999229e-01,1.076190774961757191e+00
7.549669742579999676e-01,7.670512013415412556e-01
8.522210121150000095e-01,8.321534942698358694e-01
1.312628030780000010e+00,8.132665053489468443e-01
9.499999880789999906e-01,1.022252783366828233e+00
8.433979749680000637e-01,8.475092815143757674e-01
6.329939961430000039e-01,8.586628643371403413e-01
6.848490238189999246e-01,7.297230185605522168e-01
8.296039700509999504e-01,7.505353752736360073e-01
1.117776036259999994e+00,7.937394421151579005e-01
1.060515046120000138e+00,9.260918438662898433e-01
9.966710209850000446e-01,9.034759430861912799e-01
6.726049780850000825e-01,9.052941255671731469e-01
8.499810099600000335e-01,7.532343169200130806e-01
7.929700016980000266e-01,8.402060551773792296e-01
7.509549856190000927e-01,7.747817263142154909e-01
9.556260704989999466e-01,7.755343441757909240e-01
6.085839867589999397e-01,8.652924425105500417e-01
7.782499790189999489e-01,6.942916110383077211e-01
5.098140239720000411e-01,8.055375214558669894e-01
6.364319920540000286e-01,6.414373260897174855e-01
6.015599966049999248e-01,7.263566113460463436e-01
6.556333899499999784e-01,6.786546625976399572e-01
6.385549902920000243e-01,7.174565490453514993e-01
8.762890100480000832e-01,7.041233233714774276e-01
7.967479825020000739e-01,8.191662865181390529e-01
6.824830174449999509e-01,7.720952970310186458e-01
8.025500178340000401e-01,7.466833358808654397e-01
7.950311899190000142e-01,7.979310063399078778e-01
1.584897041320000088e+00,7.784945428643528231e-01
1.017485976220000143e+00,1.155315237367336989e+00
9.177780151369998585e-01,8.623340810457003069e-01
1.230221033100000083e+00,9.177157158934446946e-01
1.027899026870000121e+00,1.008186403834660405e+00
9.125559926030000213e-01,8.930834700842366081e-01
7.935979962350000472e-01,8.791844753524183931e-01
1.030437946320000187e+00,8.085392323375373280e-01
5.325379967690000438e-01,9.101679863219777067e-01
6.127780079839999505e-01,6.610223339503163986e-01
8.741289973260000234e-01,7.401159957261769229e-01
3.667230010029999820e-01,8.067068026005258519e-01
7.391750216480000857e-01,5.730165376042630765e-01
5.604230165479999748e-01,7.883054633143263823e-01
7.758178114889999755e-01,6.415852578903649128e-01
8.102909922600001202e-01,7.843839549730092786e-01
6.437510252000000488e-01,7.741746158321332061e-01
7.236457467079999706e-01,7.183250377832296474e-01
9.113870263100000146e-01,7.645663574903411863e-01
6.627830266949999993e-01,8.309305032041864880e-01
1.002035975460000117e+00,7.179918376173047845e-01
8.224419951440000709e-01,9.018447233020909781e-01
1.030576944350000135e+00,7.816042869505356316e-01
6.781139969830000114e-01,9.181718473578021067e-01
5.333459973340000104e-01,7.304889837595305302e-01
3.209959864620000047e-01,6.984469402827008233e-01
7.608630061149999069e-01,5.714353448524590595e-01
7.439860105509998878e-01,7.655433177602166683e-01
5.468400120740000148e-01,7.201490934463709026e-01
7.004669904709999173e-01,6.749822798195023177e-01
8.356525897980000561e-01,7.508463238389254668e-01
1.274258971210000091e+00,7.872411974280344449e-01
8.934450149539999719e-01,9.996451490968905063e-01
6.211659908290000365e-01,8.213172431874327106e-01
7.900159955019999680e-01,7.551073542383515136e-01
1.067494988440000014e+00,8.042009396607665561e-01
6.698009967800000464e-01,8.979817980634287045e-01
1.265694975850000015e+00,7.220225819085858143e-01
6.380620002750000408e-01,1.038852994009142439e+00
9.348030090330000652e-01,6.878621351915666926e-01
8.006410002709999363e-01,9.075424951922833605e-01
1.085708975790000030e+00,7.716377691233785585e-01
3.527039885520000251e-01,9.375955423156524526e-01
5.883709788319999578e-01,5.776194573208509597e-01
4.875420033929999120e-01,7.411200934899848658e-01
4.636880159380000754e-01,6.124739763867290687e-01
3.637039959430000136e-01,6.291034037332354778e-01
8.750243186949999696e-01,5.742160030336722620e-01
6.435279846190000708e-01,8.093206257595217945e-01
4.834130108359999678e-01,6.742088996399075995e-01
2.120890021319999930e-01,6.612563367356341093e-01
4.560469985010000005e-01,5.202389187810675386e-01
4.367910027499999903e-01,6.250779399244273948e-01
7.238804101939999569e-01,5.799674018484127780e-01
5.560690164570000205e-01,7.365594619324409287e-01
4.748429954049999679e-01,6.472442823158602865e-01
2.674640119080000100e-01,6.453401868074788439e-01
9.588437080379998978e-01,5.369102556391232017e-01
7.868980169300000549e-01,8.524635039109942358e-01
1.794360995290000149e+00,7.269995860487827866e-01
1.337677955630000026e+00,1.268777361179936669e+00
1.210453987120000185e+00,1.001098432968990037e+00
5.654799938200000264e-01,1.061466923639463378e+00
4.008429944520000565e-01,7.240795545701463887e-01
2.727654874320000200e-01,6.602737938379962257e-01
5.836449861529999783e-01,5.429852040905982502e-01
8.533802628519999711e-01,6.728027745483484701e-01
8.660610318179999823e-01,7.720101572156606862e-01
1.158349990839999899e+00,7.992145041250733328e-01
7.764859795569999390e-01,9.604253179048576339e-01
1.068807005880000105e+00,7.751197828356457542e-01
5.888479948040000744e-01,9.532334589394841906e-01
1.588868498799999918e+00,6.835800263620193107e-01
4.327859878540000205e-01,1.191641671891449317e+00
3.996030092239999942e-01,5.735425798444346857e-01
5.545349717140000134e-01,7.027197735091671449e-01
6.221979856490000849e-01,6.580995206228944516e-01
1.149551987649999996e+00,6.799864353815574525e-01
1.121260046960000034e+00,9.353013045169971118e-01
9.776459932330001656e-01,9.093407737509691113e-01
1.732741951940000025e+00,8.974494818392202422e-01
2.302707910540000125e+00,1.249310110372810145e+00
1.053477048870000043e+00,1.472444832106840185e+00
7.962800264360000435e-01,9.453127224509439985e-01
5.203329920770000117e-01,9.331152424900208686e-01
6.104800105090000262e-01,6.904161605629863807e-01
4.453057944770000276e-01,7.159174325673055561e-01
6.522138714790000069e-01,6.093182251476411126e-01
1.175541162490000069e+00,7.190263268024359444e-01
1.032202124599999937e+00,9.351470254169128582e-01
7.193930149079998948e-01,8.703669049287865445e-01
8.200139999390000378e-01,7.849069211813505254e-01
9.497330188749999458e-01,8.282987053968268176e-01
1.039114952089999822e+00,8.525908501911301229e-01
5.883830189700000046e-01,8.989918154214743273e-01
9.508559703829999599e-01,7.019489566082136589e-01
5.277600288389999728e-01,8.939319291031420089e-01
7.736063003540000205e-01,6.411367472056755945e-01
9.703559875489999875e-01,8.059101598405706834e-01
1.383889913560000018e+00,8.444682208933128598e-01
7.795230150220000542e-01,1.052663217821945940e+00
6.069999933240000090e-01,7.784320423631770902e-01
4.660570025440000097e-01,7.639306945789816616e-01
9.455270171170000459e-01,6.450609624281747889e-01
6.238729953770000280e-01,8.524263559886066099e-01
3.923240005969999555e-01,6.729157110992658453e-01
5.156549811360000568e-01,6.275434292044766993e-01
9.679385423659998544e-01,6.598973957487357378e-01
1.356565952299999989e+00,8.392299275471062359e-01
9.072690010070001421e-01,1.014089027887676187e+00
8.162760138510000152e-01,8.378572772225247878e-01
2.479866981509999846e+00,8.522488855758162396e-01
1.133080005649999888e+00,1.583587845195571386e+00
1.045583963389999926e+00,8.825805990800155154e-01
8.474370241169999485e-01,1.062619961399519086e+00
1.536522984499999911e+00,8.388315465688864769e-01
9.008989930149998715e-01,1.155400361935127407e+00
4.812009930610000041e-01,8.158832473271790953e-01
8.572540283199999722e-01,7.173088128669827812e-01
8.617479801180000232e-01,8.409588859319464538e-01
1.008694052699999899e+00,7.867482898802607982e-01
1.127727031710000105e+00,8.920438617399136794e-01
7.795569896699999779e-01,9.417967973969163520e-01
9.895502924919998833e-01,7.920602937376401975e-01
8.363329768179998958e-01,9.135583355410690221e-01
9.099559783939999980e-01,8.002232202736201394e-01
5.511059761050000061e-01,8.609329163032194421e-01
1.239764332770000088e+00,6.783409863774525483e-01
1.211838960649999963e+00,1.015392744228879929e+00
1.379981994630000042e+00,9.405175634013660524e-01
1.148460984229999982e+00,1.088699388400310886e+00
7.663900256160000035e-01,9.725333577368365789e-01
9.660840034480000504e-01,8.226438120206572835e-01
8.156750202179999798e-01,9.053463806399367764e-01
1.142272949220000111e+00,7.903005345381115543e-01
1.299479961400000105e+00,9.662528530154003148e-01
8.583310246469999516e-01,1.011379963645157254e+00
7.149469852449999996e-01,8.351286083888643796e-01
8.764400482179999230e-01,8.018844125269930512e-01
8.305460214609999836e-01,8.368400192982293762e-01
8.535240292550000385e-01,7.952979371865688263e-01
9.092410206789999227e-01,8.238388991902352299e-01
5.202720165249999917e-01,8.439384263489531079e-01
7.411040067669999454e-01,6.660166160247976697e-01
5.853319764140000325e-01,7.870964379191970339e-01
5.047770142559999673e-01,6.684074798798237405e-01
5.519493222240000607e-01,6.596605137124246232e-01
9.697520136830000137e-01,6.684608475066764477e-01
1.116515994070000017e+00,8.500852490593039379e-01
1.049844980239999837e+00,9.068508797618357598e-01
6.342629790310000404e-01,9.127346777488933860e-01
5.644329786300000817e-01,7.393278578003896762e-01
9.184709787369998990e-01,7.162151533731341280e-01
9.593539834020000656e-01,8.391233404519142791e-01
5.984159708020000412e-01,8.376967185631702950e-01
9.383450150489998087e-01,7.063875407348397806e-01
4.542250037189999867e-01,8.797747941314152387e-01
7.079470157619999204e-01,6.090532200704236176e-01
3.876500129699999575e-01,7.772682469131995120e-01
4.484339952469999502e-01,5.727430451894849339e-01
8.405709862710000202e-01,6.378693707837478355e-01
5.337110161779999862e-01,7.827228372501945364e-01
7.211350202559999589e-01,6.338575744702141801e-01
5.215386152269999576e-01,7.705325508393700007e-01
7.050759792330000275e-01,6.413601752744637619e-01
6.405649781229999506e-01,7.515846881824925774e-01
5.168589949609999623e-01,6.951324563129439582e-01
1.660409450529999997e+00,6.595017367790672047e-01
2.465307950970000217e+00,1.184364498542157529e+00
1.622156023979999917e+00,1.505256368328793171e+00
1.866270065309999948e+00,1.194536828837970743e+00
3.623536109919999859e+00,1.422670913821116434e+00
7.948709726329999947e-01,2.159518253028905210e+00
9.065989851949999290e-01,7.864497867112226759e-01
8.571879863740000660e-01,1.128515198802363617e+00
7.756379842759999477e-01,8.144531029699415559e-01
7.006700038909999817e-01,7.901557068221841673e-01
6.443409919740000769e-01,7.538719678934651114e-01
7.579550147059999077e-01,7.226572692452608582e-01
5.499600172040000068e-01,7.692118994422960654e-01
4.964669942860000518e-01,6.641364491686604365e-01
1.367677569390000070e+00,6.588709220417556800e-01
1.397894024850000250e+00,1.040222341748997525e+00
8.148130178450000427e-01,1.016118662352363478e+00
1.278898954390000009e+00,8.341070283759616233e-01
8.623980283740000363e-01,1.072843705630787792e+00
1.093865990639999897e+00,8.047845881431104909e-01
8.134710192680000285e-01,9.737120593998785933e-01
1.466687083240000078e+00,7.941514574470688315e-01
9.060310125349999577e-01,1.129154404717738203e+00
7.652140259739999006e-01,8.175024216708445257e-01
1.311033964160000176e+00,8.399776169952770655e-01
7.892500162119999718e-01,1.039989592998682877e+00
1.474902033810000068e+00,7.650000071973688254e-01
9.167850017550001063e-01,1.155742187302924995e+00
1.186140060420000086e+00,8.196854926807992658e-01
1.411391973500000008e+00,1.033963709296143119e+00
2.092472076419999993e+00,1.071674705087634960e+00
7.189220190049999681e-01,1.407268157385575202e+00
1.301861047739999888e+00,7.675882962593132408e-01
1.268974781040000055e+00,1.157115417774194688e+00
1.221997022629999874e+00,9.814646419987842485e-01
9.061110019679999850e-01,1.019764847163366017e+00
1.078873991970000112e+00,8.727817948416050076e-01
1.028025031089999874e+00,9.594372010166445364e-01
7.863690257070000689e-01,8.977012112902271745e-01
1.276852965350000035e+00,8.060195676727065495e-01
7.093420028689999546e-01,1.035697611128583162e+00
5.201929807659999572e-01,7.318181713217148943e-01
5.645610094070000473e-01,7.160906683114748317e-01
9.855200052259998067e-01,6.861661359664278370e-01
1.092841982840000004e+00,8.584275612586454995e-01
4.786899983879999709e-01,8.966227812862798130e-01
3.955059945579999514e-01,6.534242188836064669e-01
1.850703001020000071e+00,6.491882225268630346e-01
1.195796012879999815e+00,1.261065633376676320e+00
1.702510833739999896e+00,8.938665734641778604e-01
2.998351097109999586e+00,1.300533566404520114e+00
2.407080888749999925e+00,1.824230043849182969e+00
2.585943937299999718e+00,1.544279660888146388e+00
2.233839035029999920e+00,1.783777565483863903e+00
1.655773043629999997e+00,1.550757839141509331e+00
1.430611014370000156e+00,1.313006235527451881e+00
8.921740055079999676e-01,1.195440787611699252e+00
1.231696963309999893e+00,8.973988380097487338e-01
8.955079913140000514e-01,1.051447729034485912e+00
1.602033019070000064e+00,8.295811001781008276e-01
1.585399031639999956e+00,1.202756088311427218e+00
1.232059955600000034e+00,1.134281444926219740e+00
1.210371017459999976e+00,1.042530031309640171e+00
1.242141008379999967e+00,1.044376792987784297e+00
9.857040047650000858e-01,1.024262072488060005e+00
7.289689779279999726e-01,9.026956678916995269e-01
6.761519908910000876e-01,7.977533955058105919e-01
1.071573019029999907e+00,7.573346027297245264e-01
9.457439780239998983e-01,9.149672328412746802e-01
4.376370012759999706e-01,8.369508656748746445e-01
5.141820311550000522e-01,6.489056342819131684e-01
3.387190103530000052e-01,6.900159379633162837e-01
7.144280076029999593e-01,5.559391672560349829e-01
4.996199905870000180e-01,7.416873004301225425e-01
7.917379736899999854e-01,6.119041309170282217e-01
8.646243214609999894e-01,7.914270363022136712e-01
6.024960279459999901e-01,7.923750265354329025e-01
1.260069966320000123e+00,6.990310962456868227e-01
1.012339949610000067e+00,1.018304632275158772e+00
1.004528999329999950e+00,8.529987479661481631e-01
6.310235261919999727e-01,9.250595850532293829e-01
1.141221046449999887e+00,7.290586253044155640e-01
5.426099896430000014e-01,9.765044726572195133e-01
8.547459840769999762e-01,6.450422066049287251e-01
7.744219899179999311e-01,8.617609439808552318e-01
3.084340095520000102e-01,7.529828480214200148e-01
8.376209735870000506e-01,5.745940692071909162e-01
7.293469905850000767e-01,8.255213218787992302e-01
7.503905892370000830e-01,7.093089131986367590e-01
1.134822010990000019e+00,7.763987790480763040e-01
1.614240050320000064e+00,9.413894586039327494e-01
1.244793057440000128e+00,1.150913236596708966e+00
7.141630053519999466e-01,1.000217936198436908e+00
7.293040156360000026e-01,8.186673380872957484e-01
6.486989855770000091e-01,8.083255646064845257e-01
3.427990078929999962e-01,7.173887541502826926e-01
3.861860036850000011e-01,5.822655669513607801e-01
6.366299986840000535e-01,6.051499066665575466e-01
3.990480005740000280e-01,6.870291120091839288e-01
4.178859889509999870e-01,5.737087032030879774e-01
1.103790521619999909e+00,6.163271722337274605e-01
6.956189870829999622e-01,9.060278677864205266e-01
8.070139884950000564e-01,6.949192122376312009e-01
5.947690010070000310e-01,8.304306542681842984e-01
1.107607960700000005e+00,6.879588283695374784e-01
9.713580012320001122e-01,9.424478595908357681e-01
7.170349955560000321e-01,8.391541334684367026e-01
6.764810085300000386e-01,7.792737363241489801e-01
1.687772989270000190e+00,7.564832977648828782e-01
9.907569885250001596e-01,1.198901692396067808e+00
8.082039952280000161e-01,8.341056908337717291e-01
1.087718963619999979e+00,8.787962227537535753e-01
1.564818024639999861e+00,9.438772008355472698e-01
6.673809885979999912e-01,1.135577405360037151e+00
1.256489992140000123e+00,7.319376747970030017e-01
1.091886043549999963e+00,1.084799459267573152e+00
7.375509738919999725e-01,8.963029404370194131e-01
6.224380135540000802e-01,7.991271129397309325e-01
8.364729881290000613e-01,7.431361031443597387e-01
5.774260163309999916e-01,8.097488357802841152e-01
1.015761017800000054e+00,6.715492489563138490e-01
1.106158971790000001e+00,9.037663813643280752e-01
6.945540308949998964e-01,9.029183323874022671e-01
1.130903959270000092e+00,7.546430725666087858e-01
9.518219828609998379e-01,9.796325634331608523e-01
7.524570226669999862e-01,8.393574439344632099e-01
5.585229992869999993e-01,7.985831117077890617e-01
1.415836334229999771e+00,6.992516534410772033e-01
1.855298042299999839e+00,1.080654292957172524e+00
7.845479845999999702e-01,1.233034265459546086e+00
8.210539817810000862e-01,8.074017284318666388e-01
5.835890173909999978e-01,9.093174056271461358e-01
8.359720110889999889e-01,6.912910526367530561e-01
2.184663057329999880e+00,8.193732467545710163e-01
6.805480122570000123e-01,1.411493265130691954e+00
1.238904953000000031e+00,6.884080139638836249e-01
1.030328035349999949e+00,1.138784574966759555e+00
7.914109826090000022e-01,8.699556673456880773e-01
8.423720002169999832e-01,8.243659032078604065e-01
4.464710056779999658e-01,8.356875214065796476e-01
5.589337944979999584e-01,6.285752418932202268e-01
7.099329829220000221e-01,6.997157166168226361e-01
7.334340214730000751e-01,7.247126072505184480e-01
7.833399772640000647e-01,7.412435738357664450e-01
8.426809906959999985e-01,7.784764330497044860e-01
1.099761009220000085e+00,8.062078296870363037e-01
8.706315755840000614e-01,9.272335413328811615e-01
5.862460136410000411e-01,8.181722687427070984e-01
8.863990306849999223e-01,7.224161779073986489e-01
1.019399046900000050e+00,8.474198841010340821e-01
8.493610024450000129e-01,8.687171226649519351e-01
1.010666966439999870e+00,8.158474964862297840e-01
1.331516027449999973e+00,9.097536389722203909e-01
1.215008974079999859e+00,1.034555450616139183e+00
1.645591020579999952e+00,9.848192064382146338e-01
9.708780050280001461e-01,1.220991544643926785e+00
1.411272048950000135e+00,8.808675448013949527e-01
7.953929901119999313e-01,1.153186866448969949e+00
1.046331048010000098e+00,7.847128014758373293e-01
8.879339694979999642e-01,9.676608573864184937e-01
8.349300026890000836e-01,8.233677424093789332e-01
9.847199916840001510e-01,8.302779710073840969e-01
1.090394020079999970e+00,8.851105458064648657e-01
4.901649951929999971e-01,9.227931961673584427e-01
6.141669750209999279e-01,6.586734668912919144e-01
6.314740180969999894e-01,7.483505567315995588e-01
8.252440094949999860e-01,6.911748801502474171e-01
1.051450967789999913e+00,7.918173974459373765e-01
1.047114968300000060e+00,8.903200117740690533e-01
3.921430110930000379e-01,8.993728883355890380e-01
4.695149958129999912e-01,6.223211487030699818e-01
7.720900177959999500e-01,6.815067356296292678e-01
7.520099878309999264e-01,7.509944545526782145e-01
6.877393722529999698e-01,7.384153480260271518e-01
6.718119978899999012e-01,7.402531768824518466e-01
1.185933232310000029e+00,7.333260600366534598e-01
6.571980118750000432e-01,9.636828801424766056e-01
8.213180303569999063e-01,6.998524641417316339e-01
7.795739769939998842e-01,8.466917421370917518e-01
1.030122995379999962e+00,7.681563403191934425e-01
6.211889982220000217e-01,9.013503138625863498e-01
8.660820126530001106e-01,7.001383545600321501e-01
9.608931541440000057e-01,8.528710845839767574e-01
6.760399937630000577e-01,8.460938969418119182e-01
7.402380108830000083e-01,7.365605814672540053e-01
5.984709858890000511e-01,7.861489935745441526e-01
6.151059865950000427e-01,6.901643268545206711e-01
9.358735680579999272e-01,7.095008603416637083e-01
5.818247795100000008e-01,8.416369901565871059e-01
7.156659960750000327e-01,6.690977626670251421e-01
6.529520154000000298e-01,7.758577602690335251e-01
9.700022935870000751e-01,7.064915370925760607e-01
7.834500074390000623e-01,8.677464899921217834e-01
7.448130249979999506e-01,7.639349061301008437e-01
8.276180028919999376e-01,7.851697420290622009e-01
8.943400979039998200e-01,8.057737178138187906e-01
2.505017042159999985e+00,8.294191724458486181e-01
1.620712041850000062e+00,1.584490764588813549e+00
1.417585968970000110e+00,1.115088094034919264e+00
1.049872040749999957e+00,1.218264075546157787e+00
1.226507544519999993e+00,9.668738271791255112e-01
1.043179035189999881e+00,1.041811556176603037e+00
9.694439768789999690e-01,9.135669178453355022e-01
8.192250132559999454e-01,9.043799113230175379e-01
8.129550218580000598e-01,8.196968693987853882e-01
6.712080240250000163e-01,8.150190938693645526e-01
5.289899706839999993e-01,7.351660434863803717e-01
3.461930155749999849e-01,6.747833055851448769e-01
4.789490103719999392e-01,5.823734935141038349e-01
1.153810977940000093e+00,6.352512299878075863e-01
9.671270251270001062e-01,9.215022423826483289e-01
7.845839858059999727e-01,8.237682475639293012e-01
4.701859951019999873e-01,8.150421445017684841e-01
5.632782578470000301e-01,6.592608466179086246e-01
2.416239976880000251e-01,6.950052596704606733e-01
2.709859907630000064e-01,5.132310318575492580e-01
1.994680017229999991e-01,5.477576673043453859e-01
1.327169984580000017e-01,4.816687639482929995e-01
4.732620120050000101e-01,4.569136529570274607e-01
6.585559844969999244e-01,6.070993696805995210e-01
9.621880054470000054e-01,6.726120885793943627e-01
5.111979842189999790e-01,8.394848959696146196e-01
9.829789996150000153e-01,6.402277830396679859e-01
9.100099802019999684e-01,9.037961975270286663e-01
1.026576042179999870e+00,8.072241348567182895e-01
8.309389948840000262e-01,9.111342837442437670e-01
9.651920199390000565e-01,8.095029091534570176e-01
1.000543951989999902e+00,8.902498272534171697e-01
1.983185052869999687e+00,8.817635749177179516e-01
1.274855017659999978e+00,1.349504469885958180e+00
1.286525964740000028e+00,9.862183944149268688e-01
1.382244944570000245e+00,1.118060327589575520e+00
1.736924052240000016e+00,1.090439703249151071e+00
1.257668018339999971e+00,1.252555832145924475e+00
7.533379793170000838e-01,1.026338772938341526e+00
1.084908962249999886e+00,8.484984925812435463e-01
1.062494039539999990e+00,9.715165479393087500e-01
7.787629961969999570e-01,8.979412962853213775e-01
8.256469964979999965e-01,8.018403127528682672e-01
9.891830086710000636e-01,8.317254158640706718e-01
1.418092012410000047e+00,8.765058207412679270e-01
1.151677966120000063e+00,1.073033656557417226e+00
1.250364065170000094e+00,9.501264712716300798e-01
8.794019818310000458e-01,1.049028650683298203e+00
1.089423060420000144e+00,8.476204401906000108e-01
1.809062957760000145e+00,9.681544037828312410e-01
8.687390089040000207e-01,1.256265954400707985e+00
8.521729707719999380e-01,8.149451299941323779e-01
1.307837963100000112e+00,9.157854844371712266e-01
1.262575984000000151e+00,1.031509159361109651e+00
7.601559758189999627e-01,9.917146168519921368e-01
1.069887042049999959e+00,8.081838321904665223e-01
8.579840064049999437e-01,9.648385704650206396e-01
1.149323940279999956e+00,8.051757899402148810e-01
1.067142963410000034e+00,9.783811683556264960e-01
7.400619983670000401e-01,9.081939540520103105e-01
6.799880266190000411e-01,7.904165204697295444e-01
7.323921322820000634e-01,7.668829277263601307e-01
8.352749943730000126e-01,7.601497229426524838e-01
6.000829935070000065e-01,7.993160909643667322e-01
1.010563969610000168e+00,6.930415741003136398e-01
7.613970041280000434e-01,9.004176355961713840e-01
7.260069847110000030e-01,7.469655714140985836e-01
1.064324021340000037e+00,7.814620380610408645e-01
5.901079773899998715e-01,9.130477508016793253e-01
7.744659781460000447e-01,6.792355319940082126e-01
7.406870126719998781e-01,8.154370154931744885e-01
8.908360004430001533e-01,7.453120840767575306e-01
7.620100975040000613e-01,8.340397968978456866e-01
7.774500250820000069e-01,7.659254522365781526e-01
5.811070203779999943e-01,7.929495769291796670e-01
7.908779978749999051e-01,6.895106808724165148e-01
8.903719782829999652e-01,7.943846843672163205e-01
7.882059812549999656e-01,8.124545487578128666e-01
7.301949858670000459e-01,7.830121608405695710e-01
9.248933196070001639e-01,7.702707726753925677e-01
1.265586972239999941e+00,8.514598632066849859e-01
7.884140014650000694e-01,9.952960932586936149e-01
9.180610179899998391e-01,7.824435238914873025e-01
6.569269895549999516e-01,8.942531915981684065e-01
8.252680301670000107e-01,7.215920715745970382e-01
4.257229864599999525e-01,8.215262983841659095e-01
9.114630222319998198e-01,6.061899145395767130e-01
7.238519787790000937e-01,8.602645296697025712e-01
9.657319784160000031e-01,7.158823895508450441e-01
7.194200158119999911e-01,8.828895173643653838e-01
7.146480083470000411e-01,7.419035755673000221e-01
6.188799738879999790e-01,7.733034686344378850e-01
8.502969741820000094e-01,7.048230478847745673e-01
6.113014817240000065e-01,8.139148660021836568e-01
8.405809998509999881e-01,6.861604921197631546e-01
5.909900069240000553e-01,8.234118353347334995e-01
1.191807866100000002e+00,6.764722390594851698e-01
1.072478055950000009e+00,9.847943329611347218e-01
7.976800203319999172e-01,8.821152126647925362e-01
7.140370011329999489e-01,8.209060792421217778e-01
8.885610103609999921e-01,7.808648155107162925e-01
7.367290258409999737e-01,8.363260473728530986e-01
9.655410051350000744e-01,7.517382704675362737e-01
8.569459915160000385e-01,8.800149802751134898e-01
5.838339924809999859e-01,8.062678231423751063e-01
3.047562122340000457e+00,7.083031295864041788e-01
8.865389823909999301e-01,1.855845457354341033e+00
1.186460971829999878e+00,7.228448815231190983e-01
8.750730156899999557e-01,1.194680726041214669e+00
1.111973047260000014e+00,8.213477185581536943e-01
6.929270029070000447e-01,9.722685128224978213e-01
5.632749795910000357e-01,7.395017974825045526e-01
5.519689917560000048e-01,7.197705937131199105e-01
9.211350083349998386e-01,6.771695413320342194e-01
5.465030074119999748e-01,8.336438762617232046e-01
9.997850060459999577e-01,6.471385581820837674e-01
7.512239813800000166e-01,9.060893117800493668e-01
8.402569890019999654e-01,7.373017605122372808e-01
7.843149900439999600e-01,8.331367201202898309e-01
5.915480256080000165e-01,7.791050791723086455e-01
6.109840273859999948e-01,7.019155342411109721e-01
9.328789710999999540e-01,7.123156494488691592e-01
7.992020249369999885e-01,8.397146519828254663e-01
9.833549857140000405e-01,7.683181350255129383e-01
5.405290126799999761e-01,8.903457164929942103e-01
1.093670010570000128e+00,6.670100674425236686e-01
9.266330003740002041e-01,9.557987546708641702e-01
7.972419857979999858e-01,8.136489239226879500e-01
5.896059870719999596e-01,8.163083672229668464e-01
7.799540162090000672e-01,7.092508130971827418e-01
5.182790160179999717e-01,7.910574800379711613e-01
7.263879776000000676e-01,6.433241016105218923e-01
6.216366887090000182e-01,7.673965222256349250e-01
8.810679912569999717e-01,6.853532613194436296e-01
7.315016984940000411e-01,8.291226921541737793e-01
9.703850150109999406e-01,7.403037521930396769e-01
8.715350031849999901e-01,8.816814376826255240e-01
5.505740046500000595e-01,8.122558190224621333e-01
2.576299905780000121e-01,6.930461726499397290e-01
6.952109932899999123e-01,5.614645159523520279e-01
3.547430038449999601e-01,7.395134464061667856e-01
1.308350920679999918e+00,5.383503283472691470e-01
1.424710035319999957e+00,1.032634977141998478e+00
2.422243118290000385e+00,1.016482416665862365e+00
1.588093161580000023e+00,1.573842500796324151e+00
2.882889986040000352e+00,1.156674638224833851e+00
1.510810017590000109e+00,1.897695427824831471e+00
5.103110075000000245e-01,1.118798675863576175e+00
6.637499928469999810e-01,8.438288852316793154e-01
5.865659713749999948e-01,8.126504496413774481e-01
9.182999730110000813e-01,6.708381695452652060e-01
1.126363039020000123e+00,8.412024367842709793e-01
9.455379843709997845e-01,9.168146176404450287e-01
7.979699969290000583e-01,8.591963285323872546e-01
8.895260095599999417e-01,8.192261659693138576e-01
5.017459988589999531e-01,8.485467304840540459e-01
7.889080047609999813e-01,6.526966193380195902e-01
5.571460127830000220e-01,8.077026834238077990e-01
8.079270124439998924e-01,6.518755639071823760e-01
7.382910251620000697e-01,8.042426076306001814e-01
6.742079854009999096e-01,7.396401567529021781e-01
8.787713646889999675e-01,7.381821206471980146e-01
7.401880025859999268e-01,8.273213700144421701e-01
8.886500000949999478e-01,7.496726976451347779e-01
7.983270287510000340e-01,8.435683816862802331e-01
5.137799978260000344e-01,7.826070413335456388e-01
7.760372757910000141e-01,6.707395516489279563e-01
8.528280258179999906e-01,7.921667327923364033e-01
7.851629853249999513e-01,7.889751839889124208e-01
8.431609868999999646e-01,7.815257333643697013e-01
1.024798870089999925e+00,8.183964795054003982e-01
8.044279813770001120e-01,8.928823648364644372e-01
8.841310143469999216e-01,7.906713142344645728e-01
3.615649938579999501e-01,8.538143850133852464e-01
1.171491026879999842e+00,5.896198923215708598e-01
4.477910101409999788e-01,9.882386437477284069e-01
7.665730118750000432e-01,5.734029436874666930e-01
7.735599875449999940e-01,8.278534241070986122e-01
1.054823040959999902e+00,7.463040549213738606e-01
7.843300104139999673e-01,9.074253692317105768e-01
1.034250974660000155e+00,7.733068338253097362e-01
1.096979022029999973e+00,9.266028194381280558e-01
7.633029818529999400e-01,9.188609558889253570e-01
5.883730053899999257e-01,7.883473396162875568e-01
6.365630030629999547e-01,7.271146806590258471e-01
5.750700235369999858e-01,7.220136915380542808e-01
5.399640202519999654e-01,6.744699200551961260e-01
1.324671149250000068e+00,6.655646136268786872e-01
8.178460001949999780e-01,1.021264936032038051e+00
6.359609961509999909e-01,7.548718010405259804e-01
8.135920166969999867e-01,7.697804876684092301e-01
9.872140288349999793e-01,8.068462645678891043e-01
9.839289784429999797e-01,8.616488484148313587e-01
5.904790163040000150e-01,8.715447425272220272e-01
8.986790180210000312e-01,7.087619046624332730e-01
6.268000006680000125e-01,8.643200693434318627e-01
6.926850080490000172e-01,6.885720883701149653e-01
5.757049918169999669e-01,7.599235676063129663e-01
6.764680147170000213e-01,6.765572362246640159e-01
8.279470205309999997e-01,7.336209964435237429e-01
6.547859907149999881e-01,7.875095020619917729e-01
1.085815548900000094e+00,7.126965459002724268e-01
8.509550094600001335e-01,9.322976912640050795e-01
8.879359960560000431e-01,7.907215596649144196e-01
6.557850241659999302e-01,8.599711194842788453e-01
6.597809791559999804e-01,7.285026923654616127e-01
8.856279850010000398e-01,7.427062817866402211e-01
7.502999901769999980e-01,8.226836072167164060e-01
9.303160309790001747e-01,7.525942773665063035e-01
7.259460091590000941e-01,8.630234846799483828e-01
7.123904824259998936e-01,7.488897015048404660e-01
9.326570034030000622e-01,7.684583363314764215e-01
6.544970273969999974e-01,8.494116276889930317e-01
4.987269937989999846e-01,7.122672138026980848e-01
9.782410264020000579e-01,6.736481881897947721e-01
5.593240261080000275e-01,8.710578842879984629e-01
8.733990192409999409e-01,6.454768187140526026e-01
6.232500076290000690e-01,8.532880468669084006e-01
6.319249868390000024e-01,6.847508804114555980e-01
8.335350155830000274e-01,7.297008309886845456e-01
8.613430261610000027e-01,7.965211297077680053e-01
1.036013007159999999e+00,8.026618755462883170e-01
6.160370111469999355e-01,9.022398058062736093e-01
9.874529838559999995e-01,7.058025545978136028e-01
6.686739921569999634e-01,9.094246176946289006e-01
6.455339789389999972e-01,7.069771496100349939e-01
1.007030010220000049e+00,7.457374926718606245e-01
7.763000130650000719e-01,8.803121575837029589e-01
9.358490109439999705e-01,7.585155992980279205e-01
6.626719832419999401e-01,8.768309843130089876e-01
1.113351941109999910e+00,7.223325054364435616e-01
5.495319962500000432e-01,9.555667183583023139e-01
9.273632764820000096e-01,6.524519767652505742e-01
8.215330243109999486e-01,8.920474091778434200e-01
9.193540215489999223e-01,7.725662557567566369e-01
6.899859905239998925e-01,8.595372014263382709e-01
6.497738957409999738e-01,7.400139638923064478e-01
9.705049991609999704e-01,7.400251133197962572e-01
8.034440279009998909e-01,8.655055263395470266e-01
8.920990228650002019e-01,7.727638267418561746e-01
7.462270259859999921e-01,8.520398902963184362e-01
1.495407462120000197e+00,7.649721855154199002e-01
7.597569823270000633e-01,1.124642634501017424e+00
9.677280187609998974e-01,7.425039275861935462e-01
1.126011013979999920e+00,9.413047893176522685e-01
7.641419768330000029e-01,9.322657742015768578e-01
1.423818945879999909e+00,7.809313621680090689e-01
8.309190273280000483e-01,1.114374016788658439e+00
5.316870212550000030e-01,7.796913038846898791e-01
6.942920088770000442e-01,7.316185886505965907e-01
1.097100019450000019e+00,7.573412431800351508e-01
8.623710274700000511e-01,9.061487370742505876e-01
9.711959958079999788e-01,7.995198151824889354e-01
7.501904964450000213e-01,8.989403481278543939e-01
5.659890174870000346e-01,7.697600062891200023e-01
7.235890030859999378e-01,7.046997327468976779e-01
1.088876962660000114e+00,7.613554061696451436e-01
2.614549994470000138e-01,9.047346938912227410e-01
1.923168003559999895e-01,5.281943412489494838e-01
2.048390060660000012e-01,5.642530511390316805e-01
3.752999901769999980e-01,4.889712334529768833e-01
1.878910064700000104e-01,5.590955863476072540e-01
4.178839921949999980e-01,4.688820322496889959e-01
6.128349900249999704e-01,5.976274312825785584e-01
4.822100102899999352e-01,6.593149979831218754e-01
8.136649727820000066e-01,6.157230825211290615e-01
8.997989892959999958e-01,7.918755287284595656e-01
7.667459845540000041e-01,8.059506504954417894e-01
6.762999892229999421e-01,7.751178591968671538e-01
9.804093837739999984e-01,7.473404330151105501e-01
1.075533032420000090e+00,8.768172119027741740e-01
6.459739804270000496e-01,9.001159793658095598e-01
7.601699829100000416e-01,7.300036836662264772e-01
8.707180023190000950e-01,8.079471685195396269e-01
1.045557022089999899e+00,8.111190412679626371e-01
4.832339882849999713e-01,8.988862988393084841e-01
1.085988998409999962e+00,6.457148234082390470e-01
7.320979833600000930e-01,9.606356222491911900e-01
7.128990292550000385e-01,7.188999120910636309e-01
1.045389056210000112e+00,7.841469877868646465e-01
7.359200119969999676e-01,9.018628490974797129e-01
8.956930041309999480e-01,7.453586684298501019e-01
8.745509982110000191e-01,8.637503030450710551e-01
9.237470030779999508e-01,8.168889798015058767e-01
9.997780323029999971e-01,8.563821726524415423e-01
1.739534020420000049e+00,8.873629904698364657e-01
8.107889890670000321e-01,1.231738747592705074e+00
7.049050331119999235e-01,7.820245248709296604e-01
8.328269720080000438e-01,8.434194421689839016e-01
8.276600241660000412e-01,8.124031029223726108e-01
8.953109979630000659e-01,7.945919634742316662e-01
1.459501028060000039e+00,8.387364776162939961e-01
1.179519057270000060e+00,1.095940550292749283e+00
1.443411946299999915e+00,9.519194333832529109e-01
1.306735038760000078e+00,1.141432479770444930e+00
7.634999752040000365e-01,1.039913936222316426e+00
1.145148038860000161e+00,8.216936454931689227e-01
7.253450155259999477e-01,1.003841727642297732e+00
7.633590102199999672e-01,7.418456490781952795e-01
6.174820065499999622e-01,8.134769680453612928e-01
1.029322981830000039e+00,7.029693947968542744e-01
1.302055954929999926e+00,9.011567510163726036e-01
3.164124965670000122e+00,9.968512002880287604e-01
9.734439849849999549e-01,1.901746112118096743e+00
1.229671001429999855e+00,8.304211128181205881e-01
7.441530227660000385e-01,1.223301812534321575e+00
1.063034057620000139e+00,7.684144130432516429e-01
1.123872041700000102e+00,9.589636081108448007e-01
8.984770178790000283e-01,9.261168719175554287e-01
7.175139784810000698e-01,8.522506019102621400e-01
5.367509722709999931e-01,7.838667625761641666e-01
1.175443053249999981e+00,6.852290664941111942e-01
1.101048946379999949e+00,9.668382920541975789e-01
5.734490156170000130e-01,8.904227166249242265e-01
1.431144952770000200e+00,7.155239130363992839e-01
1.037794947620000130e+00,1.122321487483040281e+00
6.568620204930000206e-01,8.552455503432651041e-01
1.074908018110000141e+00,7.818194113896428377e-01
1.385972023009999887e+00,9.483430589634451735e-01
1.004804968829999812e+00,1.037914480141316709e+00
1.609539985660000116e+00,8.923473819391654072e-01
2.817575931549999524e+00,1.217680326391677337e+00
1.962562561039999709e+00,1.722814997458716579e+00
1.279752016069999998e+00,1.333837715520331368e+00
1.995329976079999845e+00,1.173020641589191282e+00
2.033385992049999924e+00,1.445156279722887627e+00
1.307443976400000096e+00,1.366418640020784059e+00
1.611258029939999892e+00,1.099608520049622840e+00
2.040218114850000042e+00,1.272325631742805774e+00
2.183244943620000100e+00,1.387351472349125592e+00
1.351415991779999937e+00,1.468227233459933112e+00
7.242180109020001089e-01,1.118577015153078280e+00
1.363389015200000109e+00,8.766751189430759261e-01
1.526808977129999967e+00,1.110596868916979174e+00
1.784019589420000163e+00,1.098996072510521449e+00
1.103597044940000105e+00,1.276676845785906789e+00
1.763007998470000004e+00,9.680031074404462643e-01
1.157549023629999896e+00,1.325448737213579697e+00
1.153326034550000045e+00,9.510489622000687371e-01
2.362811088559999551e+00,1.038802656950960301e+00
2.580787897110000007e+00,1.541038926344900917e+00
1.242146968839999976e+00,1.596304734261261515e+00
1.712821006770000265e+00,1.084930359033270841e+00
6.676509976389999323e-01,1.377499844418438757e+00
8.271329998970000652e-01,7.418948674137604282e-01
9.642647504809997994e-01,9.020737605991500097e-01
1.394161701200000048e+00,8.537869821146358840e-01
7.584049701689999923e-01,1.063042054728898345e+00
6.900759935379999765e-01,7.677449007866016251e-01
6.740249991419999809e-01,8.037633983270230376e-01
8.615220189090000424e-01,7.348970634615885622e-01
7.907469868659999790e-01,8.145467915801977155e-01
7.285000085830000138e-01,7.734740198449153725e-01
2.411980032920000294e-01,7.664919759403164834e-01
3.354600071909999981e-01,5.392607423615511930e-01
5.912460088730000507e-01,5.937877710092918093e-01
1.058426976200000036e+00,6.578521188678514431e-01
7.669919729230000316e-01,8.723300907779687474e-01
5.881239771840000019e-01,7.468340228068678366e-01
5.922303199769999305e-01,7.229796434058365362e-01
8.753510117530000079e-01,7.021210469614783678e-01
7.038279771799998974e-01,8.136374820619854953e-01
5.677499771120000371e-01,7.248752965642982771e-01
7.133870124819999825e-01,6.975696460904671214e-01
1.077505946160000061e+00,7.519424304533253167e-01
6.909419894220000247e-01,9.000539285555714253e-01
7.724580168719999973e-01,7.235958599129544977e-01
7.237120270730000859e-01,8.121112964141606883e-01
9.752489924429998958e-01,7.477825370965303087e-01
9.151769876479998178e-01,8.732597778530201138e-01
7.574009895319999686e-01,8.313305060059718032e-01
