1.074290990829999792e+00,8.019495835966190533e-01
9.521890282630000035e-01,7.271323756197771715e-01
9.879170060160000766e-01,8.060049801677363623e-01
1.011654973029999960e+00,7.543768374778071495e-01
0.000000000000000000e+00,7.481903140458290302e-01
7.643579840659999736e-01,6.491788009445267349e-01
7.788103222849999119e-01,8.248750694479066725e-01
3.306220054629999794e+00,2.577804631661779200e-01
1.055441975589999970e+00,1.408313654628269740e+00
7.543110251430000801e-01,4.969380545416110517e-01
7.915459871289999283e-01,1.552867415189957745e+00
1.409499049189999909e+00,1.041095783148769494e+00
8.875439763070001042e-01,1.737458582847221322e+00
6.401469707490000660e-01,1.202247239600929829e+00
5.082880258560000808e-01,8.984784412125799147e-01
8.640019893649999450e-01,8.927389054307341976e-01
5.725920200349999822e-01,9.683822692926099540e-01
8.469420075419999971e-01,7.451814822829305740e-01
9.181020259860001032e-01,7.444972767450834805e-01
7.976629734039999420e-01,6.329093666152493247e-01
9.608020186419998776e-01,7.759299012793017258e-01
9.555831551549999192e-01,7.186634942582534880e-01
3.470349907879999862e-01,7.506687391551063460e-01
9.546210169789999256e-01,7.636745151843928880e-01
1.293938040730000072e+00,7.897071125516804679e-01
5.251880288119999962e-01,7.405774454668929696e-01
4.773890078070000542e-01,8.334740123827164560e-01
1.275226235389999907e+00,7.069911046952005451e-01
8.723750114439999814e-01,7.647132689800650862e-01
8.355640172959999390e-01,8.449396583794586135e-01
7.321749925609999377e-01,7.874722852561167885e-01
7.640249729160000225e-01,6.389102990534374360e-01
4.072830080990000323e-01,8.623113406678587500e-01
4.752210080619999610e-01,7.061644799551470841e-01
8.781340122220000488e-01,7.474041300385997344e-01
7.414129972460000717e-01,6.806554610960696694e-01
1.258002042770000051e+00,7.114294603021832364e-01
1.069700956339999953e+00,7.104555282376112668e-01
7.274609804150000691e-01,6.983328889922079119e-01
7.892770171170000459e-01,8.112107027713953977e-01
6.237750053410000550e-01,7.475938793748926336e-01
6.914690136910000007e-01,7.972866870799517613e-01
8.557710051540000640e-01,8.263754576201673974e-01
7.093830108640000187e-01,7.193989139421423928e-01
1.014547944070000041e+00,7.311673903279671816e-01
1.115731000900000103e+00,7.828336119125741677e-01
4.182830154900000208e-01,7.213834264722140954e-01
1.002280950550000105e+00,7.870083957684147480e-01
1.218860983849999968e+00,8.331411568662681066e-01
1.143296003339999922e+00,7.556832174351971743e-01
6.528189778330000248e-01,9.562652907654132228e-01
6.746559739110000731e-01,6.692384970245374154e-01
6.009536385540000802e-01,8.418194494366888492e-01
6.694570183749999348e-01,8.026079689745920787e-01
6.538079977039999990e-01,8.457569817288838054e-01
7.814120054240000224e-01,6.682241704155614803e-01
1.206303954120000022e+00,7.655149745635497771e-01
8.469259738919999725e-01,7.227321194802476256e-01
8.286409974099999687e-01,7.108828087026435316e-01
6.482390165329999787e-01,7.916249388620748562e-01
5.623700022700000023e-01,7.077216063271100088e-01
7.183309793469999649e-01,8.316673050955265545e-01
1.099647998810000082e+00,7.028197570507909164e-01
9.541710019110001273e-01,7.553679617396663604e-01
7.290139794350000146e-01,7.202641862483156743e-01
6.694499850270000385e-01,7.866136032444567272e-01
8.631219863889999511e-01,7.485829702185287093e-01
6.464660167689999515e-01,8.681044290607068392e-01
8.223180174830000411e-01,7.352248947151857061e-01
9.235979914669999458e-01,8.132915468703119100e-01
8.300920128820000743e-01,6.922073321597352891e-01
1.067314028740000031e+00,7.810767934474536212e-01
1.546175003050000107e+00,7.698682935348160061e-01
6.827279925350000500e-01,8.470218488593167505e-01
6.385620236399999206e-01,8.130154313213086015e-01
6.464239954950000699e-01,9.195481990628159297e-01
6.881093978879999629e-01,7.926551980477780646e-01
7.273989915849999877e-01,9.666965408471670518e-01
6.500350236890000133e-01,7.402489761550531400e-01
8.693690299990000092e-01,6.767252315598516477e-01
4.408580064769999640e-01,7.355060389881854510e-01
4.518609941010000020e-01,6.572992327751103758e-01
7.575070261959999662e-01,7.204243923414382911e-01
4.952389895920000229e-01,6.611821866223704935e-01
6.850870251659999521e-01,7.127234556681837363e-01
7.243813276289999825e-01,6.950070840732212041e-01
8.653740286830000628e-01,6.176117925662997221e-01
7.400469779970000328e-01,7.474015706880917653e-01
8.070759773250000269e-01,6.261544845463715703e-01
8.204330205920000729e-01,7.534569135566901998e-01
1.114411950110000049e+00,6.780461920993697822e-01
1.108605027200000093e+00,8.074280390479611214e-01
4.751499891279999943e-01,7.394963300020341856e-01
1.039268016820000140e+00,7.626857647198279633e-01
9.457899928090000019e-01,8.329802453369095083e-01
7.877500057220000462e-01,7.722249122087483375e-01
3.504549860949999762e-01,9.013862650443984492e-01
9.367713332179998797e-01,6.489432450814057729e-01
9.868059754369999936e-01,8.196467092406517496e-01
6.470239758489999549e-01,7.582351341649556931e-01
1.029777050020000084e+00,7.922698733465738385e-01
1.187446951870000156e+00,7.393409429500550356e-01
9.328820109369999614e-01,7.609600317891519472e-01
7.528370022769999004e-01,9.226682529689500534e-01
6.420040130619999452e-01,7.912255676279601468e-01
2.307340055699999837e-01,8.849394027600785417e-01
4.714997112749998998e-01,8.025137115620457617e-01
8.772729635240000823e-01,7.823861412972060725e-01
7.876309752460000091e-01,5.907487364143680919e-01
2.742219865320000283e-01,7.167546043379009468e-01
3.992269933219999567e-01,5.843010374956200126e-01
9.923512339589999343e-01,7.097151396153976721e-01
7.627239823340000724e-01,6.744191398610754895e-01
7.200859785079999353e-01,7.626953894911481235e-01
6.264780163759999798e-01,6.639191766824468210e-01
7.269890308380000388e-01,6.694347162239790983e-01
9.301019906999999920e-01,7.923599659619207092e-01
6.872699856759999504e-01,7.207172522700814321e-01
8.662552833559999943e-01,7.207496712992024213e-01
8.352038264269999734e-01,7.288864861820849583e-01
9.402499794959999768e-01,6.844291156225831285e-01
1.023357987399999836e+00,8.153085261181005627e-01
7.322629690170000538e-01,7.389618399610587973e-01
9.300749897960000068e-01,8.182424720740907320e-01
8.702930212019999168e-01,8.014418221960685207e-01
5.104020237919999481e-01,7.721560486706052773e-01
1.025817990299999982e+00,8.183803087342002014e-01
4.551239907739999535e-01,8.282165071762902508e-01
7.345349788670000324e-01,6.773266305548777400e-01
7.012919783589999234e-01,8.371272758520084123e-01
1.014386057849999911e+00,5.695451257012708046e-01
1.123770236970000225e+00,8.446765114698637777e-01
4.825370013710000294e-01,6.626271579149857205e-01
4.689320027830000681e-01,7.237328333751149589e-01
8.755196928980000237e-01,7.357439412932204048e-01
1.145424962039999883e+00,7.343623525381164363e-01
1.943787455560000099e+00,8.594785499814902030e-01
1.557039022450000143e+00,7.857890361329771256e-01
2.104775905609999942e+00,7.860262703009964769e-01
1.062240004540000005e+00,1.007868355326396959e+00
7.867829799650000178e-01,9.866440872220232361e-01
2.247971057890000068e+00,1.200380052419189880e+00
5.664669871329999218e-01,1.080998539334941722e+00
8.389729857439999217e-01,1.006838747644616117e+00
3.188189864160000386e-01,1.261260671377273823e+00
6.386680006980000046e-01,7.136109622968668242e-01
7.540266513819999794e-01,1.319425818592145916e+00
1.085826039310000102e+00,6.728406506897604000e-01
6.014299988750000381e-01,8.039497438961291653e-01
6.923220157619999204e-01,6.272482834968781118e-01
8.782439827919999997e-01,7.745999412174577881e-01
1.279224038119999962e+00,6.776910980552313113e-01
7.251669764520000117e-01,8.681773497387768046e-01
4.283109903339999969e-01,7.026715224743866894e-01
7.012249827380000466e-01,7.696120626984499502e-01
8.846225738529999161e-01,7.180180678352203749e-01
7.809653878210001121e-01,8.046698414585982118e-01
9.259700179100002204e-01,7.315185166608521028e-01
9.178640246389998536e-01,7.117919873617789550e-01
9.073020219799998731e-01,7.432581185144392366e-01
4.099450111390000040e-01,8.595283098382204834e-01
8.741459846500000408e-01,7.281821797122968176e-01
1.231343984599999830e+00,8.095579986295758923e-01
7.683960199359999299e-01,6.853882784998419631e-01
9.357339143750000865e-01,8.324962915259023211e-01
7.523270249369999885e-01,6.952437496145399409e-01
6.247839927670000293e-01,7.126053331434764049e-01
1.977947235109999591e+00,8.490639669539472578e-01
2.476479291920000048e+00,8.367930817131162824e-01
6.822599768639999729e-01,9.578854825725919842e-01
1.294077992440000102e+00,9.789659903581697797e-01
2.116506099700000032e+00,1.345260530784011310e+00
2.030230045320000176e+00,1.166264948307884630e+00
1.727593064309999926e+00,1.666043409821813537e+00
1.321619033810000010e+00,1.108071780826436648e+00
1.114274978639999913e+00,1.253780316804872674e+00
1.618482947350000201e+00,1.310269806486715982e+00
1.102354049679999948e+00,1.289642252122017441e+00
8.501269817350000091e-01,1.026940409485717742e+00
6.531813144679999850e-01,1.066856292461299649e+00
6.168276071549999573e-01,8.428287665058273870e-01
1.023204803470000090e+00,9.674758672663833492e-01
1.176781058310000017e+00,8.237358788417304956e-01
1.108754038809999898e+00,8.074575755590425175e-01
9.838110208509999177e-01,7.905781559709911255e-01
1.829927563669999868e+00,8.293965853909133212e-01
1.342131018639999951e+00,9.286880654749830599e-01
1.265669584270000092e+00,9.405412186501183047e-01
7.930377125740000199e-01,1.044581527527316478e+00
1.030689358710000114e+00,1.037524211896674542e+00
8.210232257839999992e-01,1.181957972553540737e+00
1.099169254300000009e+00,9.680656739104782638e-01
5.255355238910000004e-01,9.932346723309308789e-01
7.758393883709999717e-01,7.768339608005767616e-01
7.209759950640000081e-01,9.057571194384734792e-01
8.666771054269999386e-01,7.079839961919983660e-01
8.462041020389999835e-01,8.759208902318633694e-01
7.614132165909999195e-01,6.485383641202613347e-01
6.587246060370000045e-01,7.529691460816971826e-01
1.078659296040000104e+00,7.053530852412348562e-01
1.281940340999999872e+00,7.806887202161461037e-01
6.600005030629999547e-01,7.926741767259586346e-01
1.112500548360000119e+00,8.042580197840787370e-01
6.280704736709999958e-01,9.336579179399904227e-01
6.864575743680000341e-01,8.728064050743233881e-01
9.000409841539999123e-01,1.023594564818808506e+00
7.342569231990000445e-01,7.329084699640442402e-01
1.011121273039999879e+00,7.980311884187649696e-01
8.827599883079999543e-01,8.057934807026807533e-01
7.521411776540001259e-01,7.191719728225683950e-01
9.489411115650000506e-01,7.976153192775734535e-01
6.799052953720000625e-01,7.597083167910796409e-01
7.211565971369999772e-01,7.624420209365149192e-01
6.504104733470000843e-01,8.054328767278854384e-01
7.167106270790000178e-01,7.380057323233920608e-01
9.056316018100001308e-01,7.782627646459762127e-01
6.526464819910000603e-01,7.884199505613753711e-01
7.056654095649999014e-01,7.415021679511940578e-01
6.581057906149999637e-01,7.227164637693586080e-01
6.592794060709999959e-01,6.890095380761688260e-01
6.634064316750000190e-01,7.448984879082383159e-01
7.808002829549999246e-01,6.896601516635318951e-01
7.565907239910000248e-01,7.100167667102657010e-01
9.280405640600000172e-01,6.756998072266869881e-01
7.073829770089999913e-01,7.350173914684006160e-01
3.888399899009999383e-01,6.884690618737012713e-01
3.422417938710000107e-01,7.439864124741298879e-01
2.337300032380000281e-01,6.987711654526580496e-01
1.459127068520000015e-01,6.576706146141186871e-01
3.949534893039999828e-01,6.109216139390534206e-01
9.678409695629999199e-01,4.965335363537064506e-01
7.839220166210000285e-01,5.420594222631183179e-01
8.333759903910000766e-01,5.669690683926866814e-01
9.723259806630000224e-01,6.166748820350926863e-01
6.905210018160000685e-01,6.461900364432452415e-01
1.345324039460000121e+00,7.685642631726598006e-01
7.227010130879999439e-01,8.318596463252594386e-01
6.804850101469999135e-01,7.505126319381283384e-01
7.610610127449999318e-01,1.000109938159231548e+00
8.075709938999999782e-01,7.388923033329856116e-01
5.886639952659999953e-01,9.545030686689324195e-01
9.960750937460000065e-01,7.127074285495540451e-01
1.045413970949999882e+00,8.000183721875544496e-01
4.713059961800000197e-01,7.193915689877762309e-01
1.047140955920000005e+00,7.657725804974866435e-01
1.126214265820000060e+00,7.907779896476844206e-01
2.560461759570000329e+00,7.582200268469273530e-01
7.747610211370000721e-01,1.134740062339731681e+00
7.172060012819999608e-01,7.957638211449676868e-01
8.005080223080000001e-01,1.582027709144251393e+00
5.680390000339999856e-01,1.087302051667675684e+00
1.195780038829999947e+00,1.551262800401010722e+00
7.970449924470000003e-01,1.120588183337774213e+00
4.899359941480000979e-01,7.346876705605840385e-01
9.918130040170001216e-01,9.850989144294607369e-01
7.445690035819999553e-01,7.636208277130704936e-01
6.096370220180000743e-01,8.199662982003169676e-01
8.565919995309999591e-01,8.092983615113772400e-01
8.144299983980000102e-01,6.508529553890967101e-01
7.605929970739999657e-01,7.691091450251983375e-01
9.157519936560000184e-01,7.609266658983792064e-01
7.421634793279999753e-01,7.131254637156365650e-01
7.329360246660000522e-01,7.331309858638866972e-01
8.745691180230000805e-01,7.885197219044794981e-01
9.644910097120000803e-01,7.111514704237734685e-01
1.477671980859999845e+00,8.208116887867340505e-01
6.752679944040000937e-01,8.543090246608187055e-01
5.030400156970000758e-01,8.215601675928210224e-01
7.066659927370000371e-01,1.136671513712250281e+00
2.968195915220000369e+00,8.841414674312946254e-01
1.255300998690000114e+00,1.247940420316593357e+00
4.084815025330000182e+00,8.217508482983176821e-01
1.692322969440000158e+00,1.397568996824708698e+00
4.121052026750000041e-01,8.006236155595309878e-01
1.035750985149999970e+00,1.781724832479405274e+00
6.408920288089999806e-01,1.045996504788669457e+00
7.065470218660000468e-01,1.531324958047880269e+00
1.060830354689999977e+00,1.287344941193795611e+00
1.880954027180000043e+00,5.963717140702253783e-01
1.886373996729999725e+00,9.309904022944687219e-01
1.328773975370000082e+00,8.335237301903319906e-01
3.931840062139999592e-01,9.369618169638096461e-01
6.382430195809999374e-01,8.869672980753688929e-01
1.045531988140000035e+00,1.093708051523802460e+00
6.588029861449999913e-01,9.826716084498663406e-01
8.046740293499999863e-01,9.529282941395135209e-01
8.740410208700001293e-01,7.012411574124455260e-01
8.532550334930000258e-01,7.115305276961808589e-01
8.952109813689997919e-01,8.259461471306405178e-01
7.301589846610000434e-01,7.232363427205253936e-01
4.149410128589999802e-01,7.592971987942918055e-01
2.700940072540000125e-01,7.459619535600546802e-01
4.911319911480000466e-01,7.100344863691305797e-01
5.079169869420000483e-01,6.703561826935862111e-01
1.224020004270000017e+00,6.032378933965102386e-01
1.267657995220000222e+00,7.232209924597663431e-01
2.633487939829999736e+00,6.187844030114649785e-01
3.999615430829999596e+00,1.057562213472724277e+00
6.651418209080000032e+00,1.021864785901524630e+00
2.102678060530000170e+00,1.838270651925957511e+00
1.283689975739999989e+00,1.614418371073510938e+00
1.291347503659999951e+00,2.708453021299584318e+00
1.353754043579999733e+00,2.464878987573374758e+00
2.390191078189999985e+00,3.218729692177793478e+00
1.461441040039999972e+00,2.155496754051807962e+00
1.599208951000000045e+00,1.544116189909776615e+00
1.471150994300000070e+00,1.322078768228954981e+00
1.298205018039999992e+00,1.247491338673913486e+00
1.579622030259999921e+00,1.424504082191549559e+00
1.360355019570000268e+00,1.125414335229745877e+00
8.036410212519999874e-01,1.130306383589675168e+00
4.276689887049999750e-01,1.109232090313459373e+00
2.694070041180000041e-01,9.902435569257214132e-01
3.897170126439999938e-01,1.053620460693125427e+00
4.179170131680000067e-01,9.034679397243310373e-01
1.546036005019999937e+00,7.613838778708399424e-01
1.017611026760000037e+00,7.137136510867724271e-01
8.653150200839999640e-01,6.114038543720340391e-01
6.194109916690000439e-01,8.274014963759153130e-01
8.454149961469999974e-01,6.375787370504585327e-01
8.048596382139999728e-01,9.607953775639412886e-01
1.435889005660000217e+00,8.181581731629374854e-01
2.565752029420000024e+00,8.512117642821031005e-01
6.206179142000000759e+00,8.459151825689708026e-01
9.309499859810000943e-01,1.333087189707933273e+00
9.077759981159998492e-01,9.769357401737241986e-01
4.609797894950000141e-01,2.083025257149407672e+00
5.264570117000000327e-01,1.358572956119511899e+00
7.942249774930000283e-01,2.657850021911869032e+00
9.704009890560000295e-01,1.199844329516099872e+00
6.695889830590000535e-01,9.024007921600587512e-01
6.997730135920000594e-01,7.304206306417707628e-01
6.903669834139999351e-01,7.493602079817732742e-01
6.361600160600000553e-01,6.805456794041429003e-01
9.726700186730000697e-01,7.645147322955923030e-01
6.393389701839999884e-01,7.351522611556916553e-01
5.123779773709999930e-01,6.938290459039581082e-01
5.699130296709999932e-01,7.865955087552259917e-01
8.318089842800000522e-01,6.654786480669455662e-01
4.694110155110000071e-01,7.970869573678781572e-01
9.054309725759998040e-01,6.571056702547998229e-01
8.482750058169999940e-01,7.603434613571791179e-01
6.566630005839999562e-01,6.297682564951082584e-01
6.324055790899999474e-01,8.200508160587399731e-01
3.268550038340000130e-01,6.565623781630373079e-01
3.047409951689999952e-01,6.882521560301814167e-01
2.159480005499999911e-01,6.811476101635041136e-01
2.148479968310000043e-01,5.816223902767494458e-01
1.512310057880000003e-01,5.881859441347769835e-01
4.153338372709999837e-01,4.517796943371122920e-01
7.344200015070000420e-01,5.197716472356921358e-01
9.913370013240001555e-01,4.821767129135568486e-01
7.910000085830000138e-01,5.863596695102193390e-01
7.429170012469999973e-01,5.728497154655044499e-01
7.426548600200000294e-01,6.818945375647439411e-01
8.799139857289999256e-01,6.779980153557447764e-01
7.376829981800000491e-01,7.901679012212817765e-01
1.240342974660000097e+00,7.294288171258568321e-01
8.343409895899999151e-01,8.097861848967286003e-01
3.054729998110000122e-01,7.311082226597069855e-01
8.929460048680000206e-01,8.312336545182207326e-01
1.285866022110000007e+00,7.719940170228800635e-01
4.146400094030000538e-01,8.069641823089377386e-01
1.090137004850000091e+00,8.087689416047132429e-01
5.923830270769999684e-01,7.833065247500186068e-01
3.773260116580000045e-01,7.170317301560797940e-01
2.693597316740000469e+00,9.824097789518604351e-01
2.288666009900000020e+00,7.791633686630293765e-01
8.955270051960000366e-01,8.915103035201663584e-01
8.070570230480000884e-01,1.159442069735253877e+00
1.194862961769999954e+00,1.169328774041011432e+00
8.929409980770000033e-01,1.475202526953165005e+00
9.776080250740001309e-01,1.448355657189916101e+00
1.832507014270000179e+00,1.056186154202245486e+00
1.403792977329999747e+00,9.044222147885369045e-01
7.223749756810000644e-01,1.026327625779996922e+00
6.599410176280000595e-01,9.641344014759669623e-01
7.407349944109999917e-01,8.946629047516352351e-01
5.553659796709999874e-01,9.900311488308594088e-01
1.236768960949999885e+00,9.039894872787038738e-01
6.214020252229999208e-01,7.776527944117047619e-01
7.108730077739999764e-01,6.744155640618963998e-01
3.064779937269999643e-01,8.674636694972320816e-01
6.473349928859999380e-01,6.025227777248788330e-01
5.458269715310000159e-01,8.710800274528396336e-01
1.024247765539999966e+00,5.965721901485956380e-01
8.176820278170000567e-01,7.520285328896240129e-01
7.440620064740001149e-01,6.241984579906800779e-01
7.367150187490000279e-01,7.626329150191279993e-01
5.768560171130000525e-01,7.903364324164798838e-01
9.152600169180000744e-01,8.051543593019730993e-01
1.137029051779999911e+00,8.147196349569973961e-01
4.960080087179999930e-01,6.883812439953204132e-01
4.941360056399999312e-01,7.944884204415886275e-01
8.834533095360000976e-01,6.824992172893982190e-01
1.271524906160000024e+00,6.742989778155372704e-01
8.864369988439999570e-01,7.798622593640384126e-01
8.988280296330000141e-01,7.133816983098024700e-01
9.049779772759998231e-01,7.398884366381124345e-01
8.299319744109999730e-01,8.444534371694105701e-01
8.756300210950000995e-01,9.022835397092267007e-01
5.502920150760000073e-01,8.268275731089398395e-01
1.073919415470000027e+00,7.212343018482798573e-01
8.491920232770000521e-01,8.426447792609170762e-01
6.393229961399998773e-01,6.911621396704532572e-01
7.995309829709998928e-01,8.244144908215434997e-01
9.646000266079999275e-01,7.131017043798999477e-01
8.413559794430000016e-01,7.999151280515611750e-01
7.011449933050000194e-01,7.838632982933252391e-01
7.240070104600000445e-01,7.684647312734268487e-01
1.010308027270000020e+00,7.548700618652458560e-01
6.538060307499999890e-01,8.012465712928551476e-01
7.932850122450000319e-01,7.136611757255221233e-01
6.538396477699999210e-01,7.808746378225367435e-01
1.160789966579999888e+00,6.542074076583361819e-01
8.085789680480000019e-01,8.317449966553259744e-01
3.743770122530000188e-01,6.558972953691785124e-01
2.556999921800000020e-01,7.769859922905504312e-01
4.893150031570000502e-01,6.367851569519074051e-01
1.151844024660000132e+00,7.203323531980493355e-01
7.372779846189999597e-01,7.014392412784292707e-01
1.088750958439999916e+00,6.095298320144154625e-01
1.975852966309999958e+00,7.331177527934519267e-01
8.547700047490001118e-01,7.264978547712361845e-01
7.977370023729999371e-01,8.900711229125473078e-01
1.052428960799999924e+00,1.020466816323577941e+00
3.179450988770000208e+00,9.194870921021622845e-01
1.797067999840000541e+00,1.372501434572575230e+00
1.056702017779999947e+00,9.401679892225707214e-01
8.751260042189999977e-01,1.244028699359587264e+00
6.645399928090000019e-01,9.613172332349882998e-01
7.571684122089999969e-01,1.391030589127669748e+00
1.368484020229999931e+00,1.117515179237855039e+00
9.052469730380000579e-01,8.168293407010180918e-01
1.032060980800000083e+00,8.333867040971548734e-01
6.141330003739999821e-01,9.072878564482130814e-01
9.733130335809999645e-01,8.008700423629419030e-01
6.452289819719999597e-01,9.993899069371972033e-01
4.894390106200000035e-01,7.505066695467358384e-01
8.408679962160000576e-01,7.946140524612191891e-01
7.771940231319999226e-01,6.803272493029678403e-01
6.755350232119999854e-01,7.177095229060038717e-01
6.592059731480000018e-01,7.249675836678785013e-01
1.084153056139999904e+00,6.223851237114278456e-01
9.314100146290000826e-01,7.626282177731845691e-01
1.359479665760000122e+00,7.078101948310526748e-01
7.633988261220000515e-01,8.308299854802402296e-01
5.357339978220000409e-01,7.001826455559259088e-01
6.781889796259998882e-01,9.126928694694973476e-01
7.839810252189999273e-01,7.743195271818955616e-01
1.169367671010000054e+00,8.666073631967208257e-01
1.015287995340000027e+00,7.688051817237566699e-01
9.259430170060000131e-01,7.139904933570203616e-01
1.319244027140000108e+00,8.027851945116876164e-01
9.717460274700000511e-01,9.309264219466015788e-01
1.176299691200000108e+00,8.972400536382095781e-01
1.714609026910000056e+00,9.855204884489427997e-01
1.307337045669999975e+00,9.130704496759067812e-01
6.186890006069999393e-01,9.803035266548568716e-01
2.298435926440000276e+00,9.892630243380370336e-01
1.808241009709999680e+00,1.123317555149436320e+00
8.794149756429999742e-01,1.070621091776636113e+00
1.570945024490000064e+00,1.404109454787290989e+00
1.578516006470000121e+00,1.002144781847834620e+00
6.200309991839999535e-01,1.260806315541317169e+00
9.928810000419999726e-01,1.172017246861307482e+00
4.551869928839999968e-01,9.550044503750330094e-01
1.017398953439999865e+00,8.838342127036371565e-01
8.378469943999999892e-01,1.078355563582813481e+00
4.884769916529999589e-01,6.070156730781850474e-01
1.246340990070000210e+00,8.409319194232455219e-01
1.209630966189999990e+00,7.175052026853910858e-01
1.252451062200000020e+00,7.463627134753665349e-01
1.519726991650000025e+00,9.310166669452143440e-01
1.063797950739999942e+00,7.550340327588086486e-01
1.571495056150000069e+00,9.077817659905055292e-01
1.278105020519999968e+00,1.017910686872887105e+00
1.192077994349999948e+00,8.982815696536829986e-01
8.304439187050000060e-01,1.132790455376962102e+00
1.402015686039999931e+00,8.915695858429671938e-01
1.156504034999999986e+00,1.082867445195811129e+00
1.162554860120000200e+00,8.959071655899049080e-01
6.007519960399999581e-01,1.064657721785512212e+00
1.253835797310000055e+00,8.553520079223723149e-01
1.791844010349999960e+00,1.062515421806484062e+00
1.734062552449999961e+00,9.177458907611634187e-01
4.939970970150000085e+00,1.051641392060769897e+00
2.394351005549999911e+00,1.351025716535149579e+00
2.212575912479999740e+00,1.184065412672663076e+00
1.886527061460000265e+00,2.187820802284804245e+00
9.343829751010001017e-01,1.640549185242130337e+00
9.099829792979999832e-01,2.431190748834536564e+00
8.112999796870000724e-01,1.664169660335902634e+00
1.049708962440000004e+00,1.125485920671223994e+00
1.351788043980000076e+00,1.169790593198118955e+00
1.277305960659999906e+00,9.504384630266016210e-01
7.854449748989998925e-01,9.074225863013047899e-01
4.846229851250000165e-01,8.808255216897774575e-01
6.676359772680000582e-01,9.344928741666680416e-01
8.322510123249999836e-01,9.090446268403528096e-01
5.959370136259999340e-01,8.720253647074927006e-01
3.410890102390000123e-01,7.391841604922214648e-01
6.860110163689999707e-01,6.547171243157851039e-01
8.153510093690000682e-01,6.756668767662636910e-01
3.985430002210000322e-01,6.825670930871415854e-01
6.998159885410000225e-01,6.871009970020843793e-01
4.263690114019999533e-01,6.367300944481903979e-01
6.866139769550000382e-01,6.000846656522272893e-01
1.826770007609999913e-01,7.817976708615164139e-01
7.018824815749999946e-01,5.532317368532989610e-01
1.796682000159999681e+00,7.596479880566079368e-01
7.204269766809999753e-01,6.669065834657769143e-01
4.680640101429999755e-01,8.420378190622297421e-01
6.408870220180000743e-01,1.135395123097157510e+00
7.520520091060001189e-01,9.290607597960153230e-01
1.001817584040000098e+00,1.191918136901306768e+00
1.660804033279999814e+00,9.744632786144964420e-01
1.450595021250000061e+00,7.137250655566985680e-01
1.085010051729999869e+00,8.352968020712063790e-01
1.099555015560000015e+00,9.246231576199862578e-01
7.694180011750000325e-01,8.545255593014151607e-01
1.254430413249999932e+00,1.000306546850060041e+00
1.496320962910000052e+00,1.023439588374130960e+00
7.186369895940000196e-01,8.979896505829210174e-01
8.902019858359999649e-01,9.349321851569263320e-01
9.891759753229998342e-01,9.537064967736851306e-01
2.849014520649999938e+00,9.214386141280779263e-01
4.281075000759999583e+00,1.230137399972537127e+00
1.248739004139999942e+00,1.093185992293842945e+00
7.096589803699999699e-01,1.177174775704837195e+00
7.497439980509998936e-01,1.542794303429950276e+00
8.907449841500001408e-01,1.285162238913399646e+00
1.469527959819999952e+00,1.827653234050718556e+00
1.608888030049999918e+00,1.138716005651077667e+00
1.043460965159999976e+00,8.813892813214128097e-01
1.184751033780000018e+00,1.043537906060750808e+00
5.063725113870000127e-01,1.368305951170950996e+00
6.946156024930000283e-01,1.121965582902490821e+00
9.299110174179999744e-01,1.293352412195435397e+00
7.754629850390000190e-01,8.709994504170704976e-01
8.564696311949999696e-01,8.442859019464141745e-01
9.269009828569999554e-01,8.000333460933263252e-01
7.506660223010001021e-01,7.295493726815430735e-01
9.248849749570000611e-01,8.107873237511714626e-01
1.070162653919999984e+00,8.600278720614585870e-01
8.752880096439998869e-01,8.147439165028924624e-01
7.511039972310000756e-01,9.094336808796629201e-01
8.627579808239999037e-01,8.590373411421889926e-01
5.096570253369999692e-01,9.172078705780836172e-01
8.495249748229999343e-01,8.774096989126182189e-01
6.711369752879999817e-01,8.619518222359369153e-01
6.132180094720000030e-01,7.112982892712826910e-01
3.810549974440000098e-01,8.244737580000331967e-01
8.710420131680000067e-01,6.586205527684958483e-01
6.540319919589999698e-01,8.280390139869100441e-01
9.089673757550000843e-01,6.513752068572857823e-01
9.709029793739999414e-01,7.901279903641247326e-01
9.856920242309999969e-01,6.553970636286474694e-01
1.356256246570000101e+00,8.406193240051668125e-01
1.309872984889999925e+00,8.624782167554155832e-01
6.344919800760000506e-01,9.205573448344983589e-01
5.933508276940000492e-01,9.564509592740916277e-01
8.796380162239999523e-01,9.914924692349925683e-01
1.131836414339999930e+00,9.578234842168777963e-01
1.841274023059999987e+00,1.002445207316560838e+00
2.261745929719999992e+00,8.669779930949499391e-01
2.597975969309999744e+00,9.056136551903067877e-01
2.399192094800000064e+00,1.112050357065045736e+00
1.982298016549999931e+00,1.153880927909069820e+00
2.269547939300000206e+00,1.312880284510855367e+00
2.017889976500000238e+00,1.443893908067179099e+00
1.452262043950000026e+00,1.468897067805095880e+00
1.342797994609999934e+00,1.476194292181627343e+00
1.311915040020000145e+00,1.433664316207794442e+00
1.276762008670000226e+00,1.472483452194671694e+00
1.275267004970000118e+00,1.377360213422012425e+00
1.210446000100000141e+00,1.191901831566459569e+00
8.153480291369999966e-01,1.049601226272587784e+00
7.271119952200000291e-01,1.035571501480508694e+00
6.043019890790000126e-01,9.641970654892301207e-01
9.830358624459998307e-01,9.096126502654215962e-01
1.101529002189999940e+00,9.264834862330717513e-01
1.183724999429999869e+00,7.923985366237125127e-01
4.356400072569999726e-01,8.812250986147357468e-01
3.270040154459999959e-01,8.056785983426530962e-01
8.039849996569999879e-01,8.296901735270570954e-01
4.216859936710000145e-01,7.729715025925071314e-01
5.734559893609999515e-01,7.211766299024602311e-01
3.959457874300000291e-01,7.303570710301470204e-01
4.163750112060000119e-01,4.887628517816348661e-01
5.603970289230000290e-01,6.913794912184615393e-01
7.749050259590000156e-01,5.612967428086587107e-01
6.370840072629999629e-01,6.559313520781400175e-01
3.839260041709999793e-01,5.995816347682305647e-01
5.648739933969999516e-01,6.288267008085747234e-01
1.054715037350000051e+00,6.420141675542933024e-01
6.537709832190000681e-01,6.933664477391063841e-01
5.931029915809999942e-01,6.952766993694478037e-01
1.022608995439999946e+00,6.818389830428263076e-01
8.359869718549999273e-01,6.881514692093861907e-01
6.375340223309999832e-01,7.787283230218404739e-01
9.755985140800000899e-01,7.708811836047192445e-01
4.898079931740000337e-01,6.971379921260932866e-01
1.098647952079999879e+00,7.353362738728960180e-01
1.151165962220000116e+00,8.450550273054335815e-01
8.061249852179999120e-01,6.846539861023359652e-01
4.744769930840000427e-01,8.664717884501523804e-01
7.896029949189999897e-01,6.869292278162122400e-01
4.762530028820000094e-01,8.073483633336668852e-01
5.455229878430000179e-01,7.357164167856400372e-01
6.212809681889999158e-01,7.641836751026160890e-01
7.707700133319999036e-01,6.080938471519374833e-01
9.337069988249999675e-01,7.197739859041100141e-01
8.110550045970000843e-01,6.656914021649928959e-01
6.005529761310000048e-01,7.180285614694996710e-01
1.002521038060000036e+00,7.487925527132985870e-01
8.921650052070000392e-01,8.153929651381652821e-01
9.160850048069999474e-01,7.671323696261703740e-01
7.413420081139999729e-01,8.300309791032370876e-01
9.283249974250000758e-01,7.247076430797837476e-01
6.429409980770000033e-01,8.227905916577721301e-01
9.950090050700001187e-01,7.366286557575237870e-01
6.271365880970000140e-01,8.393298762713902184e-01
1.038689017300000073e+00,7.298218659520687712e-01
6.888009905820000611e-01,8.653761644853227297e-01
5.214130282399999095e-01,6.771774080217835001e-01
6.510270237919999481e-01,8.551280460883838863e-01
1.159701943399999990e+00,6.809420809033902566e-01
6.456400156020000169e-01,7.984549783306479354e-01
1.195862650870000099e+00,7.537604993047172242e-01
1.304703950880000018e+00,8.182397676569318490e-01
8.844429850579998975e-01,7.424913838666284960e-01
7.697709798810000725e-01,9.940355844435906363e-01
7.702100276950000213e-01,8.696463387910569054e-01
6.418280005459999771e-01,9.469366931029313816e-01
8.937159776689999058e-01,9.334447039630747733e-01
5.247250199319999364e-01,8.636486761504963416e-01
5.142210125920000374e-01,6.734595106259080310e-01
7.172748446459999982e-01,8.316286442724336592e-01
6.410769820210000525e-01,6.582493491814951359e-01
4.689820110800000386e-01,7.659538789203517162e-01
1.203750014310000171e+00,6.885144063243565649e-01
7.911959886550000709e-01,8.287712470668960885e-01
1.136301159859999910e+00,7.254689076503275658e-01
8.642929792399999256e-01,9.419312835875579548e-01
8.814030289650001126e-01,7.230168390623378238e-01
5.817409753800000249e-01,1.009567287290007220e+00
8.651199936869999885e-01,8.465541484444667475e-01
9.078124761579998703e-01,9.229930741333595146e-01
7.377740144730000615e-01,7.765849254546612901e-01
1.120375037189999867e+00,7.703475493615308256e-01
9.422479867940000142e-01,7.690874400254581467e-01
1.060060024260000011e+00,7.568239827100495809e-01
7.158420085910000008e-01,8.358604644706119080e-01
4.040209949019999969e-01,7.059803974713528829e-01
2.920779883859999648e-01,8.205985015258761006e-01
6.317924261089999938e-01,6.999821047725154344e-01
1.124665260310000026e+00,7.140545272691699585e-01
1.115690946580000009e+00,6.733867432785930474e-01
1.247418999670000028e+00,6.825576274061594395e-01
6.976169943809999996e-01,7.284274149909039098e-01
3.693974971769999893e+00,7.363772755664528269e-01
8.204839825630000361e-01,1.193803932808013446e+00
8.573070168499999921e-01,8.264294471945858866e-01
6.902359724040000311e-01,1.638259992450370461e+00
8.385969996449998964e-01,1.022607578911865822e+00
1.287726998329999928e+00,1.886679315194692563e+00
9.632229804990000144e-01,1.158452508967870775e+00
1.343299984930000024e+00,9.485042076316749782e-01
7.316169738770000874e-01,9.214376067869050058e-01
6.809219717980000697e-01,9.453509550029169928e-01
7.014784216880000089e-01,9.896350038930716853e-01
6.698030233380000142e-01,8.170257867611728786e-01
1.365643024439999964e+00,8.550371202720820074e-01
9.781420230869999344e-01,7.947276394398606891e-01
6.786789894100000442e-01,7.441464936093169502e-01
5.976330041890000055e-01,8.512126794833306809e-01
8.193774819369999962e-01,7.567230532938287180e-01
7.911109924320000042e-01,9.271338939840865212e-01
1.044147372249999872e+00,8.339388428025813482e-01
1.400015950200000026e+00,8.189641575639829973e-01
8.748620152470000244e-01,8.247038986745651723e-01
6.228179931639999944e-01,8.554573232996325327e-01
7.164059877399998610e-01,9.139899987964522632e-01
6.523500084880000660e-01,8.234949687524752981e-01
9.379299879070001067e-01,9.073658435815087353e-01
5.936999917030000296e-01,7.816551998073495433e-01
5.393440127369999448e-01,6.831997162754619435e-01
9.370089769359999377e-01,7.503487645029571773e-01
8.087720274930000341e-01,6.954948209829291406e-01
5.654280185700000239e-01,7.513304533101994309e-01
6.020820140839999723e-01,7.487766219615540342e-01
1.146679997439999932e+00,6.719675234730807523e-01
9.824249744419998320e-01,7.821498301141104337e-01
5.671510100359999917e-01,7.416974387655200784e-01
7.866399884220000027e-01,7.895520388269162693e-01
7.388439774510000557e-01,7.396404358443042781e-01
6.810299754140000106e-01,7.861881431818855681e-01
7.086979746820000203e-01,8.021255412386504302e-01
6.642330288889999323e-01,6.846837760933213168e-01
5.124790072439999733e-01,7.199109086036129534e-01
6.040380001070000393e-01,6.947962005872752034e-01
6.728799939159999521e-01,6.878361907184187274e-01
8.265414834020000656e-01,6.910226347981026640e-01
4.546860158439999799e-01,7.227304888456463905e-01
5.594509840010000179e-01,6.309151684414963102e-01
1.332218050960000122e-01,7.248425453101983162e-01
1.633069962260000063e-01,5.879247533625097111e-01
1.797860413789999778e-01,7.089383744552009148e-01
5.747918486599999932e-01,4.474538981145734784e-01
8.508148789409999413e-01,5.902358703288270725e-01
8.527640104289999634e-01,4.800286760552918697e-01
1.687628030779999788e+00,6.004263246785176422e-01
2.149522066120000297e+00,6.414196454378627843e-01
8.122850060459999577e-01,7.837027113129585443e-01
1.239639997479999867e+00,8.547841352637326473e-01
2.128437280650000041e+00,1.106531895770445528e+00
2.139239072800000141e+00,1.049648015712326021e+00
9.779880046840000452e-01,1.388671820463748485e+00
6.937779784199998856e-01,9.691709476933342282e-01
7.218790054320000094e-01,1.194540407702633367e+00
7.631160020829999002e-01,1.136219614392091071e+00
8.565329909319999713e-01,1.185556415131452601e+00
1.109338045120000116e+00,8.369692881450599975e-01
6.476340293879999654e-01,7.773817292597497985e-01
9.241870045660001143e-01,7.392812995681783406e-01
7.877320051189998784e-01,8.258086779812487954e-01
1.305567026139999864e+00,7.190180761741316040e-01
9.107710123060001051e-01,9.401280303413215300e-01
8.699640035629999657e-01,7.342693377471533056e-01
5.743020176890000217e-01,9.085455060666673965e-01
8.599532246590000373e-01,7.519101527281939479e-01
4.775849878790000558e-01,9.275765178125250365e-01
1.108017444610000179e+00,7.019267309199589411e-01
1.290724992749999966e+00,8.397530523394907132e-01
8.591579794879999898e-01,7.229347863097737026e-01
3.058980107309999807e-01,8.622641874623366842e-01
9.039019942279998832e-01,8.250804473555174434e-01
6.352750062940000220e-01,8.586254102457835380e-01
1.023422956470000145e+00,7.882809873200636863e-01
6.730669736859999919e-01,8.688490892525145837e-01
8.504790067669999454e-01,5.724279007558431553e-01
5.141969919200000128e-01,8.358645228154465423e-01
1.527956604959999964e+00,6.649015296408768982e-01
4.094385623930000051e+00,8.920951636458493983e-01
9.952359795569999390e-01,1.006207398359524774e+00
8.670449852940000923e-01,9.698261888363933769e-01
1.141056060789999993e+00,1.622526255813594442e+00
1.622257947919999888e+00,1.263260331114524959e+00
1.980204939840000344e+00,2.092248281503704010e+00
1.375547051430000112e+00,1.362204557060819665e+00
1.851865053179999610e+00,1.012757517958875475e+00
1.420923948290000016e+00,1.185232524120163333e+00
1.589177966120000285e+00,1.116225970785477584e+00
1.673199415210000041e+00,1.369462587182252111e+00
2.123934030530000072e+00,1.080619040828144861e+00
1.648401975629999905e+00,1.326187677996595538e+00
1.204741954800000014e+00,1.153885293484994801e+00
7.920839786529999538e-01,1.426848275752311546e+00
1.227027416229999890e+00,1.190811530480260227e+00
1.226951003070000157e+00,1.299628848184377405e+00
1.131343960759999989e+00,1.069455533890504517e+00
1.252465009690000075e+00,9.545158977458324534e-01
1.116891980170000132e+00,8.885550764298315585e-01
1.122387051579999850e+00,8.967904936552116846e-01
1.040153026579999862e+00,9.219386199731059994e-01
8.091310262680000420e-01,8.860641242608640056e-01
7.681059837340000751e-01,8.962199630340591527e-01
7.982919812199998910e-01,8.600364266441552497e-01
7.666722536090000428e-01,8.373028678657032930e-01
1.057360053060000027e+00,8.121268213522679913e-01
8.607699871060000563e-01,7.726727575069385345e-01
1.070777058600000053e+00,7.486669636567044872e-01
5.301510095600000527e-01,8.205927579928559146e-01
6.604189872739999467e-01,6.946948018822952653e-01
9.909179806709998983e-01,8.407979047605996792e-01
3.561530113220000016e-01,7.226222636678968358e-01
9.618239998819998471e-01,7.835487426041132242e-01
1.244829058649999931e+00,7.783892775349114945e-01
8.381230235100001202e-01,6.519218878663695094e-01
9.245989918709999200e-01,8.773324927662071726e-01
8.131660223010001021e-01,7.085565055251511479e-01
1.003061056139999963e+00,7.987585355234103623e-01
8.752340078350000496e-01,9.032494145319019951e-01
7.991399765009998823e-01,7.537642658064913626e-01
8.812961578369999938e-01,8.319221089310391282e-01
1.063080191609999892e+00,7.494599308405686111e-01
9.057049751279999672e-01,8.005768160486748108e-01
6.909559965129999926e-01,7.711970656457064477e-01
1.355970025060000195e+00,7.668620982501528349e-01
7.572399973869999856e-01,8.406965640863059974e-01
2.043754577640000125e+00,7.704264709912136411e-01
8.576130270960000690e-01,1.006675811748983351e+00
2.364957094190000220e+00,7.102033152303883767e-01
4.179231166840000178e+00,1.270558869198483265e+00
2.233561992649999883e+00,1.040095252684016369e+00
8.013390302660000630e-01,1.361532099726909584e+00
8.372840285299999463e-01,1.180665927034664442e+00
8.851529955859999133e-01,1.219450757702174704e+00
9.040349721909999303e-01,1.588455616749010701e+00
1.302939534190000082e+00,1.226853481577803162e+00
7.228699922560000157e-01,7.529607661465649304e-01
8.009120225910000279e-01,8.181865126542089417e-01
1.032919287679999965e+00,8.627506240870164156e-01
1.321628212929999879e+00,7.765170992777381542e-01
9.367759823799999275e-01,9.614665456577373703e-01
7.007700204850000336e-01,7.778431516454245020e-01
7.624319791789999634e-01,8.605765989331276566e-01
1.144938945770000105e+00,8.360106562707949607e-01
7.721610069269999599e-01,9.378119759949682388e-01
8.772150278090000697e-01,8.070537012885495853e-01
1.243505001070000171e+00,7.864524122477533075e-01
6.381840109830000385e-01,7.837472956872112428e-01
7.468199729919999807e-01,8.523404297209843383e-01
6.839929819109999976e-01,8.506777248437000782e-01
1.419505119320000119e+00,8.339932254920530141e-01
6.141470074649999500e-01,9.944332856575267554e-01
7.347676754000000976e-01,7.234496822224119050e-01
6.770560145379999062e-01,8.881665078166581795e-01
1.074026942249999950e+00,7.339782181603413669e-01
6.156389713290000287e-01,1.006620667935660407e+00
9.692379832270000550e-01,6.985065934833660783e-01
9.916120171550001361e-01,8.309091638027488180e-01
8.089560270310000023e-01,6.918700043526834209e-01
2.435143947599999859e+00,8.518960245710250900e-01
8.223479986189999869e-01,9.090515449028756523e-01
5.938220024110000272e-01,7.907002020670271802e-01
5.762249827380000466e-01,1.278101237586902750e+00
4.224239885809999429e-01,8.086348377544613220e-01
6.765879988670000511e-01,1.221282572416759749e+00
5.520349740979999531e-01,8.867928696515838816e-01
9.015229940410000031e-01,5.699716080043136790e-01
7.489960193629999763e-01,7.865429324048811566e-01
8.627583980560000754e-01,6.116991968168093985e-01
9.480749964710000199e-01,7.650214162414652463e-01
1.055613875389999956e+00,7.223124432383360993e-01
1.970020055770000056e+00,8.336244911947570113e-01
9.391199946399999554e-01,9.473419947575373312e-01
1.009042978289999892e+00,8.342909771425797150e-01
7.824029922490001177e-01,1.150102630235822598e+00
1.016265034679999957e+00,8.626029779082518001e-01
8.782749772069999850e-01,1.206283581060445309e+00
7.353619933130000064e-01,7.850304326128209054e-01
1.109990954399999952e+00,8.649273238306880440e-01
7.727199792860000027e-01,7.994265938734549382e-01
1.164981961250000086e+00,7.739403464102931895e-01
7.157210111620000426e-01,8.630668672969090682e-01
1.475479006770000101e+00,6.875101052061654006e-01
8.354520201680000202e-01,9.557925794876851455e-01
7.344660162930000125e-01,7.444149209391104360e-01
7.861927747729999805e-01,1.001775199306844888e+00
1.143465042110000107e+00,7.380441178862819918e-01
9.246990084649998609e-01,9.842106012030280571e-01
2.958764553069999970e+00,7.659838257252749028e-01
2.138324022289999959e+00,1.053136724376183109e+00
2.038712024690000124e+00,8.602222607165943558e-01
1.480209946629999829e+00,1.344622838472270043e+00
9.367650747299999248e-01,1.145025550417011928e+00
1.715939760209999942e+00,1.540975577097998483e+00
1.001402020450000041e+00,1.397439045196495089e+00
8.896229863169999863e-01,1.121275548013262791e+00
7.492939829829999843e-01,1.201595258635574703e+00
1.115183949470000213e+00,8.700655872788851664e-01
9.457820057870000019e-01,1.064985839135176082e+00
6.452180147170000213e-01,8.287658463981668611e-01
1.164842009540000056e+00,8.587506764387763392e-01
1.244351029399999975e+00,8.566046230555921515e-01
9.045109748840001185e-01,8.582954759202717776e-01
5.575259923929999362e-01,8.652040689431982345e-01
5.778343677520000332e-01,7.620941017866196265e-01
7.199835777280000348e-01,8.432127892335904429e-01
7.607790231700000128e-01,8.615413505106072067e-01
5.404400229450000426e-01,8.236469447486032269e-01
8.009672760959999360e-01,7.569473892413473015e-01
7.710149884220000027e-01,7.706790956069662357e-01
6.709719896319999988e-01,7.481060856152143002e-01
2.768970489500000021e+00,8.170579075217339060e-01
3.086133003230000060e+00,9.728600803599261049e-01
1.116358041760000086e+00,1.010372572497813870e+00
1.018260955809999979e+00,1.286436347653599377e+00
7.442610263819999794e-01,1.363591796061594419e+00
1.114386796949999869e+00,1.479717115845819109e+00
1.380516409870000238e+00,1.780798596068271733e+00
1.229098439219999950e+00,1.169371614839158635e+00
1.573238968849999919e+00,1.102642631790350602e+00
1.245597958560000107e+00,1.125110882305973448e+00
8.298619985580000247e-01,1.105846583359022084e+00
5.376980304720000436e-01,1.219077275921138792e+00
8.593800067899999284e-01,1.063477966699639454e+00
7.949647903440000274e-01,1.118317593094581452e+00
8.122889995569999577e-01,9.057458352040672622e-01
1.209460973739999945e+00,8.772944501191708433e-01
1.043611049649999956e+00,7.762448892956962387e-01
9.914460182189999138e-01,8.643113177596402075e-01
1.377645969390000058e+00,8.500341354829272777e-01
7.495359778399999229e-01,8.449461335573038578e-01
7.549669742579999676e-01,8.818989309796829712e-01
8.522210121150000095e-01,9.180152598339832437e-01
1.312628030780000010e+00,8.020836748469168942e-01
9.499999880789999906e-01,9.712407895853523154e-01
8.433979749680000637e-01,7.809559318417814699e-01
6.329939961430000039e-01,8.705354635670760066e-01
6.848490238189999246e-01,7.875813651007934624e-01
8.296039700509999504e-01,9.030908297825940290e-01
1.117776036259999994e+00,7.894454792969191059e-01
1.060515046120000138e+00,8.542797280240523872e-01
9.966710209850000446e-01,7.855904820568735403e-01
6.726049780850000825e-01,9.048600526771035657e-01
8.499810099600000335e-01,8.390929382718793628e-01
7.929700016980000266e-01,9.136924968230907274e-01
7.509549856190000927e-01,7.769758106088592298e-01
9.556260704989999466e-01,8.812907169403826346e-01
6.085839867589999397e-01,7.385889637297891053e-01
7.782499790189999489e-01,7.420860775357199790e-01
5.098140239720000411e-01,7.799538131613843461e-01
6.364319920540000286e-01,6.802419675419534295e-01
6.015599966049999248e-01,8.180786818082174117e-01
6.556333899499999784e-01,6.512715274637236318e-01
6.385549902920000243e-01,7.582576542899543970e-01
8.762890100480000832e-01,6.537038257661217378e-01
7.967479825020000739e-01,7.462890547125465845e-01
6.824830174449999509e-01,7.265942477168104707e-01
8.025500178340000401e-01,7.730015555621505552e-01
7.950311899190000142e-01,7.423346137156038305e-01
1.584897041320000088e+00,7.855035305015395375e-01
1.017485976220000143e+00,8.669165935608994511e-01
9.177780151369998585e-01,7.697352643927404259e-01
1.230221033100000083e+00,9.877785546379315162e-01
1.027899026870000121e+00,8.369030847465794842e-01
9.125559926030000213e-01,1.031852073382187429e+00
7.935979962350000472e-01,9.836554478422888659e-01
1.030437946320000187e+00,8.624461907262184202e-01
5.325379967690000438e-01,9.510872617093657500e-01
6.127780079839999505e-01,8.446376507850527071e-01
8.741289973260000234e-01,8.648031486641826193e-01
3.667230010029999820e-01,7.484002400828334567e-01
7.391750216480000857e-01,7.956142999061251997e-01
5.604230165479999748e-01,7.395868954749861279e-01
7.758178114889999755e-01,6.236571983902637895e-01
8.102909922600001202e-01,8.331441710271825229e-01
6.437510252000000488e-01,6.320560750137012018e-01
7.236457467079999706e-01,7.679163175913784611e-01
9.113870263100000146e-01,7.594661668122272280e-01
6.627830266949999993e-01,7.887158424411288005e-01
1.002035975460000117e+00,8.231761352594653136e-01
8.224419951440000709e-01,8.831519008371135904e-01
1.030576944350000135e+00,8.312976627926392803e-01
6.781139969830000114e-01,9.914798827078630250e-01
5.333459973340000104e-01,8.747084478914894934e-01
3.209959864620000047e-01,9.146771908332086420e-01
7.608630061149999069e-01,7.849959313498051650e-01
7.439860105509998878e-01,7.924011073591462617e-01
5.468400120740000148e-01,7.062663720417197144e-01
7.004669904709999173e-01,7.255465568549966937e-01
8.356525897980000561e-01,6.286021481008511325e-01
1.274258971210000091e+00,7.118570844975261602e-01
8.934450149539999719e-01,8.220902213891864152e-01
6.211659908290000365e-01,7.508174027647617210e-01
7.900159955019999680e-01,9.370131389964913016e-01
1.067494988440000014e+00,8.490260182421006663e-01
6.698009967800000464e-01,9.678183683473677856e-01
1.265694975850000015e+00,8.614326371127056792e-01
6.380620002750000408e-01,9.353736680072933796e-01
9.348030090330000652e-01,7.654340559497593288e-01
8.006410002709999363e-01,1.008862088190739525e+00
1.085708975790000030e+00,7.142803673934818853e-01
3.527039885520000251e-01,1.011874566955939470e+00
5.883709788319999578e-01,6.761722243846405300e-01
4.875420033929999120e-01,9.182622671386890811e-01
4.636880159380000754e-01,6.407863368727404474e-01
3.637039959430000136e-01,8.660557251208691465e-01
8.750243186949999696e-01,5.447139396932723088e-01
6.435279846190000708e-01,7.055200651928827948e-01
4.834130108359999678e-01,6.066202728609898509e-01
2.120890021319999930e-01,7.042352676199791217e-01
4.560469985010000005e-01,6.245583018576953416e-01
4.367910027499999903e-01,7.167467586354984155e-01
7.238804101939999569e-01,6.131404780260123477e-01
5.560690164570000205e-01,6.879370191019549274e-01
4.748429954049999679e-01,5.525179064061026546e-01
2.674640119080000100e-01,6.825623433324162770e-01
9.588437080379998978e-01,6.061053711300047331e-01
7.868980169300000549e-01,7.379155885098067635e-01
1.794360995290000149e+00,5.976822390453839784e-01
1.337677955630000026e+00,8.884119674744390682e-01
1.210453987120000185e+00,6.552544350517534033e-01
5.654799938200000264e-01,1.010950586309284027e+00
4.008429944520000565e-01,7.918067907873648226e-01
2.727654874320000200e-01,1.028495145135285282e+00
5.836449861529999783e-01,8.071411671369674856e-01
8.533802628519999711e-01,7.845055979082249387e-01
8.660610318179999823e-01,6.224171200857429032e-01
1.158349990839999899e+00,6.895174023480641345e-01
7.764859795569999390e-01,6.472026418998780839e-01
1.068807005880000105e+00,6.869712818232953655e-01
5.888479948040000744e-01,8.497329694096122932e-01
1.588868498799999918e+00,7.274041554370902496e-01
4.327859878540000205e-01,9.882899676428558156e-01
3.996030092239999942e-01,7.121357070789575694e-01
5.545349717140000134e-01,1.097862764398191970e+00
6.221979856490000849e-01,7.391057047536998548e-01
1.149551987649999996e+00,1.046616625720330207e+00
1.121260046960000034e+00,8.145992083953830232e-01
9.776459932330001656e-01,6.456938287885576333e-01
1.732741951940000025e+00,8.450859701803780100e-01
2.302707910540000125e+00,8.022896418531935137e-01
1.053477048870000043e+00,9.368803621265977544e-01
7.962800264360000435e-01,9.981275773425116737e-01
5.203329920770000117e-01,9.827719809691438657e-01
6.104800105090000262e-01,9.822816643830207806e-01
4.453057944770000276e-01,1.157768984399029311e+00
6.522138714790000069e-01,7.861308884410689313e-01
1.175541162490000069e+00,7.206608859454785021e-01
1.032202124599999937e+00,6.929628106283626243e-01
7.193930149079998948e-01,7.522846653552560658e-01
8.200139999390000378e-01,8.046846964117345680e-01
9.497330188749999458e-01,8.105972190307509928e-01
1.039114952089999822e+00,9.357475534179806598e-01
5.883830189700000046e-01,9.387599244354170036e-01
9.508559703829999599e-01,8.430238593304111294e-01
5.277600288389999728e-01,8.753435255959709504e-01
7.736063003540000205e-01,7.507363670310922554e-01
9.703559875489999875e-01,8.971322906848148149e-01
1.383889913560000018e+00,6.998162109784282769e-01
7.795230150220000542e-01,8.735548968843720452e-01
6.069999933240000090e-01,7.823556676240905894e-01
4.660570025440000097e-01,8.621366881692323902e-01
9.455270171170000459e-01,8.904975259198281146e-01
6.238729953770000280e-01,1.006121070893821745e+00
3.923240005969999555e-01,7.676822438717879615e-01
5.156549811360000568e-01,7.557139603510207859e-01
9.679385423659998544e-01,6.189192326002271871e-01
1.356565952299999989e+00,7.688084568150437281e-01
9.072690010070001421e-01,7.405901369678553614e-01
8.162760138510000152e-01,6.809502462443345339e-01
2.479866981509999846e+00,8.198295403860629271e-01
1.133080005649999888e+00,9.320385753978036592e-01
1.045583963389999926e+00,9.402519051692368457e-01
8.474370241169999485e-01,1.197795864840675018e+00
1.536522984499999911e+00,8.958350817101942143e-01
9.008989930149998715e-01,1.403697205098854983e+00
4.812009930610000041e-01,9.779182536357190481e-01
8.572540283199999722e-01,1.017327787479425982e+00
8.617479801180000232e-01,8.736197576960502698e-01
1.008694052699999899e+00,9.678132209373252470e-01
1.127727031710000105e+00,8.849791968429072675e-01
7.795569896699999779e-01,7.528446119876437415e-01
9.895502924919998833e-01,8.149766734775797383e-01
8.363329768179998958e-01,8.224979202817832569e-01
9.099559783939999980e-01,8.037570266400083652e-01
5.511059761050000061e-01,8.847406392486093507e-01
1.239764332770000088e+00,7.545247588525414439e-01
1.211838960649999963e+00,8.699501280186001662e-01
1.379981994630000042e+00,7.414604899545326200e-01
1.148460984229999982e+00,9.314728172253854410e-01
7.663900256160000035e-01,8.019703432603685345e-01
9.660840034480000504e-01,9.477392765724612644e-01
8.156750202179999798e-01,9.792591875776869292e-01
1.142272949220000111e+00,9.254155932246697081e-01
1.299479961400000105e+00,9.325998011862269843e-01
8.583310246469999516e-01,7.843979769434084037e-01
7.149469852449999996e-01,8.751900913865240383e-01
8.764400482179999230e-01,8.314732814653751358e-01
8.305460214609999836e-01,8.303809540673408041e-01
8.535240292550000385e-01,8.848005577570162705e-01
9.092410206789999227e-01,7.721017391190161394e-01
5.202720165249999917e-01,7.694093885410543399e-01
7.411040067669999454e-01,7.407347991003914167e-01
5.853319764140000325e-01,7.730662801139435159e-01
5.047770142559999673e-01,6.862882516460609983e-01
5.519493222240000607e-01,7.936556891316876028e-01
9.697520136830000137e-01,6.301470250887187818e-01
1.116515994070000017e+00,7.244732161739051435e-01
1.049844980239999837e+00,6.945889439468402315e-01
6.342629790310000404e-01,7.631826283079010675e-01
5.644329786300000817e-01,7.125287825329673641e-01
9.184709787369998990e-01,8.028829092833293934e-01
9.593539834020000656e-01,8.117619357167561445e-01
5.984159708020000412e-01,8.133211518142677843e-01
9.383450150489998087e-01,7.204618093662498168e-01
4.542250037189999867e-01,7.612877914030178328e-01
7.079470157619999204e-01,6.971808841985892569e-01
3.876500129699999575e-01,8.484980472027825460e-01
4.484339952469999502e-01,5.924804940595772562e-01
8.405709862710000202e-01,7.869278298333178823e-01
5.337110161779999862e-01,5.741292116002241208e-01
7.211350202559999589e-01,6.723000344356470093e-01
5.215386152269999576e-01,6.782264294940283378e-01
7.050759792330000275e-01,5.682943719030391083e-01
6.405649781229999506e-01,7.650602636659553646e-01
5.168589949609999623e-01,6.013951999312403540e-01
1.660409450529999997e+00,7.507371442308109488e-01
2.465307950970000217e+00,7.187977721318699054e-01
1.622156023979999917e+00,8.273590449802467051e-01
1.866270065309999948e+00,9.132637206508956718e-01
3.623536109919999859e+00,9.984635334816073238e-01
7.948709726329999947e-01,1.226608214179875977e+00
9.065989851949999290e-01,1.291303796855474140e+00
8.571879863740000660e-01,1.495580054318552898e+00
7.756379842759999477e-01,1.167919332714189018e+00
7.006700038909999817e-01,1.759257099698452453e+00
6.443409919740000769e-01,1.041327113095747769e+00
7.579550147059999077e-01,8.443950271481791559e-01
5.499600172040000068e-01,8.238947782566102829e-01
4.964669942860000518e-01,7.463924928887505361e-01
1.367677569390000070e+00,7.087378192177219427e-01
1.397894024850000250e+00,7.300274721505821685e-01
8.148130178450000427e-01,8.145277247898452533e-01
1.278898954390000009e+00,8.762128134724981310e-01
8.623980283740000363e-01,1.088357987898880275e+00
1.093865990639999897e+00,1.044235905572629575e+00
8.134710192680000285e-01,1.247705988672023647e+00
1.466687083240000078e+00,8.277803181164260504e-01
9.060310125349999577e-01,1.013802025887637237e+00
7.652140259739999006e-01,8.547780825280210104e-01
1.311033964160000176e+00,1.014372954715025310e+00
7.892500162119999718e-01,9.495622228681880328e-01
1.474902033810000068e+00,1.007567365272074023e+00
9.167850017550001063e-01,1.029029021243366593e+00
1.186140060420000086e+00,7.871392483700619946e-01
1.411391973500000008e+00,1.110384445982535384e+00
2.092472076419999993e+00,8.680744367563824060e-01
7.189220190049999681e-01,1.132283232190516520e+00
1.301861047739999888e+00,8.331129919948864204e-01
1.268974781040000055e+00,1.134130747154971974e+00
1.221997022629999874e+00,8.755993290333307089e-01
9.061110019679999850e-01,1.286027355053610322e+00
1.078873991970000112e+00,8.101952507628915612e-01
1.028025031089999874e+00,1.065097922814758125e+00
7.863690257070000689e-01,9.391419679602660553e-01
1.276852965350000035e+00,9.569608642810160104e-01
7.093420028689999546e-01,8.504243571185967632e-01
5.201929807659999572e-01,8.282765367505816601e-01
5.645610094070000473e-01,8.718755592619166217e-01
9.855200052259998067e-01,7.028062984355104570e-01
1.092841982840000004e+00,8.422445780271792248e-01
4.786899983879999709e-01,7.436899693784402299e-01
3.955059945579999514e-01,6.977429804092069032e-01
1.850703001020000071e+00,7.622580402835711366e-01
1.195796012879999815e+00,8.696010663612521174e-01
1.702510833739999896e+00,8.650469560856063334e-01
2.998351097109999586e+00,1.057306662360585126e+00
2.407080888749999925e+00,9.186726257282248342e-01
2.585943937299999718e+00,1.274128066534894632e+00
2.233839035029999920e+00,1.332768590505764683e+00
1.655773043629999997e+00,1.253417063047721047e+00
1.430611014370000156e+00,1.603911869913151822e+00
8.921740055079999676e-01,1.464058813836991213e+00
1.231696963309999893e+00,1.376070516118494957e+00
8.955079913140000514e-01,1.319724858913817522e+00
1.602033019070000064e+00,9.632803642449296877e-01
1.585399031639999956e+00,1.128941854134266842e+00
1.232059955600000034e+00,8.659475513906568223e-01
1.210371017459999976e+00,1.087725026468823186e+00
1.242141008379999967e+00,9.273182363300512820e-01
9.857040047650000858e-01,1.059231186024674143e+00
7.289689779279999726e-01,1.028591089746243581e+00
6.761519908910000876e-01,9.508142794384274454e-01
1.071573019029999907e+00,8.994339871815513199e-01
9.457439780239998983e-01,9.036875518452934797e-01
4.376370012759999706e-01,8.528160189327640417e-01
5.141820311550000522e-01,8.208222622401163404e-01
3.387190103530000052e-01,7.843271710172758926e-01
7.144280076029999593e-01,7.626394982379534060e-01
4.996199905870000180e-01,8.605244113673525819e-01
7.917379736899999854e-01,5.931162508950672541e-01
8.646243214609999894e-01,7.926142867564955896e-01
6.024960279459999901e-01,6.352152439418358165e-01
1.260069966320000123e+00,7.736920953531465361e-01
1.012339949610000067e+00,7.391663763184875835e-01
1.004528999329999950e+00,7.740600298186545158e-01
6.310235261919999727e-01,9.156143601376290908e-01
1.141221046449999887e+00,7.316852461563437826e-01
5.426099896430000014e-01,9.664551459710234438e-01
8.547459840769999762e-01,7.759130661717442701e-01
7.744219899179999311e-01,1.019387034189432661e+00
3.084340095520000102e-01,6.944204136054549226e-01
8.376209735870000506e-01,9.086351360378893682e-01
7.293469905850000767e-01,7.406282999765877451e-01
7.503905892370000830e-01,7.276720066014373822e-01
1.134822010990000019e+00,8.520158150695971155e-01
1.614240050320000064e+00,6.703536974803467885e-01
1.244793057440000128e+00,8.732186139236489675e-01
7.141630053519999466e-01,9.136768332238029977e-01
7.293040156360000026e-01,9.135950463531966603e-01
6.486989855770000091e-01,9.498803299521094701e-01
3.427990078929999962e-01,1.003047185529554408e+00
3.861860036850000011e-01,8.632557475953964721e-01
6.366299986840000535e-01,7.924029177193453455e-01
3.990480005740000280e-01,6.941405804333300456e-01
4.178859889509999870e-01,6.931728550633775576e-01
1.103790521619999909e+00,6.374156576561094134e-01
6.956189870829999622e-01,6.520858905503429392e-01
8.070139884950000564e-01,6.743936923867691613e-01
5.947690010070000310e-01,7.595787273907949055e-01
1.107607960700000005e+00,6.484012414089378451e-01
9.713580012320001122e-01,8.998175900349487666e-01
7.170349955560000321e-01,7.216493244584289979e-01
6.764810085300000386e-01,8.864666654003749979e-01
1.687772989270000190e+00,7.257323265635684528e-01
9.907569885250001596e-01,9.265294057260332616e-01
8.082039952280000161e-01,7.823400501958079900e-01
1.087718963619999979e+00,9.678125140493167855e-01
1.564818024639999861e+00,7.680249149228280947e-01
6.673809885979999912e-01,1.071125848879536102e+00
1.256489992140000123e+00,8.745736568071924566e-01
1.091886043549999963e+00,9.861092977477807775e-01
7.375509738919999725e-01,8.423628149034348978e-01
6.224380135540000802e-01,1.107234952638392889e+00
8.364729881290000613e-01,8.015650576588422282e-01
5.774260163309999916e-01,8.902998948469432738e-01
1.015761017800000054e+00,7.860404507104059579e-01
1.106158971790000001e+00,8.595234956303617890e-01
6.945540308949998964e-01,7.056752661315137676e-01
1.130903959270000092e+00,8.601576724382522521e-01
9.518219828609998379e-01,7.996670988714932315e-01
7.524570226669999862e-01,8.050353902141537121e-01
5.585229992869999993e-01,9.698400346109615766e-01
1.415836334229999771e+00,7.602929268062267321e-01
1.855298042299999839e+00,9.229249921440141335e-01
7.845479845999999702e-01,8.899074495602118384e-01
8.210539817810000862e-01,9.533923626671241269e-01
5.835890173909999978e-01,1.145733602167571918e+00
8.359720110889999889e-01,1.026814938812399935e+00
2.184663057329999880e+00,1.268688172349437648e+00
6.805480122570000123e-01,9.795967507575817912e-01
1.238904953000000031e+00,8.282867633354646930e-01
1.030328035349999949e+00,1.130095103737274398e+00
7.914109826090000022e-01,8.283133575089918210e-01
8.423720002169999832e-01,1.351214642490331075e+00
4.464710056779999658e-01,9.646999021012191422e-01
5.589337944979999584e-01,9.716134070230815212e-01
7.099329829220000221e-01,9.360539611678168059e-01
7.334340214730000751e-01,6.741321518941140178e-01
7.833399772640000647e-01,7.713809247665779356e-01
8.426809906959999985e-01,7.029873476481387495e-01
1.099761009220000085e+00,6.803771883303453283e-01
8.706315755840000614e-01,7.802292638560991422e-01
5.862460136410000411e-01,7.495148720838739065e-01
8.863990306849999223e-01,7.511139590689590584e-01
1.019399046900000050e+00,7.656195392563560631e-01
8.493610024450000129e-01,8.192854490690222313e-01
1.010666966439999870e+00,8.301839477261214739e-01
1.331516027449999973e+00,8.073892896293348720e-01
1.215008974079999859e+00,8.626862973795011991e-01
1.645591020579999952e+00,8.933213594034894456e-01
9.708780050280001461e-01,9.125957332697641755e-01
1.411272048950000135e+00,8.627287171203705807e-01
7.953929901119999313e-01,1.092549594663738022e+00
1.046331048010000098e+00,8.834361074356193999e-01
8.879339694979999642e-01,1.122119764072460280e+00
8.349300026890000836e-01,8.615471653259122453e-01
9.847199916840001510e-01,1.032519626059973161e+00
1.090394020079999970e+00,8.264886609596396871e-01
4.901649951929999971e-01,8.611700494429322950e-01
6.141669750209999279e-01,8.204172132832414643e-01
6.314740180969999894e-01,8.168308326729112334e-01
8.252440094949999860e-01,7.719507691989619946e-01
1.051450967789999913e+00,8.807875798193012251e-01
1.047114968300000060e+00,7.165136601911975545e-01
3.921430110930000379e-01,7.866796213378944858e-01
4.695149958129999912e-01,7.616799257853407168e-01
7.720900177959999500e-01,8.190929346396493838e-01
7.520099878309999264e-01,7.678954013813021895e-01
6.877393722529999698e-01,8.470802123797542826e-01
6.718119978899999012e-01,6.910604853230030153e-01
1.185933232310000029e+00,7.103925172634816265e-01
6.571980118750000432e-01,7.602397270882100822e-01
8.213180303569999063e-01,7.597770296222353670e-01
7.795739769939998842e-01,8.182114426588618095e-01
1.030122995379999962e+00,7.031670760767789741e-01
6.211889982220000217e-01,9.162515281976068016e-01
8.660820126530001106e-01,7.094858026429322617e-01
9.608931541440000057e-01,8.427700314926590552e-01
6.760399937630000577e-01,7.346586262925196564e-01
7.402380108830000083e-01,8.451473100641524461e-01
5.984709858890000511e-01,7.445673261921922359e-01
6.151059865950000427e-01,7.528743076411525958e-01
9.358735680579999272e-01,7.996385830429271202e-01
5.818247795100000008e-01,7.208044494065922736e-01
7.156659960750000327e-01,7.132074410254268804e-01
6.529520154000000298e-01,7.652005398340400166e-01
9.700022935870000751e-01,6.562714187899416629e-01
7.834500074390000623e-01,8.517094088294548948e-01
7.448130249979999506e-01,7.091804869999793759e-01
8.276180028919999376e-01,7.941928162617745146e-01
8.943400979039998200e-01,7.571686498235702389e-01
2.505017042159999985e+00,8.329055276143272346e-01
1.620712041850000062e+00,9.789268909161971122e-01
1.417585968970000110e+00,8.277098993148880313e-01
1.049872040749999957e+00,1.365712318411337334e+00
1.226507544519999993e+00,9.248350107499292427e-01
1.043179035189999881e+00,1.403353084077085589e+00
9.694439768789999690e-01,1.037173058335262521e+00
8.192250132559999454e-01,9.532215280967896165e-01
8.129550218580000598e-01,9.001376614167644341e-01
6.712080240250000163e-01,8.784944619782905084e-01
5.289899706839999993e-01,8.240958640536959479e-01
3.461930155749999849e-01,7.894999781018299245e-01
4.789490103719999392e-01,7.183481158526152655e-01
1.153810977940000093e+00,6.889486434793160585e-01
9.671270251270001062e-01,6.972270188735176788e-01
7.845839858059999727e-01,6.676081153235975396e-01
4.701859951019999873e-01,7.178445588478553629e-01
5.632782578470000301e-01,6.511203998804093729e-01
2.416239976880000251e-01,8.111961468821996535e-01
2.709859907630000064e-01,6.820293227579189432e-01
1.994680017229999991e-01,6.860028985335536733e-01
1.327169984580000017e-01,5.350116639297483045e-01
4.732620120050000101e-01,5.752174080070345807e-01
6.585559844969999244e-01,4.901600180879800428e-01
9.621880054470000054e-01,4.961017571928781900e-01
5.111979842189999790e-01,5.942186954987292991e-01
9.829789996150000153e-01,5.670473161482227908e-01
9.100099802019999684e-01,6.967745159062285198e-01
1.026576042179999870e+00,6.656343525975305653e-01
8.309389948840000262e-01,8.703891883650809458e-01
9.651920199390000565e-01,7.264913149389332636e-01
1.000543951989999902e+00,8.478358220086349428e-01
1.983185052869999687e+00,7.899831130417083180e-01
1.274855017659999978e+00,9.218682915909113262e-01
1.286525964740000028e+00,7.844077131176671047e-01
1.382244944570000245e+00,1.019690420725963609e+00
1.736924052240000016e+00,9.477367423516599443e-01
1.257668018339999971e+00,1.244231304372501068e+00
7.533379793170000838e-01,1.034755241398289893e+00
1.084908962249999886e+00,1.138685743903792513e+00
1.062494039539999990e+00,1.031266611905896413e+00
7.787629961969999570e-01,1.062549162533084957e+00
8.256469964979999965e-01,9.572126766074046111e-01
9.891830086710000636e-01,8.232438735795946094e-01
1.418092012410000047e+00,8.402152106248398367e-01
1.151677966120000063e+00,8.778481575102481393e-01
1.250364065170000094e+00,8.053595232696463269e-01
8.794019818310000458e-01,8.933085370796762792e-01
1.089423060420000144e+00,8.271048063200234779e-01
1.809062957760000145e+00,9.803850237231037656e-01
8.687390089040000207e-01,9.363371688599828602e-01
8.521729707719999380e-01,9.160242991859915973e-01
1.307837963100000112e+00,1.002665222983868398e+00
1.262575984000000151e+00,8.454790895226538261e-01
7.601559758189999627e-01,1.094803429050141164e+00
1.069887042049999959e+00,8.502031537942604800e-01
8.579840064049999437e-01,8.838450574990071029e-01
1.149323940279999956e+00,8.726205646629990875e-01
1.067142963410000034e+00,9.696627072310476381e-01
7.400619983670000401e-01,8.359240694277021433e-01
6.799880266190000411e-01,8.873361619601419781e-01
7.323921322820000634e-01,7.909893067284966550e-01
8.352749943730000126e-01,8.129358232508104853e-01
6.000829935070000065e-01,8.182625348860792514e-01
1.010563969610000168e+00,6.948937331097992942e-01
7.613970041280000434e-01,7.761645766889834208e-01
7.260069847110000030e-01,6.779281318673405776e-01
1.064324021340000037e+00,8.230375093781150397e-01
5.901079773899998715e-01,7.327730077229434036e-01
7.744659781460000447e-01,7.870389829959566486e-01
7.406870126719998781e-01,8.221359140617966466e-01
8.908360004430001533e-01,6.989966524366951761e-01
7.620100975040000613e-01,8.840054721406781502e-01
7.774500250820000069e-01,6.901848198747310148e-01
5.811070203779999943e-01,7.893948763264918567e-01
7.908779978749999051e-01,7.129569114380956973e-01
8.903719782829999652e-01,8.313100799141615038e-01
7.882059812549999656e-01,7.283140948650861368e-01
7.301949858670000459e-01,7.500198447274033509e-01
9.248933196070001639e-01,7.189722627868747606e-01
1.265586972239999941e+00,7.386660931814958975e-01
7.884140014650000694e-01,8.085506652930654070e-01
9.180610179899998391e-01,7.572258514827936438e-01
6.569269895549999516e-01,8.591683979123663217e-01
8.252680301670000107e-01,7.424995676240934150e-01
4.257229864599999525e-01,9.118827736850629861e-01
9.114630222319998198e-01,7.119242489755771564e-01
7.238519787790000937e-01,8.477167602509265709e-01
9.657319784160000031e-01,6.652965597229746342e-01
7.194200158119999911e-01,8.578802173699143774e-01
7.146480083470000411e-01,6.521900984131182577e-01
6.188799738879999790e-01,8.576660693760176368e-01
8.502969741820000094e-01,7.285798281726779679e-01
6.113014817240000065e-01,8.267332809068645982e-01
8.405809998509999881e-01,6.696556460607141492e-01
5.909900069240000553e-01,7.849351149539867123e-01
1.191807866100000002e+00,6.319496761851896016e-01
1.072478055950000009e+00,8.562479661077062598e-01
7.976800203319999172e-01,7.067366137873529741e-01
7.140370011329999489e-01,8.722258029742467889e-01
8.885610103609999921e-01,8.245488654488578595e-01
7.367290258409999737e-01,8.750486882712755765e-01
9.655410051350000744e-01,8.500000514173698951e-01
8.569459915160000385e-01,7.813825264634214340e-01
5.838339924809999859e-01,7.392009496016921366e-01
3.047562122340000457e+00,7.872860396744697509e-01
8.865389823909999301e-01,1.037691441031422412e+00
1.186460971829999878e+00,8.754723120897371924e-01
8.750730156899999557e-01,1.724459636781797922e+00
1.111973047260000014e+00,1.194470080667441758e+00
6.929270029070000447e-01,1.974190654808254619e+00
5.632749795910000357e-01,1.228624927776909681e+00
5.519689917560000048e-01,9.534495518681976867e-01
9.211350083349998386e-01,9.503755239888626027e-01
5.465030074119999748e-01,9.303586917117555588e-01
9.997850060459999577e-01,7.302670785462780367e-01
7.512239813800000166e-01,7.863840705836299128e-01
8.402569890019999654e-01,6.699264813131915464e-01
7.843149900439999600e-01,8.730873454821750368e-01
5.915480256080000165e-01,7.268942029804466021e-01
6.109840273859999948e-01,8.212863721723168142e-01
9.328789710999999540e-01,7.573983071811679624e-01
7.992020249369999885e-01,7.665763690734115343e-01
9.833549857140000405e-01,7.357971194837714668e-01
5.405290126799999761e-01,7.733931160657471215e-01
1.093670010570000128e+00,6.944486155761129265e-01
9.266330003740002041e-01,8.629620739556513875e-01
7.972419857979999858e-01,6.972035302927198641e-01
5.896059870719999596e-01,8.990981672696283233e-01
7.799540162090000672e-01,6.889386734243942989e-01
5.182790160179999717e-01,8.160590725246466004e-01
7.263879776000000676e-01,7.143617589055436534e-01
6.216366887090000182e-01,7.700789876240736742e-01
8.810679912569999717e-01,6.380402595148677580e-01
7.315016984940000411e-01,7.702416005674529442e-01
9.703850150109999406e-01,6.429733774227359699e-01
8.715350031849999901e-01,8.038429767406796156e-01
5.505740046500000595e-01,7.100863152781559107e-01
2.576299905780000121e-01,7.969070296816325172e-01
6.952109932899999123e-01,6.996921076743662926e-01
3.547430038449999601e-01,7.716586113948963321e-01
1.308350920679999918e+00,6.591844752782672900e-01
1.424710035319999957e+00,8.251709631943217049e-01
2.422243118290000385e+00,6.264720066503352003e-01
1.588093161580000023e+00,9.945864700163209449e-01
2.882889986040000352e+00,7.713200082237842148e-01
1.510810017590000109e+00,1.276660964782619034e+00
5.103110075000000245e-01,1.055790783864425375e+00
6.637499928469999810e-01,1.548816507074486148e+00
5.865659713749999948e-01,1.107920299056404989e+00
9.182999730110000813e-01,1.286210833406009835e+00
1.126363039020000123e+00,1.072009896455732747e+00
9.455379843709997845e-01,6.941085840939752449e-01
7.979699969290000583e-01,8.220637913666871688e-01
8.895260095599999417e-01,7.595045029846571039e-01
5.017459988589999531e-01,8.200835566095677764e-01
7.889080047609999813e-01,8.477745451337633797e-01
5.571460127830000220e-01,8.625515881136436303e-01
8.079270124439998924e-01,7.235648825082046098e-01
7.382910251620000697e-01,8.480540214045012570e-01
6.742079854009999096e-01,6.224330199270405872e-01
8.787713646889999675e-01,7.891828172916202089e-01
7.401880025859999268e-01,6.959581319577581304e-01
8.886500000949999478e-01,7.374545322218798438e-01
7.983270287510000340e-01,7.703762775195835966e-01
5.137799978260000344e-01,7.280437528600581798e-01
7.760372757910000141e-01,7.749932274682522770e-01
8.528280258179999906e-01,7.585105856847106365e-01
7.851629853249999513e-01,7.680934314138806451e-01
8.431609868999999646e-01,7.952976648448449870e-01
1.024798870089999925e+00,7.729257758788202759e-01
8.044279813770001120e-01,7.840823423438713080e-01
8.841310143469999216e-01,8.013928337870920293e-01
3.615649938579999501e-01,8.198179506612109924e-01
1.171491026879999842e+00,7.381022198848953275e-01
4.477910101409999788e-01,8.999382635392074725e-01
7.665730118750000432e-01,6.208713265703812434e-01
7.735599875449999940e-01,9.314956288697364695e-01
1.054823040959999902e+00,5.809183135829742994e-01
7.843300104139999673e-01,9.161039509383013257e-01
1.034250974660000155e+00,6.671304762941623334e-01
1.096979022029999973e+00,8.384913181229435297e-01
7.633029818529999400e-01,7.541317638189179995e-01
5.883730053899999257e-01,8.407352631458586689e-01
6.365630030629999547e-01,7.745188688113202602e-01
5.750700235369999858e-01,7.831647092675376731e-01
5.399640202519999654e-01,7.762640511365314078e-01
1.324671149250000068e+00,7.010326409788664170e-01
8.178460001949999780e-01,7.239646678722291284e-01
6.359609961509999909e-01,6.698170355440250523e-01
8.135920166969999867e-01,8.186898368765060940e-01
9.872140288349999793e-01,7.147094981107638967e-01
9.839289784429999797e-01,9.180911719723454656e-01
5.904790163040000150e-01,8.079909997542424893e-01
8.986790180210000312e-01,7.308068046476339230e-01
6.268000006680000125e-01,7.999932586385632982e-01
6.926850080490000172e-01,7.357422908416649809e-01
5.757049918169999669e-01,8.224729309485886430e-01
6.764680147170000213e-01,6.410313795575569573e-01
8.279470205309999997e-01,7.645530230820938300e-01
6.547859907149999881e-01,6.831417853898189563e-01
1.085815548900000094e+00,6.911108851893384974e-01
8.509550094600001335e-01,7.505072833911610175e-01
8.879359960560000431e-01,6.814523451339681293e-01
6.557850241659999302e-01,8.223524681058727026e-01
6.597809791559999804e-01,7.039616179511077876e-01
8.856279850010000398e-01,8.218687407611665607e-01
7.502999901769999980e-01,7.630934744895678801e-01
9.303160309790001747e-01,7.608876289952200000e-01
7.259460091590000941e-01,7.617026175517873643e-01
7.123904824259998936e-01,7.032581074550445788e-01
9.326570034030000622e-01,7.873810667520433348e-01
6.544970273969999974e-01,7.676854099938106302e-01
4.987269937989999846e-01,7.799736006806501365e-01
9.782410264020000579e-01,7.822676042616153458e-01
5.593240261080000275e-01,7.730774324034709322e-01
8.733990192409999409e-01,7.472328863402739607e-01
6.232500076290000690e-01,7.985206540849139056e-01
6.319249868390000024e-01,6.295972953687331009e-01
8.335350155830000274e-01,8.274983239411243252e-01
8.613430261610000027e-01,6.746867768972349966e-01
1.036013007159999999e+00,7.526485898773066507e-01
6.160370111469999355e-01,7.800958747870867516e-01
9.874529838559999995e-01,7.103514260788023060e-01
6.686739921569999634e-01,8.681255404990999569e-01
6.455339789389999972e-01,7.258759803200403038e-01
1.007030010220000049e+00,8.843830194582881221e-01
7.763000130650000719e-01,6.941300143836386383e-01
9.358490109439999705e-01,8.169649716802609429e-01
6.626719832419999401e-01,7.913295927518162465e-01
1.113351941109999910e+00,7.066161857414656744e-01
5.495319962500000432e-01,8.572392656693711421e-01
9.273632764820000096e-01,6.732923974821851676e-01
8.215330243109999486e-01,8.621098789641334914e-01
9.193540215489999223e-01,6.650471709431187151e-01
6.899859905239998925e-01,8.842327856614204951e-01
6.497738957409999738e-01,7.699282656426377214e-01
9.705049991609999704e-01,8.152903790094468972e-01
8.034440279009998909e-01,7.747650834737931369e-01
8.920990228650002019e-01,7.376432095722690319e-01
7.462270259859999921e-01,8.228921824774588778e-01
1.495407462120000197e+00,6.870022619716108503e-01
7.597569823270000633e-01,8.672747400366039860e-01
9.677280187609998974e-01,7.732956700310494869e-01
1.126011013979999920e+00,1.015215111251997149e+00
7.641419768330000029e-01,9.400099027834121213e-01
1.423818945879999909e+00,1.118543846663947017e+00
8.309190273280000483e-01,9.965483635215124369e-01
5.316870212550000030e-01,9.045027552414434124e-01
6.942920088770000442e-01,1.048708990711144429e+00
1.097100019450000019e+00,8.448126713229729967e-01
8.623710274700000511e-01,9.784805826308201615e-01
9.711959958079999788e-01,8.329751726742619100e-01
7.501904964450000213e-01,7.708169120350812920e-01
5.659890174870000346e-01,7.470981035669277404e-01
7.235890030859999378e-01,8.366150662278378780e-01
1.088876962660000114e+00,7.473580097759812135e-01
2.614549994470000138e-01,7.551615278428442934e-01
1.923168003559999895e-01,6.832028334820710036e-01
2.048390060660000012e-01,6.800544483363085702e-01
3.752999901769999980e-01,5.586704162216860059e-01
1.878910064700000104e-01,7.216028016860511762e-01
4.178839921949999980e-01,4.949058789908692413e-01
6.128349900249999704e-01,5.295438278112393204e-01
4.822100102899999352e-01,4.922502834709665542e-01
8.136649727820000066e-01,5.935319538679748597e-01
8.997989892959999958e-01,5.704503391534265777e-01
7.667459845540000041e-01,6.155455957400903788e-01
6.762999892229999421e-01,7.084353631344018076e-01
9.804093837739999984e-01,6.630864349042472350e-01
1.075533032420000090e+00,7.628786342122235720e-01
6.459739804270000496e-01,8.091661551774956829e-01
7.601699829100000416e-01,7.653237563106046748e-01
8.707180023190000950e-01,8.372798409967818767e-01
1.045557022089999899e+00,7.700696720494702996e-01
4.832339882849999713e-01,8.863932757354547887e-01
1.085988998409999962e+00,7.140218147264002502e-01
7.320979833600000930e-01,8.458626139170486447e-01
7.128990292550000385e-01,6.975094695295851466e-01
1.045389056210000112e+00,9.018662192850244175e-01
7.359200119969999676e-01,6.717631947385773739e-01
8.956930041309999480e-01,8.115469788777874838e-01
8.745509982110000191e-01,7.714293571047571296e-01
9.237470030779999508e-01,7.174298762175881361e-01
9.997780323029999971e-01,8.259127484454674706e-01
1.739534020420000049e+00,7.544058020507869999e-01
8.107889890670000321e-01,8.744780653264719872e-01
7.049050331119999235e-01,8.121969003093785222e-01
8.328269720080000438e-01,1.028669078055404862e+00
8.276600241660000412e-01,8.618508443268386721e-01
8.953109979630000659e-01,1.088214263968360962e+00
1.459501028060000039e+00,8.389726139120893267e-01
1.179519057270000060e+00,8.019666887349280460e-01
1.443411946299999915e+00,8.250831873676838235e-01
1.306735038760000078e+00,9.247277983575492577e-01
7.634999752040000365e-01,8.560105080489337492e-01
1.145148038860000161e+00,9.795781283505378134e-01
7.253450155259999477e-01,9.342041992552505558e-01
7.633590102199999672e-01,8.892873266074856620e-01
6.174820065499999622e-01,9.572387873275882697e-01
1.029322981830000039e+00,6.826320579287491475e-01
1.302055954929999926e+00,8.649281429451881609e-01
3.164124965670000122e+00,7.687158121177987136e-01
9.734439849849999549e-01,1.010379928902205737e+00
1.229671001429999855e+00,7.731929546364758599e-01
7.441530227660000385e-01,1.315224789010174922e+00
1.063034057620000139e+00,8.553339412112347384e-01
1.123872041700000102e+00,1.557817366422022509e+00
8.984770178790000283e-01,8.597061680713693477e-01
7.175139784810000698e-01,9.245558733882637270e-01
5.367509722709999931e-01,8.267073383279539556e-01
1.175443053249999981e+00,8.038121704167042747e-01
1.101048946379999949e+00,8.880908955219316558e-01
5.734490156170000130e-01,7.629129522493536264e-01
1.431144952770000200e+00,8.187162208209651793e-01
1.037794947620000130e+00,7.713659335780612691e-01
6.568620204930000206e-01,8.051902391280979510e-01
1.074908018110000141e+00,9.597578478197934526e-01
1.385972023009999887e+00,7.663485506016270987e-01
1.004804968829999812e+00,9.465042226403388437e-01
1.609539985660000116e+00,8.741314613694645130e-01
2.817575931549999524e+00,8.688720504975665504e-01
1.962562561039999709e+00,1.002486515599277039e+00
1.279752016069999998e+00,1.084663430947569784e+00
1.995329976079999845e+00,1.202010761111194537e+00
2.033385992049999924e+00,1.199548825607274605e+00
1.307443976400000096e+00,1.459864923932140179e+00
1.611258029939999892e+00,1.300366329149750699e+00
2.040218114850000042e+00,1.074264644829566961e+00
2.183244943620000100e+00,1.170831043680008676e+00
1.351415991779999937e+00,1.289348399979413529e+00
7.242180109020001089e-01,1.102528598386591341e+00
1.363389015200000109e+00,1.107240195160087204e+00
1.526808977129999967e+00,1.170376171744774041e+00
1.784019589420000163e+00,1.128447281263624369e+00
1.103597044940000105e+00,1.097578322063701428e+00
1.763007998470000004e+00,8.594946529517121236e-01
1.157549023629999896e+00,1.077773531391957862e+00
1.153326034550000045e+00,1.036209652564505923e+00
2.362811088559999551e+00,1.195253145109836046e+00
2.580787897110000007e+00,1.044216770096469959e+00
1.242146968839999976e+00,1.207833338654926481e+00
1.712821006770000265e+00,1.123520587509118984e+00
6.676509976389999323e-01,1.164562965208572720e+00
8.271329998970000652e-01,1.177656573275473351e+00
9.642647504809997994e-01,1.424134618296908128e+00
1.394161701200000048e+00,8.533145089515479231e-01
7.584049701689999923e-01,1.036793681135539824e+00
6.900759935379999765e-01,7.628887575414823319e-01
6.740249991419999809e-01,8.858867979605630216e-01
8.615220189090000424e-01,7.894488190789523685e-01
7.907469868659999790e-01,9.400098924356339314e-01
7.285000085830000138e-01,7.710209152815116207e-01
2.411980032920000294e-01,7.697186178683075308e-01
3.354600071909999981e-01,6.990765718062257328e-01
5.912460088730000507e-01,7.196595789687866285e-01
1.058426976200000036e+00,6.011840433833900432e-01
7.669919729230000316e-01,7.218309639629846286e-01
5.881239771840000019e-01,5.896934464162915113e-01
5.922303199769999305e-01,6.987116374551612941e-01
8.753510117530000079e-01,6.414489390509372502e-01
7.038279771799998974e-01,8.012485095177204197e-01
5.677499771120000371e-01,6.856086993457839451e-01
7.133870124819999825e-01,7.412286424156520059e-01
1.077505946160000061e+00,6.569688123519565881e-01
6.909419894220000247e-01,7.839678539558591064e-01
7.724580168719999973e-01,7.373469272383791351e-01
7.237120270730000859e-01,7.905469873011798931e-01
9.752489924429998958e-01,7.469438961260449483e-01
9.151769876479998178e-01,8.842213509392554682e-01
7.574009895319999686e-01,7.181522255205864402e-01
6.912069916730000374e-01,7.981485109589255833e-01
1.183527946470000147e+00,7.265160815152138518e-01
