1.769561022520000082e-01,1.768768396939555676e-01
1.810430586339999981e-01,1.923784822715667586e-01
1.955727785830000398e-01,1.758136671411310581e-01
1.954265981910000005e-01,1.734792770506594917e-01
2.004670947789999880e-01,1.976332490082199356e-01
2.029463946819999587e-01,2.044263388970457285e-01
0.000000000000000000e+00,2.060445103246429932e-01
1.862521618600000151e-01,2.570523680381269771e-01
1.862153261900000301e-01,-1.788763483566323600e-02
4.038094580169999670e-01,1.441301337337568544e-01
4.118085205549999461e-01,1.709287963614374017e-01
3.743042349819999948e-01,3.343428553232000722e-01
3.571429848669999685e-01,4.286894015293354343e-01
2.572054266930000055e-01,3.164732521265737342e-01
2.409307956699999753e-01,3.287804475591803999e-01
2.253161966800000249e-01,2.652391462484356421e-01
1.935185044999999937e-01,2.463441463928218444e-01
1.787700653079999924e-01,2.166447318899496211e-01
1.622045934200000150e-01,1.872350380298148376e-01
1.761920750140000269e-01,1.772617160420436877e-01
1.883655935530000325e-01,1.614544881220049410e-01
1.861467957499999548e-01,1.701582229930372336e-01
1.954913884399999968e-01,1.899651514900926597e-01
1.954011768099999935e-01,1.881168739336444851e-01
1.660518944260000185e-01,1.971140133505020209e-01
1.907722949980000249e-01,2.012066525408563455e-01
2.156041562559999625e-01,1.603932565706512603e-01
1.898660957809999716e-01,1.798322950085207705e-01
1.770474612709999895e-01,2.219018203760662056e-01
2.001174986360000074e-01,1.955233357065978006e-01
1.948629021640000125e-01,1.653757039124302552e-01
1.922753006219999894e-01,1.987942504210704064e-01
1.779100298880000042e-01,2.081677863019436581e-01
1.810636967419999854e-01,1.954793064702952943e-01
1.680064052340000114e-01,1.783077349873189166e-01
1.635809391740000174e-01,1.759428084672603476e-01
1.706920862200000111e-01,1.576243971110772857e-01
1.916799396280000345e-01,1.499073677543644734e-01
2.085516005749999957e-01,1.602853313096583021e-01
2.058236002919999752e-01,1.894659966019335007e-01
1.828240007160000513e-01,2.136782164858514743e-01
1.857409924269999846e-01,2.240797090603409147e-01
1.775099337099999841e-01,1.895299740382415665e-01
1.752161234619999952e-01,1.818411718600018157e-01
1.971126049759999999e-01,1.735805190890190863e-01
1.845117062330000057e-01,1.647544692983232140e-01
1.984785944219999987e-01,1.911667461288651393e-01
2.143009155989999692e-01,1.837238487496017092e-01
1.841159015890000139e-01,1.959826511218412948e-01
2.104043960570000094e-01,2.192208240246486806e-01
2.032361328599999739e-01,1.807637032017720136e-01
2.088565975429999833e-01,2.039540229241587344e-01
1.960448026660000231e-01,2.175151503052953628e-01
1.900728046889999523e-01,2.218118050723779100e-01
1.658952832220000062e-01,1.986558062604773800e-01
1.872539073229999851e-01,1.853217830215385664e-01
1.852532625200000171e-01,1.563697870256721689e-01
1.799222826959999966e-01,1.732047074688441157e-01
2.012764066460000223e-01,1.786227110763077275e-01
1.978618204589999985e-01,1.773834055807909926e-01
1.950792670250000027e-01,2.045269041054101344e-01
1.711323857310000085e-01,2.073429533821387061e-01
1.623787879939999901e-01,1.980933751726006720e-01
1.677809953689999856e-01,1.722860387185539133e-01
2.059821039440000168e-01,1.554605105146319444e-01
2.158481031659999771e-01,1.568818240543819464e-01
2.141157686710000174e-01,1.998295184404198233e-01
1.768843084569999835e-01,2.162866888996384518e-01
1.967563778159999444e-01,2.155615135225236179e-01
1.834106147289999988e-01,1.727201150948164954e-01
1.805770993230000065e-01,1.900538411780187120e-01
1.911945044990000231e-01,1.831848336731163318e-01
2.012096941470000178e-01,1.769991735939074606e-01
2.066745012999999798e-01,1.887984364653067793e-01
2.420079559090000110e-01,2.012697186252156156e-01
2.195876985790000124e-01,2.088113284799284763e-01
2.106474190949999825e-01,2.484773613991506647e-01
1.944769918919999896e-01,2.297257567524506050e-01
1.704634428020000148e-01,1.983551523017555163e-01
1.787724494929999741e-01,1.898384872140508606e-01
1.750701963900000158e-01,1.660567458430058374e-01
1.796004772190000487e-01,1.726367620262586611e-01
1.688816994429999940e-01,1.712531721506825588e-01
1.640222966669999949e-01,1.753174975223603937e-01
1.799237728120000324e-01,1.614328398657882413e-01
1.769366562369999729e-01,1.459700050618231992e-01
1.781685650350000039e-01,1.653778287441365069e-01
1.665234863759999795e-01,1.670196001195016211e-01
1.855484992270000077e-01,1.708211556812073428e-01
1.732649058100000083e-01,1.626747282650975457e-01
1.860052198169999949e-01,1.846360173113506531e-01
1.832000017169999884e-01,1.735790082715063243e-01
1.951216459270000425e-01,1.831462592938589984e-01
2.088083624839999763e-01,1.854516533020427183e-01
1.873752027749999993e-01,1.994598902465023749e-01
2.025922685860000183e-01,2.166831408974561612e-01
1.986005455260000108e-01,1.872015448147509586e-01
1.863885968919999914e-01,1.967136859384100156e-01
1.716178953649999950e-01,2.077012761671604979e-01
1.885485500099999823e-01,1.873624353825906474e-01
2.112170010809999998e-01,1.604748553927784205e-01
1.833238750700000030e-01,1.744859574026623172e-01
2.096922993660000067e-01,2.138932797546782005e-01
2.197588831190000203e-01,1.832423477646225318e-01
2.330529242750000174e-01,2.040777789952129273e-01
2.151579260829999951e-01,2.217522657334560221e-01
2.008593231439999849e-01,2.344326015848243738e-01
1.312076449390000010e-01,2.113912156665808673e-01
1.399971693750000079e-01,2.030812483239465283e-01
1.684847325090000070e-01,1.241152245718328828e-01
2.097207009790000298e-01,1.204402224218570489e-01
1.677834987640000053e-01,1.510767685883800393e-01
1.697814613580000132e-01,2.023232254055682133e-01
1.778024435040000129e-01,1.544796765305553043e-01
1.989280730490000093e-01,1.503317930215164744e-01
1.968562752010000194e-01,1.669879079072603134e-01
1.764101982119999634e-01,1.950733002550724959e-01
1.775619983670000124e-01,1.929326687651310157e-01
1.848997771739999962e-01,1.721403209659808087e-01
1.751745045190000183e-01,1.723321360536130831e-01
1.822087168690000036e-01,1.857273759183045159e-01
1.833387613300000163e-01,1.774921067712373901e-01
2.092746049170000067e-01,1.804268877543933891e-01
2.103900015349999819e-01,1.803805876394835583e-01
1.875178515910000121e-01,2.061166298069464498e-01
1.892182081940000093e-01,2.167502225412188122e-01
2.129119038579999901e-01,1.943017742005354043e-01
1.846891939640000202e-01,1.831856499870874455e-01
1.933595985170000198e-01,2.098328557465124200e-01
1.597519963980000013e-01,1.821835515448960996e-01
1.731968969110000145e-01,1.922132106329046131e-01
1.763989776370000484e-01,1.610037348467776019e-01
1.903230398890000119e-01,1.615741269712073769e-01
1.978137493129999980e-01,1.726160514871791507e-01
1.724811047320000124e-01,1.923218815489152189e-01
1.773964017630000056e-01,2.084702635119370651e-01
1.862247735259999759e-01,1.714359943147820697e-01
2.039294093849999823e-01,1.600037771645612672e-01
2.303259670730000153e-01,1.785920753809650263e-01
2.793866395949999859e-01,2.173687844652224532e-01
2.991397082810000052e-01,2.461430715437652184e-01
2.514718174930000161e-01,3.115247327655739085e-01
1.890812516209999794e-01,3.237505193983262197e-01
2.833725214000000214e-01,3.003549671821215128e-01
2.606627941129999737e-01,1.993477506434475077e-01
2.856159806249999877e-01,2.710674289390956893e-01
2.152941524979999910e-01,2.735289600406238253e-01
1.691618561740000082e-01,2.557876576027799942e-01
1.676646620040000146e-01,2.116502342323945962e-01
1.986771523950000007e-01,1.622873562015337279e-01
1.806469559670000058e-01,1.621185645028143940e-01
1.824937760829999922e-01,1.983292254148812106e-01
1.871567964549999963e-01,1.831625334996767052e-01
2.099210023880000164e-01,1.742884717617558810e-01
1.939254999159999993e-01,1.857380827274225099e-01
1.662387549880000037e-01,2.161965264938351949e-01
1.659430116420000101e-01,2.058645702512361952e-01
1.823978126049999871e-01,1.599661322494395632e-01
1.884365230800000013e-01,1.554151724136322854e-01
2.158337980510000031e-01,1.780354781286184740e-01
2.153968065980000068e-01,1.819750211478876056e-01
1.994820386169999793e-01,2.075744030335606449e-01
1.468160003419999859e-01,2.181758570195512503e-01
1.810178905730000509e-01,2.112680062935464453e-01
1.982497125860000209e-01,1.451384974538506289e-01
1.886273920540000038e-01,1.719250206822630911e-01
1.874347329140000074e-01,2.063199015771915723e-01
1.838997006419999802e-01,2.013437914627015934e-01
1.789868623020000049e-01,1.889945069460399751e-01
2.386641800400000069e-01,1.846996110486200660e-01
4.006521701810000224e-01,1.769789590139572433e-01
3.205133974549999598e-01,2.233230991182447722e-01
3.453539609910000197e-01,3.840954558243487305e-01
3.201048076149999866e-01,3.367154883810022925e-01
3.410750627520000022e-01,3.210055619350943856e-01
3.317869901659999954e-01,3.316562397794471928e-01
3.053638935090000062e-01,3.674890723143225957e-01
2.349332422019999866e-01,3.547834623808630017e-01
2.433501929039999789e-01,3.305399162829660842e-01
2.282197028400000105e-01,2.604496068889711746e-01
2.155468463900000187e-01,2.598438019254805664e-01
1.862514019010000077e-01,2.521654310318356962e-01
1.789111644029999504e-01,2.226106749281161479e-01
1.881189942359999534e-01,1.850725931225611631e-01
2.258600741620000185e-01,1.728901423263216330e-01
2.293289005759999999e-01,1.820309861227840109e-01
2.172957956789999534e-01,2.276885161819325598e-01
2.285813987260000013e-01,2.390547253796669880e-01
2.961176931860000083e-01,2.349211801062264515e-01
2.966041862959999942e-01,2.320637709746065092e-01
2.547382712360000134e-01,3.023059017475340782e-01
2.234010547399999935e-01,2.959737628823811417e-01
2.086469978090000066e-01,2.617862243909844233e-01
2.144542932510000166e-01,2.249739084303037373e-01
1.909040212630000177e-01,2.125187322164658610e-01
1.961078941820000032e-01,2.147564928978004384e-01
1.758218258620000141e-01,1.898515798138330490e-01
1.801499277349999928e-01,1.888060298950541005e-01
1.802266091110000246e-01,1.769149704368455644e-01
1.831340938809999930e-01,1.805416319746580844e-01
1.799343973400000241e-01,1.821378039868197518e-01
1.912952065469999963e-01,1.813125706833207673e-01
2.391949146990000052e-01,1.772177257576263432e-01
2.476447969680000138e-01,1.853981876312757460e-01
2.603625059129999753e-01,2.312012226994393793e-01
2.153915017839999890e-01,2.378554568230224209e-01
1.687171012159999761e-01,2.482838244101060465e-01
1.901023983960000163e-01,2.260279792822196543e-01
1.932636946439999781e-01,1.659378543395463868e-01
1.967433989050000331e-01,1.831761006898591226e-01
1.968259066340000141e-01,1.928964981043743143e-01
1.806160062550000167e-01,1.971821113307330176e-01
1.917202025649999975e-01,2.041631930026669151e-01
1.939498037100000072e-01,1.829118874018155205e-01
1.780927032229999429e-01,1.878327300618901075e-01
1.982128173110000169e-01,1.942385027049736979e-01
2.026619017119999921e-01,1.679505610059143506e-01
1.926424354309999587e-01,1.827733494199008935e-01
1.775846034290000375e-01,1.948319436760154177e-01
1.697379499670000069e-01,1.934602521633601580e-01
1.742126941680000041e-01,1.800362647366625657e-01
1.767573058610000247e-01,1.642501919663751087e-01
1.698893159629999983e-01,1.666524187636055365e-01
1.786662638189999985e-01,1.703810680758782725e-01
1.773128658529999901e-01,1.639271184284030736e-01
1.912915557620000206e-01,1.743067773152322253e-01
1.917339116329999926e-01,1.751001529524547906e-01
1.682408750059999902e-01,1.876891009734546478e-01
1.533582359550000052e-01,1.901560935258910234e-01
1.219834238290000011e-01,1.580992903989315301e-01
1.124273017049999962e-01,1.405980402568308418e-01
1.387385427950000027e-01,1.063666796979906709e-01
1.735682934519999776e-01,8.426391623312869117e-02
1.894755959509999699e-01,1.130874924985222074e-01
1.896263062950000189e-01,1.617242448195614080e-01
1.874510943890000114e-01,1.899320358366443917e-01
1.846003979439999887e-01,1.912305339910385649e-01
2.440665513279999810e-01,1.905371794327076762e-01
2.327407002449999873e-01,1.781245072726531098e-01
2.219963967800000215e-01,2.305825759039954737e-01
1.852974742650000117e-01,2.332734728875295871e-01
1.947617977860000016e-01,2.160031287417887580e-01
1.780637502669999983e-01,1.821518542143038821e-01
1.859644204379999610e-01,1.907228194417554257e-01
2.072025239469999502e-01,1.763272401152654600e-01
1.870556026700000152e-01,1.816998848421896295e-01
2.003259211780000215e-01,2.094392949943080506e-01
2.049419134859999936e-01,1.855973638707476836e-01
4.109843969350000514e-01,1.958965221515729105e-01
3.850685060019999884e-01,1.902405024841146708e-01
3.761990368370000670e-01,3.456702008265024051e-01
3.382981419560000536e-01,3.709779963739746611e-01
2.050670981410000482e-01,3.109962719381893503e-01
2.311079055070000277e-01,3.162885376579149810e-01
2.232432067389999997e-01,2.066429733197520935e-01
1.962449550630000206e-01,2.197791367027699394e-01
1.992976218459999727e-01,2.254807855585097831e-01
1.784480065109999847e-01,1.889508575140684543e-01
1.708953380579999737e-01,1.965760004332329780e-01
1.857410371300000085e-01,1.845892993378947244e-01
1.884250044819999748e-01,1.648136403892553614e-01
1.818749755619999964e-01,1.792199673460865283e-01
1.925081014630000142e-01,1.893581800430899076e-01
1.790819615130000153e-01,1.807717386776288848e-01
1.921849995850000159e-01,1.931834657376939046e-01
1.867637038229999769e-01,1.781421843819906148e-01
1.980000883339999851e-01,1.872315822109903161e-01
3.074838817119999734e-01,1.857432827882401216e-01
2.838982045650000341e-01,1.802722128911155852e-01
2.563236057759999964e-01,2.770313729701726069e-01
2.176708281040000137e-01,2.723365225456135241e-01
3.016590476040000302e-01,2.342146817213330290e-01
3.009566068650000314e-01,2.164710547851374789e-01
3.871228992939999558e-01,2.946835146076903222e-01
3.553330004220000005e-01,3.865050657874431472e-01
2.734268903729999978e-01,3.748474057221871103e-01
3.047637045380000020e-01,4.651589753677098371e-01
1.934034079309999710e-01,2.651218379345371412e-01
1.674667745829999943e-01,2.840622643515050005e-01
1.849085837600000226e-01,2.109346763081925979e-01
2.460200339559999727e-01,1.670387937778750331e-01
2.682054042820000150e-01,1.869326475158502587e-01
2.603135108949999887e-01,2.616431402240773640e-01
2.072546035049999680e-01,3.057002490023524865e-01
2.076155245300000118e-01,2.909198004609057087e-01
1.928880363700000156e-01,2.070539115158846200e-01
1.886100023979999929e-01,1.943703367838844620e-01
1.899161785839999783e-01,1.928342715074966296e-01
1.841135472060000111e-01,1.896838580484146441e-01
1.885657012459999726e-01,1.869696540534179774e-01
1.928238719700000325e-01,1.857920583825836969e-01
1.931996941570000015e-01,1.897711547975117485e-01
1.622868627309999867e-01,1.919313806008319245e-01
1.296745538709999923e-01,1.934767947985897019e-01
1.509044617410000011e-01,1.600251645297614822e-01
1.567745953799999925e-01,1.112638846126232234e-01
2.352031022309999941e-01,1.295221516951047536e-01
2.412368059159999689e-01,1.319979241522695190e-01
3.487674891950000022e-01,2.193170760657307816e-01
4.479171633719999934e-01,2.488483409474253338e-01
7.274934649469999570e-01,3.568735830167192868e-01
7.546014785770001065e-01,4.896715574498943235e-01
6.946486234659999814e-01,5.330088569265326592e-01
6.383669972420000782e-01,7.571909309966123880e-01
5.096258521080000436e-01,4.822781796612294891e-01
3.489852249620000735e-01,4.617209518094264054e-01
3.274166882039999948e-01,4.636344065179727192e-01
3.183498978609999863e-01,3.690823594185984047e-01
2.771280407910000076e-01,3.626201242760733190e-01
2.614668905739999660e-01,3.311526618229818086e-01
2.646197974680000176e-01,3.025122256401695520e-01
2.569813728329999880e-01,2.814058768341657912e-01
2.632848024370000317e-01,2.810974490389946956e-01
2.274889498949999866e-01,2.692933570144583899e-01
1.972997337579999733e-01,2.567982242364680312e-01
1.593737602229999828e-01,2.081917316916225280e-01
1.552143245940000027e-01,1.772006128977599848e-01
2.165970057250000136e-01,1.415420393707330360e-01
2.152127921579999881e-01,1.369552802305098460e-01
2.079710960389999919e-01,2.115140637956826053e-01
2.003736048939999681e-01,2.359431471113848933e-01
1.930765211580000029e-01,2.081751323930439712e-01
1.887691617009999989e-01,1.956183727978554610e-01
2.153376042839999782e-01,1.888914430670341482e-01
2.704129219060000255e-01,1.913752593065666530e-01
5.549836754800000493e-01,2.321718251995674720e-01
5.126557946209999717e-01,3.250672308831420443e-01
5.099799633029999946e-01,4.327257009144749311e-01
4.163484573359999552e-01,6.449142058415221479e-01
2.535916566849999998e-01,3.838742504498905972e-01
1.788074076179999861e-01,3.623025170234516756e-01
1.850019842389999947e-01,2.546329433991149638e-01
1.711802035570000047e-01,1.825726910584895835e-01
1.727939993140000241e-01,1.895152271125490617e-01
1.767069548369999965e-01,1.745777005799537263e-01
1.761609017850000181e-01,1.662960556206917184e-01
2.039509564639999939e-01,1.698165196761881601e-01
1.905422955750000480e-01,1.655191179907091192e-01
1.819348037240000049e-01,1.961041962921379611e-01
1.684180349109999919e-01,1.879188549763650129e-01
1.891849339009999964e-01,1.713881703007975044e-01
1.689333617690000067e-01,1.550344033157862456e-01
1.962249428029999576e-01,1.806372218631649984e-01
1.980420649049999537e-01,1.603511396468446371e-01
1.778897047040000068e-01,1.841521467472690132e-01
1.612316220999999994e-01,2.007385944001660316e-01
1.492553949359999854e-01,1.808755616867168681e-01
1.442013978960000053e-01,1.567494924883327811e-01
1.220441684129999899e-01,1.354237499259250688e-01
1.259213238949999925e-01,1.270675527345504763e-01
1.192706972360000062e-01,1.009871729206175822e-01
1.400409787890000146e-01,1.013050666573423880e-01
1.655126959090000016e-01,9.113112141242278585e-02
1.946723610159999951e-01,1.145175039461808764e-01
1.824015975000000123e-01,1.507357235644868620e-01
1.781254708769999806e-01,1.942053871635288087e-01
1.768455654380000075e-01,1.888002267587716720e-01
1.895092576740000090e-01,1.773514563962077240e-01
1.890345066789999584e-01,1.730472048529262952e-01
2.166133970019999688e-01,1.857116681657879631e-01
2.142671942709999944e-01,1.868187934971697883e-01
1.696722060440000179e-01,2.137748968245390124e-01
1.861636042589999707e-01,2.231624836885739704e-01
2.109026014799999793e-01,1.618071891458174594e-01
2.016181051729999951e-01,1.749228461507198740e-01
2.371999472380000307e-01,2.105751778003127628e-01
1.953185498709999746e-01,1.947801113400101092e-01
1.463003754620000041e-01,2.230414155010821964e-01
2.596421837810000133e-01,2.061323339419788570e-01
4.047906100750000014e-01,1.441246909579919910e-01
3.813273906710000216e-01,2.363520973068921616e-01
3.577617108820000391e-01,4.041190946727218347e-01
3.031907975670000144e-01,3.656544090609910591e-01
2.219824343919999943e-01,3.188015844187083725e-01
2.247738689180000249e-01,3.014761860474806099e-01
2.553716301919999876e-01,2.348716772882490922e-01
2.618205845359999895e-01,2.272706939210222543e-01
2.273367345329999900e-01,2.645011014423080398e-01
2.031441032889999831e-01,2.899027751660868124e-01
1.758806854490000404e-01,2.374611492994026518e-01
1.670619547370000013e-01,2.010184677352874483e-01
2.118712961670000117e-01,1.744134370959125324e-01
1.990658938880000006e-01,1.581437050727726445e-01
1.948491036890000194e-01,2.036033727914429436e-01
1.566408872600000002e-01,2.027335000580562374e-01
1.590297073130000072e-01,1.883220420527199623e-01
1.671897023919999836e-01,1.484391028562485337e-01
1.815824955700000298e-01,1.429962527060778532e-01
2.245292961599999748e-01,1.587746934310474700e-01
2.216224968430000053e-01,1.679274984762247069e-01
2.066582888360000148e-01,2.133493287216684797e-01
1.570345163350000128e-01,2.125044204857613750e-01
1.968932896850000003e-01,2.088878599342008091e-01
2.048864960669999902e-01,1.521327345319825608e-01
1.668177992110000118e-01,1.886281964539963107e-01
1.417246013879999988e-01,2.148619533145803284e-01
1.666631847619999829e-01,1.785582154387538589e-01
1.926406770939999569e-01,1.331551700499025714e-01
2.254680991169999982e-01,1.626166010770209724e-01
2.252101451159999879e-01,1.925470181393453828e-01
2.145293951029999535e-01,2.257584143090449469e-01
1.820016801359999881e-01,2.219036299040735849e-01
1.906076073649999592e-01,2.211711399324283178e-01
1.686857044700000030e-01,1.880310823482174987e-01
1.903967410330000276e-01,1.922610536296660011e-01
2.045876085759999741e-01,1.680069360145272639e-01
1.865548938510000199e-01,1.831790152831905827e-01
1.815108954909999961e-01,2.076374556687583528e-01
2.014583945270000120e-01,1.857316397165960919e-01
2.036586105820000214e-01,1.752286530685354671e-01
1.918114423750000019e-01,1.978494355474071376e-01
1.731049269440000093e-01,2.044094507139658234e-01
1.919497996569999865e-01,1.929756802300515439e-01
1.787570714950000028e-01,1.711226318013640002e-01
1.788225024940000296e-01,1.918376372122472528e-01
1.665375530719999941e-01,1.826235559645658924e-01
1.951155364510000489e-01,1.770864996420348503e-01
1.929849982259999874e-01,1.654853072935278668e-01
1.620820015670000058e-01,1.941393543000306532e-01
1.356869190929999858e-01,2.024014325526078684e-01
1.467041671279999959e-01,1.585773156969038644e-01
1.972582042220000220e-01,1.168720834075917259e-01
1.894697993989999940e-01,1.245037445456304431e-01
1.961945891380000029e-01,1.895312458119990107e-01
2.645494043830000086e-01,1.987820971140202009e-01
2.692976891989999899e-01,1.976632297274394379e-01
2.608369886879999822e-01,2.633467674736069131e-01
2.406771630049999999e-01,2.813568335810442411e-01
3.313829302790000098e-01,2.479147665234490427e-01
3.281686902050000021e-01,2.485637406001711958e-01
2.893257141109999986e-01,3.314056875710355565e-01
2.625965774060000091e-01,4.011793103619057943e-01
1.794345527890000014e-01,3.034002289087615600e-01
1.727855503559999895e-01,2.697927462707069846e-01
2.207822054619999752e-01,1.893085782868861311e-01
2.426082938910000264e-01,1.671284709772071497e-01
2.444625049829999841e-01,2.121829179786649255e-01
2.097309380769999676e-01,2.436312108727339831e-01
1.825350672010000175e-01,2.404616104102579033e-01
1.691226661210000204e-01,2.172404400704157634e-01
1.575669944289999902e-01,1.868634391895248603e-01
1.770704984660000092e-01,1.729762597965038284e-01
1.741859167810000109e-01,1.478928121683881491e-01
1.755136996510000269e-01,1.701695822032135152e-01
1.687776893379999976e-01,1.746945431669191251e-01
1.939594447609999939e-01,1.728702866693319351e-01
1.943469941619999919e-01,1.634895368825427242e-01
2.223779261109999905e-01,1.932382495303862635e-01
2.144328951839999942e-01,2.029403691915135921e-01
1.937792897219999533e-01,2.257513803951167464e-01
1.783622056249999921e-01,2.223981436389153021e-01
1.706998199219999790e-01,1.872131661757625853e-01
1.894924789669999998e-01,1.734365808026264999e-01
2.422726899390000022e-01,1.715916784901722614e-01
2.336400598289999908e-01,1.828824232115622839e-01
2.456458657979999904e-01,2.376898764882687531e-01
2.297928631310000025e-01,2.332206731746837569e-01
2.152034044269999780e-01,2.476904461143870639e-01
2.607180178169999918e-01,2.462491588108502438e-01
2.623189091679999918e-01,2.236112867863266074e-01
2.198584228750000147e-01,2.693880522392405052e-01
3.426670730110000229e-01,2.851452865770239264e-01
3.465315699580000519e-01,2.160417400668203647e-01
2.930460572240000117e-01,3.126677597344463266e-01
2.670845985409999734e-01,3.730588097228502154e-01
2.535850703720000099e-01,3.141517237822003539e-01
2.199364602570000049e-01,2.791131864045045541e-01
2.274277955290000264e-01,2.797880573510253543e-01
1.686184257270000042e-01,2.316360889985444038e-01
1.842167228460000195e-01,2.247660484530845382e-01
1.896838992830000015e-01,1.735078989144151762e-01
1.641370058060000192e-01,1.781543077782475615e-01
2.130100131029999677e-01,1.960656755874767843e-01
2.186074256900000234e-01,1.574850191328985571e-01
2.188677042720000021e-01,2.067589112286550845e-01
2.313981950280000199e-01,2.367499996353900904e-01
2.149903923270000128e-01,2.384335893722709376e-01
2.503419816490000116e-01,2.531418515220552612e-01
2.535111904139999983e-01,2.375953355788272547e-01
2.445873767139999932e-01,2.569155050098530513e-01
2.031902372839999860e-01,2.737847789013539979e-01
2.327843457459999599e-01,2.612661656482116457e-01
2.531769871709999564e-01,2.149664355598122356e-01
2.558321058749999932e-01,2.295627382414660300e-01
2.091450989249999948e-01,2.598396530844609975e-01
2.179704755539999816e-01,2.608703028017437808e-01
2.751700878139999862e-01,2.159868836814821946e-01
2.834362983699999505e-01,2.135255967243352426e-01
5.200669765470000705e-01,2.862506622019825864e-01
5.718095898630000118e-01,3.210498643245885964e-01
5.820317864419999321e-01,4.201231184229811677e-01
5.010549426079999868e-01,6.147152656238132895e-01
2.807539105419999959e-01,4.990389623288341570e-01
2.063424885269999898e-01,4.893759347547530503e-01
2.145204693079999780e-01,3.312888401248522685e-01
2.198818922040000068e-01,2.123194223576072570e-01
2.337387651210000028e-01,2.097846103055907296e-01
2.567627131940000140e-01,2.198229579096720732e-01
2.328460067509999509e-01,2.380634494415485303e-01
1.991674900050000030e-01,2.642125971790101335e-01
1.789865642790000044e-01,2.376999799065552255e-01
1.796395033599999802e-01,1.928343400668335317e-01
1.698227077719999811e-01,1.714086822452639824e-01
1.522479057309999995e-01,1.773703975855697446e-01
1.740261465309999867e-01,1.674875040223964273e-01
1.826220005749999709e-01,1.359995960603566645e-01
1.566141396759999915e-01,1.576942499832885147e-01
1.689846664669999721e-01,1.802466164517716185e-01
1.731435954569999769e-01,1.502714336192551292e-01
1.901344954969999834e-01,1.519478691242484858e-01
1.337733566760000159e-01,1.555384173652109847e-01
1.587713211769999910e-01,1.808861293025433303e-01
3.362798094749999689e-01,1.229308583803421784e-01
3.365317881109999854e-01,1.144238338416467410e-01
3.025190830230000127e-01,2.800655289792809977e-01
2.839955985550000062e-01,3.135558652693622439e-01
1.806526631120000115e-01,2.573670957309058260e-01
1.813106983900000246e-01,2.680434121334556163e-01
2.399948686360000027e-01,1.907847633426947020e-01
2.357428967949999898e-01,1.829323541749028337e-01
2.299271076919999768e-01,2.520345674247520540e-01
2.266699969770000211e-01,2.670281016446071076e-01
2.079305946829999863e-01,2.477305105501822480e-01
2.176461517809999968e-01,2.336878513032014104e-01
2.530807852749999975e-01,2.144426498022111438e-01
2.445257008080000127e-01,2.180947338154028692e-01
2.472106367350000167e-01,2.569974405911721327e-01
2.140260040760000038e-01,2.451456879599704930e-01
3.001447618010000262e-01,2.392714535698292067e-01
4.906117916109999921e-01,2.272793807918661591e-01
3.879201114179999799e-01,3.097898457461646382e-01
3.368788957599999634e-01,4.765496631576774944e-01
2.932540476320000256e-01,4.879773171516943453e-01
1.897923052309999914e-01,3.081210556880273344e-01
2.160292118790000104e-01,2.870733071524339541e-01
3.753999471659999476e-01,2.040580283387915250e-01
3.595648109909999612e-01,1.939885448773757126e-01
3.568296134470000380e-01,3.305978503195611817e-01
2.543200254440000085e-01,3.333551420470976523e-01
1.710169017309999817e-01,3.308883708474462115e-01
1.929912567139999979e-01,2.672725123147557946e-01
1.877582967279999848e-01,1.696406451514844427e-01
1.911910772320000174e-01,1.891282174492013857e-01
2.173696309329999909e-01,1.893923125426241749e-01
2.077021002769999791e-01,1.838190290086201273e-01
2.206149846319999941e-01,2.106637710911159755e-01
2.270559668539999798e-01,2.019199490241210537e-01
2.409625947480000252e-01,2.123457236529102399e-01
2.354097962379999853e-01,2.205611830594222944e-01
2.214455157519999995e-01,2.315010142517835989e-01
1.873570978640000106e-01,2.255243797508969250e-01
1.875694990160000075e-01,2.169458873097967755e-01
1.860239952800000485e-01,1.842001778201632078e-01
2.020407021049999696e-01,1.787830226631994535e-01
1.742038130759999970e-01,1.755316675296142159e-01
1.875655949120000054e-01,1.876592397444840354e-01
1.820583045479999829e-01,1.605790209766948251e-01
1.922361850739999767e-01,1.758310427915262819e-01
2.172528207300000180e-01,1.793808290737277655e-01
2.296049296860000200e-01,1.831611762521415110e-01
2.509359121320000052e-01,2.108668661315944992e-01
2.739968001839999667e-01,2.264342992542084931e-01
2.468370050189999942e-01,2.476568814581179279e-01
2.319672256710000047e-01,2.746074108461360463e-01
2.044411897660000088e-01,2.407917417877437349e-01
2.075911909340000250e-01,2.179714943365328450e-01
2.634023129940000207e-01,2.026836180191434744e-01
3.036424219609999975e-01,2.120263713293635555e-01
3.236212432380000115e-01,2.768890775388739289e-01
3.383783698080000124e-01,3.444195550462146316e-01
3.256455063820000162e-01,3.764805891541381233e-01
3.199611008170000215e-01,3.964951134887494955e-01
3.445942103859999661e-01,3.810616186258232174e-01
3.591096997259999868e-01,3.535888956724839716e-01
3.462464511389999888e-01,3.646044280593065956e-01
3.135047256949999861e-01,3.583067952265623912e-01
2.611905336379999887e-01,3.369050222835681674e-01
2.517339885229999963e-01,3.210421363692401164e-01
2.365340739490000288e-01,2.783484615992526390e-01
2.257324606179999804e-01,2.667153579566187149e-01
2.135377526280000104e-01,2.484056555989542225e-01
1.833177059890000182e-01,2.279801547811122486e-01
2.036423683169999999e-01,2.097262040069171052e-01
2.443349212410000082e-01,1.765401064176749801e-01
2.420464009050000143e-01,1.887477643507030900e-01
1.904003769159999526e-01,2.397232098922156551e-01
1.422279328109999907e-01,2.502886754899490973e-01
1.802364736799999811e-01,2.010001974353495535e-01
1.587783545260000040e-01,1.250909504234090364e-01
1.564234346149999955e-01,1.657139149251961874e-01
1.458736360070000126e-01,1.540533620698351369e-01
1.534039974209999990e-01,1.450939763643059321e-01
1.587697118520000061e-01,1.313666072643308591e-01
1.766731888060000533e-01,1.344408053809914017e-01
1.735716015100000065e-01,1.430647327208200981e-01
1.556300967930000223e-01,1.678430629297308907e-01
1.678923070430000108e-01,1.698886599840644940e-01
1.889611035589999766e-01,1.417187025281306523e-01
1.857852935790000048e-01,1.520352934791079358e-01
1.759144961829999798e-01,1.838989725700219124e-01
1.993034631010000002e-01,1.875174800307048695e-01
1.905056983229999890e-01,1.663661141757783180e-01
1.746108233929999920e-01,1.953024051738812272e-01
1.891844570640000001e-01,1.979523943685817799e-01
1.795153021809999805e-01,1.735727971866811437e-01
2.012605071070000251e-01,1.839108619121594124e-01
2.108775675299999763e-01,1.759221860467378995e-01
1.980962008239999794e-01,1.962299717799935728e-01
1.666497588159999987e-01,2.218289787320019968e-01
1.744651794429999958e-01,2.086006302291531223e-01
1.693953573699999993e-01,1.631286742876689178e-01
1.666028350590000040e-01,1.639823907497761912e-01
1.645158231259999937e-01,1.609610221477642822e-01
1.785626411439999728e-01,1.541449752483535773e-01
2.016437053679999980e-01,1.538786349184415314e-01
2.162254005669999868e-01,1.682512289012704498e-01
1.915986984970000084e-01,1.922472201857995111e-01
1.954402029510000083e-01,2.121237596567877026e-01
2.037038058040000210e-01,1.887729502322784136e-01
1.996463239190000016e-01,1.906676634832021877e-01
1.804761737589999915e-01,2.072291121346105658e-01
1.873520165680000182e-01,2.049799577563320985e-01
1.970120966429999843e-01,1.846067811442241025e-01
2.032908946279999851e-01,1.817465002337404212e-01
1.883477419610000425e-01,1.920608085589039782e-01
2.073840051889999925e-01,1.991390550986331109e-01
1.903086006639999883e-01,1.872266572774100579e-01
1.647335141900000133e-01,2.027512635238814809e-01
1.856785118579999949e-01,1.963052792992201201e-01
2.097074985500000099e-01,1.535930578516266354e-01
1.964578926559999994e-01,1.704418951149512529e-01
2.250059992069999848e-01,2.055092117214824543e-01
2.485178858039999994e-01,1.979368708252419451e-01
2.478968948129999794e-01,2.167224764879727983e-01
2.352291047569999849e-01,2.500336344526348786e-01
2.200151830909999606e-01,2.470490410539029624e-01
1.695966720579999976e-01,2.258664794649099805e-01
2.001868933439999443e-01,2.208077343898767197e-01
1.837853938339999993e-01,1.666061090219010665e-01
1.719795018430000100e-01,1.903426356997786340e-01
1.722060889009999762e-01,1.790154235645547154e-01
2.091183662410000255e-01,1.602106011472747837e-01
1.962699592110000169e-01,1.529236280846501539e-01
2.345576137300000308e-01,1.891576654532032276e-01
2.212668955329999965e-01,1.766399029823437217e-01
2.321032136680000191e-01,2.200068599546216586e-01
2.424474954610000288e-01,2.245300495311754185e-01
2.362180352210000167e-01,2.223975660466813720e-01
2.033241987229999492e-01,2.366989906615214467e-01
1.746149510150000472e-01,2.301079915269512999e-01
1.879347711800000154e-01,2.063553903640241993e-01
1.927646994589999885e-01,1.742442959737571240e-01
1.995158940549999760e-01,1.868265782933845875e-01
1.902115345000000013e-01,1.934525248903708194e-01
1.989603042599999982e-01,2.050396740068093637e-01
1.870438009499999499e-01,2.029027150711781302e-01
1.557538956400000008e-01,2.054377865297822847e-01
1.348650753500000021e-01,1.945552618148118085e-01
1.567980051039999934e-01,1.513923765880956784e-01
1.943633109329999942e-01,1.163135965422609636e-01
2.161478996279999898e-01,1.389248718590421483e-01
2.312179952860000387e-01,1.893688824079164112e-01
1.992108970879999941e-01,2.233207732738569928e-01
3.674222230910000331e-01,2.414765272659987194e-01
4.058226048949999942e-01,2.142252555725861207e-01
4.052526056769999996e-01,3.099159125456236175e-01
3.688966929910000303e-01,4.294004548913500363e-01
2.675450444220000001e-01,3.272299489455279264e-01
2.104666233059999947e-01,3.280985489284239942e-01
2.505743205550000074e-01,2.732715190747583289e-01
2.567990124230000171e-01,2.135603488494262348e-01
2.333147972819999694e-01,2.495904520459562848e-01
1.871584951879999847e-01,2.554967897241576247e-01
1.702336072920000165e-01,2.450117549383763749e-01
1.787967979910000116e-01,1.894895130055540555e-01
2.178041040900000058e-01,1.652786596335229508e-01
2.256611436609999854e-01,1.707543484402762601e-01
2.151906937359999994e-01,2.138509401365218388e-01
2.004701942210000143e-01,2.333597291817126884e-01
1.993511021139999784e-01,2.092011970378493124e-01
2.054219990969999576e-01,1.891244987035194391e-01
2.202302068469999818e-01,1.883748999001430835e-01
2.543391883370000328e-01,1.980844680934299162e-01
2.307367920879999923e-01,2.137220284917714930e-01
2.086869627239999747e-01,2.563443722264791003e-01
1.803357303139999923e-01,2.412313847501441344e-01
1.733369380239999924e-01,2.074004682188658466e-01
1.888285428290000234e-01,1.772284559133316673e-01
1.801446974280000168e-01,1.681391154280780231e-01
1.690454930070000028e-01,1.842611791180743530e-01
1.937783956529999796e-01,1.787562899138390726e-01
1.963465064759999934e-01,1.567432855775816036e-01
1.779485940929999843e-01,1.842377541553861797e-01
1.642222702499999964e-01,1.973605531552733439e-01
2.063633054490000007e-01,1.758576742685457883e-01
2.183381021019999979e-01,1.530049381835392464e-01
1.926020979879999873e-01,1.978324527226968665e-01
1.817457973960000250e-01,2.239452434184167895e-01
1.791574060919999822e-01,1.939398879771169482e-01
1.796555072069999648e-01,1.768561260614911756e-01
1.755983978510000099e-01,1.762365194891217235e-01
1.700639575719999907e-01,1.751992062230524616e-01
1.699959039689999951e-01,1.718401756100959021e-01
1.770231574769999816e-01,1.635097374748816779e-01
1.734361052510000056e-01,1.568691385226621826e-01
1.864347159860000047e-01,1.643549453992566578e-01
1.702874004839999844e-01,1.646476196770814415e-01
1.785273402929999920e-01,1.804699124923615505e-01
1.290820986030000173e-01,1.603205268786769833e-01
1.158849000929999956e-01,1.679525145089499627e-01
1.127520129079999933e-01,1.170173908729000567e-01
1.570463031529999998e-01,9.164261048806321419e-02
1.757429093120000119e-01,8.094060158085350509e-02
1.788239777089999927e-01,1.336358434524986816e-01
2.061250060799999784e-01,1.709577899028616454e-01
2.961472272869999922e-01,1.884640041203080318e-01
2.668476104740000188e-01,2.156624692784153696e-01
2.756402194500000014e-01,3.101363223376551459e-01
2.648843526840000129e-01,2.915804929539759782e-01
3.272587060930000069e-01,2.801769035945697595e-01
2.934317588809999822e-01,2.859215865212610397e-01
2.612319886680000147e-01,3.511541662370804007e-01
2.073775231839999900e-01,3.145519941215593196e-01
1.807138323779999833e-01,2.553222178794609665e-01
1.843436211349999965e-01,2.085717853613449357e-01
2.054681032900000093e-01,1.810852928631841441e-01
1.878930032250000215e-01,1.827317380910536970e-01
2.013643831010000218e-01,2.080375475256531770e-01
1.992990970609999912e-01,1.906873568545037756e-01
2.207290083170000417e-01,1.941542491969443507e-01
2.184396982190000003e-01,1.996544842836286970e-01
2.160932719709999783e-01,2.212384950048574273e-01
1.800702065230000148e-01,2.267951598250712297e-01
1.806241124869999992e-01,2.177398351011557986e-01
1.736052930359999746e-01,1.812123423193357508e-01
1.964215040210000318e-01,1.740214655322505632e-01
2.613951861859999948e-01,1.676636350138842602e-01
2.367069572210000195e-01,1.799871246427743876e-01
1.817331761120000166e-01,2.567430691190199510e-01
1.872550845150000032e-01,2.459303781603309758e-01
1.708921939130000067e-01,1.758179648658806105e-01
1.886087059969999979e-01,1.786087303500079049e-01
1.907265037299999966e-01,1.724369940416501101e-01
1.932464987040000415e-01,1.837349385366513210e-01
1.732929944990000137e-01,1.906107033398741768e-01
2.095063477749999625e-01,1.892138595171087567e-01
4.538556933399999771e-01,1.727931884137510476e-01
4.529328942299999938e-01,2.051921684366796450e-01
4.376089870929998904e-01,3.783732404575460562e-01
4.101786911490000742e-01,4.846870950490712593e-01
2.999480962750000201e-01,3.535209827716478959e-01
2.743109166620000261e-01,3.732458759251798264e-01
2.636764347549999665e-01,3.266924437337883624e-01
3.030085861679999715e-01,3.091701034254498714e-01
2.883977890009999934e-01,2.967066410401311694e-01
2.769187986850000227e-01,3.110507505433819930e-01
2.645944654940000085e-01,3.177357378971115698e-01
3.595731556419999864e-01,3.008568722348309299e-01
3.489974141120000262e-01,2.809752354748095149e-01
3.149650990960000119e-01,3.537855788683155756e-01
2.530409693719999908e-01,3.664993507023724950e-01
2.099061757329999944e-01,3.243126004571383336e-01
2.237384021280000024e-01,2.674574826147335660e-01
2.169338017699999344e-01,2.201781148550097100e-01
2.123453021049999945e-01,2.391470264128712775e-01
2.144929021599999985e-01,2.359678562092797083e-01
2.123427987100000303e-01,2.285378792993548458e-01
2.086919993160000208e-01,2.309047908506576263e-01
2.024399936200000361e-01,2.252083432727909063e-01
1.932131946090000219e-01,2.181201196648464846e-01
1.812405437229999972e-01,2.060671640001462135e-01
1.841152161359999873e-01,1.938812185007104116e-01
2.009199708700000198e-01,1.806341712769525265e-01
1.946409046650000030e-01,1.815566786994301240e-01
1.966055035590000000e-01,2.019434961478845936e-01
1.737543940540000054e-01,2.039444865008087360e-01
1.790176033969999858e-01,2.029248524364183348e-01
2.000912129879999779e-01,1.747782302172058433e-01
1.695824414490000043e-01,1.660067994524623280e-01
1.927433013919999938e-01,1.957345411139372049e-01
2.038794755939999925e-01,1.649527114428634977e-01
2.095497995620000109e-01,1.847914696171416848e-01
2.050999999049999967e-01,2.105123858365039735e-01
1.882844567299999938e-01,2.174073355169579003e-01
2.005678713319999917e-01,2.081309099079343139e-01
1.948222815989999746e-01,1.918185764573235308e-01
1.851616054770000019e-01,2.021510928243343552e-01
1.811457574369999823e-01,2.018901840045325691e-01
1.909579336640000180e-01,1.896947524262929952e-01
2.015465050940000169e-01,1.852403400633745867e-01
1.874635964629999818e-01,1.947092947625966020e-01
2.141287922859999859e-01,2.067502207722053398e-01
2.041694968939999910e-01,1.887893482229677233e-01
2.533474564550000085e-01,2.144736137419079036e-01
2.678037881850000024e-01,2.203510195090666035e-01
3.017286956309999657e-01,2.481048116119093372e-01
3.658618927000000243e-01,2.966042058245730306e-01
3.397559225559999563e-01,3.337740631821022874e-01
2.932764291759999975e-01,4.127977541948252282e-01
2.594402134420000228e-01,4.674436125033238354e-01
1.747480928900000119e-01,3.176586806426657805e-01
1.857970058920000167e-01,2.647146102871715811e-01
2.116256058219999903e-01,1.881909520003037517e-01
2.045923024419999958e-01,1.890399284702197480e-01
2.080095559360000124e-01,2.157101141776629205e-01
2.008861005310000059e-01,2.100104635146884946e-01
2.219119668010000324e-01,2.039022734472611953e-01
2.171941995620000065e-01,2.047826935726151376e-01
2.135767042640000224e-01,2.299952031730900792e-01
2.023674994709999952e-01,2.250876214722719593e-01
1.955586671829999956e-01,2.083334061064926745e-01
1.969362944360000256e-01,2.017662793833306656e-01
1.962438523770000387e-01,1.993810492882688856e-01
2.066201269630000281e-01,2.025527483622139302e-01
2.266834974290000138e-01,1.977336578258101218e-01
2.307016998529999863e-01,2.032787139050891978e-01
2.064162045719999949e-01,2.171525610508289461e-01
2.136748582119999684e-01,2.152836156926981326e-01
2.115589976309999731e-01,2.056873298604486311e-01
2.210098206999999981e-01,2.132827618093131317e-01
2.002004534010000114e-01,2.122998249945740046e-01
2.026610970500000164e-01,2.061041985329673532e-01
1.840810924770000245e-01,1.961956464557536028e-01
1.918098330499999893e-01,2.027314961523201953e-01
1.945068985220000102e-01,1.884497232168320935e-01
1.860962957140000207e-01,1.902194845932031197e-01
3.239021003249999975e-01,2.024844527848112530e-01
2.998737990859999814e-01,1.817842910112854593e-01
2.647733092310000091e-01,2.976429782164394799e-01
2.435151785609999953e-01,3.243062525440137955e-01
1.468971520659999863e-01,2.400213929392889800e-01
1.675205081699999987e-01,2.374355907977577784e-01
1.691907048229999710e-01,1.433217355247735914e-01
1.851512044669999801e-01,1.523699744294495506e-01
1.919896006579999981e-01,1.595579383749955171e-01
1.983390152450000277e-01,1.763028991486497166e-01
2.193651050329999963e-01,1.888602588051675191e-01
2.147694528099999833e-01,1.898855953006291786e-01
2.910268306730000032e-01,2.167165731892937708e-01
2.744570672509999976e-01,2.149856874440206622e-01
2.695364058020000009e-01,2.849393443758626021e-01
2.071107774970000204e-01,2.913894124084570603e-01
1.958816945549999577e-01,2.678172510726183897e-01
1.965135931969999861e-01,2.187422740347841899e-01
1.876440942289999969e-01,1.993986771247950318e-01
2.025545984510000175e-01,2.015773024451329998e-01
1.871117651460000031e-01,1.880960631076196432e-01
1.973968744280000243e-01,2.050049441839262576e-01
2.005362063649999971e-01,1.979368983055166398e-01
2.371928393840000149e-01,1.980477362092973870e-01
2.252300232649999678e-01,2.033249598734431507e-01
2.096156179900000305e-01,2.339742406616517889e-01
1.828726381060000183e-01,2.374654209233399982e-01
2.188799381260000398e-01,2.099434547628051539e-01
2.092117965219999765e-01,1.791519725779865957e-01
2.991323173050000062e-01,2.167345718670670718e-01
3.725849986079999843e-01,2.274025926726755686e-01
3.703671991829999843e-01,2.945160691283860710e-01
3.411498963830000286e-01,4.192034952893805566e-01
2.537753880020000019e-01,3.876179041055746732e-01
2.660570144650000191e-01,3.670880869062936314e-01
2.583504617210000132e-01,2.760925081694052263e-01
2.349327653649999903e-01,2.676413084845932766e-01
1.964800357820000176e-01,2.756212058616057670e-01
2.010751813650000219e-01,2.392156323990958233e-01
2.233009040360000030e-01,2.015429341273695385e-01
2.107799947259999807e-01,1.979507869267054798e-01
2.084790617230000143e-01,2.218738135756993246e-01
2.135446965689999921e-01,2.099946915283497639e-01
2.063921540979999636e-01,2.120470859187178481e-01
1.915937960150000119e-01,2.282361606558963862e-01
1.907173544170000234e-01,2.155926854485812616e-01
2.065229862929999771e-01,1.835658756513344203e-01
2.108760029080000431e-01,1.708790549639698508e-01
1.930121034380000433e-01,1.883860324255325625e-01
1.988846510650000288e-01,2.000229302485992400e-01
2.141418010000000205e-01,1.823356661838484716e-01
2.070428282019999844e-01,1.825888318155378109e-01
3.285667896269999777e-01,2.023208070796987668e-01
4.495427012439999759e-01,1.976714646699769262e-01
4.017376005650000748e-01,3.068429034286501711e-01
3.919491171839999399e-01,4.479877615460225448e-01
3.275258541109999921e-01,4.185129882126767953e-01
2.748836874960000065e-01,3.413734368682491693e-01
2.869270443920000080e-01,3.067186370934198991e-01
2.935220301149999989e-01,2.638924319764032744e-01
3.149933218959999892e-01,2.789387273674505674e-01
3.063029944900000356e-01,2.900443929463066284e-01
2.829472124579999748e-01,3.062746804677100587e-01
2.236190885309999876e-01,3.054708163103971863e-01
2.047974467280000155e-01,2.776726541795959124e-01
1.970064640049999927e-01,2.179748586227116536e-01
2.168944925069999918e-01,1.978694806149184082e-01
2.222929000849999948e-01,1.898179424341776278e-01
2.163385450839999946e-01,2.096383391936099960e-01
2.129120975730000032e-01,2.257333183584191161e-01
2.239284068350000101e-01,2.283945512001515354e-01
2.111652940509999854e-01,2.219043386226670356e-01
2.037166059019999975e-01,2.319271908441723762e-01
1.949672847989999958e-01,2.205853260346912759e-01
2.212041467430000130e-01,1.992240210187311844e-01
2.242754995819999930e-01,1.934611815179599903e-01
2.110134959219999995e-01,2.219612473687379850e-01
1.880159825090000070e-01,2.339574497423944910e-01
1.926469951869999864e-01,2.131011520149049543e-01
1.927028000349999826e-01,1.825632769314886050e-01
2.360453009609999875e-01,1.823960002733703567e-01
2.494726628070000063e-01,1.807675632489693374e-01
2.352280020710000030e-01,2.240614672173101007e-01
1.843072175980000060e-01,2.493066358926816495e-01
1.996876001359999819e-01,2.449754461358066293e-01
1.958325058219999859e-01,1.878399106708602551e-01
1.888218969110000145e-01,1.920132029330167411e-01
1.885980367660000101e-01,1.946965512968015510e-01
1.783643960949999885e-01,1.887429367073070741e-01
1.893583983179999986e-01,1.894649338400470617e-01
1.769174039359999728e-01,1.759450190336448727e-01
1.822073012590000041e-01,1.798058294856974271e-01
1.726381331679999742e-01,1.671659598216240494e-01
1.796488463879999664e-01,1.697973664690785867e-01
1.893453001979999994e-01,1.626069956367182101e-01
2.041255980730000141e-01,1.654757304716414912e-01
2.021193057299999762e-01,1.753183298893219444e-01
1.950753927230000073e-01,1.946465401647057281e-01
1.913484036919999853e-01,1.986852035136111305e-01
1.940153539180000386e-01,1.900925436367243981e-01
2.548274099830000194e-01,1.855108016008180094e-01
2.428829520939999875e-01,1.863058677436222887e-01
2.269057929519999739e-01,2.498569846959263485e-01
2.461629658940000243e-01,2.604248017754059452e-01
2.363652586939999911e-01,2.259751538446937713e-01
2.234285175800000134e-01,2.442364560892972825e-01
2.153740972279999943e-01,2.440935621860913785e-01
2.169086933140000062e-01,2.238611908841239562e-01
1.956495195630000294e-01,2.126222115439690141e-01
1.911730021240000132e-01,2.140653316000849793e-01
1.911281347270000208e-01,1.914600520819045304e-01
1.682610064739999967e-01,1.788239036152294847e-01
1.873182952399999879e-01,1.857783347487963199e-01
1.789516657589999837e-01,1.579564084047460348e-01
1.870546638969999842e-01,1.705886437766359620e-01
2.044772058730000008e-01,1.700022870278781739e-01
1.983377933500000412e-01,1.735656124274537193e-01
2.032073587180000251e-01,1.950034330165479057e-01
2.265556752679999952e-01,1.879955597257365885e-01
2.234009951350000023e-01,1.861355510021416859e-01
2.426621168849999732e-01,2.104565268085639984e-01
2.588768005370000180e-01,2.088748833151206907e-01
2.521358132360000393e-01,2.199862874388575085e-01
2.280115038159999941e-01,2.444684539470007023e-01
1.778044104579999951e-01,2.423918707178360221e-01
1.634968966249999989e-01,2.298828065114999208e-01
1.860933601860000064e-01,1.712434385058844988e-01
1.859123855829999672e-01,1.430414991269635949e-01
1.739067137240000172e-01,1.694204424509428986e-01
1.785075962540000061e-01,1.818509400230122475e-01
1.885641068220000049e-01,1.662721757134798251e-01
2.542034089569999988e-01,1.678240114530906713e-01
2.529518902300000316e-01,1.736575177669871517e-01
2.264477610590000245e-01,2.385882436594093936e-01
2.110380530360000118e-01,2.511716556599038475e-01
2.390624135729999822e-01,2.181004030019675355e-01
2.233908027409999830e-01,1.965157013244070994e-01
2.384739071129999832e-01,2.273807919076623330e-01
2.096938937900000022e-01,2.200430882131243493e-01
2.205873429780000061e-01,2.332441974099718207e-01
1.979559957979999951e-01,2.127648904763976834e-01
2.239636480809999997e-01,2.138217383425946583e-01
1.824693381790000180e-01,1.969887748004907069e-01
1.944653987880000379e-01,2.204653077608361433e-01
1.623506993060000181e-01,1.756262738506268462e-01
1.634901016950000008e-01,1.777887415085033784e-01
1.519308984280000052e-01,1.519941280165319486e-01
1.773174256089999623e-01,1.480830888425537784e-01
2.009179741139999753e-01,1.346278229956592021e-01
1.831925064329999742e-01,1.583306818925019621e-01
1.519723981620000053e-01,1.906011199595699646e-01
1.608350872990000069e-01,1.723365607843025948e-01
1.576898992060000171e-01,1.311072550865116926e-01
1.789468824859999918e-01,1.378914037870873632e-01
1.863833963870000221e-01,1.388355208377702321e-01
1.762941032649999740e-01,1.607808851352326429e-01
1.410365849730000065e-01,1.735706197747715340e-01
1.918971985579999984e-01,1.661753870981250991e-01
2.020718008279999978e-01,1.204877838242728039e-01
2.467120736839999995e-01,1.720570216784772788e-01
2.503778040410000183e-01,2.028486482861829865e-01
2.420776039360000020e-01,2.511224638381766572e-01
2.059547007079999548e-01,2.806755028456324186e-01
1.608465462920000144e-01,2.562394560391940690e-01
1.329861283299999808e-01,2.147984906858345922e-01
1.673102676869999972e-01,1.549288822256307541e-01
1.795337647199999609e-01,1.107140349435299237e-01
1.848126053810000002e-01,1.465332307993282013e-01
2.060592025519999981e-01,1.743783220840198211e-01
1.993591934439999935e-01,1.861594203287338933e-01
2.019896209239999962e-01,2.087951687110907173e-01
1.895201951269999963e-01,2.078149532367987440e-01
2.597720026969999596e-01,2.024302956946661680e-01
2.444770485159999951e-01,1.838656784585090409e-01
2.407727241519999617e-01,2.389171646697224316e-01
2.282528877259999978e-01,2.350422476519279102e-01
1.719890981910000005e-01,2.033374223782269952e-01
2.107089906930000034e-01,2.129198876455972167e-01
2.091155946250000119e-01,1.651583211745794866e-01
1.978048980240000032e-01,2.077406448650405135e-01
2.423519939180000249e-01,2.249267769858913357e-01
2.733131051059999872e-01,2.106743628969487692e-01
2.591018974779999984e-01,2.609279736803464811e-01
2.398502230640000010e-01,3.064693773792304121e-01
2.027270048860000118e-01,2.972905842460541459e-01
1.646265089510000057e-01,2.371270192568290802e-01
1.514579057690000063e-01,2.012577416924308249e-01
1.715828478339999907e-01,1.601756550449954519e-01
2.222049087290000058e-01,1.382389849826899941e-01
2.350890487429999898e-01,1.513920682969965570e-01
2.281305044889999634e-01,2.103499769167500588e-01
2.251530140639999844e-01,2.344904709393810238e-01
2.360830008979999950e-01,2.204818395505953876e-01
2.331852018829999873e-01,2.107821318784076914e-01
1.995675563809999886e-01,2.275497942783019090e-01
2.020958065989999775e-01,2.341903681004083304e-01
1.845946013929999907e-01,2.007986114744459705e-01
1.881015300749999952e-01,1.955590009007089347e-01
2.119678109879999939e-01,1.809876023363771458e-01
2.234034091230000241e-01,1.747979394512328977e-01
2.446219176049999888e-01,2.103721020407228470e-01
2.418016940359999645e-01,2.223919537229100685e-01
2.144879996780000020e-01,2.369076660939420376e-01
2.017266303299999897e-01,2.206278051760106607e-01
1.734066754580000091e-01,2.001769632130482590e-01
1.667926013469999968e-01,1.987282089379279471e-01
1.653245985510000127e-01,1.736653940276217944e-01
1.766120344399999820e-01,1.518845814587045373e-01
2.292105853560000295e-01,1.519208425538691731e-01
2.151339054109999982e-01,1.684154106105514304e-01
2.032367140049999854e-01,2.323442142533582999e-01
2.899451851839999761e-01,2.291337198956796550e-01
3.044671118260000031e-01,2.064054101338376745e-01
2.927406132220000123e-01,2.791976024761022579e-01
2.604539990429999841e-01,3.332802843984180585e-01
2.598164081569999673e-01,2.820383524706106537e-01
2.464921027420000077e-01,2.594037807675600993e-01
2.179778963329999930e-01,2.591783657496112836e-01
2.073534131049999674e-01,2.551383993457839727e-01
2.050486057999999778e-01,2.085016398517816338e-01
2.097736448049999924e-01,1.969090515643312778e-01
2.061820030209999821e-01,2.038114583626235432e-01
1.972219944000000447e-01,2.142937862304598595e-01
1.988296955820000045e-01,2.155664096161210574e-01
2.057753950360000361e-01,2.047938715290294198e-01
2.033157944680000218e-01,1.968701605894331297e-01
1.759992837910000218e-01,2.065197580396203048e-01
2.031327337029999736e-01,2.051581861653765104e-01
2.274394929410000210e-01,1.761424480881443877e-01
2.340615987779999796e-01,1.985671194078030000e-01
2.466137260199999792e-01,2.408317204069174156e-01
2.308412343259999833e-01,2.450729983010139501e-01
2.145392149689999972e-01,2.542316356673523514e-01
1.903560012579999794e-01,2.337706446751879885e-01
2.080181986090000046e-01,2.174135835531734728e-01
2.246207594869999991e-01,1.960743279856720922e-01
2.103735655550000305e-01,2.107842758156531771e-01
1.986407041550000141e-01,2.363422564955592331e-01
1.817755550150000066e-01,2.212372584813396270e-01
1.930263042450000022e-01,2.004730182266028227e-01
1.930966228249999805e-01,1.809614223669482325e-01
1.897509992120000044e-01,1.921811787890871370e-01
1.693823039529999963e-01,1.947860230039389351e-01
1.858561486009999986e-01,1.936235764959639838e-01
1.774827986960000048e-01,1.646479919893208133e-01
1.667204946280000100e-01,1.736098518084696063e-01
1.615741997959999898e-01,1.708625870464332286e-01
1.936000734570000048e-01,1.563045400093705239e-01
2.084788978100000079e-01,1.472082180102700366e-01
2.083924710750000298e-01,1.857645301012900707e-01
1.912561953069999710e-01,2.154546543723818153e-01
1.796658039089999992e-01,2.178879191335950927e-01
1.821167021990000301e-01,1.924789730923931463e-01
2.010916024449999895e-01,1.722913026218344523e-01
1.848223060370000059e-01,1.762954636043825574e-01
1.947717964649999800e-01,2.020511860405211357e-01
1.730353981260000229e-01,1.839898714658663448e-01
1.828583031890000099e-01,1.894933878728249366e-01
1.498861461880000023e-01,1.677577264375619270e-01
1.527018994090000026e-01,1.739394372929786159e-01
1.779081076379999959e-01,1.418982306738533761e-01
1.696159988640000005e-01,1.338721753302192508e-01
1.754582375290000273e-01,1.669947848921410627e-01
1.580465734000000011e-01,1.646813401977516300e-01
1.843986064199999997e-01,1.686803479997039390e-01
1.731242984530000084e-01,1.476698706319018728e-01
1.698645055290000094e-01,1.721055829788045999e-01
2.204860746860000387e-01,1.666933661060286120e-01
2.881226837640000205e-01,1.613456848446224723e-01
2.816658914090000021e-01,2.256654231900248886e-01
2.804358899590000398e-01,3.182630237587280031e-01
3.555045723920000067e-01,3.422409999474824160e-01
3.446882963180000203e-01,3.261115121731308908e-01
3.495651185509999759e-01,3.601946475277222892e-01
3.308182954789999908e-01,3.980818916194124868e-01
2.400473654270000312e-01,2.971112471676675693e-01
1.951503008599999867e-01,3.081342151298602783e-01
1.843069046739999883e-01,2.444971032654665033e-01
1.784625351430000062e-01,1.940883813589571738e-01
1.679867953059999974e-01,1.792561823990782011e-01
1.683609932660000141e-01,1.742551190329603150e-01
2.073428332810000052e-01,1.602166012108580395e-01
3.081569075580000150e-01,1.555163669940147764e-01
3.016481101509999596e-01,1.850012776684255289e-01
3.267253041270000158e-01,2.862786591502416433e-01
2.592641115190000289e-01,2.813026882275682650e-01
2.114182710650000241e-01,3.039298854219507628e-01
2.050412595270000027e-01,2.752667660044861297e-01
2.347255051140000048e-01,2.194900493736153813e-01
2.621370851990000306e-01,2.099661799600460732e-01
2.531891763210000201e-01,2.260395351169488254e-01
2.543610632420000295e-01,2.576170194799732305e-01
2.207816988229999999e-01,2.419514972432767197e-01
2.424586564300000302e-01,2.522705823205548259e-01
2.450377047060000035e-01,2.322189470507887155e-01
2.463154047729999852e-01,2.384583535980855096e-01
2.298433184620000125e-01,2.537173050816645126e-01
2.683678865429999782e-01,2.532817612730314250e-01
2.317014038559999656e-01,2.534219965437390365e-01
2.536134123800000140e-01,2.895502376142543577e-01
2.278259247540000143e-01,2.620272043435988296e-01
2.511056959629999752e-01,2.534690300920771078e-01
2.406570017340000089e-01,2.431458641152930145e-01
2.355776131150000285e-01,2.550104245879926679e-01
2.084955275060000057e-01,2.442626347559633537e-01
2.014831006530000135e-01,2.408594165444589430e-01
2.134985029700000314e-01,2.190504536422105131e-01
1.968656927350000141e-01,2.066761081140304490e-01
1.748276948930000407e-01,2.174822304350553237e-01
1.675257831810000042e-01,2.073108503036271977e-01
1.819289028640000139e-01,1.678296930318343705e-01
2.163158357140000099e-01,1.578412417895715958e-01
1.956270039080000300e-01,1.742869542309283815e-01
1.841740161179999946e-01,2.153418991729585674e-01
2.603065371509999948e-01,1.902257500286123892e-01
2.706716060640000365e-01,1.622042603461848198e-01
2.765875160690000056e-01,2.442998099835624048e-01
3.321622908119999940e-01,2.961212133984688633e-01
3.372164070610000342e-01,2.997115647106450842e-01
3.424106836320000014e-01,3.630706485549450302e-01
3.502804040910000305e-01,4.207714834129779313e-01
3.334882259370000046e-01,3.934235684534085342e-01
3.048415184020000224e-01,3.966750145074642298e-01
2.241699099539999906e-01,3.652995921898936071e-01
2.231916040179999783e-01,3.296608127636003749e-01
2.127934992309999940e-01,2.484768181659193220e-01
2.555466890340000186e-01,2.285596038522915152e-01
2.643494009969999947e-01,2.208013380937402237e-01
2.531680464739999858e-01,2.590227494152541055e-01
2.339650541540000128e-01,2.888862798065439108e-01
2.333215028050000250e-01,2.776625176908719128e-01
2.242033332589999928e-01,2.498296615197791448e-01
2.012783437970000200e-01,2.455540541158698076e-01
1.966407001020000211e-01,2.349931529865684765e-01
2.178835868840000300e-01,2.008828303320741582e-01
2.213913053269999931e-01,1.863934325480801624e-01
1.959984004500000265e-01,2.101048634427841177e-01
1.992403119800000288e-01,2.219196713000428645e-01
1.625297963619999897e-01,1.835058692957915460e-01
1.901159286500000156e-01,1.809715587558181349e-01
1.898488998409999795e-01,1.429433057159013865e-01
2.000212967400000208e-01,1.671432053958701591e-01
1.874057054520000265e-01,1.743353579317158675e-01
1.881960034370000201e-01,1.908965931578237296e-01
2.220781892539999691e-01,1.855768638591974717e-01
2.257640063759999982e-01,1.805665649978940301e-01
2.163868844509999889e-01,2.151647746683530149e-01
1.905837059019999669e-01,2.363239434680723394e-01
2.389943003649999953e-01,2.228769220918272176e-01
2.126784026619999990e-01,1.841740637810595216e-01
2.203326970339999913e-01,2.237568943079069617e-01
1.995152980090000028e-01,2.078924233963217183e-01
1.767843067650000100e-01,2.088601452959453486e-01
2.036905288699999983e-01,1.966203969703535503e-01
1.890024542810000152e-01,1.593398040762711576e-01
1.914628148079999814e-01,1.871148663871428364e-01
2.303853929040000081e-01,1.863936294934979976e-01
2.602671086789999921e-01,1.800269383002945089e-01
2.651697993279999999e-01,2.236787068441055681e-01
2.410915046930000583e-01,2.659459112597274966e-01
2.030028998850000044e-01,2.783242354524383955e-01
2.060085982080000211e-01,2.452829627881141228e-01
1.778325885530000205e-01,1.943389782911887631e-01
1.719783544540000042e-01,1.938875167659861454e-01
1.757052987809999689e-01,1.609861401353904209e-01
1.694041937590000102e-01,1.496086081434223058e-01
1.635388135910000040e-01,1.585281387217174487e-01
1.943304240699999796e-01,1.540648430741897446e-01
2.042852044110000098e-01,1.450666315220057456e-01
2.030708640810000021e-01,1.815215348676814111e-01
1.812596023079999785e-01,2.025994764542161930e-01
2.182700932030000041e-01,1.977803995789811087e-01
2.186232060190000104e-01,1.731557760039561245e-01
2.044367194179999569e-01,2.087039965090277671e-01
1.787614673380000241e-01,2.232108929956528875e-01
2.417660057539999519e-01,2.072810046757750657e-01
2.367322593929999941e-01,1.741176328289745778e-01
2.201220840219999808e-01,2.377581400896891795e-01
2.190245538950000292e-01,2.567774645548468460e-01
2.470148950820000300e-01,2.210106074537663279e-01
2.227835953240000222e-01,2.205026963841813237e-01
2.453936934469999886e-01,2.538503859487192815e-01
2.456143051390000109e-01,2.335080836173404062e-01
2.149323076009999889e-01,2.359582529724794653e-01
1.782320737840000502e-01,2.535024132033291688e-01
1.983320713039999628e-01,2.226392996694216975e-01
1.837121993299999645e-01,1.720929453982708857e-01
2.150899022819999784e-01,1.886423824802730409e-01
2.187249064449999780e-01,1.744740307006956981e-01
1.953707039359999786e-01,2.057629071440062740e-01
2.260476946829999834e-01,2.258090735380574032e-01
2.273865938190000047e-01,1.965350491149382151e-01
2.131565511230000265e-01,2.171773029532427512e-01
1.765360683200000169e-01,2.298308187151242021e-01
2.150828540329999816e-01,2.150542455887969329e-01
3.349621891979999710e-01,1.734997858482179856e-01
3.160460889339999913e-01,1.959533704333004389e-01
3.057914972309999646e-01,3.127157028372831715e-01
2.454170137640000193e-01,3.072712426415102338e-01
2.043210864070000021e-01,2.779193271505062679e-01
2.795807123180000242e-01,2.394567860027893569e-01
2.639636099339999764e-01,2.009518606939534047e-01
2.800608277320000283e-01,2.711763177352092269e-01
2.840686142440000395e-01,2.841091430782201610e-01
2.698352336879999980e-01,2.571548799800656981e-01
2.565046846869999952e-01,2.720880140861886010e-01
1.737418919799999795e-01,2.537646793098339848e-01
1.598615348340000075e-01,2.531169944235672764e-01
1.806169450279999644e-01,1.771313071831564223e-01
1.780257374049999952e-01,1.449837945064059164e-01
1.924792230129999948e-01,1.699625116195309649e-01
1.990472823380000089e-01,1.710171368440979167e-01
1.957502663139999710e-01,1.845690807794474475e-01
1.883261650800000242e-01,1.997752266362444740e-01
1.797540038819999686e-01,2.040525563468580106e-01
1.916811913249999999e-01,1.964089187358733224e-01
2.141620814799999883e-01,1.753210352408881567e-01
2.216559946539999881e-01,1.818335387055607932e-01
2.209348082539999703e-01,2.087904976280373082e-01
2.184751033780000240e-01,2.197957733226255095e-01
2.180604040619999739e-01,2.253623814607669251e-01
2.504481077190000016e-01,2.331967091226270772e-01
2.412912994619999807e-01,2.375183358948629309e-01
2.391991466279999590e-01,2.615130880903063781e-01
2.296963632110000098e-01,2.640183123114306918e-01
2.403284162280000247e-01,2.437816589715535720e-01
2.240518331529999796e-01,2.349247791604685554e-01
2.023217231040000119e-01,2.334230726361329611e-01
2.082566022870000200e-01,2.289527972360818064e-01
2.085203975440000079e-01,2.035475481158907918e-01
1.949775964020000196e-01,2.101523933917251175e-01
1.989800930020000080e-01,2.120494515659021584e-01
1.869141757489999889e-01,1.881951212647079152e-01
1.943044960499999974e-01,1.821152781804793452e-01
2.154057025910000034e-01,1.761996547388555434e-01
2.246519029140000012e-01,1.846339271088008882e-01
1.886185854669999717e-01,2.116432978631034578e-01
1.838601976629999635e-01,2.276888845777792492e-01
1.893669962880000224e-01,1.824277039702585090e-01
1.995205432180000016e-01,1.632752539800860769e-01
1.813428401949999658e-01,1.745235417057674765e-01
1.920076012609999994e-01,1.947673996721372147e-01
2.081632465119999942e-01,1.744377036991174301e-01
1.980955004690000132e-01,1.833119601001642895e-01
2.022272646429999765e-01,2.057581180267277765e-01
1.925842463970000029e-01,2.006072488182635838e-01
2.055149674419999850e-01,1.954347831788301182e-01
1.921776980160000148e-01,1.907669864203685450e-01
1.974076032640000034e-01,2.035789238131286150e-01
1.978288739919999983e-01,1.917254556513374175e-01
1.947185993189999853e-01,1.922055154470707627e-01
1.929751932619999943e-01,1.980985090372123780e-01
1.787372082470000123e-01,1.919617845530699474e-01
1.773243993519999784e-01,1.863586832960354156e-01
1.954015046359999785e-01,1.718405634053412900e-01
1.786402463910000127e-01,1.658347179791648529e-01
1.929298043250000094e-01,1.898384275811199617e-01
1.924515962599999963e-01,1.737557866772995729e-01
1.982013732189999711e-01,1.785156996679440611e-01
2.029816657299999549e-01,1.845804033086282381e-01
2.076473981139999869e-01,1.921261835474985524e-01
1.996106952430000137e-01,1.983551222084234122e-01
1.837998628619999797e-01,2.005644269774950750e-01
3.492729067800000586e-01,2.008205561824444596e-01
3.385715782639999727e-01,1.733116100463408527e-01
3.246645033359999988e-01,3.212786960359031996e-01
2.590272426610000234e-01,3.739071568230186160e-01
2.013491839169999909e-01,3.363425716355393780e-01
2.125197052959999777e-01,2.886648826805800483e-01
2.082609981300000135e-01,2.204334041282662304e-01
2.026299685240000037e-01,2.241005312378508973e-01
1.967180371280000117e-01,2.139083812260258732e-01
1.891978979110000014e-01,2.042324142028154599e-01
1.683970987799999763e-01,1.942202737619237451e-01
1.529303938150000097e-01,1.866628687823021493e-01
1.571273952720000089e-01,1.613160062738451805e-01
1.925273537640000143e-01,1.367614705785438478e-01
2.034381031989999922e-01,1.391598229178409307e-01
1.979987621310000112e-01,1.861318937669721174e-01
1.713397651909999986e-01,2.112017871919524836e-01
1.605434864760000024e-01,2.005424371571336850e-01
1.448902040719999840e-01,1.672201344790196220e-01
1.455924957989999935e-01,1.491271938148454601e-01
1.324006021019999979e-01,1.261380226473091670e-01
1.147388964889999863e-01,1.217790235455718101e-01
1.390763670209999858e-01,1.120427300782138036e-01
1.773481071000000131e-01,8.778138697839071858e-02
1.872349977490000150e-01,1.098573012410468258e-01
1.716542839999999903e-01,1.621793280676743498e-01
1.901565045120000019e-01,1.852308591865420573e-01
2.085365056989999799e-01,1.701229833468674291e-01
2.105930447580000031e-01,1.800753165472915585e-01
2.011387944220000001e-01,2.094172478297669504e-01
1.981692165139999906e-01,2.138473291216879679e-01
1.862777769570000130e-01,2.070424334627943841e-01
2.313299924139999852e-01,2.054379110195015123e-01
2.665236890320000218e-01,2.025672366991553563e-01
2.672828137869999732e-01,2.402578280343834471e-01
2.530894875529999810e-01,2.917539053579580877e-01
2.939947843549999829e-01,2.782645048936169818e-01
2.766048014160000235e-01,2.647682450603549564e-01
2.432340085509999972e-01,3.016285390115068243e-01
2.223459333180000108e-01,2.956005341692231614e-01
2.186183035370000138e-01,2.500409948593056986e-01
2.029476463789999796e-01,2.241221691455481391e-01
1.907453686000000204e-01,2.266411696305833667e-01
1.951031982900000294e-01,2.090729649728222395e-01
2.226422727109999833e-01,1.916028613371288936e-01
2.252217978240000085e-01,1.986030719341534412e-01
2.214518934490000146e-01,2.320230380567671891e-01
2.066775113340000025e-01,2.466248959459675649e-01
2.097374200819999979e-01,2.361995028740992431e-01
2.612883150579999869e-01,2.195360157739073281e-01
2.342368513349999681e-01,2.131391494067265968e-01
2.237651944159999851e-01,2.689348080470604363e-01
2.170636057850000022e-01,2.577805431123131874e-01
2.301114946599999433e-01,2.257270472804532302e-01
2.086910158400000215e-01,2.250915055256809683e-01
2.047397941349999584e-01,2.449945409106645822e-01
2.222295254470000037e-01,2.205974756380343349e-01
2.279004752640000075e-01,2.006753905651239844e-01
2.129457294940000078e-01,2.211011084257920034e-01
1.926552951340000375e-01,2.321410430854291274e-01
1.835393011569999844e-01,2.266607700011706306e-01
1.722192019220000203e-01,1.982825085456579595e-01
1.875299960370000463e-01,1.815970185099285428e-01
1.739563494920000064e-01,1.675590148247614597e-01
1.938352584840000170e-01,1.841434354797762130e-01
1.973450034860000091e-01,1.708224044793053287e-01
1.942632943389999978e-01,1.870867809832540418e-01
2.034828513860000021e-01,1.968607902513339336e-01
1.873460412029999966e-01,1.898289692239847060e-01
2.008862048390000210e-01,2.023935488776958114e-01
1.905569285150000014e-01,1.849120279410119416e-01
1.927679926160000001e-01,1.901537680054547486e-01
1.832018047569999863e-01,1.879554093316428698e-01
2.027056962250000094e-01,1.924550905051834460e-01
1.902956068519999766e-01,1.794997110468066481e-01
1.815531253809999912e-01,1.930828327133830569e-01
1.891089975829999548e-01,1.852351124005955085e-01
1.840091049670000145e-01,1.763948285820175765e-01
1.819614022970000022e-01,1.895792329759427020e-01
1.854998767380000024e-01,1.855288223198906516e-01
2.226949036120000058e-01,1.809561656187990419e-01
2.071253955359999843e-01,1.826171072150001295e-01
2.009170949460000188e-01,2.251155989985205719e-01
1.885115951299999870e-01,2.178954617392430682e-01
1.943915784359999954e-01,2.003121795077859313e-01
1.774574071170000045e-01,1.861072907498022011e-01
1.960569024089999779e-01,1.863919493063040389e-01
1.895107030869999931e-01,1.673802571526876726e-01
2.074400931600000053e-01,1.846698365623521965e-01
2.042641043660000100e-01,1.866416662268834126e-01
2.000678032640000048e-01,2.000629754109569114e-01
1.733694821599999769e-01,2.003565566657652952e-01
1.849348992109999812e-01,1.958958237278547454e-01
1.688267737630000098e-01,1.692588880291318043e-01
1.914010494949999752e-01,1.812657981730692036e-01
1.822085529569999751e-01,1.645857763642683269e-01
2.055577039720000165e-01,1.819173714168803857e-01
2.419840693470000081e-01,1.781937445259514918e-01
2.256706357000000107e-01,1.951270912938229685e-01
2.096177935600000153e-01,2.415346390162881607e-01
1.874290108680000400e-01,2.250142077265318563e-01
1.834661066530000328e-01,2.087948279881529923e-01
1.931275576349999745e-01,1.888022122714819173e-01
1.979932039979999947e-01,1.839571091157248817e-01
1.810770928860000184e-01,1.910573691381146355e-01
4.031366109849999768e-01,2.001389590139099339e-01
4.604647159579999816e-01,1.602326528737586242e-01
5.008617043499999921e-01,3.137863018173945862e-01
4.378605186940000005e-01,4.184859425387802423e-01
2.561259269710000064e-01,3.814283381272752238e-01
2.273572981360000023e-01,4.011426525473814619e-01
2.201671004300000123e-01,2.692308681292119310e-01
1.984222531320000149e-01,2.211878947295096431e-01
1.943005025389999973e-01,2.029800172814312520e-01
1.805235445499999702e-01,1.869113012148375108e-01
1.998776346449999686e-01,1.884604499034962799e-01
2.088513970380000140e-01,1.764162214009423191e-01
2.052325755359999948e-01,1.883209700778807338e-01
2.000157982109999899e-01,2.057197905510491087e-01
1.864733994009999674e-01,2.000943374548939668e-01
1.736753731969999937e-01,1.967346073813851515e-01
1.885808259249999730e-01,1.814578334224602740e-01
1.996680051089999852e-01,1.650415126984954295e-01
2.059511989359999740e-01,1.806792366232872760e-01
1.754488945010000134e-01,1.979362360590062320e-01
2.038332223890000072e-01,2.076113667392321394e-01
2.094203978779999864e-01,1.751094160772833919e-01
1.958734989169999829e-01,1.958688727963117937e-01
1.724482625719999940e-01,2.157556378855722823e-01
1.776420623059999926e-01,2.001391890401642282e-01
1.713635921480000102e-01,1.701363044873616670e-01
1.787484437230000278e-01,1.699631079834818537e-01
1.702087521550000038e-01,1.634060753481941242e-01
1.913181245330000113e-01,1.696792862502276844e-01
1.938814073799999815e-01,1.629289476177110674e-01
2.021497935060000140e-01,1.821817217271622102e-01
1.973596364259999902e-01,1.908752618132438794e-01
1.818598955869999978e-01,2.005718566037981432e-01
1.518772840500000054e-01,2.004254485252765783e-01
1.797889769079999700e-01,1.790262284570856566e-01
1.766516566280000311e-01,1.320190090541068506e-01
2.190984636549999920e-01,1.560380084642627452e-01
2.368807047610000382e-01,1.595312621823326560e-01
2.723162174219999621e-01,2.104621342641357640e-01
2.842651307580000286e-01,2.646040415221593278e-01
3.610217571259999314e-01,2.985833212435379802e-01
3.393641114230000477e-01,3.376949634496219099e-01
2.713941931720000311e-01,3.633395136339816478e-01
2.359429746869999844e-01,3.891232062702124073e-01
1.764906942839999937e-01,2.705634316751874824e-01
1.933852136140000177e-01,2.264773676887842369e-01
2.070471495389999417e-01,1.728353888833301932e-01
2.076206952330000022e-01,1.874027642268077665e-01
2.084009945389999896e-01,2.116287040432056621e-01
2.094228416680000149e-01,2.125363820401323933e-01
1.959958970549999790e-01,2.056299613968970985e-01
2.029076218609999760e-01,2.028733672725025750e-01
1.715861856940000263e-01,1.856720457187066575e-01
1.853289008139999972e-01,1.938388119871715942e-01
1.865625381469999955e-01,1.673254082572405987e-01
1.824795007709999750e-01,1.757987842485591590e-01
1.865475177760000103e-01,1.828930964529137670e-01
1.910450011489999711e-01,1.779476806875184280e-01
1.947984993460000203e-01,1.815315408908130534e-01
1.942836940290000036e-01,1.887480317501695759e-01
1.823579072949999824e-01,1.916876900815160933e-01
1.863520592450000068e-01,1.920860980676327434e-01
2.122309356929999724e-01,1.742300531645082917e-01
2.061766982079999977e-01,1.708241485716894825e-01
2.002694308759999930e-01,2.027220693284704778e-01
2.036442905660000025e-01,2.032800512636700752e-01
2.041575908660000216e-01,1.991438859935908412e-01
2.072980999949999847e-01,2.038513738662329766e-01
1.624802798030000051e-01,2.043177996936711149e-01
2.047239691019999974e-01,2.079263370660441312e-01
1.887350976469999997e-01,1.566078059916800047e-01
1.948221027850000064e-01,1.913931748184587445e-01
1.866550594570000055e-01,1.868372694264853473e-01
2.063589692120000041e-01,1.832070652715429571e-01
1.990336924790000184e-01,1.832663206589578986e-01
1.980886012320000056e-01,2.046629976913218185e-01
2.041638940570000005e-01,2.053773135130270155e-01
1.967703551049999888e-01,2.021799754908416014e-01
1.815092116589999971e-01,2.122937336669420416e-01
1.704124957319999856e-01,2.014895952761625308e-01
1.662842035290000020e-01,1.773570127523074191e-01
1.620960831640000099e-01,1.629197497832887975e-01
2.050786018369999963e-01,1.579273652264287786e-01
2.152855992319999967e-01,1.513342704762027924e-01
2.119203954940000467e-01,1.973477824166700034e-01
2.017627954479999930e-01,2.179893820707581864e-01
1.966343224050000060e-01,2.027807041096015284e-01
1.994546651839999851e-01,1.980561784291416383e-01
1.848202943799999998e-01,2.003368051007857475e-01
1.885830014939999799e-01,2.046741929927873294e-01
1.749152988199999814e-01,1.853463703782861904e-01
1.777306050059999920e-01,1.849440369034033582e-01
1.724444031720000214e-01,1.737836654320700225e-01
1.696542352440000012e-01,1.694359515859168441e-01
1.860917955640000176e-01,1.656850360112731291e-01
1.783816069359999701e-01,1.602331594922292990e-01
1.954015940430000042e-01,1.805924767602685999e-01
1.979020982979999843e-01,1.767139909427231925e-01
1.943283975120000118e-01,1.933367518736458235e-01
1.862878054379999981e-01,2.044621801117020854e-01
1.807115972040000129e-01,1.949003096711291738e-01
1.901234537359999810e-01,1.838150921457581966e-01
1.879478991030000268e-01,1.730411645746581795e-01
1.885761320589999790e-01,1.853431729942503492e-01
1.930653005840000103e-01,1.892682773470350521e-01
1.887152642009999881e-01,1.863635208373848051e-01
2.012016028170000026e-01,1.907112798500064932e-01
2.029483020310000330e-01,1.817509306176233741e-01
1.880519986150000211e-01,1.928205893725406517e-01
1.938583850860000068e-01,1.958735350566773725e-01
1.818363368510000078e-01,1.774019361210096846e-01
1.934503465890000384e-01,1.869033308452092979e-01
1.825065016750000157e-01,1.792411739485105238e-01
1.718572974210000048e-01,1.853196436764615596e-01
1.888858973980000189e-01,1.811503455023070197e-01
1.934519559140000233e-01,1.626147764970648502e-01
2.148046046500000361e-01,1.813750744992136121e-01
1.987380981450000417e-01,1.899511726235809661e-01
2.087343037130000023e-01,2.119831152070638935e-01
1.829220354560000261e-01,1.973579914467859797e-01
1.861628442999999911e-01,2.053853516731299622e-01
1.987580806019999813e-01,1.837650461519602374e-01
2.008325010539999955e-01,1.769170691788576888e-01
1.991298943760000106e-01,1.930925916890178229e-01
1.789479851720000014e-01,2.026887812785334031e-01
1.960126012559999797e-01,2.009403362810290583e-01
1.769941002129999941e-01,1.820599575580472140e-01
1.811666339639999845e-01,1.960066203950507624e-01
2.170765548939999900e-01,1.829086035618262551e-01
2.228865027430000090e-01,1.684780097500129525e-01
1.981754004959999926e-01,2.068609205123032591e-01
1.650676876309999930e-01,2.189818050714279762e-01
1.990987807510000429e-01,2.037018015322678843e-01
1.952784955500000141e-01,1.596583570789133488e-01
1.885309964419999984e-01,1.920455298799074173e-01
1.826629936699999956e-01,1.998694106270388349e-01
2.290190458300000176e-01,1.907810466210035916e-01
2.735207974910000006e-01,1.823263558266344231e-01
2.842034697529999820e-01,2.123471761339644492e-01
2.687470018859999810e-01,2.581423078962284956e-01
2.419617027039999979e-01,2.623511377006231826e-01
2.585682272909999857e-01,2.622013207057776185e-01
2.487231940029999977e-01,2.403224302531370982e-01
2.237731963400000357e-01,2.499226493869763366e-01
2.095130234959999838e-01,2.505966995874129855e-01
1.998770385979999897e-01,2.101726461990763017e-01
2.012569010259999958e-01,2.013791191257287561e-01
2.061658948660000101e-01,2.013903779142808270e-01
1.921332776550000176e-01,2.065506227753221569e-01
1.658605039119999958e-01,2.078204515906427463e-01
1.724504977459999921e-01,1.979374946714153038e-01
1.866747587920000173e-01,1.624644656989624181e-01
1.559437066319999954e-01,1.669607747486166749e-01
1.450039297340000033e-01,1.895638813140452239e-01
1.372807174919999929e-01,1.525855022824935681e-01
1.404531002040000087e-01,1.191548425830569191e-01
1.343677937979999848e-01,1.112181387365709373e-01
1.512558013200000218e-01,1.176914472550687485e-01
1.571162044999999952e-01,1.085461009044767777e-01
1.624787002799999991e-01,1.281798824568569362e-01
1.773491054770000019e-01,1.423466932364803594e-01
1.815999448299999985e-01,1.495122899315855791e-01
1.852913051839999992e-01,1.699419813008833102e-01
1.884922981259999908e-01,1.825248657048685053e-01
1.918683052059999838e-01,1.827960309774493974e-01
2.261683344839999776e-01,1.840078553135275352e-01
2.014196962120000101e-01,1.851537005402547342e-01
1.973526030779999829e-01,2.252339657155626729e-01
1.941564679150000194e-01,2.025542327953173405e-01
2.078395932910000188e-01,1.906745420610070907e-01
1.838871985670000042e-01,1.920143186429444648e-01
2.030725032089999993e-01,2.086939877514466801e-01
1.920516937969999893e-01,1.830547946934323045e-01
1.887007951740000411e-01,1.965270726057625206e-01
1.887437999249999832e-01,1.959635075346577993e-01
1.873788982629999988e-01,1.870193377676071245e-01
1.891151070590000038e-01,1.902727321708938546e-01
1.895716041330000323e-01,1.918285184332025328e-01
1.892361938949999878e-01,1.888187949736337135e-01
1.986678987739999847e-01,1.938153829927434790e-01
2.600212097169999903e-01,1.928351755396938427e-01
2.536996603009999962e-01,1.996682088512354014e-01
2.486595213409999727e-01,2.568172107922391256e-01
2.238901853559999988e-01,2.606627693171866267e-01
1.916601955889999931e-01,2.338146677895915071e-01
1.912304460999999789e-01,2.223168728041990394e-01
2.217618972060000082e-01,1.959001692353351809e-01
2.349424958230000027e-01,1.939031422591666887e-01
2.342955172060000035e-01,2.270174825168732313e-01
2.245461940769999942e-01,2.562194685025865337e-01
2.107733041050000034e-01,2.549627510833574751e-01
2.195045053959999715e-01,2.470099611232491887e-01
1.867112517360000057e-01,2.203038229610952137e-01
1.782344579700000098e-01,2.231732304835313263e-01
1.810989975930000218e-01,1.983919835584177782e-01
1.992904990909999952e-01,1.737417565407018416e-01
2.188781946900000275e-01,1.735896813935161043e-01
3.330821096900000167e-01,1.961652781022084069e-01
2.986789345740000212e-01,2.344359425302114386e-01
3.000943064689999829e-01,3.312341776423806672e-01
2.386572659019999820e-01,3.615784227599541656e-01
2.014694958929999502e-01,2.909170274425171843e-01
2.121156007049999903e-01,2.532610127985274184e-01
2.050123065709999748e-01,2.076989255777575982e-01
1.987702995540000239e-01,2.207960020560741365e-01
1.788948029280000296e-01,2.110318592882518829e-01
2.083670347930000055e-01,1.966527733927640742e-01
2.080235034229999946e-01,1.704460297474436337e-01
1.859974563120000146e-01,2.051573198253869579e-01
2.174742072819999816e-01,2.210220076808983580e-01
2.246447950599999854e-01,1.906356056758687634e-01
2.117234021429999780e-01,2.147679822469872879e-01
2.041544467209999714e-01,2.365883589696176625e-01
2.146971523759999834e-01,2.135507615835313122e-01
2.150782048699999838e-01,2.085248490299263791e-01
2.338068932289999735e-01,2.284675940394011451e-01
3.202091157440000169e-01,2.350505700605448334e-01
3.246116042139999824e-01,2.514852425941756509e-01
3.107064068320000150e-01,3.405100210011096640e-01
3.095698356630000037e-01,3.817412353347247600e-01
2.792485058309999713e-01,3.361695368365346659e-01
2.426900416609999722e-01,3.331597925015770123e-01
2.526278495789999745e-01,3.324654412604957088e-01
2.839281857009999799e-01,2.898184154067202645e-01
2.947731912139999744e-01,2.744877591241949855e-01
2.706804275510000246e-01,3.171531044447311598e-01
2.213104963300000227e-01,3.387127746638686210e-01
2.309004068370000273e-01,3.149059501618502455e-01
2.387782931329999747e-01,2.353334601900636813e-01
2.419604510069999770e-01,2.363740108078125624e-01
2.565485239029999809e-01,2.685144835176302425e-01
2.649432718749999971e-01,2.673247784482165601e-01
2.552419006819999781e-01,2.823234274451319470e-01
2.503576874729999679e-01,2.758159231497785968e-01
2.851879894730000031e-01,2.784305026682466488e-01
3.117785453800000495e-01,2.649868578252405626e-01
2.945955097679999746e-01,3.109546300762850435e-01
3.066652119159999912e-01,3.613090359195832435e-01
2.395841330290000293e-01,3.424107479692171663e-01
1.883951872589999799e-01,3.115320792313659992e-01
1.851434856649999960e-01,2.680512797512305534e-01
2.226487994190000097e-01,1.935141375808789588e-01
2.192545831199999851e-01,1.885550007270616335e-01
2.097330987449999851e-01,2.251294477386887594e-01
1.943479031319999828e-01,2.254240446776302476e-01
1.941306889060000207e-01,2.012558921420037339e-01
2.030006051060000150e-01,1.876183703856373342e-01
1.910956948999999738e-01,1.866466819684451384e-01
1.403214633459999860e-01,1.995505257782622388e-01
1.376174986360000074e-01,1.938625827972492999e-01
1.550265699630000160e-01,1.326829055559886339e-01
2.001304924489999970e-01,1.149397361673364648e-01
1.929156184199999624e-01,1.347274311798564717e-01
1.806230992080000430e-01,1.926226816626755156e-01
1.619705408809999914e-01,1.968942395455915151e-01
1.889210045340000144e-01,1.779341682689200566e-01
1.788192987439999881e-01,1.520865267720811764e-01
1.769654452799999944e-01,1.820512876135573499e-01
1.813704073430000008e-01,1.771363382659080221e-01
2.045527994630000068e-01,1.671858317950325745e-01
2.115447074170000163e-01,1.709225660231574184e-01
2.114014774559999921e-01,1.966460001964886739e-01
1.859614849089999966e-01,2.063643681383449946e-01
1.966694146390000064e-01,2.054495669525367718e-01
1.941680759189999828e-01,1.848460810105578833e-01
1.857832968239999938e-01,1.963539892837912193e-01
