9.743152856830000763e-01,7.747674328383886699e-01
5.654720067979999154e-01,7.794692245105228068e-01
7.307389974590000614e-01,8.228487375839035334e-01
1.074290990829999792e+00,8.256402514379866941e-01
9.521890282630000035e-01,7.977808759993121335e-01
9.879170060160000766e-01,7.871094719000427675e-01
1.011654973029999960e+00,7.752398366102705163e-01
0.000000000000000000e+00,7.917197467836427638e-01
7.643579840659999736e-01,1.510184089786523298e+00
7.788103222849999119e-01,1.472414687003923639e+00
3.306220054629999794e+00,7.675183508024868706e-01
1.055441975589999970e+00,1.833946926613992945e+00
7.543110251430000801e-01,1.816171563287228619e+00
7.915459871289999283e-01,1.594547809858751553e+00
1.409499049189999909e+00,1.493957207783182861e+00
8.875439763070001042e-01,1.289615495023978653e+00
6.401469707490000660e-01,1.004551487950975819e+00
5.082880258560000808e-01,9.302343619402797525e-01
8.640019893649999450e-01,9.068243776963853531e-01
5.725920200349999822e-01,8.341045122958393732e-01
8.469420075419999971e-01,8.333641452906677127e-01
9.181020259860001032e-01,8.339676478242331603e-01
7.976629734039999420e-01,7.642414855612185143e-01
9.608020186419998776e-01,7.546926160342657397e-01
9.555831551549999192e-01,7.618381587317412107e-01
3.470349907879999862e-01,7.646967165734150917e-01
9.546210169789999256e-01,8.968651936000264779e-01
1.293938040730000072e+00,8.939775798212106217e-01
5.251880288119999962e-01,8.618325164458963128e-01
4.773890078070000542e-01,9.058984000594524355e-01
1.275226235389999907e+00,8.843879416701355689e-01
8.723750114439999814e-01,8.989350552237216352e-01
8.355640172959999390e-01,8.392962649509873030e-01
7.321749925609999377e-01,7.458955555560364825e-01
7.640249729160000225e-01,7.775454876018432770e-01
4.072830080990000323e-01,7.852040433890830062e-01
4.752210080619999610e-01,8.720194283869879825e-01
8.781340122220000488e-01,9.151305589731544288e-01
7.414129972460000717e-01,8.573920999484154759e-01
1.258002042770000051e+00,7.885530533147961929e-01
1.069700956339999953e+00,8.513026292034437947e-01
7.274609804150000691e-01,8.575207139238958387e-01
7.892770171170000459e-01,8.109544980647090950e-01
6.237750053410000550e-01,7.756355387134521440e-01
6.914690136910000007e-01,8.048640083259586131e-01
8.557710051540000640e-01,8.200083503127274520e-01
7.093830108640000187e-01,7.935658563247250941e-01
1.014547944070000041e+00,7.798286645429647335e-01
1.115731000900000103e+00,7.914401991026945860e-01
4.182830154900000208e-01,8.281885344090212930e-01
1.002280950550000105e+00,9.011932073761166340e-01
1.218860983849999968e+00,8.842950741408143189e-01
1.143296003339999922e+00,8.435268475972217406e-01
6.528189778330000248e-01,8.565875149551495094e-01
6.746559739110000731e-01,8.424609701589256261e-01
6.009536385540000802e-01,8.151023637318347559e-01
6.694570183749999348e-01,8.374303174619684986e-01
6.538079977039999990e-01,8.373745853975135267e-01
7.814120054240000224e-01,8.111783382106788620e-01
1.206303954120000022e+00,7.952513266452595486e-01
8.469259738919999725e-01,8.286604105939300302e-01
8.286409974099999687e-01,8.248218712661317120e-01
6.482390165329999787e-01,7.574247305095279659e-01
5.623700022700000023e-01,8.080429619076459069e-01
7.183309793469999649e-01,8.532848920034217244e-01
1.099647998810000082e+00,8.474463811983548034e-01
9.541710019110001273e-01,8.340504421633038179e-01
7.290139794350000146e-01,8.319491625641194377e-01
6.694499850270000385e-01,8.422158464996545302e-01
8.631219863889999511e-01,8.372159872822162452e-01
6.464660167689999515e-01,7.955290593852328840e-01
8.223180174830000411e-01,7.964427327513061705e-01
9.235979914669999458e-01,7.936365819379167519e-01
8.300920128820000743e-01,7.576411659136709220e-01
1.067314028740000031e+00,7.653839730855082069e-01
1.546175003050000107e+00,8.039542919273444666e-01
6.827279925350000500e-01,9.716922610928107051e-01
6.385620236399999206e-01,9.931907697470676588e-01
6.464239954950000699e-01,8.754102890472134080e-01
6.881093978879999629e-01,8.467424601646261761e-01
7.273989915849999877e-01,8.231135506154756420e-01
6.500350236890000133e-01,8.074503648493384089e-01
8.693690299990000092e-01,8.094751688897996456e-01
4.408580064769999640e-01,7.983805244143685753e-01
4.518609941010000020e-01,8.586369861138873905e-01
7.575070261959999662e-01,9.118614127954103310e-01
4.952389895920000229e-01,8.637308655940455493e-01
6.850870251659999521e-01,8.424236350379544769e-01
7.243813276289999825e-01,8.500187730149585397e-01
8.653740286830000628e-01,8.135789688059337221e-01
7.400469779970000328e-01,7.965408707582043446e-01
8.070759773250000269e-01,7.815979601161785473e-01
8.204330205920000729e-01,7.840371082363321031e-01
1.114411950110000049e+00,7.565004803683321732e-01
1.108605027200000093e+00,7.946224318512421503e-01
4.751499891279999943e-01,8.288275247625770392e-01
1.039268016820000140e+00,8.762106046490834022e-01
9.457899928090000019e-01,8.594011921943296439e-01
7.877500057220000462e-01,7.900441007685800043e-01
3.504549860949999762e-01,7.680215227314381998e-01
9.367713332179998797e-01,8.864453730447778845e-01
9.868059754369999936e-01,8.864686697533405990e-01
6.470239758489999549e-01,7.953571403747202728e-01
1.029777050020000084e+00,8.250541234681338931e-01
1.187446951870000156e+00,8.257390752522490995e-01
9.328820109369999614e-01,8.604353303488728733e-01
7.528370022769999004e-01,8.955522527206800643e-01
6.420040130619999452e-01,8.799970300748726215e-01
2.307340055699999837e-01,8.437984510920395476e-01
4.714997112749998998e-01,9.972100057217202496e-01
8.772729635240000823e-01,9.950145076287362222e-01
7.876309752460000091e-01,8.944477370760058887e-01
2.742219865320000283e-01,8.135882951524491258e-01
3.992269933219999567e-01,9.354582009469981640e-01
9.923512339589999343e-01,9.623879584575529833e-01
7.627239823340000724e-01,8.748227754579032123e-01
7.200859785079999353e-01,7.886502964499070290e-01
6.264780163759999798e-01,7.920723666444126065e-01
7.269890308380000388e-01,8.185862113930106876e-01
9.301019906999999920e-01,8.136686742301656450e-01
6.872699856759999504e-01,7.780802530951362872e-01
8.662552833559999943e-01,7.911066787080835994e-01
8.352038264269999734e-01,7.888963871087647517e-01
9.402499794959999768e-01,7.552046241428398421e-01
1.023357987399999836e+00,7.884649231802250968e-01
7.322629690170000538e-01,8.152968975637883142e-01
9.300749897960000068e-01,8.099787428488528507e-01
8.702930212019999168e-01,7.663884624267119916e-01
5.104020237919999481e-01,7.947175751493066320e-01
1.025817990299999982e+00,8.581680011576369171e-01
4.551239907739999535e-01,8.396445730658361750e-01
7.345349788670000324e-01,8.770802996760442838e-01
7.012919783589999234e-01,8.700485492947473976e-01
1.014386057849999911e+00,8.027785438525714135e-01
1.123770236970000225e+00,7.942156571804143139e-01
4.825370013710000294e-01,8.034041932586739598e-01
4.689320027830000681e-01,8.707714587152536323e-01
8.755196928980000237e-01,8.941438854436460915e-01
1.145424962039999883e+00,8.440608678341136040e-01
1.943787455560000099e+00,8.085831152616599349e-01
1.557039022450000143e+00,1.067069753555880185e+00
2.104775905609999942e+00,1.165845417283873475e+00
1.062240004540000005e+00,1.262266664370989666e+00
7.867829799650000178e-01,1.221888971606074570e+00
2.247971057890000068e+00,9.201160750769178387e-01
5.664669871329999218e-01,1.251312421916629170e+00
8.389729857439999217e-01,1.277035276421933263e+00
3.188189864160000386e-01,1.114498434717303699e+00
6.386680006980000046e-01,1.108104332978397499e+00
7.540266513819999794e-01,9.433705267442114017e-01
1.085826039310000102e+00,8.232549300137541604e-01
6.014299988750000381e-01,8.179546729263570404e-01
6.923220157619999204e-01,8.306870239206314288e-01
8.782439827919999997e-01,8.201014826284652726e-01
1.279224038119999962e+00,7.778767814173579431e-01
7.251669764520000117e-01,8.498170334823894612e-01
4.283109903339999969e-01,8.612189866976205366e-01
7.012249827380000466e-01,8.761486544636294393e-01
8.846225738529999161e-01,8.769427003297998180e-01
7.809653878210001121e-01,8.015276411497258557e-01
9.259700179100002204e-01,7.602913282712387977e-01
9.178640246389998536e-01,8.082518972280090530e-01
9.073020219799998731e-01,8.310966239021299051e-01
4.099450111390000040e-01,8.045859190253108473e-01
8.741459846500000408e-01,9.089218285095983507e-01
1.231343984599999830e+00,8.960814135429263638e-01
7.683960199359999299e-01,8.267763113683541665e-01
9.357339143750000865e-01,8.314985197577098308e-01
7.523270249369999885e-01,7.580675438087918216e-01
6.247839927670000293e-01,7.679233515377547059e-01
1.977947235109999591e+00,8.073108839195357600e-01
2.476479291920000048e+00,1.117383822123006132e+00
6.822599768639999729e-01,1.558497513274070823e+00
1.294077992440000102e+00,1.583991435059110886e+00
2.116506099700000032e+00,1.342808699917486859e+00
2.030230045320000176e+00,1.378496928459416848e+00
1.727593064309999926e+00,1.411808280502378388e+00
1.321619033810000010e+00,1.385630269315131891e+00
1.114274978639999913e+00,1.279564110792854592e+00
1.618482947350000201e+00,1.103573995693284182e+00
1.102354049679999948e+00,1.011865347582396213e+00
8.501269817350000091e-01,1.003056886578398865e+00
6.531813144679999850e-01,8.712763612630138876e-01
6.168276071549999573e-01,8.287786476637872823e-01
1.023204803470000090e+00,8.241575077511571479e-01
1.176781058310000017e+00,8.109461865156465388e-01
1.108754038809999898e+00,8.616091408595174528e-01
9.838110208509999177e-01,9.025776751371349382e-01
1.829927563669999868e+00,8.756755714606500041e-01
1.342131018639999951e+00,1.031957737761287630e+00
1.265669584270000092e+00,1.154004612317997891e+00
7.930377125740000199e-01,1.166367338398650588e+00
1.030689358710000114e+00,1.106019314305514811e+00
8.210232257839999992e-01,9.465484691420876784e-01
1.099169254300000009e+00,8.455666774981055456e-01
5.255355238910000004e-01,8.339009010983479131e-01
7.758393883709999717e-01,8.708652478090771476e-01
7.209759950640000081e-01,8.345935697569035749e-01
8.666771054269999386e-01,7.910510113494616524e-01
8.462041020389999835e-01,7.827595031261571634e-01
7.614132165909999195e-01,7.616109176877317033e-01
6.587246060370000045e-01,7.693070979796317044e-01
1.078659296040000104e+00,7.978349974471949935e-01
1.281940340999999872e+00,8.103365193393708976e-01
6.600005030629999547e-01,9.121883364844234343e-01
1.112500548360000119e+00,9.854301530963764932e-01
6.280704736709999958e-01,1.014504585303647177e+00
6.864575743680000341e-01,9.755028552085053262e-01
9.000409841539999123e-01,8.617837453406496095e-01
7.342569231990000445e-01,7.998800370836569584e-01
1.011121273039999879e+00,7.691522492202236272e-01
8.827599883079999543e-01,7.832940970951507431e-01
7.521411776540001259e-01,7.730429595864495296e-01
9.489411115650000506e-01,7.730180712843509605e-01
6.799052953720000625e-01,7.710291593250035991e-01
7.211565971369999772e-01,7.879949988154976159e-01
6.504104733470000843e-01,8.020664332213870429e-01
7.167106270790000178e-01,8.139886906078281914e-01
9.056316018100001308e-01,8.211500353787496431e-01
6.526464819910000603e-01,7.844633438237473833e-01
7.056654095649999014e-01,7.964995639526586402e-01
6.581057906149999637e-01,8.174710081282623442e-01
6.592794060709999959e-01,8.189331926113153637e-01
6.634064316750000190e-01,8.200613544831876212e-01
7.808002829549999246e-01,8.229478325338625000e-01
7.565907239910000248e-01,8.068283397306394988e-01
9.280405640600000172e-01,7.822151796388960854e-01
7.073829770089999913e-01,7.733591081523232269e-01
3.888399899009999383e-01,7.774127063953816252e-01
3.422417938710000107e-01,8.857088112167806893e-01
2.337300032380000281e-01,9.540585430160346547e-01
1.459127068520000015e-01,1.021042697570462066e+00
3.949534893039999828e-01,1.078465236721907416e+00
9.678409695629999199e-01,1.047468425046621077e+00
7.839220166210000285e-01,9.168462531762392453e-01
8.333759903910000766e-01,7.816225980463019640e-01
9.723259806630000224e-01,7.528675677961506052e-01
6.905210018160000685e-01,7.537835528705558730e-01
1.345324039460000121e+00,7.857327863989637118e-01
7.227010130879999439e-01,9.484104670575834728e-01
6.804850101469999135e-01,9.698784313204699137e-01
7.610610127449999318e-01,9.108184077556678027e-01
8.075709938999999782e-01,8.463427317700876751e-01
5.886639952659999953e-01,7.674655328869451898e-01
9.960750937460000065e-01,8.159462469252112271e-01
1.045413970949999882e+00,8.153164751030341773e-01
4.713059961800000197e-01,8.000597994550121550e-01
1.047140955920000005e+00,8.676542881901485593e-01
1.126214265820000060e+00,8.589480332774526161e-01
2.560461759570000329e+00,8.198874350334607319e-01
7.747610211370000721e-01,1.604795816891126048e+00
7.172060012819999608e-01,1.679940846008174615e+00
8.005080223080000001e-01,1.563278470132278164e+00
5.680390000339999856e-01,1.466300316067212783e+00
1.195780038829999947e+00,1.240873544525129102e+00
7.970449924470000003e-01,9.140453374449997170e-01
4.899359941480000979e-01,9.031192780358657801e-01
9.918130040170001216e-01,8.902120853980624027e-01
7.445690035819999553e-01,8.500443902286238806e-01
6.096370220180000743e-01,7.896510127097969844e-01
8.565919995309999591e-01,8.200687299332950486e-01
8.144299983980000102e-01,8.116002559359084545e-01
7.605929970739999657e-01,7.489373007773433288e-01
9.157519936560000184e-01,7.667640232606657280e-01
7.421634793279999753e-01,7.652097488427355154e-01
7.329360246660000522e-01,7.745149228211345438e-01
8.745691180230000805e-01,7.871451906082059802e-01
9.644910097120000803e-01,7.647561242127803860e-01
1.477671980859999845e+00,7.604703446144637224e-01
6.752679944040000937e-01,1.123016664530747111e+00
5.030400156970000758e-01,1.200638434552831368e+00
7.066659927370000371e-01,1.126475768706244995e+00
2.968195915220000369e+00,9.970872417506329022e-01
1.255300998690000114e+00,1.510999171573054189e+00
4.084815025330000182e+00,1.486999942858719947e+00
1.692322969440000158e+00,1.948229558126446825e+00
4.121052026750000041e-01,1.928763827840518141e+00
1.035750985149999970e+00,1.363819811296105744e+00
6.408920288089999806e-01,1.203376503050851642e+00
7.065470218660000468e-01,1.107389313230451755e+00
1.060830354689999977e+00,8.246124305170308144e-01
1.880954027180000043e+00,8.131018871781040547e-01
1.886373996729999725e+00,1.070350284269655949e+00
1.328773975370000082e+00,1.194949415019139538e+00
3.931840062139999592e-01,1.137937011841898549e+00
6.382430195809999374e-01,1.034938468271359824e+00
1.045531988140000035e+00,9.173235628188585178e-01
6.588029861449999913e-01,8.243364175485332623e-01
8.046740293499999863e-01,8.045498921289429006e-01
8.740410208700001293e-01,7.888164213893059662e-01
8.532550334930000258e-01,7.493568319774949194e-01
8.952109813689997919e-01,7.460162644210772687e-01
7.301589846610000434e-01,7.391379922983705164e-01
4.149410128589999802e-01,7.709437675556590763e-01
2.700940072540000125e-01,8.830626903378007153e-01
4.911319911480000466e-01,9.907277370718435838e-01
5.079169869420000483e-01,9.806372563749085058e-01
1.224020004270000017e+00,9.072331376951996429e-01
1.267657995220000222e+00,9.630252492305374501e-01
2.633487939829999736e+00,9.568510609998065464e-01
3.999615430829999596e+00,1.447634387659875843e+00
6.651418209080000032e+00,2.023751654465203220e+00
2.102678060530000170e+00,3.147789960646719898e+00
1.283689975739999989e+00,3.125962206716519809e+00
1.291347503659999951e+00,2.774676630426409218e+00
1.353754043579999733e+00,2.633649641005882724e+00
2.390191078189999985e+00,2.306863607640774472e+00
1.461441040039999972e+00,1.816683736488669876e+00
1.599208951000000045e+00,1.434878815114640549e+00
1.471150994300000070e+00,1.285267317552858390e+00
1.298205018039999992e+00,1.210986938167306848e+00
1.579622030259999921e+00,1.085507891902653954e+00
1.360355019570000268e+00,1.079459785694717011e+00
8.036410212519999874e-01,1.076925605120983453e+00
4.276689887049999750e-01,1.040309593991150638e+00
2.694070041180000041e-01,1.033162982169481436e+00
3.897170126439999938e-01,1.015059093289281789e+00
4.179170131680000067e-01,9.835815539923156159e-01
1.546036005019999937e+00,9.382428966259505065e-01
1.017611026760000037e+00,1.017288240495427987e+00
8.653150200839999640e-01,9.390739357134223475e-01
6.194109916690000439e-01,8.225901740561862852e-01
8.454149961469999974e-01,8.264136332689165920e-01
8.048596382139999728e-01,8.072621125413370624e-01
1.435889005660000217e+00,7.498070846886008001e-01
2.565752029420000024e+00,9.017488872366635766e-01
6.206179142000000759e+00,1.316448097777038084e+00
9.309499859810000943e-01,2.934046282331359112e+00
9.077759981159998492e-01,2.868494784252239249e+00
4.609797894950000141e-01,2.083752223723164043e+00
5.264570117000000327e-01,1.973081146104173289e+00
7.942249774930000283e-01,1.570771140392672072e+00
9.704009890560000295e-01,9.669637440278905371e-01
6.695889830590000535e-01,7.696657561315065621e-01
6.997730135920000594e-01,8.033159689803207604e-01
6.903669834139999351e-01,8.172254614118559246e-01
6.361600160600000553e-01,8.094804964185813301e-01
9.726700186730000697e-01,8.177885877129333903e-01
6.393389701839999884e-01,8.178288702727460890e-01
5.123779773709999930e-01,8.115139477875392693e-01
5.699130296709999932e-01,8.526841439672108169e-01
8.318089842800000522e-01,8.688009710295676591e-01
4.694110155110000071e-01,8.261931436682252716e-01
9.054309725759998040e-01,8.525311964927179131e-01
8.482750058169999940e-01,8.568116335530063798e-01
6.566630005839999562e-01,7.586909226882254664e-01
6.324055790899999474e-01,7.997994238984340587e-01
3.268550038340000130e-01,8.386889050885943941e-01
3.047409951689999952e-01,9.250471729487401706e-01
2.159480005499999911e-01,9.864848676002114791e-01
2.148479968310000043e-01,1.032219393290961129e+00
1.512310057880000003e-01,1.056902733851940557e+00
4.153338372709999837e-01,1.073120107603069640e+00
7.344200015070000420e-01,1.034478939860929092e+00
9.913370013240001555e-01,9.085141049924488899e-01
7.910000085830000138e-01,8.073926380299046857e-01
7.429170012469999973e-01,7.728788463444402623e-01
7.426548600200000294e-01,7.792466852741336547e-01
8.799139857289999256e-01,7.898860000439613671e-01
7.376829981800000491e-01,7.742849649812312274e-01
1.240342974660000097e+00,7.655663442474391900e-01
8.343409895899999151e-01,8.605736310306755232e-01
3.054729998110000122e-01,8.696144329466612977e-01
8.929460048680000206e-01,9.295067083852857071e-01
1.285866022110000007e+00,9.002873632599520670e-01
4.146400094030000538e-01,8.529703918653399608e-01
1.090137004850000091e+00,9.282410653172759041e-01
5.923830270769999684e-01,9.486832086362153582e-01
3.773260116580000045e-01,9.064117534583890912e-01
2.693597316740000469e+00,9.318891262696258337e-01
2.288666009900000020e+00,1.472153485866009248e+00
8.955270051960000366e-01,1.629966841962323221e+00
8.070570230480000884e-01,1.614078111111580727e+00
1.194862961769999954e+00,1.496603826981917740e+00
8.929409980770000033e-01,1.332312336821875443e+00
9.776080250740001309e-01,1.086544682814657214e+00
1.832507014270000179e+00,8.640842121213645477e-01
1.403792977329999747e+00,1.071438371873935758e+00
7.223749756810000644e-01,1.118862474346614455e+00
6.599410176280000595e-01,1.009565283187550122e+00
7.407349944109999917e-01,8.753259229588919998e-01
5.553659796709999874e-01,8.165304713462864239e-01
1.236768960949999885e+00,8.373299828620240914e-01
6.214020252229999208e-01,8.963532862410273916e-01
7.108730077739999764e-01,8.723502875639560505e-01
3.064779937269999643e-01,8.212656011292049918e-01
6.473349928859999380e-01,9.235313092826459291e-01
5.458269715310000159e-01,9.241437088327941751e-01
1.024247765539999966e+00,8.624613623118302375e-01
8.176820278170000567e-01,8.404638282165131091e-01
7.440620064740001149e-01,8.400221322200838170e-01
7.367150187490000279e-01,8.751277581546578199e-01
5.768560171130000525e-01,8.507663865047101481e-01
9.152600169180000744e-01,8.673626100039646403e-01
1.137029051779999911e+00,8.492891941478218909e-01
4.960080087179999930e-01,8.097210651109526536e-01
4.941360056399999312e-01,8.823166641274254873e-01
8.834533095360000976e-01,9.158992429446733974e-01
1.271524906160000024e+00,8.875558527955667021e-01
8.864369988439999570e-01,8.493854764905504062e-01
8.988280296330000141e-01,8.751560372025893875e-01
9.049779772759998231e-01,8.714757542871152118e-01
8.299319744109999730e-01,8.504067852295178476e-01
8.756300210950000995e-01,8.017338752465553720e-01
5.502920150760000073e-01,7.514947076834218587e-01
1.073919415470000027e+00,8.311484963523803060e-01
8.491920232770000521e-01,8.451928157027518429e-01
6.393229961399998773e-01,7.957030063942640563e-01
7.995309829709998928e-01,8.087283114829869612e-01
9.646000266079999275e-01,7.959187228812391046e-01
8.413559794430000016e-01,7.771077708997118361e-01
7.011449933050000194e-01,7.845603116726875825e-01
7.240070104600000445e-01,7.925516015483163867e-01
1.010308027270000020e+00,8.018371545834969139e-01
6.538060307499999890e-01,7.951773582106008709e-01
7.932850122450000319e-01,8.037772805365888118e-01
6.538396477699999210e-01,7.980028714859819239e-01
1.160789966579999888e+00,8.126058407478116141e-01
8.085789680480000019e-01,8.446484401243929963e-01
3.743770122530000188e-01,8.083833116225463966e-01
2.556999921800000020e-01,8.900469587679941119e-01
4.893150031570000502e-01,9.937437992970643563e-01
1.151844024660000132e+00,9.789612233264968211e-01
7.372779846189999597e-01,9.105790202307388892e-01
1.088750958439999916e+00,8.146920490644433688e-01
1.975852966309999958e+00,7.968787828651963112e-01
8.547700047490001118e-01,1.122469616403773740e+00
7.977370023729999371e-01,1.165123425837661930e+00
1.052428960799999924e+00,1.047283383194745898e+00
3.179450988770000208e+00,9.873455191769046069e-01
1.797067999840000541e+00,1.589111687467518186e+00
1.056702017779999947e+00,1.605489661734195384e+00
8.751260042189999977e-01,1.260605427489829733e+00
6.645399928090000019e-01,1.087696844697002563e+00
7.571684122089999969e-01,9.696878627875293866e-01
1.368484020229999931e+00,8.045044174765754175e-01
9.052469730380000579e-01,9.052786405559198890e-01
1.032060980800000083e+00,9.441311638274352269e-01
6.141330003739999821e-01,9.471863637668529456e-01
9.733130335809999645e-01,9.255184758898002961e-01
6.452289819719999597e-01,8.270265071543381197e-01
4.894390106200000035e-01,8.117680704191885255e-01
8.408679962160000576e-01,8.744433286486051893e-01
7.771940231319999226e-01,8.593109727003895859e-01
6.755350232119999854e-01,7.812172711208824616e-01
6.592059731480000018e-01,8.024770515728000264e-01
1.084153056139999904e+00,8.229448738619210557e-01
9.314100146290000826e-01,8.256044444197957466e-01
1.359479665760000122e+00,7.864779097077688741e-01
7.633988261220000515e-01,8.884810183302593867e-01
5.357339978220000409e-01,9.078637959519227918e-01
6.781889796259998882e-01,8.612370215438762688e-01
7.839810252189999273e-01,8.428239648138728946e-01
1.169367671010000054e+00,8.025835070584044217e-01
1.015287995340000027e+00,8.213714226432486942e-01
9.259430170060000131e-01,9.002402601539314375e-01
1.319244027140000108e+00,9.243053587385781089e-01
9.717460274700000511e-01,9.585514987106447116e-01
1.176299691200000108e+00,9.517718315707562882e-01
1.714609026910000056e+00,8.816028854278491478e-01
1.307337045669999975e+00,1.050421664276820266e+00
6.186890006069999393e-01,1.096358511289592608e+00
2.298435926440000276e+00,1.003616256564912268e+00
1.808241009709999680e+00,1.397076738680662178e+00
8.794149756429999742e-01,1.450710500352073273e+00
1.570945024490000064e+00,1.316763355845466554e+00
1.578516006470000121e+00,1.139495003753725033e+00
6.200309991839999535e-01,1.100173639009436988e+00
9.928810000419999726e-01,1.029445991007886807e+00
4.551869928839999968e-01,8.946201451502328039e-01
1.017398953439999865e+00,9.163974635302590821e-01
8.378469943999999892e-01,8.616421691824271978e-01
4.884769916529999589e-01,7.698018298150940408e-01
1.246340990070000210e+00,8.528762962914782086e-01
1.209630966189999990e+00,9.175580492465992277e-01
1.252451062200000020e+00,8.907162307469909113e-01
1.519726991650000025e+00,8.981345952168795499e-01
1.063797950739999942e+00,9.689398707025915769e-01
1.571495056150000069e+00,9.514181786589158696e-01
1.278105020519999968e+00,9.956990769686279164e-01
1.192077994349999948e+00,1.043789908169094893e+00
8.304439187050000060e-01,9.906233461208816538e-01
1.402015686039999931e+00,9.115490191006414555e-01
1.156504034999999986e+00,9.225528420762442172e-01
1.162554860120000200e+00,9.872786751891529100e-01
6.007519960399999581e-01,9.985295784602251645e-01
1.253835797310000055e+00,9.666737706184307388e-01
1.791844010349999960e+00,8.964149353753148031e-01
1.734062552449999961e+00,1.099133910941826997e+00
4.939970970150000085e+00,1.198920388052429287e+00
2.394351005549999911e+00,2.420979307659417934e+00
2.212575912479999740e+00,2.430271040563301899e+00
1.886527061460000265e+00,2.197935119986976993e+00
9.343829751010001017e-01,2.097183280266025740e+00
9.099829792979999832e-01,1.762784482729315982e+00
8.112999796870000724e-01,1.005819002649975369e+00
1.049708962440000004e+00,8.155132538626064242e-01
1.351788043980000076e+00,8.485162130701492389e-01
1.277305960659999906e+00,9.251005865994941235e-01
7.854449748989998925e-01,9.977541075779096102e-01
4.846229851250000165e-01,9.819454928131164939e-01
6.676359772680000582e-01,9.165415533938190418e-01
8.322510123249999836e-01,8.628315660388777841e-01
5.959370136259999340e-01,7.914930615242761203e-01
3.410890102390000123e-01,8.182323612420071557e-01
6.860110163689999707e-01,9.204122173445676847e-01
8.153510093690000682e-01,9.115865824337425760e-01
3.985430002210000322e-01,7.925757639702729618e-01
6.998159885410000225e-01,8.844120028145799894e-01
4.263690114019999533e-01,8.913448036356855786e-01
6.866139769550000382e-01,8.724020497275327690e-01
1.826770007609999913e-01,8.728076654624735697e-01
7.018824815749999946e-01,9.903316817811517181e-01
1.796682000159999681e+00,9.783291441336129379e-01
7.204269766809999753e-01,1.316495381940915088e+00
4.680640101429999755e-01,1.373868178174559196e+00
6.408870220180000743e-01,1.341787160210410335e+00
7.520520091060001189e-01,1.232749389036688070e+00
1.001817584040000098e+00,1.052034640795249665e+00
1.660804033279999814e+00,7.801981735853793509e-01
1.450595021250000061e+00,1.000095760961531299e+00
1.085010051729999869e+00,1.044883832365710141e+00
1.099555015560000015e+00,9.588457541232180414e-01
7.694180011750000325e-01,8.956919331218228253e-01
1.254430413249999932e+00,8.637779666862711592e-01
1.496320962910000052e+00,8.710606517795428383e-01
7.186369895940000196e-01,9.980062630123377465e-01
8.902019858359999649e-01,1.027772097493715453e+00
9.891759753229998342e-01,9.704835110526499609e-01
2.849014520649999938e+00,9.087960800775776171e-01
4.281075000759999583e+00,1.446458928211002082e+00
1.248739004139999942e+00,2.196093903389235269e+00
7.096589803699999699e-01,2.142328337066361943e+00
7.497439980509998936e-01,1.468472070214924097e+00
8.907449841500001408e-01,1.292264362941857314e+00
1.469527959819999952e+00,1.060269900828904266e+00
1.608888030049999918e+00,9.081713272055328412e-01
1.043460965159999976e+00,1.343399988463870320e+00
1.184751033780000018e+00,1.453297164189429669e+00
5.063725113870000127e-01,1.413167717195989104e+00
6.946156024930000283e-01,1.311638965825489889e+00
9.299110174179999744e-01,9.870209884839404868e-01
7.754629850390000190e-01,7.969252466119582934e-01
8.564696311949999696e-01,7.610277845544577424e-01
9.269009828569999554e-01,7.538583435136707589e-01
7.506660223010001021e-01,8.073134028427367825e-01
9.248849749570000611e-01,8.308316142475633548e-01
1.070162653919999984e+00,8.382872694865802776e-01
8.752880096439998869e-01,8.716848751411909735e-01
7.511039972310000756e-01,9.139456209964929023e-01
8.627579808239999037e-01,9.351698129417674865e-01
5.096570253369999692e-01,8.970038454340166778e-01
8.495249748229999343e-01,8.760333644511967277e-01
6.711369752879999817e-01,8.298108221575170029e-01
6.132180094720000030e-01,7.842869195596953169e-01
3.810549974440000098e-01,8.320643885329921385e-01
8.710420131680000067e-01,9.058011592861449079e-01
6.540319919589999698e-01,8.735055784050345107e-01
9.089673757550000843e-01,7.902208484934963861e-01
9.709029793739999414e-01,7.902772364056035448e-01
9.856920242309999969e-01,8.090011137896594429e-01
1.356256246570000101e+00,8.674275309585305349e-01
1.309872984889999925e+00,9.685527368051702890e-01
6.344919800760000506e-01,1.054851262042058480e+00
5.933508276940000492e-01,1.059671363668900357e+00
8.796380162239999523e-01,9.848226262716003321e-01
1.131836414339999930e+00,8.892661372385565199e-01
1.841274023059999987e+00,8.196253956165082677e-01
2.261745929719999992e+00,1.083027204682222466e+00
2.597975969309999744e+00,1.317398391216665132e+00
2.399192094800000064e+00,1.491828736108660847e+00
1.982298016549999931e+00,1.539890125585967606e+00
2.269547939300000206e+00,1.451709185055793716e+00
2.017889976500000238e+00,1.409755752012300745e+00
1.452262043950000026e+00,1.437028939164593400e+00
1.342797994609999934e+00,1.420115369193056809e+00
1.311915040020000145e+00,1.383669982675215016e+00
1.276762008670000226e+00,1.299654182797379764e+00
1.275267004970000118e+00,1.151256711292111046e+00
1.210446000100000141e+00,1.021750149944777641e+00
8.153480291369999966e-01,9.769878910444863562e-01
7.271119952200000291e-01,9.182353885254629366e-01
6.043019890790000126e-01,8.655829903430247718e-01
9.830358624459998307e-01,8.457155934301018307e-01
1.101529002189999940e+00,8.202789472413505312e-01
1.183724999429999869e+00,8.993857744448744418e-01
4.356400072569999726e-01,9.561916353042911876e-01
3.270040154459999959e-01,9.605439297744640115e-01
8.039849996569999879e-01,9.708752486360097134e-01
4.216859936710000145e-01,9.250816787745751446e-01
5.734559893609999515e-01,8.753749987544707789e-01
3.959457874300000291e-01,9.047968820617611208e-01
4.163750112060000119e-01,9.213380401547596188e-01
5.603970289230000290e-01,9.471229811097802154e-01
7.749050259590000156e-01,9.102855132004097349e-01
6.370840072629999629e-01,8.441395384220271580e-01
3.839260041709999793e-01,8.098700595342642750e-01
5.648739933969999516e-01,9.010030533214996584e-01
1.054715037350000051e+00,9.113590651513613361e-01
6.537709832190000681e-01,8.395811375393013032e-01
5.931029915809999942e-01,8.062022905860937172e-01
1.022608995439999946e+00,8.309767750331479297e-01
8.359869718549999273e-01,8.268588987635382415e-01
6.375340223309999832e-01,7.764408971360858835e-01
9.755985140800000899e-01,8.026037877565254108e-01
4.898079931740000337e-01,8.051460662707472515e-01
1.098647952079999879e+00,8.422056142477829521e-01
1.151165962220000116e+00,8.631741055438805210e-01
8.061249852179999120e-01,8.394609956170923093e-01
4.744769930840000427e-01,8.276173395437511626e-01
7.896029949189999897e-01,8.611768216655898422e-01
4.762530028820000094e-01,8.542561185796986312e-01
5.455229878430000179e-01,8.517981215103284098e-01
6.212809681889999158e-01,8.844198797444644544e-01
7.707700133319999036e-01,8.608965929628911162e-01
9.337069988249999675e-01,8.232427536927429124e-01
8.110550045970000843e-01,7.822937700911781755e-01
6.005529761310000048e-01,8.142422153382935512e-01
1.002521038060000036e+00,8.443300711789188950e-01
8.921650052070000392e-01,8.129731048996211573e-01
9.160850048069999474e-01,7.813528899648107817e-01
7.413420081139999729e-01,7.750176419961527507e-01
9.283249974250000758e-01,7.807369543588149607e-01
6.429409980770000033e-01,7.704742608151801120e-01
9.950090050700001187e-01,7.986454969888387989e-01
6.271365880970000140e-01,8.130904416223867504e-01
1.038689017300000073e+00,8.154567970203037142e-01
6.888009905820000611e-01,8.255943327918221497e-01
5.214130282399999095e-01,8.139367193251320076e-01
6.510270237919999481e-01,8.548666940983540297e-01
1.159701943399999990e+00,8.580025304946669040e-01
6.456400156020000169e-01,8.449603014043784999e-01
1.195862650870000099e+00,8.483028009218248622e-01
1.304703950880000018e+00,8.825177078569308442e-01
8.844429850579998975e-01,9.599136720952673452e-01
7.697709798810000725e-01,9.855509233591424056e-01
7.702100276950000213e-01,9.489124557870587395e-01
6.418280005459999771e-01,8.983938355936450515e-01
8.937159776689999058e-01,8.596543911403656812e-01
5.247250199319999364e-01,8.164686083006750250e-01
5.142210125920000374e-01,8.346579100434198262e-01
7.172748446459999982e-01,8.755717009461888578e-01
6.410769820210000525e-01,8.465603697644794590e-01
4.689820110800000386e-01,8.397078784007119268e-01
1.203750014310000171e+00,8.871991696848702258e-01
7.911959886550000709e-01,9.398425958282680126e-01
1.136301159859999910e+00,9.086645302631135568e-01
8.642929792399999256e-01,8.956806396312549934e-01
8.814030289650001126e-01,9.304784708133478910e-01
5.817409753800000249e-01,9.320158116461370046e-01
8.651199936869999885e-01,9.020567246281431251e-01
9.078124761579998703e-01,8.272693747440642564e-01
7.377740144730000615e-01,7.668492884842652568e-01
1.120375037189999867e+00,7.684614893506572786e-01
9.422479867940000142e-01,8.079042290558667849e-01
1.060060024260000011e+00,7.986111293564028824e-01
7.158420085910000008e-01,7.834140851258438731e-01
4.040209949019999969e-01,8.000498213931369618e-01
2.920779883859999648e-01,8.911972150100024859e-01
6.317924261089999938e-01,9.810847234359534319e-01
1.124665260310000026e+00,9.528120408104786554e-01
1.115690946580000009e+00,8.577152904829909996e-01
1.247418999670000028e+00,8.431330156072971427e-01
6.976169943809999996e-01,9.034227541878662171e-01
3.693974971769999893e+00,8.979252444717557013e-01
8.204839825630000361e-01,1.887561184815240711e+00
8.573070168499999921e-01,1.889963293926713472e+00
6.902359724040000311e-01,1.651380339225827498e+00
8.385969996449998964e-01,1.591712515467927691e+00
1.287726998329999928e+00,1.350520606697040549e+00
9.632229804990000144e-01,9.886712076101881186e-01
1.343299984930000024e+00,9.400856334468208342e-01
7.316169738770000874e-01,1.008832058421366806e+00
6.809219717980000697e-01,9.955213499204287331e-01
7.014784216880000089e-01,8.813723966911917174e-01
6.698030233380000142e-01,8.110301269857571604e-01
1.365643024439999964e+00,8.144585771836148069e-01
9.781420230869999344e-01,9.044390150475736245e-01
6.786789894100000442e-01,9.099298880039886628e-01
5.976330041890000055e-01,8.729660963380794225e-01
8.193774819369999962e-01,8.630552649333950166e-01
7.911109924320000042e-01,8.204128752919833678e-01
1.044147372249999872e+00,7.879462422987688619e-01
1.400015950200000026e+00,8.374876584366600651e-01
8.748620152470000244e-01,9.740153837632469225e-01
6.228179931639999944e-01,9.849822700652979268e-01
7.164059877399998610e-01,8.851097914067928007e-01
6.523500084880000660e-01,8.340704445010834744e-01
9.379299879070001067e-01,8.113201785237577068e-01
5.936999917030000296e-01,8.004204980002120884e-01
5.393440127369999448e-01,8.099190732105965296e-01
9.370089769359999377e-01,8.579932111749698498e-01
8.087720274930000341e-01,8.365217970282082804e-01
5.654280185700000239e-01,7.614485191301288980e-01
6.020820140839999723e-01,8.236788759491671108e-01
1.146679997439999932e+00,8.556162489074909949e-01
9.824249744419998320e-01,8.666903730779186299e-01
5.671510100359999917e-01,8.454417839749860386e-01
7.866399884220000027e-01,8.574070808803021526e-01
7.388439774510000557e-01,8.185336371900719943e-01
6.810299754140000106e-01,7.797577164273519212e-01
7.086979746820000203e-01,7.981168035025979490e-01
6.642330288889999323e-01,8.049702259514451841e-01
5.124790072439999733e-01,8.160380136874603174e-01
6.040380001070000393e-01,8.558560038215197174e-01
6.728799939159999521e-01,8.618826667988963575e-01
8.265414834020000656e-01,8.283839276745893487e-01
4.546860158439999799e-01,7.948939256775939821e-01
5.594509840010000179e-01,8.546107386410295437e-01
1.332218050960000122e-01,8.830308656649156207e-01
1.633069962260000063e-01,1.014342446635440487e+00
1.797860413789999778e-01,1.089968324436326741e+00
5.747918486599999932e-01,1.088587486362865731e+00
8.508148789409999413e-01,1.019756468402724048e+00
8.527640104289999634e-01,8.417473923263018021e-01
1.687628030779999788e+00,7.706002572604850887e-01
2.149522066120000297e+00,9.704357424119239850e-01
8.122850060459999577e-01,1.260674990009848395e+00
1.239639997479999867e+00,1.251579322024282570e+00
2.128437280650000041e+00,1.074100299692504867e+00
2.139239072800000141e+00,1.206641651360903955e+00
9.779880046840000452e-01,1.369616653256883199e+00
6.937779784199998856e-01,1.320745050732487380e+00
7.218790054320000094e-01,1.111939630832147419e+00
7.631160020829999002e-01,9.715852917954060919e-01
8.565329909319999713e-01,8.050904689465406827e-01
1.109338045120000116e+00,7.655790389101277960e-01
6.476340293879999654e-01,8.040551078409023944e-01
9.241870045660001143e-01,8.304219325792225881e-01
7.877320051189998784e-01,8.001742013853313518e-01
1.305567026139999864e+00,7.786335132371722256e-01
9.107710123060001051e-01,8.797221976488420747e-01
8.699640035629999657e-01,8.913387859927727197e-01
5.743020176890000217e-01,8.383981805131275333e-01
8.599532246590000373e-01,8.499077665202785514e-01
4.775849878790000558e-01,8.127619836898278827e-01
1.108017444610000179e+00,8.446325735628581466e-01
1.290724992749999966e+00,8.673777926991531606e-01
8.591579794879999898e-01,9.694071919820709260e-01
3.058980107309999807e-01,9.941990512054054152e-01
9.039019942279998832e-01,9.687246771336354145e-01
6.352750062940000220e-01,8.961630728163374471e-01
1.023422956470000145e+00,8.069457211622144133e-01
6.730669736859999919e-01,8.157063184821221613e-01
8.504790067669999454e-01,7.969626226748345310e-01
5.141969919200000128e-01,7.834189727134120984e-01
1.527956604959999964e+00,8.376914455666308879e-01
4.094385623930000051e+00,9.658863741697398808e-01
9.952359795569999390e-01,2.114670400749216750e+00
8.670449852940000923e-01,2.113437054298338946e+00
1.141056060789999993e+00,1.803996244601002719e+00
1.622257947919999888e+00,1.706576278754045273e+00
1.980204939840000344e+00,1.462721488729621822e+00
1.375547051430000112e+00,1.240682087085152041e+00
1.851865053179999610e+00,1.171873925589540288e+00
1.420923948290000016e+00,1.196006904876821153e+00
1.589177966120000285e+00,1.223239812763091017e+00
1.673199415210000041e+00,1.149602686853052669e+00
2.123934030530000072e+00,1.142618024059620208e+00
1.648401975629999905e+00,1.375287655144493026e+00
1.204741954800000014e+00,1.445833110348824002e+00
7.920839786529999538e-01,1.321634632092954176e+00
1.227027416229999890e+00,1.151269306125860314e+00
1.226951003070000157e+00,9.448502427595548703e-01
1.131343960759999989e+00,8.947963234518534481e-01
1.252465009690000075e+00,8.897868133069950503e-01
1.116891980170000132e+00,8.790089698699939946e-01
1.122387051579999850e+00,8.744264605793341527e-01
1.040153026579999862e+00,8.538899602657932242e-01
8.091310262680000420e-01,8.377047253488063561e-01
7.681059837340000751e-01,8.077917508397122193e-01
7.982919812199998910e-01,7.787939469772231504e-01
7.666722536090000428e-01,7.688688083634720449e-01
1.057360053060000027e+00,7.699400290614123454e-01
8.607699871060000563e-01,7.930281726547645516e-01
1.070777058600000053e+00,7.866974101073999082e-01
5.301510095600000527e-01,7.824372198522665522e-01
6.604189872739999467e-01,8.489646658882198382e-01
9.909179806709998983e-01,8.460441783912547864e-01
3.561530113220000016e-01,8.053573402177864882e-01
9.618239998819998471e-01,8.970693541203186294e-01
1.244829058649999931e+00,8.895554661667960383e-01
8.381230235100001202e-01,8.342638357774765367e-01
9.245989918709999200e-01,8.487065839605211215e-01
8.131660223010001021e-01,7.991574705008738233e-01
1.003061056139999963e+00,7.753251139918732049e-01
8.752340078350000496e-01,7.746749247032705954e-01
7.991399765009998823e-01,7.747243751501819986e-01
8.812961578369999938e-01,7.551281035941103115e-01
1.063080191609999892e+00,7.574909553430668741e-01
9.057049751279999672e-01,7.796287011435624192e-01
6.909559965129999926e-01,7.875662316294269605e-01
1.355970025060000195e+00,7.903408630596708839e-01
7.572399973869999856e-01,8.900337869933462320e-01
2.043754577640000125e+00,8.869183372117284136e-01
8.576130270960000690e-01,1.135263155749086872e+00
2.364957094190000220e+00,1.166596926529575917e+00
4.179231166840000178e+00,1.317933031489447515e+00
2.233561992649999883e+00,1.980049700388975875e+00
8.013390302660000630e-01,1.956878275866389849e+00
8.372840285299999463e-01,1.375108854015503645e+00
8.851529955859999133e-01,1.105542342763192742e+00
9.040349721909999303e-01,9.475511260847840900e-01
1.302939534190000082e+00,7.669343894441756904e-01
7.228699922560000157e-01,8.583925021890482787e-01
8.009120225910000279e-01,8.751695684952651710e-01
1.032919287679999965e+00,8.128984363326575702e-01
1.321628212929999879e+00,8.023802509732733679e-01
9.367759823799999275e-01,8.836045928276858863e-01
7.007700204850000336e-01,8.944285080938888521e-01
7.624319791789999634e-01,8.475424037696723811e-01
1.144938945770000105e+00,8.292736545593489828e-01
7.721610069269999599e-01,8.145456136813777892e-01
8.772150278090000697e-01,8.105695924409269670e-01
1.243505001070000171e+00,7.648914948982363793e-01
6.381840109830000385e-01,8.371111842702008143e-01
7.468199729919999807e-01,9.011054335441667229e-01
6.839929819109999976e-01,9.185582578898859873e-01
1.419505119320000119e+00,8.807466911619504790e-01
6.141470074649999500e-01,9.123699152869166884e-01
7.347676754000000976e-01,9.260967990524857640e-01
6.770560145379999062e-01,8.774990224578935738e-01
1.074026942249999950e+00,8.523216882800119798e-01
6.156389713290000287e-01,8.183436790532411242e-01
9.692379832270000550e-01,8.284048356893687348e-01
9.916120171550001361e-01,8.032139384174998842e-01
8.089560270310000023e-01,7.682990929147589521e-01
2.435143947599999859e+00,7.675741432541016707e-01
8.223479986189999869e-01,1.390216520239963671e+00
5.938220024110000272e-01,1.394069941567374071e+00
5.762249827380000466e-01,1.154583046554925829e+00
4.224239885809999429e-01,1.055975785341295436e+00
6.765879988670000511e-01,1.017502621738989310e+00
5.520349740979999531e-01,8.999269527267869107e-01
9.015229940410000031e-01,8.481188139464618247e-01
7.489960193629999763e-01,8.280966640758841146e-01
8.627583980560000754e-01,7.662097709580507621e-01
9.480749964710000199e-01,7.693299097678456544e-01
1.055613875389999956e+00,8.167126332811821543e-01
1.970020055770000056e+00,8.450494378738458989e-01
9.391199946399999554e-01,1.167971070034182768e+00
1.009042978289999892e+00,1.204415803481045710e+00
7.824029922490001177e-01,1.063467357376456812e+00
1.016265034679999957e+00,9.766625205653514108e-01
8.782749772069999850e-01,7.949424473385529044e-01
7.353619933130000064e-01,7.729624999922779516e-01
1.109990954399999952e+00,7.710099631852999069e-01
7.727199792860000027e-01,8.093425440816871541e-01
1.164981961250000086e+00,8.061618897463961320e-01
7.157210111620000426e-01,8.118067989850077382e-01
1.475479006770000101e+00,8.269812466985636545e-01
8.354520201680000202e-01,9.564751503048529724e-01
7.344660162930000125e-01,9.622187075785478827e-01
7.861927747729999805e-01,8.563574964162773417e-01
1.143465042110000107e+00,8.037245422410328466e-01
9.246990084649998609e-01,8.428735451274842472e-01
2.958764553069999970e+00,8.474096991555026825e-01
2.138324022289999959e+00,1.489691427384441713e+00
2.038712024690000124e+00,1.609474816470235714e+00
1.480209946629999829e+00,1.524483654668006061e+00
9.367650747299999248e-01,1.438766691699097544e+00
1.715939760209999942e+00,1.231556971204025963e+00
1.001402020450000041e+00,1.090819584550643428e+00
8.896229863169999863e-01,1.091809563603909794e+00
7.492939829829999843e-01,9.655264821728968272e-01
1.115183949470000213e+00,8.684040016308849363e-01
9.457820057870000019e-01,8.088259015903481730e-01
6.452180147170000213e-01,8.454898988606015520e-01
1.164842009540000056e+00,8.657926907506462433e-01
1.244351029399999975e+00,8.605303282679018784e-01
9.045109748840001185e-01,8.737082872693724411e-01
5.575259923929999362e-01,8.543010142019500375e-01
5.778343677520000332e-01,8.340342852101848559e-01
7.199835777280000348e-01,8.551962810913484869e-01
7.607790231700000128e-01,8.397505054749192510e-01
5.404400229450000426e-01,8.267478635310797630e-01
8.009672760959999360e-01,8.531862977440487494e-01
7.710149884220000027e-01,8.315700887406450859e-01
6.709719896319999988e-01,8.131871621942924344e-01
2.768970489500000021e+00,8.416827393879845465e-01
3.086133003230000060e+00,1.497483680424374075e+00
1.116358041760000086e+00,1.837698874458459919e+00
1.018260955809999979e+00,1.824003321902467389e+00
7.442610263819999794e-01,1.577635555855814387e+00
1.114386796949999869e+00,1.470095689789856719e+00
1.380516409870000238e+00,1.217579915889862585e+00
1.229098439219999950e+00,1.110951728374229841e+00
1.573238968849999919e+00,1.145128640237213835e+00
1.245597958560000107e+00,1.214442014654061319e+00
8.298619985580000247e-01,1.233223013146607538e+00
5.376980304720000436e-01,1.168210708283091259e+00
8.593800067899999284e-01,1.063050348033217185e+00
7.949647903440000274e-01,8.819753373754842807e-01
8.122889995569999577e-01,7.800358127147424270e-01
1.209460973739999945e+00,8.153301490343596303e-01
1.043611049649999956e+00,8.782382020554388991e-01
9.914460182189999138e-01,8.769590473373674033e-01
1.377645969390000058e+00,8.370030892151213431e-01
7.495359778399999229e-01,9.055147997477744903e-01
7.549669742579999676e-01,9.122287758077463060e-01
8.522210121150000095e-01,8.192191646474268341e-01
1.312628030780000010e+00,7.809188078355904228e-01
9.499999880789999906e-01,8.769871613984472347e-01
8.433979749680000637e-01,9.014575751636314527e-01
6.329939961430000039e-01,8.448762667480745892e-01
6.848490238189999246e-01,8.229623287360490203e-01
8.296039700509999504e-01,8.148753513959166028e-01
1.117776036259999994e+00,7.818102273067731867e-01
1.060515046120000138e+00,8.775377119256169145e-01
9.966710209850000446e-01,9.501292510308454453e-01
6.726049780850000825e-01,9.445485288713191263e-01
8.499810099600000335e-01,8.815559042481957430e-01
7.929700016980000266e-01,7.920992243839584113e-01
7.509549856190000927e-01,7.679091220806034679e-01
9.556260704989999466e-01,7.715769739201886468e-01
6.085839867589999397e-01,7.644600609102800703e-01
7.782499790189999489e-01,8.083365966436590888e-01
5.098140239720000411e-01,8.089927485103849403e-01
6.364319920540000286e-01,8.374748319524720763e-01
6.015599966049999248e-01,8.529776208860995190e-01
6.556333899499999784e-01,8.343617226997797065e-01
6.385549902920000243e-01,8.315459465525535387e-01
8.762890100480000832e-01,8.197500396226007346e-01
7.967479825020000739e-01,8.064988014662100024e-01
6.824830174449999509e-01,7.859381982152667812e-01
8.025500178340000401e-01,7.995986350478140325e-01
7.950311899190000142e-01,7.861246243811060852e-01
1.584897041320000088e+00,7.592550639590585071e-01
1.017485976220000143e+00,1.011356061699730358e+00
9.177780151369998585e-01,1.028855161685712671e+00
1.230221033100000083e+00,9.145005235328079740e-01
1.027899026870000121e+00,9.389286384783623873e-01
9.125559926030000213e-01,9.518133752479753795e-01
7.935979962350000472e-01,8.941018165883589663e-01
1.030437946320000187e+00,8.528291332521195089e-01
5.325379967690000438e-01,8.435578084709886015e-01
6.127780079839999505e-01,8.675989354106966589e-01
8.741289973260000234e-01,8.567112007245627492e-01
3.667230010029999820e-01,7.994982663515534105e-01
7.391750216480000857e-01,8.839183697331145506e-01
5.604230165479999748e-01,8.871975014995221454e-01
7.758178114889999755e-01,8.253504746486299837e-01
8.102909922600001202e-01,8.209906396423384267e-01
6.437510252000000488e-01,7.818523921829594325e-01
7.236457467079999706e-01,8.148162522978651401e-01
9.113870263100000146e-01,8.224623347004733631e-01
6.627830266949999993e-01,8.520682880280564531e-01
1.002035975460000117e+00,8.905632436236684546e-01
8.224419951440000709e-01,9.287433408358678477e-01
1.030576944350000135e+00,9.828985259170557320e-01
6.781139969830000114e-01,1.001033479792858838e+00
5.333459973340000104e-01,9.570937683054290268e-01
3.209959864620000047e-01,9.038896352595056083e-01
7.608630061149999069e-01,9.259258278449454815e-01
7.439860105509998878e-01,9.031087723132806833e-01
5.468400120740000148e-01,7.750526026398480983e-01
7.004669904709999173e-01,8.314071532514435425e-01
8.356525897980000561e-01,8.365215464142087276e-01
1.274258971210000091e+00,7.816493814631628734e-01
8.934450149539999719e-01,9.489800664085448201e-01
6.211659908290000365e-01,1.001666392810950601e+00
7.900159955019999680e-01,9.649050187882446394e-01
1.067494988440000014e+00,8.819936619685573298e-01
6.698009967800000464e-01,8.932097436541112101e-01
1.265694975850000015e+00,9.215778431723210540e-01
6.380620002750000408e-01,9.418322590487920865e-01
9.348030090330000652e-01,9.310932295612690535e-01
8.006410002709999363e-01,8.589835309256059759e-01
1.085708975790000030e+00,8.227134790490124860e-01
3.527039885520000251e-01,8.446834656707630229e-01
5.883709788319999578e-01,9.339417783731135403e-01
4.875420033929999120e-01,9.092078992572476537e-01
4.636880159380000754e-01,8.835142023034507908e-01
3.637039959430000136e-01,9.030222781933113785e-01
8.750243186949999696e-01,9.362869878377059196e-01
6.435279846190000708e-01,8.994402863081528698e-01
4.834130108359999678e-01,8.081913528361559518e-01
2.120890021319999930e-01,8.682291880233857784e-01
4.560469985010000005e-01,9.760049366324955455e-01
4.367910027499999903e-01,9.768289075996317017e-01
7.238804101939999569e-01,9.187338642634607089e-01
5.560690164570000205e-01,8.774026625341949659e-01
4.748429954049999679e-01,8.284057879017586723e-01
2.674640119080000100e-01,8.773403796019626499e-01
9.588437080379998978e-01,9.706080617530904453e-01
7.868980169300000549e-01,9.533736072325523780e-01
1.794360995290000149e+00,7.771781534539893288e-01
1.337677955630000026e+00,1.049426906108724022e+00
1.210453987120000185e+00,1.082511786444738222e+00
5.654799938200000264e-01,9.890147082561431269e-01
4.008429944520000565e-01,9.409425061060783246e-01
2.727654874320000200e-01,9.237998726868278387e-01
5.836449861529999783e-01,9.880494877517530528e-01
8.533802628519999711e-01,9.640183552556607083e-01
8.660610318179999823e-01,8.231581936945719935e-01
1.158349990839999899e+00,7.569482527687312334e-01
7.764859795569999390e-01,8.155528213902731860e-01
1.068807005880000105e+00,8.254248489736462080e-01
5.888479948040000744e-01,7.993874175880706368e-01
1.588868498799999918e+00,8.327188664569405985e-01
4.327859878540000205e-01,1.047331205334808280e+00
3.996030092239999942e-01,1.097459674752184977e+00
5.545349717140000134e-01,1.066719566121884677e+00
6.221979856490000849e-01,1.015966385007889050e+00
1.149551987649999996e+00,9.122426417127518228e-01
1.121260046960000034e+00,8.598362747979496623e-01
9.776459932330001656e-01,8.492414410103783506e-01
1.732741951940000025e+00,8.168100374559263965e-01
2.302707910540000125e+00,1.017424888109776937e+00
1.053477048870000043e+00,1.269814025139806679e+00
7.962800264360000435e-01,1.238452253839869899e+00
5.203329920770000117e-01,9.812640673666280788e-01
6.104800105090000262e-01,9.278698652902798161e-01
4.453057944770000276e-01,8.787310078079132447e-01
6.522138714790000069e-01,8.965038975392830567e-01
1.175541162490000069e+00,8.902384081361940371e-01
1.032202124599999937e+00,8.816783539827615090e-01
7.193930149079998948e-01,9.033750340512753940e-01
8.200139999390000378e-01,9.123051200557862339e-01
9.497330188749999458e-01,8.925851254804337831e-01
1.039114952089999822e+00,8.980994618336621826e-01
5.883830189700000046e-01,9.109629750467397313e-01
9.508559703829999599e-01,8.942925567127069097e-01
5.277600288389999728e-01,8.245243503144545905e-01
7.736063003540000205e-01,8.376669562240495193e-01
9.703559875489999875e-01,8.288527131790197622e-01
1.383889913560000018e+00,8.011948930886592102e-01
7.795230150220000542e-01,9.048833118845679424e-01
6.069999933240000090e-01,9.603486053683406576e-01
4.660570025440000097e-01,9.798760007485143309e-01
9.455270171170000459e-01,9.763330654348407744e-01
6.238729953770000280e-01,8.795095465600469842e-01
3.923240005969999555e-01,8.192826189462173447e-01
5.156549811360000568e-01,8.912776112658539196e-01
9.679385423659998544e-01,9.107675477104233419e-01
1.356565952299999989e+00,8.462217326193643974e-01
9.072690010070001421e-01,9.079299938228313493e-01
8.162760138510000152e-01,9.110986492985732044e-01
2.479866981509999846e+00,8.115305667027409298e-01
1.133080005649999888e+00,1.324672876162317214e+00
1.045583963389999926e+00,1.348986053051463907e+00
8.474370241169999485e-01,1.169745629063142500e+00
1.536522984499999911e+00,1.094621378960339841e+00
9.008989930149998715e-01,1.062911963537659599e+00
4.812009930610000041e-01,1.036305934205349999e+00
8.572540283199999722e-01,9.628331533068053005e-01
8.617479801180000232e-01,8.876757164113101561e-01
1.008694052699999899e+00,7.933966970380413875e-01
1.127727031710000105e+00,8.051805083773123650e-01
7.795569896699999779e-01,8.286129065746787870e-01
9.895502924919998833e-01,8.171745753005197344e-01
8.363329768179998958e-01,7.777185584803835150e-01
9.099559783939999980e-01,7.887820832172431906e-01
5.511059761050000061e-01,7.871905603982511934e-01
1.239764332770000088e+00,8.356409536721348674e-01
1.211838960649999963e+00,8.778680081605126917e-01
1.379981994630000042e+00,8.965074647836067667e-01
1.148460984229999982e+00,9.501285669874931505e-01
7.663900256160000035e-01,9.731227312464069135e-01
9.660840034480000504e-01,9.450867459304986840e-01
8.156750202179999798e-01,8.724676822409676014e-01
1.142272949220000111e+00,8.032916248389606606e-01
1.299479961400000105e+00,8.162567092220840426e-01
8.583310246469999516e-01,8.962645052180335803e-01
7.149469852449999996e-01,8.885860049252727322e-01
8.764400482179999230e-01,8.083803483762078690e-01
8.305460214609999836e-01,7.800468612177374750e-01
8.535240292550000385e-01,7.550886847862191553e-01
9.092410206789999227e-01,7.438135492171131791e-01
5.202720165249999917e-01,7.388059860304279081e-01
7.411040067669999454e-01,8.383164074418746337e-01
5.853319764140000325e-01,8.424341408079064619e-01
5.047770142559999673e-01,8.192524793955106022e-01
5.519493222240000607e-01,8.690056078831266406e-01
9.697520136830000137e-01,8.820657895483451361e-01
1.116515994070000017e+00,8.462483901694011212e-01
1.049844980239999837e+00,8.121139866595629142e-01
6.342629790310000404e-01,8.319085290131088550e-01
5.644329786300000817e-01,8.287400348274148731e-01
9.184709787369998990e-01,8.412551243282156976e-01
9.593539834020000656e-01,8.158105640034177819e-01
5.984159708020000412e-01,7.721629207920275295e-01
9.383450150489998087e-01,8.171947874230065523e-01
4.542250037189999867e-01,8.074995313845757527e-01
7.079470157619999204e-01,8.574263790352260051e-01
3.876500129699999575e-01,8.600156292826646176e-01
4.484339952469999502e-01,9.022435992690523987e-01
8.405709862710000202e-01,9.401955518379953025e-01
5.337110161779999862e-01,8.764226052214408869e-01
7.211350202559999589e-01,8.338179672243876128e-01
5.215386152269999576e-01,8.416576722276625233e-01
7.050759792330000275e-01,8.573416945577940762e-01
6.405649781229999506e-01,8.596555706612004633e-01
5.168589949609999623e-01,8.146951252032088586e-01
1.660409450529999997e+00,8.564960535603034497e-01
2.465307950970000217e+00,1.018422809201737111e+00
1.622156023979999917e+00,1.322857884703122933e+00
1.866270065309999948e+00,1.333195118834681114e+00
3.623536109919999859e+00,1.201826954940555359e+00
7.948709726329999947e-01,1.758203014691944732e+00
9.065989851949999290e-01,1.797907839888497339e+00
8.571879863740000660e-01,1.398101133833568044e+00
7.756379842759999477e-01,1.364165442305651510e+00
7.006700038909999817e-01,1.196483123973608231e+00
6.443409919740000769e-01,8.950635123603983834e-01
7.579550147059999077e-01,8.113212951323544031e-01
5.499600172040000068e-01,8.014409556839369175e-01
4.964669942860000518e-01,8.353173383988544698e-01
1.367677569390000070e+00,8.790240878837052296e-01
1.397894024850000250e+00,9.296489566201876498e-01
8.148130178450000427e-01,1.124171576903759462e+00
1.278898954390000009e+00,1.213571721224532052e+00
8.623980283740000363e-01,1.252017492475603344e+00
1.093865990639999897e+00,1.188073342565196366e+00
8.134710192680000285e-01,9.465628779066060927e-01
1.466687083240000078e+00,8.241032795784120069e-01
9.060310125349999577e-01,9.427931833349437740e-01
7.652140259739999006e-01,1.014885859291423609e+00
1.311033964160000176e+00,1.015874246030238792e+00
7.892500162119999718e-01,1.016090875991896070e+00
1.474902033810000068e+00,9.668397484315373047e-01
9.167850017550001063e-01,9.714978935280571548e-01
1.186140060420000086e+00,9.941476701947696837e-01
1.411391973500000008e+00,9.640043147165477944e-01
2.092472076419999993e+00,9.755294491774715304e-01
7.189220190049999681e-01,1.173331115985804640e+00
1.301861047739999888e+00,1.175620462406758326e+00
1.268974781040000055e+00,9.840359288976292529e-01
1.221997022629999874e+00,9.789645436504368359e-01
9.061110019679999850e-01,9.658238075337357564e-01
1.078873991970000112e+00,9.686784987570633554e-01
1.028025031089999874e+00,9.275865002712374574e-01
7.863690257070000689e-01,8.790783324622626349e-01
1.276852965350000035e+00,8.067642081496733120e-01
7.093420028689999546e-01,8.625243290580103528e-01
5.201929807659999572e-01,8.685862357092553054e-01
5.645610094070000473e-01,8.478718045386510749e-01
9.855200052259998067e-01,8.691450449831775726e-01
1.092841982840000004e+00,8.317547230434022554e-01
4.786899983879999709e-01,8.273436576076670379e-01
3.955059945579999514e-01,8.865374021356624556e-01
1.850703001020000071e+00,9.192416694146948730e-01
1.195796012879999815e+00,1.148498908672961782e+00
1.702510833739999896e+00,1.128319378777764781e+00
2.998351097109999586e+00,1.126557902037785386e+00
2.407080888749999925e+00,1.533145916949123277e+00
2.585943937299999718e+00,1.628125075012812895e+00
2.233839035029999920e+00,1.555635930545816503e+00
1.655773043629999997e+00,1.543881770533189535e+00
1.430611014370000156e+00,1.425458879031284098e+00
8.921740055079999676e-01,1.278943801072280673e+00
1.231696963309999893e+00,1.110406307779364887e+00
8.955079913140000514e-01,8.909957195647680850e-01
1.602033019070000064e+00,8.746573632189665881e-01
1.585399031639999956e+00,1.013012214601897609e+00
1.232059955600000034e+00,1.103597477172839181e+00
1.210371017459999976e+00,1.063467421717318340e+00
1.242141008379999967e+00,9.723514961696778647e-01
9.857040047650000858e-01,9.381060998530166284e-01
7.289689779279999726e-01,9.096795047935956058e-01
6.761519908910000876e-01,8.456337241475095912e-01
1.071573019029999907e+00,8.100561844042170057e-01
9.457439780239998983e-01,8.431716453965855118e-01
4.376370012759999706e-01,8.560798047908716457e-01
5.141820311550000522e-01,8.972530552771876833e-01
3.387190103530000052e-01,9.081899162339143183e-01
7.144280076029999593e-01,9.389442896172924824e-01
4.996199905870000180e-01,9.041759935464667164e-01
7.917379736899999854e-01,8.458570618489129611e-01
8.646243214609999894e-01,8.446740843450254443e-01
6.024960279459999901e-01,7.623699890988787642e-01
1.260069966320000123e+00,8.034389962644350458e-01
1.012339949610000067e+00,8.951993583378867747e-01
1.004528999329999950e+00,8.969956698773126069e-01
6.310235261919999727e-01,8.597869181836426122e-01
1.141221046449999887e+00,8.399455573464003066e-01
5.426099896430000014e-01,9.103290808190689365e-01
8.547459840769999762e-01,9.354633477997192914e-01
7.744219899179999311e-01,8.840634834603401382e-01
3.084340095520000102e-01,8.259266732861257898e-01
8.376209735870000506e-01,9.072144126520105267e-01
7.293469905850000767e-01,9.094258990458968794e-01
7.503905892370000830e-01,7.856984474964087140e-01
1.134822010990000019e+00,7.799244003978419437e-01
1.614240050320000064e+00,8.708271113618990533e-01
1.244793057440000128e+00,1.034867762994153395e+00
7.141630053519999466e-01,1.079475702428294825e+00
7.293040156360000026e-01,1.015939136886488958e+00
6.486989855770000091e-01,9.047638796926902316e-01
3.427990078929999962e-01,8.307113927737203030e-01
3.861860036850000011e-01,9.157232027945142461e-01
6.366299986840000535e-01,9.465863408192759509e-01
3.990480005740000280e-01,8.883798356840035826e-01
4.178859889509999870e-01,8.859784020237442270e-01
1.103790521619999909e+00,9.284886225910506941e-01
6.956189870829999622e-01,8.917405380242401369e-01
8.070139884950000564e-01,8.204122679378793581e-01
5.947690010070000310e-01,8.079476304675841103e-01
1.107607960700000005e+00,8.218871215347152148e-01
9.713580012320001122e-01,8.651808463014853956e-01
7.170349955560000321e-01,8.561747358612016301e-01
6.764810085300000386e-01,8.359188278988237686e-01
1.687772989270000190e+00,8.164501720379608862e-01
9.907569885250001596e-01,1.029123002571616263e+00
8.082039952280000161e-01,1.023559249437569374e+00
1.087718963619999979e+00,8.928167962923854173e-01
1.564818024639999861e+00,8.609344411946080466e-01
6.673809885979999912e-01,9.912156290105078593e-01
1.256489992140000123e+00,1.010462295767844410e+00
1.091886043549999963e+00,9.549174700975885388e-01
7.375509738919999725e-01,9.702610888734546357e-01
6.224380135540000802e-01,9.204620592438350624e-01
8.364729881290000613e-01,8.461515305883396953e-01
5.774260163309999916e-01,8.083726284215487778e-01
1.015761017800000054e+00,8.180164687926854139e-01
1.106158971790000001e+00,8.506490280659464442e-01
6.945540308949998964e-01,8.529961736565742081e-01
1.130903959270000092e+00,8.467727993702508504e-01
9.518219828609998379e-01,8.668584731572073210e-01
7.524570226669999862e-01,8.875271539864991732e-01
5.585229992869999993e-01,8.632704894018780051e-01
1.415836334229999771e+00,8.564321627448014951e-01
1.855298042299999839e+00,9.321085942760628518e-01
7.845479845999999702e-01,1.257017057635379187e+00
8.210539817810000862e-01,1.336568514127343787e+00
5.835890173909999978e-01,1.249185632424280268e+00
8.359720110889999889e-01,1.146702899405108278e+00
2.184663057329999880e+00,9.296439712437690739e-01
6.805480122570000123e-01,1.214175415460473362e+00
1.238904953000000031e+00,1.244429853388141272e+00
1.030328035349999949e+00,1.091473637347317283e+00
7.914109826090000022e-01,1.105127888033578643e+00
8.423720002169999832e-01,1.093500206730675828e+00
4.464710056779999658e-01,1.041508259171859851e+00
5.589337944979999584e-01,9.926212804672769341e-01
7.099329829220000221e-01,8.926718719623795151e-01
7.334340214730000751e-01,8.477715635357765400e-01
7.833399772640000647e-01,7.933689013579662275e-01
8.426809906959999985e-01,7.822043045500004510e-01
1.099761009220000085e+00,7.649146846207900419e-01
8.706315755840000614e-01,7.932341998088058288e-01
5.862460136410000411e-01,7.890879079127435247e-01
8.863990306849999223e-01,8.101679020201058012e-01
1.019399046900000050e+00,8.100120435127828866e-01
8.493610024450000129e-01,8.052133013101514525e-01
1.010666966439999870e+00,8.473830336878982461e-01
1.331516027449999973e+00,8.585176014480223605e-01
1.215008974079999859e+00,8.980068972847072839e-01
1.645591020579999952e+00,9.109716735572326307e-01
9.708780050280001461e-01,1.020459797244194888e+00
1.411272048950000135e+00,1.032268847641423459e+00
7.953929901119999313e-01,9.725558601655543978e-01
1.046331048010000098e+00,9.612727552649189544e-01
8.879339694979999642e-01,9.203906939759896044e-01
8.349300026890000836e-01,9.058637547504759802e-01
9.847199916840001510e-01,8.331296135422416871e-01
1.090394020079999970e+00,7.964625761228238954e-01
4.901649951929999971e-01,8.217599913715164517e-01
6.141669750209999279e-01,8.710200083204898691e-01
6.314740180969999894e-01,8.727434989279134747e-01
8.252440094949999860e-01,8.350986702685743168e-01
1.051450967789999913e+00,7.974194093585916798e-01
1.047114968300000060e+00,8.153692799365344079e-01
3.921430110930000379e-01,8.615733561990045475e-01
4.695149958129999912e-01,9.199789875070940592e-01
7.720900177959999500e-01,9.177458045841075940e-01
7.520099878309999264e-01,8.470263585708548426e-01
6.877393722529999698e-01,7.807861867485178520e-01
6.718119978899999012e-01,7.993576001680507970e-01
1.185933232310000029e+00,8.069450697988465038e-01
6.571980118750000432e-01,8.439710076568143204e-01
8.213180303569999063e-01,8.500479482685416865e-01
7.795739769939998842e-01,8.057026343646941369e-01
1.030122995379999962e+00,7.746097467947242743e-01
6.211889982220000217e-01,7.931788744847134698e-01
8.660820126530001106e-01,8.248828934727092665e-01
9.608931541440000057e-01,8.023621632129348535e-01
6.760399937630000577e-01,7.639196757415169792e-01
7.402380108830000083e-01,7.951299904198106949e-01
5.984709858890000511e-01,7.974152219617433035e-01
6.151059865950000427e-01,8.177639694866608577e-01
9.358735680579999272e-01,8.367391014245351144e-01
5.818247795100000008e-01,8.084117975808484680e-01
7.156659960750000327e-01,8.174165533749824242e-01
6.529520154000000298e-01,8.251624116925266872e-01
9.700022935870000751e-01,8.063546103112553265e-01
7.834500074390000623e-01,7.982913475663306890e-01
7.448130249979999506e-01,7.855845413242827924e-01
8.276180028919999376e-01,8.083421358075290053e-01
8.943400979039998200e-01,7.984737960402126244e-01
2.505017042159999985e+00,7.594902728924955992e-01
1.620712041850000062e+00,1.464656617847868825e+00
1.417585968970000110e+00,1.473719737461076207e+00
1.049872040749999957e+00,1.315286131364302280e+00
1.226507544519999993e+00,1.181593300624313780e+00
1.043179035189999881e+00,9.524792033461617624e-01
9.694439768789999690e-01,8.502644975163593521e-01
8.192250132559999454e-01,8.214495435349745689e-01
8.129550218580000598e-01,7.976368761115224526e-01
6.712080240250000163e-01,7.745614468154552457e-01
5.289899706839999993e-01,7.908497552749944592e-01
3.461930155749999849e-01,8.506782505742505052e-01
4.789490103719999392e-01,9.278621045054319394e-01
1.153810977940000093e+00,9.394678929872030126e-01
9.671270251270001062e-01,8.912567071375864236e-01
7.845839858059999727e-01,8.130400437184910345e-01
4.701859951019999873e-01,7.852787927018556324e-01
5.632782578470000301e-01,8.586433451438798548e-01
2.416239976880000251e-01,8.864849449056128039e-01
2.709859907630000064e-01,9.588571522669369074e-01
1.994680017229999991e-01,1.013898024560909050e+00
1.327169984580000017e-01,1.032084263131849200e+00
4.732620120050000101e-01,1.082348074713094244e+00
6.585559844969999244e-01,1.038261568657749878e+00
9.621880054470000054e-01,9.039858071449811128e-01
5.111979842189999790e-01,7.953839356769983882e-01
9.829789996150000153e-01,8.400660277716505142e-01
9.100099802019999684e-01,8.417368890411002225e-01
1.026576042179999870e+00,7.876630263577816260e-01
8.309389948840000262e-01,8.140334584166694087e-01
9.651920199390000565e-01,8.063312194352112439e-01
1.000543951989999902e+00,7.731907747900284011e-01
1.983185052869999687e+00,7.730527752763862726e-01
1.274855017659999978e+00,1.082202717205229536e+00
1.286525964740000028e+00,1.131546605109306602e+00
1.382244944570000245e+00,1.057525833847224650e+00
1.736924052240000016e+00,1.045858955436397064e+00
1.257668018339999971e+00,1.151143351798769254e+00
7.533379793170000838e-01,1.168739929624876162e+00
1.084908962249999886e+00,1.043558395684686113e+00
1.062494039539999990e+00,9.215998251623426230e-01
7.787629961969999570e-01,8.659331872399592678e-01
8.256469964979999965e-01,8.348761027796484102e-01
9.891830086710000636e-01,7.742961771382805836e-01
1.418092012410000047e+00,7.618258976796663529e-01
1.151677966120000063e+00,9.040636329102915703e-01
1.250364065170000094e+00,9.337952369181975465e-01
8.794019818310000458e-01,9.032744110195207732e-01
1.089423060420000144e+00,8.691124037395191460e-01
1.809062957760000145e+00,8.184327745135375753e-01
8.687390089040000207e-01,1.070316319073018940e+00
8.521729707719999380e-01,1.082354819966026227e+00
1.307837963100000112e+00,8.904326007415148680e-01
1.262575984000000151e+00,8.966022909875174252e-01
7.601559758189999627e-01,9.275346877751267094e-01
1.069887042049999959e+00,8.971835335578441928e-01
8.579840064049999437e-01,8.188077711807709713e-01
1.149323940279999956e+00,8.408885102043757165e-01
1.067142963410000034e+00,8.858424176583887810e-01
7.400619983670000401e-01,8.762351349271432221e-01
6.799880266190000411e-01,8.209654761929252587e-01
7.323921322820000634e-01,7.947715486319967271e-01
8.352749943730000126e-01,8.039163106236785206e-01
6.000829935070000065e-01,7.852667224551759251e-01
1.010563969610000168e+00,8.117785205090218836e-01
7.613970041280000434e-01,8.208597131011726722e-01
7.260069847110000030e-01,7.827410022877981932e-01
1.064324021340000037e+00,7.864014826365143263e-01
5.901079773899998715e-01,8.041670140547061418e-01
7.744659781460000447e-01,8.334716561389478029e-01
7.406870126719998781e-01,8.207366167516938482e-01
8.908360004430001533e-01,7.843462354409831416e-01
7.620100975040000613e-01,7.631159522391133265e-01
7.774500250820000069e-01,7.639341405655634132e-01
5.811070203779999943e-01,7.864988845293662267e-01
7.908779978749999051e-01,8.263462448491850632e-01
8.903719782829999652e-01,8.131455653860416577e-01
7.882059812549999656e-01,7.574456551975350393e-01
7.301949858670000459e-01,7.561149973763068299e-01
9.248933196070001639e-01,7.772494245980776650e-01
1.265586972239999941e+00,7.712559944891225205e-01
7.884140014650000694e-01,8.689794641471060288e-01
9.180610179899998391e-01,8.797175535926917700e-01
6.569269895549999516e-01,7.907503973052066870e-01
8.252680301670000107e-01,7.985067005393857720e-01
4.257229864599999525e-01,7.901861390758974091e-01
9.114630222319998198e-01,8.626510552347043115e-01
7.238519787790000937e-01,8.628957784483984872e-01
9.657319784160000031e-01,7.746011919021146275e-01
7.194200158119999911e-01,7.971972092786265840e-01
7.146480083470000411e-01,8.115852635061832077e-01
6.188799738879999790e-01,8.120632884714381605e-01
8.502969741820000094e-01,8.277027750477975454e-01
6.113014817240000065e-01,8.063010884354819829e-01
8.405809998509999881e-01,8.147062749785329849e-01
5.909900069240000553e-01,8.165879663898091279e-01
1.191807866100000002e+00,8.091150770023968208e-01
1.072478055950000009e+00,8.584688757795456704e-01
7.976800203319999172e-01,9.073431431917913237e-01
7.140370011329999489e-01,9.185117209579036768e-01
8.885610103609999921e-01,8.626234834093046144e-01
7.367290258409999737e-01,7.995992116529897498e-01
9.655410051350000744e-01,7.684921688871146905e-01
8.569459915160000385e-01,7.737743908097236556e-01
5.838339924809999859e-01,7.632927474274354696e-01
3.047562122340000457e+00,8.163402661589468368e-01
8.865389823909999301e-01,1.785389883750370332e+00
1.186460971829999878e+00,1.858835377766922425e+00
8.750730156899999557e-01,1.941125891748499921e+00
1.111973047260000014e+00,1.902161212509211330e+00
6.929270029070000447e-01,1.546865768201978852e+00
5.632749795910000357e-01,9.680861198624343134e-01
5.519689917560000048e-01,9.192690334539491692e-01
9.211350083349998386e-01,9.022970621280892445e-01
5.465030074119999748e-01,8.251909655609070970e-01
9.997850060459999577e-01,8.247048647426421519e-01
7.512239813800000166e-01,8.337294559634725877e-01
8.402569890019999654e-01,8.070851789905073570e-01
7.843149900439999600e-01,8.079383949883778282e-01
5.915480256080000165e-01,7.875187157004595040e-01
6.109840273859999948e-01,8.188231843853225334e-01
9.328789710999999540e-01,8.407776506986536225e-01
7.992020249369999885e-01,8.094471118383846919e-01
9.833549857140000405e-01,7.671293942457257931e-01
5.405290126799999761e-01,7.906601431257699319e-01
1.093670010570000128e+00,8.462960885245460751e-01
9.266330003740002041e-01,8.550007592757857822e-01
7.972419857979999858e-01,8.160015953067986105e-01
5.896059870719999596e-01,7.912579830687456184e-01
7.799540162090000672e-01,8.226878812619403680e-01
5.182790160179999717e-01,8.197983496016852945e-01
7.263879776000000676e-01,8.387157267710713127e-01
6.216366887090000182e-01,8.424036009791717738e-01
8.810679912569999717e-01,8.200926389651848059e-01
7.315016984940000411e-01,8.114434593372051863e-01
9.703850150109999406e-01,7.700555775259686486e-01
8.715350031849999901e-01,7.864391940101231881e-01
5.505740046500000595e-01,7.747661373041260235e-01
2.576299905780000121e-01,8.246669283657950267e-01
6.952109932899999123e-01,9.518896763202792100e-01
3.547430038449999601e-01,9.360678712634855625e-01
1.308350920679999918e+00,8.890728275688675186e-01
1.424710035319999957e+00,9.603393170569446413e-01
2.422243118290000385e+00,9.646773235292861459e-01
1.588093161580000023e+00,1.272544332749684592e+00
2.882889986040000352e+00,1.308571872426851801e+00
1.510810017590000109e+00,1.540165280422474137e+00
5.103110075000000245e-01,1.565311871077421202e+00
6.637499928469999810e-01,1.287343912346772035e+00
5.865659713749999948e-01,1.063487691575890182e+00
9.182999730110000813e-01,9.172105611269752989e-01
1.126363039020000123e+00,8.144303437202423668e-01
9.455379843709997845e-01,8.092327316082106314e-01
7.979699969290000583e-01,8.234831126301543902e-01
8.895260095599999417e-01,8.067163379671823398e-01
5.017459988589999531e-01,8.079076769760284993e-01
7.889080047609999813e-01,8.567202486463812994e-01
5.571460127830000220e-01,8.505863451544902754e-01
8.079270124439998924e-01,8.406235252422705750e-01
7.382910251620000697e-01,8.254827840102315628e-01
6.742079854009999096e-01,7.701478136676390696e-01
8.787713646889999675e-01,7.951880815660737900e-01
7.401880025859999268e-01,7.826224585783901899e-01
8.886500000949999478e-01,7.661522631811135131e-01
7.983270287510000340e-01,7.654040964816326564e-01
5.137799978260000344e-01,7.565802290079916004e-01
7.760372757910000141e-01,8.353950224523567503e-01
8.528280258179999906e-01,8.327626559991939681e-01
7.851629853249999513e-01,7.993704089685970127e-01
8.431609868999999646e-01,8.126512391818863090e-01
1.024798870089999925e+00,7.889637792564614394e-01
8.044279813770001120e-01,7.892950765547098735e-01
8.841310143469999216e-01,7.998859154225934631e-01
3.615649938579999501e-01,7.947194791798285474e-01
1.171491026879999842e+00,9.079332350347483205e-01
4.477910101409999788e-01,9.278598783342927314e-01
7.665730118750000432e-01,8.880459143183025983e-01
7.735599875449999940e-01,8.577497647750941256e-01
1.054823040959999902e+00,7.702685738526798831e-01
7.843300104139999673e-01,7.999437436398728618e-01
1.034250974660000155e+00,8.045653478726516594e-01
1.096979022029999973e+00,7.861652557371869854e-01
7.633029818529999400e-01,8.103636051237438354e-01
5.883730053899999257e-01,8.095548282795850259e-01
6.365630030629999547e-01,8.194023810249370099e-01
5.750700235369999858e-01,8.388282417256207601e-01
5.399640202519999654e-01,8.491005523645047681e-01
1.324671149250000068e+00,8.713188999228953513e-01
8.178460001949999780e-01,9.155849228892737335e-01
6.359609961509999909e-01,8.770828052190056123e-01
8.135920166969999867e-01,8.547524905513038673e-01
9.872140288349999793e-01,8.328757273817392059e-01
9.839289784429999797e-01,7.770583917582207789e-01
5.904790163040000150e-01,7.787130595511169151e-01
8.986790180210000312e-01,8.194252898045084610e-01
6.268000006680000125e-01,8.052354277762366896e-01
6.926850080490000172e-01,8.039872708750031016e-01
5.757049918169999669e-01,8.194198748822754119e-01
6.764680147170000213e-01,8.323934444319300852e-01
8.279470205309999997e-01,8.391151399780992781e-01
6.547859907149999881e-01,7.999986980445814577e-01
1.085815548900000094e+00,7.939239447428713126e-01
8.509550094600001335e-01,8.162120828944030571e-01
8.879359960560000431e-01,7.907071581765522383e-01
6.557850241659999302e-01,7.520907976712974952e-01
6.597809791559999804e-01,7.907082588793258315e-01
8.856279850010000398e-01,8.137048283632887236e-01
7.502999901769999980e-01,7.883884882918059667e-01
9.303160309790001747e-01,7.624516659325678569e-01
7.259460091590000941e-01,7.617107405426124522e-01
7.123904824259998936e-01,7.733295850970968166e-01
9.326570034030000622e-01,7.891818656360944928e-01
6.544970273969999974e-01,7.841280580740105366e-01
4.987269937989999846e-01,8.116691654813869006e-01
9.782410264020000579e-01,8.648818591905562680e-01
5.593240261080000275e-01,8.389613543219349712e-01
8.733990192409999409e-01,8.236711760991886067e-01
6.232500076290000690e-01,8.176897789991540710e-01
6.319249868390000024e-01,8.004304279769635100e-01
8.335350155830000274e-01,8.314386439246700400e-01
8.613430261610000027e-01,8.064329032272509190e-01
1.036013007159999999e+00,7.423579339402335275e-01
6.160370111469999355e-01,8.097884868871143560e-01
9.874529838559999995e-01,8.463587909943494081e-01
6.686739921569999634e-01,8.293845070083100124e-01
6.455339789389999972e-01,8.157633274228508480e-01
1.007030010220000049e+00,8.135910850066009337e-01
7.763000130650000719e-01,8.046340221279323357e-01
9.358490109439999705e-01,7.888019433400752511e-01
6.626719832419999401e-01,7.775935637572068959e-01
1.113351941109999910e+00,8.001667775170033803e-01
5.495319962500000432e-01,8.198767475602034560e-01
9.273632764820000096e-01,8.475431867377550832e-01
8.215330243109999486e-01,8.222448389090091236e-01
9.193540215489999223e-01,8.127312403346316216e-01
6.899859905239998925e-01,8.524708647134695561e-01
6.497738957409999738e-01,8.431915973998171943e-01
9.705049991609999704e-01,8.337216955086659276e-01
8.034440279009998909e-01,8.246614433838943548e-01
8.920990228650002019e-01,7.725434460057766239e-01
7.462270259859999921e-01,7.494765690995320861e-01
1.495407462120000197e+00,7.669469040535757953e-01
7.597569823270000633e-01,9.456004160184664498e-01
9.677280187609998974e-01,1.048525992841146781e+00
1.126011013979999920e+00,1.105615888943896952e+00
7.641419768330000029e-01,1.083318022992087570e+00
1.423818945879999909e+00,1.013357213830424541e+00
8.309190273280000483e-01,1.020946607779104065e+00
5.316870212550000030e-01,1.023667770479151695e+00
6.942920088770000442e-01,9.681992266487966514e-01
1.097100019450000019e+00,9.027822471762443346e-01
8.623710274700000511e-01,8.288352715892044476e-01
9.711959958079999788e-01,8.004250777094781277e-01
7.501904964450000213e-01,7.877241752384110951e-01
5.659890174870000346e-01,7.920828228449549036e-01
7.235890030859999378e-01,8.374799606935755536e-01
1.088876962660000114e+00,8.393725071947348848e-01
2.614549994470000138e-01,8.079014706094884701e-01
1.923168003559999895e-01,9.390114597002471308e-01
2.048390060660000012e-01,1.024856390298022113e+00
3.752999901769999980e-01,1.045070445436114825e+00
1.878910064700000104e-01,1.009878741288720461e+00
4.178839921949999980e-01,1.015653530624870626e+00
6.128349900249999704e-01,1.005652576758815364e+00
4.822100102899999352e-01,9.065162026630639858e-01
8.136649727820000066e-01,8.839208109319882656e-01
8.997989892959999958e-01,8.550518808534103288e-01
7.667459845540000041e-01,7.665455257767382902e-01
6.762999892229999421e-01,7.656222742683426175e-01
9.804093837739999984e-01,7.899941131899579361e-01
1.075533032420000090e+00,7.870755405069155275e-01
6.459739804270000496e-01,8.451930745981479642e-01
7.601699829100000416e-01,8.709537857664316762e-01
8.707180023190000950e-01,8.127683225539407141e-01
1.045557022089999899e+00,7.656582195661818524e-01
4.832339882849999713e-01,7.949923386931779801e-01
1.085988998409999962e+00,8.655859779537088405e-01
7.320979833600000930e-01,8.636107096977071462e-01
7.128990292550000385e-01,8.078481233936051220e-01
1.045389056210000112e+00,7.873167910375895584e-01
7.359200119969999676e-01,7.883623241900969969e-01
8.956930041309999480e-01,7.874715587699601116e-01
8.745509982110000191e-01,7.633732639088866012e-01
9.237470030779999508e-01,7.378991134175142408e-01
9.997780323029999971e-01,7.405664310305433151e-01
1.739534020420000049e+00,7.693468620711204631e-01
8.107889890670000321e-01,1.050666076358769185e+00
7.049050331119999235e-01,1.089488754576118934e+00
8.328269720080000438e-01,9.985864000260645801e-01
8.276600241660000412e-01,9.415013160200580433e-01
8.953109979630000659e-01,8.284594649005202482e-01
1.459501028060000039e+00,7.395010980784310073e-01
1.179519057270000060e+00,9.131638778275726898e-01
1.443411946299999915e+00,9.564848963988111796e-01
1.306735038760000078e+00,9.682358809630341456e-01
7.634999752040000365e-01,9.683344018667086051e-01
1.145148038860000161e+00,8.966512650471284429e-01
7.253450155259999477e-01,8.584084069137567496e-01
7.633590102199999672e-01,8.496173465202710995e-01
6.174820065499999622e-01,7.835721970028939332e-01
1.029322981830000039e+00,8.093212591096931030e-01
1.302055954929999926e+00,8.174269463386684142e-01
3.164124965670000122e+00,8.735973728765044077e-01
9.734439849849999549e-01,1.589023098228237840e+00
1.229671001429999855e+00,1.587524231397575258e+00
7.441530227660000385e-01,1.176305053615146701e+00
1.063034057620000139e+00,1.100348407369886816e+00
1.123872041700000102e+00,8.880296082597548546e-01
8.984770178790000283e-01,8.325896772457356265e-01
7.175139784810000698e-01,8.268761418129016993e-01
5.367509722709999931e-01,7.965126213446089842e-01
1.175443053249999981e+00,8.418678845887738182e-01
1.101048946379999949e+00,8.728930242183517985e-01
5.734490156170000130e-01,8.468942681188720289e-01
1.431144952770000200e+00,8.492308758572412186e-01
1.037794947620000130e+00,9.322980055562198887e-01
6.568620204930000206e-01,9.234645621971743212e-01
1.074908018110000141e+00,8.727090628257830884e-01
1.385972023009999887e+00,8.405461497197350695e-01
1.004804968829999812e+00,8.925222493469627816e-01
1.609539985660000116e+00,8.976747475852622227e-01
2.817575931549999524e+00,9.764634605513404786e-01
1.962562561039999709e+00,1.460814144079435550e+00
1.279752016069999998e+00,1.514295464995130569e+00
1.995329976079999845e+00,1.301835078370236820e+00
2.033385992049999924e+00,1.286486579128329533e+00
1.307443976400000096e+00,1.313213742309092380e+00
1.611258029939999892e+00,1.170193759265978795e+00
2.040218114850000042e+00,1.043601195507733781e+00
2.183244943620000100e+00,1.210911282547054046e+00
1.351415991779999937e+00,1.331815822378455971e+00
7.242180109020001089e-01,1.249515921099837223e+00
1.363389015200000109e+00,1.018721214720426760e+00
1.526808977129999967e+00,9.349553300500090813e-01
1.784019589420000163e+00,1.002711676149773412e+00
1.103597044940000105e+00,1.086255220245805786e+00
1.763007998470000004e+00,1.071769018341393709e+00
1.157549023629999896e+00,1.099050958727008531e+00
1.153326034550000045e+00,1.095533970301363125e+00
2.362811088559999551e+00,9.919677756601202878e-01
2.580787897110000007e+00,1.269043756131567946e+00
1.242146968839999976e+00,1.483250117391734513e+00
1.712821006770000265e+00,1.386472751601340869e+00
6.676509976389999323e-01,1.215649628872868648e+00
8.271329998970000652e-01,1.179546746897571996e+00
9.642647504809997994e-01,8.941207632243877157e-01
1.394161701200000048e+00,7.546305438760371187e-01
7.584049701689999923e-01,8.992441515972795507e-01
6.900759935379999765e-01,9.216853218430050010e-01
6.740249991419999809e-01,8.547176249555934469e-01
8.615220189090000424e-01,8.298009653937887808e-01
7.907469868659999790e-01,7.853112673274521560e-01
7.285000085830000138e-01,7.743488336051079779e-01
2.411980032920000294e-01,7.888893119950575183e-01
3.354600071909999981e-01,9.608127429893761340e-01
5.912460088730000507e-01,1.008093537772651649e+00
1.058426976200000036e+00,9.432666411019946517e-01
7.669919729230000316e-01,8.643742646627526893e-01
5.881239771840000019e-01,7.935439112346499568e-01
5.922303199769999305e-01,8.164192656202138298e-01
8.753510117530000079e-01,8.555542872083589101e-01
7.038279771799998974e-01,8.303184069040259185e-01
5.677499771120000371e-01,7.806481342216963215e-01
7.133870124819999825e-01,8.295367635531550876e-01
1.077505946160000061e+00,8.271566334806316201e-01
6.909419894220000247e-01,8.122912595433555705e-01
7.724580168719999973e-01,8.367074318752065754e-01
7.237120270730000859e-01,8.398265361108070426e-01
9.752489924429998958e-01,8.105148723377507691e-01
9.151769876479998178e-01,7.796684001971186939e-01
