5.654720067979999154e-01,1.249463091695604655e+00
7.307389974590000614e-01,1.210368349035479740e+00
1.074290990829999792e+00,1.198477120293941045e+00
9.521890282630000035e-01,1.246046097607817815e+00
9.879170060160000766e-01,1.262046276440904613e+00
1.011654973029999960e+00,1.260393813019145215e+00
0.000000000000000000e+00,1.264634619854216435e+00
7.643579840659999736e-01,1.151024051835388029e+00
7.788103222849999119e-01,1.161251136359498837e+00
3.306220054629999794e+00,1.207997486061308523e+00
1.055441975589999970e+00,1.532772104986075856e+00
7.543110251430000801e-01,1.499959199279531585e+00
7.915459871289999283e-01,1.271973971016977734e+00
1.409499049189999909e+00,1.221129499063273727e+00
8.875439763070001042e-01,1.293137035280796709e+00
6.401469707490000660e-01,1.283985742267417018e+00
5.082880258560000808e-01,1.218724620882704945e+00
8.640019893649999450e-01,1.178063525821790858e+00
5.725920200349999822e-01,1.205228288609937914e+00
8.469420075419999971e-01,1.198146172518127939e+00
9.181020259860001032e-01,1.210910902992116567e+00
7.976629734039999420e-01,1.237307935862590469e+00
9.608020186419998776e-01,1.232407790514320922e+00
9.555831551549999192e-01,1.242540020561038183e+00
3.470349907879999862e-01,1.253794143490155388e+00
9.546210169789999256e-01,1.185117499405360819e+00
1.293938040730000072e+00,1.207064064127957304e+00
5.251880288119999962e-01,1.287941169959686993e+00
4.773890078070000542e-01,1.232993793261729865e+00
1.275226235389999907e+00,1.170840634904528388e+00
8.723750114439999814e-01,1.248778503333763279e+00
8.355640172959999390e-01,1.266534423319767066e+00
7.321749925609999377e-01,1.238481370812758220e+00
7.640249729160000225e-01,1.218496790177306055e+00
4.072830080990000323e-01,1.213522627027619594e+00
4.752210080619999610e-01,1.174363807722871744e+00
8.781340122220000488e-01,1.155675568320153834e+00
7.414129972460000717e-01,1.201584292108016871e+00
1.258002042770000051e+00,1.218195203974863139e+00
1.069700956339999953e+00,1.272446526901533925e+00
7.274609804150000691e-01,1.292057277612344235e+00
7.892770171170000459e-01,1.241807472669462120e+00
6.237750053410000550e-01,1.218920213241580619e+00
6.914690136910000007e-01,1.200684547639584876e+00
8.557710051540000640e-01,1.196275780176426551e+00
7.093830108640000187e-01,1.218302011765561410e+00
1.014547944070000041e+00,1.215296752741919395e+00
1.115731000900000103e+00,1.240920846952593193e+00
4.182830154900000208e-01,1.276201410177332907e+00
1.002280950550000105e+00,1.206643895326111826e+00
1.218860983849999968e+00,1.219891625823173120e+00
1.143296003339999922e+00,1.283870702494354754e+00
6.528189778330000248e-01,1.300933984949900202e+00
6.746559739110000731e-01,1.238668359337044222e+00
6.009536385540000802e-01,1.200884644845626292e+00
6.694570183749999348e-01,1.188343428238236799e+00
6.538079977039999990e-01,1.190687705737055291e+00
7.814120054240000224e-01,1.193304103234968272e+00
1.206303954120000022e+00,1.207391320911931798e+00
8.469259738919999725e-01,1.266790789886392599e+00
8.286409974099999687e-01,1.261368787340541475e+00
6.482390165329999787e-01,1.234734306444041474e+00
5.623700022700000023e-01,1.208001937445114526e+00
7.183309793469999649e-01,1.184048971160730268e+00
1.099647998810000082e+00,1.192952008843564116e+00
9.541710019110001273e-01,1.247971054158800719e+00
7.290139794350000146e-01,1.264268449350926860e+00
6.694499850270000385e-01,1.230493483078415551e+00
8.631219863889999511e-01,1.203900305948141014e+00
6.464660167689999515e-01,1.218679428189042513e+00
8.223180174830000411e-01,1.208400766508694657e+00
9.235979914669999458e-01,1.213822175718806573e+00
8.300920128820000743e-01,1.236850643869753075e+00
1.067314028740000031e+00,1.236328418634369042e+00
1.546175003050000107e+00,1.257757761812665853e+00
6.827279925350000500e-01,1.334639051162195944e+00
6.385620236399999206e-01,1.274895198236088989e+00
6.464239954950000699e-01,1.204114348639468757e+00
6.881093978879999629e-01,1.191057495300373414e+00
7.273989915849999877e-01,1.195853641853491078e+00
6.500350236890000133e-01,1.203628988344486617e+00
8.693690299990000092e-01,1.198379326372579934e+00
4.408580064769999640e-01,1.217854879405509072e+00
4.518609941010000020e-01,1.185301255072138682e+00
7.575070261959999662e-01,1.156766264485224793e+00
4.952389895920000229e-01,1.186609829242441849e+00
6.850870251659999521e-01,1.180486644864411794e+00
7.243813276289999825e-01,1.185416206455115251e+00
8.653740286830000628e-01,1.201275531166218657e+00
7.400469779970000328e-01,1.222740191554276157e+00
8.070759773250000269e-01,1.219989903848591517e+00
8.204330205920000729e-01,1.219451503613116161e+00
1.114411950110000049e+00,1.224796409460759516e+00
1.108605027200000093e+00,1.261054937987242441e+00
4.751499891279999943e-01,1.285289264957334865e+00
1.039268016820000140e+00,1.213837786237668581e+00
9.457899928090000019e-01,1.228445609058459898e+00
7.877500057220000462e-01,1.255201637314952157e+00
3.504549860949999762e-01,1.235896035063935416e+00
9.367713332179998797e-01,1.172327962950658886e+00
9.868059754369999936e-01,1.203271945723094261e+00
6.470239758489999549e-01,1.250015923370062509e+00
1.029777050020000084e+00,1.221611192545106750e+00
1.187446951870000156e+00,1.239341729439477513e+00
9.328820109369999614e-01,1.285303507105358012e+00
7.528370022769999004e-01,1.273165304892270200e+00
6.420040130619999452e-01,1.232638756112769185e+00
2.307340055699999837e-01,1.202374381303345396e+00
4.714997112749998998e-01,1.145904180790677129e+00
8.772729635240000823e-01,1.141240348506479041e+00
7.876309752460000091e-01,1.199179544871436853e+00
2.742219865320000283e-01,1.223412481817360176e+00
3.992269933219999567e-01,1.163022938591176114e+00
9.923512339589999343e-01,1.138109359035542223e+00
7.627239823340000724e-01,1.207232659714273737e+00
7.200859785079999353e-01,1.228987815400155892e+00
6.264780163759999798e-01,1.212799472006230284e+00
7.269890308380000388e-01,1.196023682723434511e+00
9.301019906999999920e-01,1.199687692951738383e+00
6.872699856759999504e-01,1.229716326127379356e+00
8.662552833559999943e-01,1.219128274218465258e+00
8.352038264269999734e-01,1.222891361812585842e+00
9.402499794959999768e-01,1.230620195469935618e+00
1.023357987399999836e+00,1.242538103779560199e+00
7.322629690170000538e-01,1.260561241108144603e+00
9.300749897960000068e-01,1.234539191792755952e+00
8.702930212019999168e-01,1.235009679990763942e+00
5.104020237919999481e-01,1.240442956231700311e+00
1.025817990299999982e+00,1.196565436945888683e+00
4.551239907739999535e-01,1.226681986673890723e+00
7.345349788670000324e-01,1.197617822438697521e+00
7.012919783589999234e-01,1.191158166789861417e+00
1.014386057849999911e+00,1.202027610730259655e+00
1.123770236970000225e+00,1.238759031984358217e+00
4.825370013710000294e-01,1.277046620303003976e+00
4.689320027830000681e-01,1.214691826043241329e+00
8.755196928980000237e-01,1.164697688782678320e+00
1.145424962039999883e+00,1.201683915815149106e+00
1.943787455560000099e+00,1.265085468136584623e+00
1.557039022450000143e+00,1.392209302074782107e+00
2.104775905609999942e+00,1.423941828418600730e+00
1.062240004540000005e+00,1.469167433555626401e+00
7.867829799650000178e-01,1.381645423807389195e+00
2.247971057890000068e+00,1.259405673828488670e+00
5.664669871329999218e-01,1.400396109006950995e+00
8.389729857439999217e-01,1.322037330616464557e+00
3.188189864160000386e-01,1.227239761557391118e+00
6.386680006980000046e-01,1.168309427186975169e+00
7.540266513819999794e-01,1.168143236029402621e+00
1.085826039310000102e+00,1.199012905087367242e+00
6.014299988750000381e-01,1.250174342921761106e+00
6.923220157619999204e-01,1.222163042513338738e+00
8.782439827919999997e-01,1.198230492251929347e+00
1.279224038119999962e+00,1.220685494102938584e+00
7.251669764520000117e-01,1.284022764089955526e+00
4.283109903339999969e-01,1.254347841230662342e+00
7.012249827380000466e-01,1.180267336390256050e+00
8.846225738529999161e-01,1.181838672224035491e+00
7.809653878210001121e-01,1.220067752467185906e+00
9.259700179100002204e-01,1.225983501950333343e+00
9.178640246389998536e-01,1.236714030974788159e+00
9.073020219799998731e-01,1.246276332784256535e+00
4.099450111390000040e-01,1.246176743943240073e+00
8.741459846500000408e-01,1.187931556586017567e+00
1.231343984599999830e+00,1.202097120992113410e+00
7.683960199359999299e-01,1.274446544376959256e+00
9.357339143750000865e-01,1.255342705158055905e+00
7.523270249369999885e-01,1.241199182087575625e+00
6.247839927670000293e-01,1.227610473084745468e+00
1.977947235109999591e+00,1.200408647378421456e+00
2.476479291920000048e+00,1.348057793003756721e+00
6.822599768639999729e-01,1.543925726979949342e+00
1.294077992440000102e+00,1.376222752521249815e+00
2.116506099700000032e+00,1.293535583077688011e+00
2.030230045320000176e+00,1.425808154381702053e+00
1.727593064309999926e+00,1.507929692382040887e+00
1.321619033810000010e+00,1.470418406188429561e+00
1.114274978639999913e+00,1.384811406751822682e+00
1.618482947350000201e+00,1.316343412726705075e+00
1.102354049679999948e+00,1.354542599701102468e+00
8.501269817350000091e-01,1.333557073072287436e+00
6.531813144679999850e-01,1.263752654768338868e+00
6.168276071549999573e-01,1.213391872496977442e+00
1.023204803470000090e+00,1.190816060670198073e+00
1.176781058310000017e+00,1.232076548324295251e+00
1.108754038809999898e+00,1.283081978568799020e+00
9.838110208509999177e-01,1.293332786682136470e+00
1.829927563669999868e+00,1.274430607384625436e+00
1.342131018639999951e+00,1.366232337062153634e+00
1.265669584270000092e+00,1.382334569976203964e+00
7.930377125740000199e-01,1.338410668458984487e+00
1.030689358710000114e+00,1.267221737173353846e+00
8.210232257839999992e-01,1.254776448295868319e+00
1.099169254300000009e+00,1.243703524912388225e+00
5.255355238910000004e-01,1.262133928532791272e+00
7.758393883709999717e-01,1.215289193287084402e+00
7.209759950640000081e-01,1.202060597130119257e+00
8.666771054269999386e-01,1.208328686468631341e+00
8.462041020389999835e-01,1.223719194745856109e+00
7.614132165909999195e-01,1.232341462282826150e+00
6.587246060370000045e-01,1.222649981083453907e+00
1.078659296040000104e+00,1.203904909607809826e+00
1.281940340999999872e+00,1.243169072188196722e+00
6.600005030629999547e-01,1.301069035943307473e+00
1.112500548360000119e+00,1.249395396128299973e+00
6.280704736709999958e-01,1.253807045238353846e+00
6.864575743680000341e-01,1.226304121767219701e+00
9.000409841539999123e-01,1.199938956029506620e+00
7.342569231990000445e-01,1.223051203359946548e+00
1.011121273039999879e+00,1.221645423466765523e+00
8.827599883079999543e-01,1.243070837326827549e+00
7.521411776540001259e-01,1.248606457647221113e+00
9.489411115650000506e-01,1.226292778164280284e+00
6.799052953720000625e-01,1.237047043188706175e+00
7.211565971369999772e-01,1.220099592908086672e+00
6.504104733470000843e-01,1.205906951540416383e+00
7.167106270790000178e-01,1.197840485685293999e+00
9.056316018100001308e-01,1.200379248603813176e+00
6.526464819910000603e-01,1.226358789715414233e+00
7.056654095649999014e-01,1.213057012947440949e+00
6.581057906149999637e-01,1.201504830045357908e+00
6.592794060709999959e-01,1.197191389177704401e+00
6.634064316750000190e-01,1.194279564367587643e+00
7.808002829549999246e-01,1.194276589357171847e+00
7.565907239910000248e-01,1.207946761169266470e+00
9.280405640600000172e-01,1.214432847706431229e+00
7.073829770089999913e-01,1.233718259642785142e+00
3.888399899009999383e-01,1.221642210562665198e+00
3.422417938710000107e-01,1.170288639553289656e+00
2.337300032380000281e-01,1.139165540255003162e+00
1.459127068520000015e-01,1.120643578131932605e+00
3.949534893039999828e-01,1.103295322726853156e+00
9.678409695629999199e-01,1.122609909310573251e+00
7.839220166210000285e-01,1.202669496332145371e+00
8.333759903910000766e-01,1.229401264256922532e+00
9.723259806630000224e-01,1.227233941786977756e+00
6.905210018160000685e-01,1.245120390794050014e+00
1.345324039460000121e+00,1.224205763716395223e+00
7.227010130879999439e-01,1.279841128583743437e+00
6.804850101469999135e-01,1.257373990477187453e+00
7.610610127449999318e-01,1.209493236314155729e+00
8.075709938999999782e-01,1.207779531154474784e+00
5.886639952659999953e-01,1.218933332593812535e+00
9.960750937460000065e-01,1.198521893270418692e+00
1.045413970949999882e+00,1.228602203176636820e+00
4.713059961800000197e-01,1.264765039679495162e+00
1.047140955920000005e+00,1.206827011639310276e+00
1.126214265820000060e+00,1.228265810836598249e+00
2.560461759570000329e+00,1.277252614834522237e+00
7.747610211370000721e-01,1.472656397311519649e+00
7.172060012819999608e-01,1.384595911811804081e+00
8.005080223080000001e-01,1.233850434423725551e+00
5.680390000339999856e-01,1.215794967720839503e+00
1.195780038829999947e+00,1.195108356413091766e+00
7.970449924470000003e-01,1.250082311011216030e+00
4.899359941480000979e-01,1.251925657665408309e+00
9.918130040170001216e-01,1.191742695362162596e+00
7.445690035819999553e-01,1.220291538806738130e+00
6.096370220180000743e-01,1.227912923179429905e+00
8.565919995309999591e-01,1.198760361668254726e+00
8.144299983980000102e-01,1.213444761788838866e+00
7.605929970739999657e-01,1.226496847901174858e+00
9.157519936560000184e-01,1.219894573718118602e+00
7.421634793279999753e-01,1.233024865493752564e+00
7.329360246660000522e-01,1.224721877594650232e+00
8.745691180230000805e-01,1.211718483796167201e+00
9.644910097120000803e-01,1.225169485773787370e+00
1.477671980859999845e+00,1.246935149241685803e+00
6.752679944040000937e-01,1.317763678656593607e+00
5.030400156970000758e-01,1.266643838999725880e+00
7.066659927370000371e-01,1.187303738567490274e+00
2.968195915220000369e+00,1.187461881072332082e+00
1.255300998690000114e+00,1.477474522456081019e+00
4.084815025330000182e+00,1.487512597095858924e+00
1.692322969440000158e+00,1.730087260281362616e+00
4.121052026750000041e-01,1.701526733553653026e+00
1.035750985149999970e+00,1.298020882946748555e+00
6.408920288089999806e-01,1.230619038012205957e+00
7.065470218660000468e-01,1.218567783313968089e+00
1.060830354689999977e+00,1.202274381868770670e+00
1.880954027180000043e+00,1.243445272052826400e+00
1.886373996729999725e+00,1.374125843632121535e+00
1.328773975370000082e+00,1.459866203175557597e+00
3.931840062139999592e-01,1.399155732305184197e+00
6.382430195809999374e-01,1.232419181585531875e+00
1.045531988140000035e+00,1.179409024456111954e+00
6.588029861449999913e-01,1.233238162576262509e+00
8.046740293499999863e-01,1.224121648302615606e+00
8.740410208700001293e-01,1.214995273606513049e+00
8.532550334930000258e-01,1.229823766899015736e+00
8.952109813689997919e-01,1.234781647993237197e+00
7.301589846610000434e-01,1.238841206396609884e+00
4.149410128589999802e-01,1.222807258179433587e+00
2.700940072540000125e-01,1.174546044686547441e+00
4.911319911480000466e-01,1.133460545597592573e+00
5.079169869420000483e-01,1.143632119251033030e+00
1.224020004270000017e+00,1.159842458718803426e+00
1.267657995220000222e+00,1.244815026348538023e+00
2.633487939829999736e+00,1.310161092532000193e+00
3.999615430829999596e+00,1.499141805222787616e+00
6.651418209080000032e+00,1.860148621296395577e+00
2.102678060530000170e+00,2.572660691544040201e+00
1.283689975739999989e+00,2.272281999399980545e+00
1.291347503659999951e+00,1.495782427806539694e+00
1.353754043579999733e+00,1.340216607741578247e+00
2.390191078189999985e+00,1.337084644491251195e+00
1.461441040039999972e+00,1.476466677146333506e+00
1.599208951000000045e+00,1.461099374605914658e+00
1.471150994300000070e+00,1.400273371192506389e+00
1.298205018039999992e+00,1.383220036233000050e+00
1.579622030259999921e+00,1.351102525735333293e+00
1.360355019570000268e+00,1.368660419918670490e+00
8.036410212519999874e-01,1.364899914938070946e+00
4.276689887049999750e-01,1.279872782166710632e+00
2.694070041180000041e-01,1.187231429125208404e+00
3.897170126439999938e-01,1.135124269751416781e+00
4.179170131680000067e-01,1.132731675894963930e+00
1.546036005019999937e+00,1.142607674647426963e+00
1.017611026760000037e+00,1.274155843865258042e+00
8.653150200839999640e-01,1.307306366809838138e+00
6.194109916690000439e-01,1.257468635666242118e+00
8.454149961469999974e-01,1.209679575074799063e+00
8.048596382139999728e-01,1.214385132472177942e+00
1.435889005660000217e+00,1.224609964265247930e+00
2.565752029420000024e+00,1.298609906331675834e+00
6.206179142000000759e+00,1.500936243620711208e+00
9.309499859810000943e-01,2.203632362538218814e+00
9.077759981159998492e-01,1.929984322633049310e+00
4.609797894950000141e-01,1.324688927398146587e+00
5.264570117000000327e-01,1.193908205192454997e+00
7.942249774930000283e-01,1.166932489366394821e+00
9.704009890560000295e-01,1.196608156339562523e+00
6.695889830590000535e-01,1.238579249916825775e+00
6.997730135920000594e-01,1.221151011242187501e+00
6.903669834139999351e-01,1.202929809774079706e+00
6.361600160600000553e-01,1.200596840393570508e+00
9.726700186730000697e-01,1.194078594391657422e+00
6.393389701839999884e-01,1.228211131640832843e+00
5.123779773709999930e-01,1.215940128987738067e+00
5.699130296709999932e-01,1.179470078325171700e+00
8.318089842800000522e-01,1.172449171040091276e+00
4.694110155110000071e-01,1.204791155351092158e+00
9.054309725759998040e-01,1.184671025010579859e+00
8.482750058169999940e-01,1.209260438780753955e+00
6.566630005839999562e-01,1.232687836164563677e+00
6.324055790899999474e-01,1.211230244636351872e+00
3.268550038340000130e-01,1.192821063632528933e+00
3.047409951689999952e-01,1.154657798563522020e+00
2.159480005499999911e-01,1.129863164098657835e+00
2.148479968310000043e-01,1.115459794851178188e+00
1.512310057880000003e-01,1.108981360292935037e+00
4.153338372709999837e-01,1.101242653700605478e+00
7.344200015070000420e-01,1.124958113906549650e+00
9.913370013240001555e-01,1.178040598284696872e+00
7.910000085830000138e-01,1.234876867846469883e+00
7.429170012469999973e-01,1.236227710898006205e+00
7.426548600200000294e-01,1.217646433619235191e+00
8.799139857289999256e-01,1.211380159155466041e+00
7.376829981800000491e-01,1.226568465347019243e+00
1.240342974660000097e+00,1.221102968518189114e+00
8.343409895899999151e-01,1.270066681988105017e+00
3.054729998110000122e-01,1.262231514527647036e+00
8.929460048680000206e-01,1.174387487050127854e+00
1.285866022110000007e+00,1.195513248590257760e+00
4.146400094030000538e-01,1.281245709474484462e+00
1.090137004850000091e+00,1.218683460947139086e+00
5.923830270769999684e-01,1.231860292922619671e+00
3.773260116580000045e-01,1.217422060383589022e+00
2.693597316740000469e+00,1.162289924985708822e+00
2.288666009900000020e+00,1.413420683364845720e+00
8.955270051960000366e-01,1.596215299567694812e+00
8.070570230480000884e-01,1.395686348897460238e+00
1.194862961769999954e+00,1.250468424861648886e+00
8.929409980770000033e-01,1.270595948270438535e+00
9.776080250740001309e-01,1.266191464627543839e+00
1.832507014270000179e+00,1.255810891541401464e+00
1.403792977329999747e+00,1.363026052327607207e+00
7.223749756810000644e-01,1.390438985825912965e+00
6.599410176280000595e-01,1.277303786152913734e+00
7.407349944109999917e-01,1.207851022179104561e+00
5.553659796709999874e-01,1.203862409181082560e+00
1.236768960949999885e+00,1.188366379285152430e+00
6.214020252229999208e-01,1.253122853627739230e+00
7.108730077739999764e-01,1.234574651938239676e+00
3.064779937269999643e-01,1.203731490968479756e+00
6.473349928859999380e-01,1.157862137675607084e+00
5.458269715310000159e-01,1.166718299819565097e+00
1.024247765539999966e+00,1.176108216748612545e+00
8.176820278170000567e-01,1.226550742777800629e+00
7.440620064740001149e-01,1.239758826461541341e+00
7.367150187490000279e-01,1.220306075810509983e+00
5.768560171130000525e-01,1.211111774767674953e+00
9.152600169180000744e-01,1.191471698516992861e+00
1.137029051779999911e+00,1.217520978009914767e+00
4.960080087179999930e-01,1.268727755432877302e+00
4.941360056399999312e-01,1.216115225700866054e+00
8.834533095360000976e-01,1.168648481348532053e+00
1.271524906160000024e+00,1.204660471306514324e+00
8.864369988439999570e-01,1.281056522342589377e+00
8.988280296330000141e-01,1.272972378293504514e+00
9.049779772759998231e-01,1.246989276145442638e+00
8.299319744109999730e-01,1.243850415224949879e+00
8.756300210950000995e-01,1.235738973987306588e+00
5.502920150760000073e-01,1.235055162670707807e+00
1.073919415470000027e+00,1.200322729487826923e+00
8.491920232770000521e-01,1.235426801800182384e+00
6.393229961399998773e-01,1.247626497373239829e+00
7.995309829709998928e-01,1.211375344497215290e+00
9.646000266079999275e-01,1.210489625090351407e+00
8.413559794430000016e-01,1.239698499997063275e+00
7.011449933050000194e-01,1.240717148524800306e+00
7.240070104600000445e-01,1.216513453020062308e+00
1.010308027270000020e+00,1.206584887342256218e+00
6.538060307499999890e-01,1.239695769240493739e+00
7.932850122450000319e-01,1.221709249000188846e+00
6.538396477699999210e-01,1.212866402385809339e+00
1.160789966579999888e+00,1.203549363541292827e+00
8.085789680480000019e-01,1.252772596608991762e+00
3.743770122530000188e-01,1.251386770278827498e+00
2.556999921800000020e-01,1.179174076001685778e+00
4.893150031570000502e-01,1.129901625748384486e+00
1.151844024660000132e+00,1.141968105973427461e+00
7.372779846189999597e-01,1.232197078504751353e+00
1.088750958439999916e+00,1.240249906378808165e+00
1.975852966309999958e+00,1.255599150448642343e+00
8.547700047490001118e-01,1.389100993748487500e+00
7.977370023729999371e-01,1.335990136856790800e+00
1.052428960799999924e+00,1.241796740300711521e+00
3.179450988770000208e+00,1.252490258264974843e+00
1.797067999840000541e+00,1.543904491031455883e+00
1.056702017779999947e+00,1.594918843973137212e+00
8.751260042189999977e-01,1.375107335865602298e+00
6.645399928090000019e-01,1.265268917335417020e+00
7.571684122089999969e-01,1.216126350779138887e+00
1.368484020229999931e+00,1.207926136991861688e+00
9.052469730380000579e-01,1.284203011293820307e+00
1.032060980800000083e+00,1.282075682797762184e+00
6.141330003739999821e-01,1.265534273679323141e+00
9.733130335809999645e-01,1.221092196441583067e+00
6.452289819719999597e-01,1.230748406289038144e+00
4.894390106200000035e-01,1.216407629684836955e+00
8.408679962160000576e-01,1.177354787910394718e+00
7.771940231319999226e-01,1.201224890255119471e+00
6.755350232119999854e-01,1.219505397827731707e+00
6.592059731480000018e-01,1.206996816482025281e+00
1.084153056139999904e+00,1.196461031580983603e+00
9.314100146290000826e-01,1.242793012161128807e+00
1.359479665760000122e+00,1.259524397199728085e+00
7.633988261220000515e-01,1.303286597981763384e+00
5.357339978220000409e-01,1.266471768681830534e+00
6.781889796259998882e-01,1.196338898587524957e+00
7.839810252189999273e-01,1.187763041979761569e+00
1.169367671010000054e+00,1.207999662245802464e+00
1.015287995340000027e+00,1.262937887700647410e+00
9.259430170060000131e-01,1.278343306989018213e+00
1.319244027140000108e+00,1.259542539961772567e+00
9.717460274700000511e-01,1.297042220486299913e+00
1.176299691200000108e+00,1.287947495434482947e+00
1.714609026910000056e+00,1.287729214862929350e+00
1.307337045669999975e+00,1.367407809661426610e+00
6.186890006069999393e-01,1.369360950026631496e+00
2.298435926440000276e+00,1.254941552180206532e+00
1.808241009709999680e+00,1.395135710442098942e+00
8.794149756429999742e-01,1.487309156950274547e+00
1.570945024490000064e+00,1.340210512725634073e+00
1.578516006470000121e+00,1.334590343378661670e+00
6.200309991839999535e-01,1.386019623714019433e+00
9.928810000419999726e-01,1.276840835673442198e+00
4.551869928839999968e-01,1.240464709939643084e+00
1.017398953439999865e+00,1.196284994026171056e+00
8.378469943999999892e-01,1.222943441989372548e+00
4.884769916529999589e-01,1.240461791268444580e+00
1.246340990070000210e+00,1.192588163640641241e+00
1.209630966189999990e+00,1.250133968530778628e+00
1.252451062200000020e+00,1.304811569198189858e+00
1.519726991650000025e+00,1.316713658062983239e+00
1.063797950739999942e+00,1.353220969611641289e+00
1.571495056150000069e+00,1.321521263875211627e+00
1.278105020519999968e+00,1.346910253201675900e+00
1.192077994349999948e+00,1.350491867601644635e+00
8.304439187050000060e-01,1.319854160689617029e+00
1.402015686039999931e+00,1.264543441298397353e+00
1.156504034999999986e+00,1.301244352915638114e+00
1.162554860120000200e+00,1.316621793024122411e+00
6.007519960399999581e-01,1.303138205846231523e+00
1.253835797310000055e+00,1.233384740745149921e+00
1.791844010349999960e+00,1.264116943378101654e+00
1.734062552449999961e+00,1.379291288838435436e+00
4.939970970150000085e+00,1.433380943181224110e+00
2.394351005549999911e+00,1.892266787378585668e+00
2.212575912479999740e+00,1.956685842788158380e+00
1.886527061460000265e+00,1.629982661056923687e+00
9.343829751010001017e-01,1.516389711343506752e+00
9.099829792979999832e-01,1.353398101372186302e+00
8.112999796870000724e-01,1.260375847319592513e+00
1.049708962440000004e+00,1.234416116063111080e+00
1.351788043980000076e+00,1.253971442884084908e+00
1.277305960659999906e+00,1.309005754617889261e+00
7.854449748989998925e-01,1.329901971845880881e+00
4.846229851250000165e-01,1.267442595096999414e+00
6.676359772680000582e-01,1.191239685059025888e+00
8.322510123249999836e-01,1.182991032912913187e+00
5.959370136259999340e-01,1.212089486766256163e+00
3.410890102390000123e-01,1.200176031919997444e+00
6.860110163689999707e-01,1.155534751509531111e+00
8.153510093690000682e-01,1.172205271499621615e+00
3.985430002210000322e-01,1.209918623322437936e+00
6.998159885410000225e-01,1.176783089979301256e+00
4.263690114019999533e-01,1.180527554915952626e+00
6.866139769550000382e-01,1.167798324384311082e+00
1.826770007609999913e-01,1.179764775332433624e+00
7.018824815749999946e-01,1.140285205845959382e+00
1.796682000159999681e+00,1.163535374245814769e+00
7.204269766809999753e-01,1.325135035117395166e+00
4.680640101429999755e-01,1.297388501318615939e+00
6.408870220180000743e-01,1.190832910112519238e+00
7.520520091060001189e-01,1.178000219027917961e+00
1.001817584040000098e+00,1.200682424200107512e+00
1.660804033279999814e+00,1.240225370330314103e+00
1.450595021250000061e+00,1.341944149048479362e+00
1.085010051729999869e+00,1.380022061139005274e+00
1.099555015560000015e+00,1.323461395807861596e+00
7.694180011750000325e-01,1.289938939484465585e+00
1.254430413249999932e+00,1.247020848574043939e+00
1.496320962910000052e+00,1.277186070159377795e+00
7.186369895940000196e-01,1.344496031560660887e+00
8.902019858359999649e-01,1.277253484021555474e+00
9.891759753229998342e-01,1.235300467591216478e+00
2.849014520649999938e+00,1.250938249684363068e+00
4.281075000759999583e+00,1.494870015348481962e+00
1.248739004139999942e+00,1.929708547455013079e+00
7.096589803699999699e-01,1.688629410279149257e+00
7.497439980509998936e-01,1.297860225778993071e+00
8.907449841500001408e-01,1.215201775973059117e+00
1.469527959819999952e+00,1.227981565988640833e+00
1.608888030049999918e+00,1.308762907648283180e+00
1.043460965159999976e+00,1.380343855669162956e+00
1.184751033780000018e+00,1.330197021941127211e+00
5.063725113870000127e-01,1.298815118767843169e+00
6.946156024930000283e-01,1.222813074993160498e+00
9.299110174179999744e-01,1.192454209876224969e+00
7.754629850390000190e-01,1.225684978073879883e+00
8.564696311949999696e-01,1.228926013212337631e+00
9.269009828569999554e-01,1.228763060519560302e+00
7.506660223010001021e-01,1.241583568806527760e+00
9.248849749570000611e-01,1.227779160145933357e+00
1.070162653919999984e+00,1.234678701363358444e+00
8.752880096439998869e-01,1.263763398931839088e+00
7.511039972310000756e-01,1.255027336750994316e+00
8.627579808239999037e-01,1.226304857030610096e+00
5.096570253369999692e-01,1.226874531745613561e+00
8.495249748229999343e-01,1.193753257692555803e+00
6.711369752879999817e-01,1.206348140534132751e+00
6.132180094720000030e-01,1.208257880563812225e+00
3.810549974440000098e-01,1.191779065242445368e+00
8.710420131680000067e-01,1.159376370726917571e+00
6.540319919589999698e-01,1.196072484973218053e+00
9.089673757550000843e-01,1.206506068118938568e+00
9.709029793739999414e-01,1.224470082115680647e+00
9.856920242309999969e-01,1.249538565071007801e+00
1.356256246570000101e+00,1.259586959203322420e+00
1.309872984889999925e+00,1.306079309888846351e+00
6.344919800760000506e-01,1.333486273383458709e+00
5.933508276940000492e-01,1.252319714370329518e+00
8.796380162239999523e-01,1.192304610791308450e+00
1.131836414339999930e+00,1.213498370068390342e+00
1.841274023059999987e+00,1.265348887464350813e+00
2.261745929719999992e+00,1.378011669575112341e+00
2.597975969309999744e+00,1.507333823426810770e+00
2.399192094800000064e+00,1.613021670821976006e+00
1.982298016549999931e+00,1.631848082041863268e+00
2.269547939300000206e+00,1.554251086568162465e+00
2.017889976500000238e+00,1.544205991314904658e+00
1.452262043950000026e+00,1.534161719377928002e+00
1.342797994609999934e+00,1.434677394560078145e+00
1.311915040020000145e+00,1.361013531176366476e+00
1.276762008670000226e+00,1.338902966645036052e+00
1.275267004970000118e+00,1.330207645341020095e+00
1.210446000100000141e+00,1.326423738705653665e+00
8.153480291369999966e-01,1.317817640156300429e+00
7.271119952200000291e-01,1.264275362565590921e+00
6.043019890790000126e-01,1.220481967275250490e+00
9.830358624459998307e-01,1.194680358893913885e+00
1.101529002189999940e+00,1.227345259657343757e+00
1.183724999429999869e+00,1.270531227330922608e+00
4.356400072569999726e-01,1.295344835505158443e+00
3.270040154459999959e-01,1.215253919620826961e+00
8.039849996569999879e-01,1.146356900271023882e+00
4.216859936710000145e-01,1.182471748671756195e+00
5.734559893609999515e-01,1.174399387142645024e+00
3.959457874300000291e-01,1.168037130292575609e+00
4.163750112060000119e-01,1.155255524203843587e+00
5.603970289230000290e-01,1.146245703333450106e+00
7.749050259590000156e-01,1.161546813753306484e+00
6.370840072629999629e-01,1.196495153512878939e+00
3.839260041709999793e-01,1.199104602383505913e+00
5.648739933969999516e-01,1.162666342283836363e+00
1.054715037350000051e+00,1.162397306945476050e+00
6.537709832190000681e-01,1.228409844920494320e+00
5.931029915809999942e-01,1.223409191801266394e+00
1.022608995439999946e+00,1.190637056532625859e+00
8.359869718549999273e-01,1.230144868151574089e+00
6.375340223309999832e-01,1.242338631098517387e+00
9.755985140800000899e-01,1.209493340067018918e+00
4.898079931740000337e-01,1.230433937786653331e+00
1.098647952079999879e+00,1.199059567877006183e+00
1.151165962220000116e+00,1.234787615995821763e+00
8.061249852179999120e-01,1.284878170096586780e+00
4.744769930840000427e-01,1.255863777946234272e+00
7.896029949189999897e-01,1.190153834608152605e+00
4.762530028820000094e-01,1.196196589370396746e+00
5.455229878430000179e-01,1.181081028553345957e+00
6.212809681889999158e-01,1.168796176821051525e+00
7.707700133319999036e-01,1.178786224830194795e+00
9.337069988249999675e-01,1.202199228411303000e+00
8.110550045970000843e-01,1.233570571473215471e+00
6.005529761310000048e-01,1.234300439650328318e+00
1.002521038060000036e+00,1.202219242027301238e+00
8.921650052070000392e-01,1.230324460422967503e+00
9.160850048069999474e-01,1.247357213057709080e+00
7.413420081139999729e-01,1.246060570252528921e+00
9.283249974250000758e-01,1.226261437531182663e+00
6.429409980770000033e-01,1.234197562073392263e+00
9.950090050700001187e-01,1.214052697862705532e+00
6.271365880970000140e-01,1.234249822245634398e+00
1.038689017300000073e+00,1.216416862373254970e+00
6.888009905820000611e-01,1.238898748976443587e+00
5.214130282399999095e-01,1.226908454641550739e+00
6.510270237919999481e-01,1.185042931358669449e+00
1.159701943399999990e+00,1.182758499818024500e+00
6.456400156020000169e-01,1.249075903608253491e+00
1.195862650870000099e+00,1.232139759542633772e+00
1.304703950880000018e+00,1.260876173042642545e+00
8.844429850579998975e-01,1.313957909297764681e+00
7.697709798810000725e-01,1.279651820401196627e+00
7.702100276950000213e-01,1.232166350685987233e+00
6.418280005459999771e-01,1.217794442482669437e+00
8.937159776689999058e-01,1.201752023930384716e+00
5.247250199319999364e-01,1.220526120996525909e+00
5.142210125920000374e-01,1.196605892073530963e+00
7.172748446459999982e-01,1.170131962879124243e+00
6.410769820210000525e-01,1.187746030172259770e+00
4.689820110800000386e-01,1.194541638437678799e+00
1.203750014310000171e+00,1.171750301206821332e+00
7.911959886550000709e-01,1.241215257009512740e+00
1.136301159859999910e+00,1.250704385298892163e+00
8.642929792399999256e-01,1.266300815474385555e+00
8.814030289650001126e-01,1.257612735098056156e+00
5.817409753800000249e-01,1.241413269911797901e+00
8.651199936869999885e-01,1.204780267899427493e+00
9.078124761579998703e-01,1.213908862940306088e+00
7.377740144730000615e-01,1.237693924589666095e+00
1.120375037189999867e+00,1.224848392426541643e+00
9.422479867940000142e-01,1.256257561558820957e+00
1.060060024260000011e+00,1.264850094045656181e+00
7.158420085910000008e-01,1.268718642859693269e+00
4.040209949019999969e-01,1.235667421002575983e+00
2.920779883859999648e-01,1.174190563494252881e+00
6.317924261089999938e-01,1.134901678617117549e+00
1.124665260310000026e+00,1.160475240129711594e+00
1.115690946580000009e+00,1.240707455657825031e+00
1.247418999670000028e+00,1.284629914435506448e+00
6.976169943809999996e-01,1.306180300482881806e+00
3.693974971769999893e+00,1.251383981165510528e+00
8.204839825630000361e-01,1.584123876002532239e+00
8.573070168499999921e-01,1.511973992973728809e+00
6.902359724040000311e-01,1.270314695021470763e+00
8.385969996449998964e-01,1.214772660677427396e+00
1.287726998329999928e+00,1.219049806217665788e+00
9.632229804990000144e-01,1.281682519649309127e+00
1.343299984930000024e+00,1.283035805621669967e+00
7.316169738770000874e-01,1.306780752519619115e+00
6.809219717980000697e-01,1.261683580385174697e+00
7.014784216880000089e-01,1.210216747989478092e+00
6.698030233380000142e-01,1.201133380170774423e+00
1.365643024439999964e+00,1.198527654742851389e+00
9.781420230869999344e-01,1.277100085820493280e+00
6.786789894100000442e-01,1.289526738240231785e+00
5.976330041890000055e-01,1.229953693433575523e+00
8.193774819369999962e-01,1.192137407108411429e+00
7.911109924320000042e-01,1.207476471722746192e+00
1.044147372249999872e+00,1.220680177356249896e+00
1.400015950200000026e+00,1.250535784515183657e+00
8.748620152470000244e-01,1.314137478784319635e+00
6.228179931639999944e-01,1.284871073363392124e+00
7.164059877399998610e-01,1.215592062728840794e+00
6.523500084880000660e-01,1.200053084123588132e+00
9.379299879070001067e-01,1.197019852140469132e+00
5.936999917030000296e-01,1.225793588442780413e+00
5.393440127369999448e-01,1.208105163265743132e+00
9.370089769359999377e-01,1.178625570364429054e+00
8.087720274930000341e-01,1.215390160974268552e+00
5.654280185700000239e-01,1.231498369134305326e+00
6.020820140839999723e-01,1.198081418204200332e+00
1.146679997439999932e+00,1.181993885892478779e+00
9.824249744419998320e-01,1.244177505977308140e+00
5.671510100359999917e-01,1.270182427277618320e+00
7.866399884220000027e-01,1.214628399532673653e+00
7.388439774510000557e-01,1.205053733503266500e+00
6.810299754140000106e-01,1.211714805946838336e+00
7.086979746820000203e-01,1.203968508060442755e+00
6.642330288889999323e-01,1.202048581876456357e+00
5.124790072439999733e-01,1.198456282369987358e+00
6.040380001070000393e-01,1.178261302702805269e+00
6.728799939159999521e-01,1.176547759751654709e+00
8.265414834020000656e-01,1.189419416088008274e+00
4.546860158439999799e-01,1.213257006096831736e+00
5.594509840010000179e-01,1.183800911624910412e+00
1.332218050960000122e-01,1.169178448652840263e+00
1.633069962260000063e-01,1.125974847795024880e+00
1.797860413789999778e-01,1.100630630225747586e+00
5.747918486599999932e-01,1.099897932046973947e+00
8.508148789409999413e-01,1.143601113795238433e+00
8.527640104289999634e-01,1.203490165399512701e+00
1.687628030779999788e+00,1.230054178431353451e+00
2.149522066120000297e+00,1.333437067769195572e+00
8.122850060459999577e-01,1.471911638178691861e+00
1.239639997479999867e+00,1.355862557545545632e+00
2.128437280650000041e+00,1.293225135162364703e+00
2.139239072800000141e+00,1.423928019980197135e+00
9.779880046840000452e-01,1.523386208806365882e+00
6.937779784199998856e-01,1.382624628116769561e+00
7.218790054320000094e-01,1.241880885368842558e+00
7.631160020829999002e-01,1.207423296444878558e+00
8.565329909319999713e-01,1.210904188064701348e+00
1.109338045120000116e+00,1.225240265386572602e+00
6.476340293879999654e-01,1.262883408024556786e+00
9.241870045660001143e-01,1.230714003038163140e+00
7.877320051189998784e-01,1.228674947357471625e+00
1.305567026139999864e+00,1.229317281680126550e+00
9.107710123060001051e-01,1.282544362745055011e+00
8.699640035629999657e-01,1.277628918066186836e+00
5.743020176890000217e-01,1.246033661986431618e+00
8.599532246590000373e-01,1.203586731748665262e+00
4.775849878790000558e-01,1.212602348747240155e+00
1.108017444610000179e+00,1.187831614622411491e+00
1.290724992749999966e+00,1.233483664439255056e+00
8.591579794879999898e-01,1.302391289559743148e+00
3.058980107309999807e-01,1.274250817156981963e+00
9.039019942279998832e-01,1.176958649740398766e+00
6.352750062940000220e-01,1.197076688713461623e+00
1.023422956470000145e+00,1.206100993618998585e+00
6.730669736859999919e-01,1.236636051071335007e+00
8.504790067669999454e-01,1.223936239461419273e+00
5.141969919200000128e-01,1.221105232716535705e+00
1.527956604959999964e+00,1.192386679077772182e+00
4.094385623930000051e+00,1.285565671328342763e+00
9.952359795569999390e-01,1.718998047992959410e+00
8.670449852940000923e-01,1.601066279089025102e+00
1.141056060789999993e+00,1.292222754380782934e+00
1.622257947919999888e+00,1.270459301535770136e+00
1.980204939840000344e+00,1.351196024809641960e+00
1.375547051430000112e+00,1.447016351633663822e+00
1.851865053179999610e+00,1.410826648121272786e+00
1.420923948290000016e+00,1.418408753229222885e+00
1.589177966120000285e+00,1.400242531698220549e+00
1.673199415210000041e+00,1.386963438040679009e+00
2.123934030530000072e+00,1.407691197541237615e+00
1.648401975629999905e+00,1.478106632019138056e+00
1.204741954800000014e+00,1.462712963130989641e+00
7.920839786529999538e-01,1.363611311560905204e+00
1.227027416229999890e+00,1.265940334556644231e+00
1.226951003070000157e+00,1.277173895732101272e+00
1.131343960759999989e+00,1.309107122076587970e+00
1.252465009690000075e+00,1.303169765902572941e+00
1.116891980170000132e+00,1.309535962146623378e+00
1.122387051579999850e+00,1.302383607937963150e+00
1.040153026579999862e+00,1.292804063376231216e+00
8.091310262680000420e-01,1.281574929442791388e+00
7.681059837340000751e-01,1.247222133995876225e+00
7.982919812199998910e-01,1.222595906308621805e+00
7.666722536090000428e-01,1.219977870064927306e+00
1.057360053060000027e+00,1.218236438849686021e+00
8.607699871060000563e-01,1.249835617962715029e+00
1.070777058600000053e+00,1.250265497398338699e+00
5.301510095600000527e-01,1.262397877611256769e+00
6.604189872739999467e-01,1.213995902657578618e+00
9.909179806709998983e-01,1.189011603588495669e+00
3.561530113220000016e-01,1.230307667345524658e+00
9.618239998819998471e-01,1.185375558353569003e+00
1.244829058649999931e+00,1.209001838416007502e+00
8.381230235100001202e-01,1.282778126984168265e+00
9.245989918709999200e-01,1.265894878212243002e+00
8.131660223010001021e-01,1.245722369269570695e+00
1.003061056139999963e+00,1.234632101594575371e+00
8.752340078350000496e-01,1.248827759127439707e+00
7.991399765009998823e-01,1.248031014854717569e+00
8.812961578369999938e-01,1.231038531883541065e+00
1.063080191609999892e+00,1.232865559327662286e+00
9.057049751279999672e-01,1.259914383430714491e+00
6.909559965129999926e-01,1.257482036604047337e+00
1.355970025060000195e+00,1.221703688428358969e+00
7.572399973869999856e-01,1.280288375246025456e+00
2.043754577640000125e+00,1.262407029016035409e+00
8.576130270960000690e-01,1.376173291558236977e+00
2.364957094190000220e+00,1.338440518570869431e+00
4.179231166840000178e+00,1.436489433290121465e+00
2.233561992649999883e+00,1.843431016218668228e+00
8.013390302660000630e-01,1.822254681668509679e+00
8.372840285299999463e-01,1.401545935540891685e+00
8.851529955859999133e-01,1.245576307395078075e+00
9.040349721909999303e-01,1.235478230775571173e+00
1.302939534190000082e+00,1.242012001315283554e+00
7.228699922560000157e-01,1.291516574118013461e+00
8.009120225910000279e-01,1.256426156958489138e+00
1.032919287679999965e+00,1.222816835241887778e+00
1.321628212929999879e+00,1.248820255868546614e+00
9.367759823799999275e-01,1.303744382261922130e+00
7.007700204850000336e-01,1.285316307176108674e+00
7.624319791789999634e-01,1.228598675008255814e+00
1.144938945770000105e+00,1.212105139721257441e+00
7.721610069269999599e-01,1.258570787719781370e+00
8.772150278090000697e-01,1.247100616353255864e+00
1.243505001070000171e+00,1.233588879355475010e+00
6.381840109830000385e-01,1.280675420057511005e+00
7.468199729919999807e-01,1.241043403019129965e+00
6.839929819109999976e-01,1.209216252342389941e+00
1.419505119320000119e+00,1.203163004361122779e+00
6.141470074649999500e-01,1.285260733049879978e+00
7.347676754000000976e-01,1.250795625729485216e+00
6.770560145379999062e-01,1.208178060827944655e+00
1.074026942249999950e+00,1.201149953391179803e+00
6.156389713290000287e-01,1.243768451426914279e+00
9.692379832270000550e-01,1.221914801669771400e+00
9.916120171550001361e-01,1.230919736348333293e+00
8.089560270310000023e-01,1.256489509336681909e+00
2.435143947599999859e+00,1.241254944011169981e+00
8.223479986189999869e-01,1.425265142987389266e+00
5.938220024110000272e-01,1.373490500963216121e+00
5.762249827380000466e-01,1.221610557145890841e+00
4.224239885809999429e-01,1.181399673199807765e+00
6.765879988670000511e-01,1.160318079644041989e+00
5.520349740979999531e-01,1.176921957822853138e+00
9.015229940410000031e-01,1.180334521631991374e+00
7.489960193629999763e-01,1.213302170276834069e+00
8.627583980560000754e-01,1.221856390436392381e+00
9.480749964710000199e-01,1.227029257977705123e+00
1.055613875389999956e+00,1.244245484730866158e+00
1.970020055770000056e+00,1.265383277340544010e+00
9.391199946399999554e-01,1.388209745217546809e+00
1.009042978289999892e+00,1.345608535461835675e+00
7.824029922490001177e-01,1.273706005130591956e+00
1.016265034679999957e+00,1.239205981601607887e+00
8.782749772069999850e-01,1.248935507752716001e+00
7.353619933130000064e-01,1.249101826281220351e+00
1.109990954399999952e+00,1.224052817337341059e+00
7.727199792860000027e-01,1.254468851022888076e+00
1.164981961250000086e+00,1.243910546143708329e+00
7.157210111620000426e-01,1.266963989467990048e+00
1.475479006770000101e+00,1.242269699908844949e+00
8.354520201680000202e-01,1.300061187228034543e+00
7.344660162930000125e-01,1.282561175898506267e+00
7.861927747729999805e-01,1.226300378867510421e+00
1.143465042110000107e+00,1.216245589780816427e+00
9.246990084649998609e-01,1.260762183786819479e+00
2.958764553069999970e+00,1.265330227614161140e+00
2.138324022289999959e+00,1.506856869898668849e+00
2.038712024690000124e+00,1.615343853483350411e+00
1.480209946629999829e+00,1.538921889167359280e+00
9.367650747299999248e-01,1.438492675544529531e+00
1.715939760209999942e+00,1.313152203424670095e+00
1.001402020450000041e+00,1.352975455919936731e+00
8.896229863169999863e-01,1.327677986450764847e+00
7.492939829829999843e-01,1.261255179483540045e+00
1.115183949470000213e+00,1.226395468792016441e+00
9.457820057870000019e-01,1.256355990322419736e+00
6.452180147170000213e-01,1.264974403796509383e+00
1.164842009540000056e+00,1.220292570650837183e+00
1.244351029399999975e+00,1.254465103074879240e+00
9.045109748840001185e-01,1.303854303868816622e+00
5.575259923929999362e-01,1.276419104353426093e+00
5.778343677520000332e-01,1.208498090279759296e+00
7.199835777280000348e-01,1.179812624368121954e+00
7.607790231700000128e-01,1.193256469048586288e+00
5.404400229450000426e-01,1.209110798843226586e+00
8.009672760959999360e-01,1.188933751127835725e+00
7.710149884220000027e-01,1.201962588336310311e+00
6.709719896319999988e-01,1.216223035355265658e+00
2.768970489500000021e+00,1.205510783191950486e+00
3.086133003230000060e+00,1.452161815864131622e+00
1.116358041760000086e+00,1.727791475413500422e+00
1.018260955809999979e+00,1.514428003847083426e+00
7.442610263819999794e-01,1.305992592297994692e+00
1.114386796949999869e+00,1.237726285445428953e+00
1.380516409870000238e+00,1.257479470955725764e+00
1.229098439219999950e+00,1.317312127841983038e+00
1.573238968849999919e+00,1.327414141136019188e+00
1.245597958560000107e+00,1.360179775403354885e+00
8.298619985580000247e-01,1.348842529642895416e+00
5.376980304720000436e-01,1.272965862885379495e+00
8.593800067899999284e-01,1.200345732769076745e+00
7.949647903440000274e-01,1.209226116018106811e+00
8.122889995569999577e-01,1.223609446908279441e+00
1.209460973739999945e+00,1.224342248158804436e+00
1.043611049649999956e+00,1.271487991463163381e+00
9.914460182189999138e-01,1.285576608938227228e+00
1.377645969390000058e+00,1.270233015789576925e+00
7.495359778399999229e-01,1.310140209960916735e+00
7.549669742579999676e-01,1.267156061545818835e+00
8.522210121150000095e-01,1.220573448472091815e+00
1.312628030780000010e+00,1.224429258761446482e+00
9.499999880789999906e-01,1.286627960448426533e+00
8.433979749680000637e-01,1.283791419668414591e+00
6.329939961430000039e-01,1.246229314772733687e+00
6.848490238189999246e-01,1.208673174893165836e+00
8.296039700509999504e-01,1.196879752160872057e+00
1.117776036259999994e+00,1.214889642296894889e+00
1.060515046120000138e+00,1.260681634818247909e+00
9.966710209850000446e-01,1.279916800898162510e+00
6.726049780850000825e-01,1.271097074036475316e+00
8.499810099600000335e-01,1.226908537991190373e+00
7.929700016980000266e-01,1.220681141864175645e+00
7.509549856190000927e-01,1.224241912003388499e+00
9.556260704989999466e-01,1.216998587012209310e+00
6.085839867589999397e-01,1.236621301582451871e+00
7.782499790189999489e-01,1.212406972363555546e+00
5.098140239720000411e-01,1.206967265382171250e+00
6.364319920540000286e-01,1.185527213974888694e+00
6.015599966049999248e-01,1.181299672591153538e+00
6.556333899499999784e-01,1.183834078170257209e+00
6.385549902920000243e-01,1.188728586955334787e+00
8.762890100480000832e-01,1.190527181935873147e+00
7.967479825020000739e-01,1.216888792289974042e+00
6.824830174449999509e-01,1.226382818568848565e+00
8.025500178340000401e-01,1.209758975642320600e+00
7.950311899190000142e-01,1.213569273906298429e+00
1.584897041320000088e+00,1.220808374996620982e+00
1.017485976220000143e+00,1.315256916317018021e+00
9.177780151369998585e-01,1.315672079296174024e+00
1.230221033100000083e+00,1.264200549687727326e+00
1.027899026870000121e+00,1.285657764894913457e+00
9.125559926030000213e-01,1.286842256606360868e+00
7.935979962350000472e-01,1.259798032499747089e+00
1.030437946320000187e+00,1.233728266472192914e+00
5.325379967690000438e-01,1.250294487006047728e+00
6.127780079839999505e-01,1.210196497471593080e+00
8.741289973260000234e-01,1.183349785332384219e+00
3.667230010029999820e-01,1.213168302499177287e+00
7.391750216480000857e-01,1.176901020503058337e+00
5.604230165479999748e-01,1.183265133831482796e+00
7.758178114889999755e-01,1.185432598266276560e+00
8.102909922600001202e-01,1.200381469800511525e+00
6.437510252000000488e-01,1.218980848287932739e+00
7.236457467079999706e-01,1.205187327882226489e+00
9.113870263100000146e-01,1.201715526596400796e+00
6.627830266949999993e-01,1.227494177842522349e+00
1.002035975460000117e+00,1.214765643190711231e+00
8.224419951440000709e-01,1.236431585562439484e+00
1.030576944350000135e+00,1.239904713574366824e+00
6.781139969830000114e-01,1.253794463459104946e+00
5.333459973340000104e-01,1.227374761519662849e+00
3.209959864620000047e-01,1.185471233658428547e+00
7.608630061149999069e-01,1.146964239497593629e+00
7.439860105509998878e-01,1.178337853057060292e+00
5.468400120740000148e-01,1.207398007924950445e+00
7.004669904709999173e-01,1.188840823028167515e+00
8.356525897980000561e-01,1.190883590145808357e+00
1.274258971210000091e+00,1.215784652090284856e+00
8.934450149539999719e-01,1.279956720011947713e+00
6.211659908290000365e-01,1.273440762950140304e+00
7.900159955019999680e-01,1.215302502900554416e+00
1.067494988440000014e+00,1.208528765912211700e+00
6.698009967800000464e-01,1.250736129220989090e+00
1.265694975850000015e+00,1.229035742955223665e+00
6.380620002750000408e-01,1.269905548682179974e+00
9.348030090330000652e-01,1.240343230194330681e+00
8.006410002709999363e-01,1.231118209319959744e+00
1.085708975790000030e+00,1.231562717943962992e+00
3.527039885520000251e-01,1.257650938866055279e+00
5.883709788319999578e-01,1.194155006921568285e+00
4.875420033929999120e-01,1.167949349228299294e+00
4.636880159380000754e-01,1.165710213698919251e+00
3.637039959430000136e-01,1.158264939361729029e+00
8.750243186949999696e-01,1.144429259688642286e+00
6.435279846190000708e-01,1.193482197683918500e+00
4.834130108359999678e-01,1.205420668683737651e+00
2.120890021319999930e-01,1.175389185305089734e+00
4.560469985010000005e-01,1.131112742627591095e+00
4.367910027499999903e-01,1.136488911825320525e+00
7.238804101939999569e-01,1.148831521120557975e+00
5.560690164570000205e-01,1.181891351363760112e+00
4.748429954049999679e-01,1.184567018593737586e+00
2.674640119080000100e-01,1.166113380507703301e+00
9.588437080379998978e-01,1.135523921002322689e+00
7.868980169300000549e-01,1.195883091732609538e+00
1.794360995290000149e+00,1.227517754626312740e+00
1.337677955630000026e+00,1.342275619312810697e+00
1.210453987120000185e+00,1.375575769630820400e+00
5.654799938200000264e-01,1.330627388483401008e+00
4.008429944520000565e-01,1.235549080184221271e+00
2.727654874320000200e-01,1.164327567266807417e+00
5.836449861529999783e-01,1.130909772531264235e+00
8.533802628519999711e-01,1.153765361801859957e+00
8.660610318179999823e-01,1.205523854754798840e+00
1.158349990839999899e+00,1.231910414794362474e+00
7.764859795569999390e-01,1.270623533753514334e+00
1.068807005880000105e+00,1.250025086388711237e+00
5.888479948040000744e-01,1.256531013835653576e+00
1.588868498799999918e+00,1.219589673103384175e+00
4.327859878540000205e-01,1.301845177081300653e+00
3.996030092239999942e-01,1.242808146667387259e+00
5.545349717140000134e-01,1.158987736846845307e+00
6.221979856490000849e-01,1.160088412201537356e+00
1.149551987649999996e+00,1.178693103439321987e+00
1.121260046960000034e+00,1.245984175794580651e+00
9.776459932330001656e-01,1.287327901422355314e+00
1.732741951940000025e+00,1.274405991524915516e+00
2.302707910540000125e+00,1.353711142800708922e+00
1.053477048870000043e+00,1.499034528717982928e+00
7.962800264360000435e-01,1.403195804707848104e+00
5.203329920770000117e-01,1.262525023466274154e+00
6.104800105090000262e-01,1.193395125965896364e+00
4.453057944770000276e-01,1.179395769371638591e+00
6.522138714790000069e-01,1.164565802410547635e+00
1.175541162490000069e+00,1.176296581924936913e+00
1.032202124599999937e+00,1.250101804600222577e+00
7.193930149079998948e-01,1.279240520444063334e+00
8.200139999390000378e-01,1.236714220749247195e+00
9.497330188749999458e-01,1.221358452710179954e+00
1.039114952089999822e+00,1.240600266854293920e+00
5.883830189700000046e-01,1.263026081333087358e+00
9.508559703829999599e-01,1.219232966820578579e+00
5.277600288389999728e-01,1.226217016778824664e+00
7.736063003540000205e-01,1.200841812355047278e+00
9.703559875489999875e-01,1.200172261660004791e+00
1.383889913560000018e+00,1.236928386267984736e+00
7.795230150220000542e-01,1.305534979425928332e+00
6.069999933240000090e-01,1.271021522369164991e+00
4.660570025440000097e-01,1.206025588452441122e+00
9.455270171170000459e-01,1.169585961113849493e+00
6.238729953770000280e-01,1.210882393095453313e+00
3.923240005969999555e-01,1.209972647305740390e+00
5.156549811360000568e-01,1.164596891234108256e+00
9.679385423659998544e-01,1.157434275277912761e+00
1.356565952299999989e+00,1.214723042401363529e+00
9.072690010070001421e-01,1.298722873587729643e+00
8.162760138510000152e-01,1.283974603044184759e+00
2.479866981509999846e+00,1.240111741003304013e+00
1.133080005649999888e+00,1.430469799708841583e+00
1.045583963389999926e+00,1.418891806517968757e+00
8.474370241169999485e-01,1.301915532066228787e+00
1.536522984499999911e+00,1.252324760508424673e+00
9.008989930149998715e-01,1.317075665777527327e+00
4.812009930610000041e-01,1.297650132443141979e+00
8.572540283199999722e-01,1.203135445139905224e+00
8.617479801180000232e-01,1.205513042504674948e+00
1.008694052699999899e+00,1.230495159651911363e+00
1.127727031710000105e+00,1.252619594649376111e+00
7.795569896699999779e-01,1.279072501617330548e+00
9.895502924919998833e-01,1.249607391007814483e+00
8.363329768179998958e-01,1.247077139204327834e+00
9.099559783939999980e-01,1.241934506516741976e+00
5.511059761050000061e-01,1.240628556890550405e+00
1.239764332770000088e+00,1.203206317007563086e+00
1.211838960649999963e+00,1.255248469606345951e+00
1.379981994630000042e+00,1.305292722175881215e+00
1.148460984229999982e+00,1.332546544234571861e+00
7.663900256160000035e-01,1.318719414324167172e+00
9.660840034480000504e-01,1.254559761424421493e+00
8.156750202179999798e-01,1.243528087322292919e+00
1.142272949220000111e+00,1.237429894882236203e+00
1.299479961400000105e+00,1.265969885928806660e+00
8.583310246469999516e-01,1.310791584557123857e+00
7.149469852449999996e-01,1.275356351212020067e+00
8.764400482179999230e-01,1.223633989546454748e+00
8.305460214609999836e-01,1.225374685944516040e+00
8.535240292550000385e-01,1.231238458648546308e+00
9.092410206789999227e-01,1.232181816530910190e+00
5.202720165249999917e-01,1.239961794275578510e+00
7.411040067669999454e-01,1.199838588611159773e+00
5.853319764140000325e-01,1.195420842756009128e+00
5.047770142559999673e-01,1.190151413669910729e+00
5.519493222240000607e-01,1.171825353869704101e+00
9.697520136830000137e-01,1.169266758899894398e+00
1.116515994070000017e+00,1.219061991310261162e+00
1.049844980239999837e+00,1.270547854616708383e+00
6.342629790310000404e-01,1.280325627862399784e+00
5.644329786300000817e-01,1.227494578362216648e+00
9.184709787369998990e-01,1.185855079690786074e+00
9.593539834020000656e-01,1.215695169154549671e+00
5.984159708020000412e-01,1.247868946457210360e+00
9.383450150489998087e-01,1.213564884477678296e+00
4.542250037189999867e-01,1.224573007450056483e+00
7.079470157619999204e-01,1.191610211124093821e+00
3.876500129699999575e-01,1.187048887964763155e+00
4.484339952469999502e-01,1.164738044526979044e+00
8.405709862710000202e-01,1.150672345084411630e+00
5.337110161779999862e-01,1.195084323946480120e+00
7.211350202559999589e-01,1.191208841161917054e+00
5.215386152269999576e-01,1.193364198281696043e+00
7.050759792330000275e-01,1.181588994650858870e+00
6.405649781229999506e-01,1.189217309230454989e+00
5.168589949609999623e-01,1.193626099302639521e+00
1.660409450529999997e+00,1.176915137163198066e+00
2.465307950970000217e+00,1.298924135707357763e+00
1.622156023979999917e+00,1.506555605355046401e+00
1.866270065309999948e+00,1.495979278653613909e+00
3.623536109919999859e+00,1.452324710400357377e+00
7.948709726329999947e-01,1.710528136217799311e+00
9.065989851949999290e-01,1.517943289372093663e+00
8.571879863740000660e-01,1.273051109524142133e+00
7.756379842759999477e-01,1.237765247048859596e+00
7.006700038909999817e-01,1.225665411530363347e+00
6.443409919740000769e-01,1.209946271748463253e+00
7.579550147059999077e-01,1.196699391115979338e+00
5.499600172040000068e-01,1.204355588308804181e+00
4.964669942860000518e-01,1.188903268807751878e+00
1.367677569390000070e+00,1.168453212414134912e+00
1.397894024850000250e+00,1.261409320242513399e+00
8.148130178450000427e-01,1.339005299798042836e+00
1.278898954390000009e+00,1.281681531523596318e+00
8.623980283740000363e-01,1.287837648573167737e+00
1.093865990639999897e+00,1.269860536434742393e+00
8.134710192680000285e-01,1.268137747158835760e+00
1.466687083240000078e+00,1.248932582482306763e+00
9.060310125349999577e-01,1.306321824199864645e+00
7.652140259739999006e-01,1.291578379874535720e+00
1.311033964160000176e+00,1.235464178470436769e+00
7.892500162119999718e-01,1.281087695308138930e+00
1.474902033810000068e+00,1.263273442762759657e+00
9.167850017550001063e-01,1.308164507889065575e+00
1.186140060420000086e+00,1.293307525933318214e+00
1.411391973500000008e+00,1.286326343031257258e+00
2.092472076419999993e+00,1.329760317320176854e+00
7.189220190049999681e-01,1.441384964957659998e+00
1.301861047739999888e+00,1.334556915398069643e+00
1.268974781040000055e+00,1.292088353192036854e+00
1.221997022629999874e+00,1.319980565498150016e+00
9.061110019679999850e-01,1.319016962902244572e+00
1.078873991970000112e+00,1.276043518446230207e+00
1.028025031089999874e+00,1.269254071450401478e+00
7.863690257070000689e-01,1.273678816478023057e+00
1.276852965350000035e+00,1.242990869653428865e+00
7.093420028689999546e-01,1.280341867555428115e+00
5.201929807659999572e-01,1.251124602475826686e+00
5.645610094070000473e-01,1.189375505801620436e+00
9.855200052259998067e-01,1.173245109181243695e+00
1.092841982840000004e+00,1.222035729758259359e+00
4.786899983879999709e-01,1.269213865034280575e+00
3.955059945579999514e-01,1.211378789966892189e+00
1.850703001020000071e+00,1.155937786809177359e+00
1.195796012879999815e+00,1.309728635966522114e+00
1.702510833739999896e+00,1.357761346149831461e+00
2.998351097109999586e+00,1.380215677193802115e+00
2.407080888749999925e+00,1.594866553035976242e+00
2.585943937299999718e+00,1.673216660485827623e+00
2.233839035029999920e+00,1.649363688237262426e+00
1.655773043629999997e+00,1.608879657552319875e+00
1.430611014370000156e+00,1.490113320220978421e+00
8.921740055079999676e-01,1.394941206749183982e+00
1.231696963309999893e+00,1.297868791495093710e+00
8.955079913140000514e-01,1.289126657615665250e+00
1.602033019070000064e+00,1.270734065195107343e+00
1.585399031639999956e+00,1.331782293847340926e+00
1.232059955600000034e+00,1.390127799079963422e+00
1.210371017459999976e+00,1.353517012765899530e+00
1.242141008379999967e+00,1.318183195827230758e+00
9.857040047650000858e-01,1.315320969709789622e+00
7.289689779279999726e-01,1.286604659687122121e+00
6.761519908910000876e-01,1.234859827473041571e+00
1.071573019029999907e+00,1.205044238345721830e+00
9.457439780239998983e-01,1.243338488911329698e+00
4.376370012759999706e-01,1.260373831511054199e+00
5.141820311550000522e-01,1.195949101616188726e+00
3.387190103530000052e-01,1.164299961369348768e+00
7.144280076029999593e-01,1.144813397422432377e+00
4.996199905870000180e-01,1.174252042399148266e+00
7.917379736899999854e-01,1.176400706660303275e+00
8.646243214609999894e-01,1.197254810369223321e+00
6.024960279459999901e-01,1.225789132983562624e+00
1.260069966320000123e+00,1.204952072613301617e+00
1.012339949610000067e+00,1.261188935940828149e+00
1.004528999329999950e+00,1.283551108907204696e+00
6.310235261919999727e-01,1.269812274493594018e+00
1.141221046449999887e+00,1.222128417259916056e+00
5.426099896430000014e-01,1.251295977443038998e+00
8.547459840769999762e-01,1.218408687840922378e+00
7.744219899179999311e-01,1.212883415741240478e+00
3.084340095520000102e-01,1.220925666703790213e+00
8.376209735870000506e-01,1.165559786403382869e+00
7.293469905850000767e-01,1.188800942045184827e+00
7.503905892370000830e-01,1.211634029237971033e+00
1.134822010990000019e+00,1.211762872349121611e+00
1.614240050320000064e+00,1.256751758116858797e+00
1.244793057440000128e+00,1.348068829236067412e+00
7.141630053519999466e-01,1.351297025769011118e+00
7.293040156360000026e-01,1.259616574359785801e+00
6.486989855770000091e-01,1.213160146855101429e+00
3.427990078929999962e-01,1.198683975758389586e+00
3.861860036850000011e-01,1.158458518268580706e+00
6.366299986840000535e-01,1.139993539975723502e+00
3.990480005740000280e-01,1.167165988559111911e+00
4.178859889509999870e-01,1.159889762429627824e+00
1.103790521619999909e+00,1.147344748046665641e+00
6.956189870829999622e-01,1.222820002073836454e+00
8.070139884950000564e-01,1.230545864402645462e+00
5.947690010070000310e-01,1.218873565602877074e+00
1.107607960700000005e+00,1.198395987342014690e+00
9.713580012320001122e-01,1.242006539613109473e+00
7.170349955560000321e-01,1.265449878861791166e+00
6.764810085300000386e-01,1.230599223579214252e+00
1.687772989270000190e+00,1.203976301557009965e+00
9.907569885250001596e-01,1.316542910905742492e+00
8.082039952280000161e-01,1.320308773682735914e+00
1.087718963619999979e+00,1.250357566522899422e+00
1.564818024639999861e+00,1.259217781316566143e+00
6.673809885979999912e-01,1.338472100946457521e+00
1.256489992140000123e+00,1.274962575547492483e+00
1.091886043549999963e+00,1.275154479869683444e+00
7.375509738919999725e-01,1.293667778285789272e+00
6.224380135540000802e-01,1.244817597953344679e+00
8.364729881290000613e-01,1.200888041796588368e+00
5.774260163309999916e-01,1.212054456732202246e+00
1.015761017800000054e+00,1.197869335202796259e+00
1.106158971790000001e+00,1.230347567145515075e+00
6.945540308949998964e-01,1.273510305956425670e+00
1.130903959270000092e+00,1.237907939620735975e+00
9.518219828609998379e-01,1.256503535138637773e+00
7.524570226669999862e-01,1.266343080312422265e+00
5.585229992869999993e-01,1.233423920433419418e+00
1.415836334229999771e+00,1.193091385602840448e+00
1.855298042299999839e+00,1.274607562523885296e+00
7.845479845999999702e-01,1.402164095820625844e+00
8.210539817810000862e-01,1.320224624048393469e+00
5.835890173909999978e-01,1.237232553721472561e+00
8.359720110889999889e-01,1.199280422181566275e+00
2.184663057329999880e+00,1.209989468609087737e+00
6.805480122570000123e-01,1.390226093988059519e+00
1.238904953000000031e+00,1.330854697514657570e+00
1.030328035349999949e+00,1.282633535370951483e+00
7.914109826090000022e-01,1.284859461910067502e+00
8.423720002169999832e-01,1.245809945167835497e+00
4.464710056779999658e-01,1.229651113089750059e+00
5.589337944979999584e-01,1.185493346754061150e+00
7.099329829220000221e-01,1.168699470026818066e+00
7.334340214730000751e-01,1.189401034361637022e+00
7.833399772640000647e-01,1.204982835013439280e+00
8.426809906959999985e-01,1.214322080547548754e+00
1.099761009220000085e+00,1.225391846430104570e+00
8.706315755840000614e-01,1.260860284403593878e+00
5.862460136410000411e-01,1.255928108121791897e+00
8.863990306849999223e-01,1.207309675916931058e+00
1.019399046900000050e+00,1.216564977834071248e+00
8.493610024450000129e-01,1.252550103680941662e+00
1.010666966439999870e+00,1.247256100103957266e+00
1.331516027449999973e+00,1.253878024799770952e+00
1.215008974079999859e+00,1.303646076380522434e+00
1.645591020579999952e+00,1.319848794096390776e+00
9.708780050280001461e-01,1.367297468920113168e+00
1.411272048950000135e+00,1.321083692307379875e+00
7.953929901119999313e-01,1.320651813709021294e+00
1.046331048010000098e+00,1.275327822476112871e+00
8.879339694979999642e-01,1.258708539776483004e+00
8.349300026890000836e-01,1.252904527628840414e+00
9.847199916840001510e-01,1.236774725180730172e+00
1.090394020079999970e+00,1.247992431306244709e+00
4.901649951929999971e-01,1.272243041449297785e+00
6.141669750209999279e-01,1.212491812675493330e+00
6.314740180969999894e-01,1.181044536090944064e+00
8.252440094949999860e-01,1.185274827137476228e+00
1.051450967789999913e+00,1.210001491272926444e+00
1.047114968300000060e+00,1.251854596165894229e+00
3.921430110930000379e-01,1.272600179744777460e+00
4.695149958129999912e-01,1.198580723964452144e+00
7.720900177959999500e-01,1.157236302618634971e+00
7.520099878309999264e-01,1.189014415965043314e+00
6.877393722529999698e-01,1.210925111175977564e+00
6.718119978899999012e-01,1.205588947339244044e+00
1.185933232310000029e+00,1.198534325873806816e+00
6.571980118750000432e-01,1.255862779917183314e+00
8.213180303569999063e-01,1.235924238462912994e+00
7.795739769939998842e-01,1.218523002501355146e+00
1.030122995379999962e+00,1.220218566275168781e+00
6.211889982220000217e-01,1.247977536932628695e+00
8.660820126530001106e-01,1.220219070515061954e+00
9.608931541440000057e-01,1.218913657589153932e+00
6.760399937630000577e-01,1.244449386163855031e+00
7.402380108830000083e-01,1.222003629202250696e+00
5.984709858890000511e-01,1.207929157699427769e+00
6.151059865950000427e-01,1.193387571786230117e+00
9.358735680579999272e-01,1.185150191677910358e+00
5.818247795100000008e-01,1.221211884647493973e+00
7.156659960750000327e-01,1.206140285471228424e+00
6.529520154000000298e-01,1.197556147268145965e+00
9.700022935870000751e-01,1.196550238668006028e+00
7.834500074390000623e-01,1.229535916425220865e+00
7.448130249979999506e-01,1.232610624059562676e+00
8.276180028919999376e-01,1.217003739213954328e+00
8.943400979039998200e-01,1.221197464935154464e+00
2.505017042159999985e+00,1.235073205174788358e+00
1.620712041850000062e+00,1.439881488788790964e+00
1.417585968970000110e+00,1.488453384467887108e+00
1.049872040749999957e+00,1.393998526811790928e+00
1.226507544519999993e+00,1.315563263302415242e+00
1.043179035189999881e+00,1.301836203622725341e+00
9.694439768789999690e-01,1.290081187787674777e+00
8.192250132559999454e-01,1.267795660593840301e+00
8.129550218580000598e-01,1.241561916087434714e+00
6.712080240250000163e-01,1.227714993646729091e+00
5.289899706839999993e-01,1.209057656619568988e+00
3.461930155749999849e-01,1.181864377085617202e+00
4.789490103719999392e-01,1.149327427370328447e+00
1.153810977940000093e+00,1.149004918637779316e+00
9.671270251270001062e-01,1.232678762678975248e+00
7.845839858059999727e-01,1.267446819081150089e+00
4.701859951019999873e-01,1.238714663383056802e+00
5.632782578470000301e-01,1.185778851623445984e+00
2.416239976880000251e-01,1.170260686016504348e+00
2.709859907630000064e-01,1.138161652379638733e+00
1.994680017229999991e-01,1.119515663695105800e+00
1.327169984580000017e-01,1.110463405331166387e+00
4.732620120050000101e-01,1.098823089177763057e+00
6.585559844969999244e-01,1.129734574886811949e+00
9.621880054470000054e-01,1.173687946136025673e+00
5.111979842189999790e-01,1.226164666434668149e+00
9.829789996150000153e-01,1.200680138312077094e+00
9.100099802019999684e-01,1.222943991139351594e+00
1.026576042179999870e+00,1.246749671994184849e+00
8.309389948840000262e-01,1.260297911705877016e+00
9.651920199390000565e-01,1.245981221289848895e+00
1.000543951989999902e+00,1.247118976188341222e+00
1.983185052869999687e+00,1.259885323614843733e+00
1.274855017659999978e+00,1.385046037239737515e+00
1.286525964740000028e+00,1.389055495412314878e+00
1.382244944570000245e+00,1.337083141976093348e+00
1.736924052240000016e+00,1.340068752168046773e+00
1.257668018339999971e+00,1.393954310226063864e+00
7.533379793170000838e-01,1.368083090684200531e+00
1.084908962249999886e+00,1.267035771838159075e+00
1.062494039539999990e+00,1.257819342749749492e+00
7.787629961969999570e-01,1.276373782077970587e+00
8.256469964979999965e-01,1.245031716176224323e+00
9.891830086710000636e-01,1.227102530778581224e+00
1.418092012410000047e+00,1.246400768690948624e+00
1.151677966120000063e+00,1.312001188204035884e+00
1.250364065170000094e+00,1.319579040855996865e+00
8.794019818310000458e-01,1.313659689638586370e+00
1.089423060420000144e+00,1.273754048976818654e+00
1.809062957760000145e+00,1.268651408365662814e+00
8.687390089040000207e-01,1.370052396285902363e+00
8.521729707719999380e-01,1.321926680710303614e+00
1.307837963100000112e+00,1.247096826797803315e+00
1.262575984000000151e+00,1.287506392030258517e+00
7.601559758189999627e-01,1.321476256914477343e+00
1.069887042049999959e+00,1.262582271459474104e+00
8.579840064049999437e-01,1.256668743716426340e+00
1.149323940279999956e+00,1.250902007098973590e+00
1.067142963410000034e+00,1.271648621155903935e+00
7.400619983670000401e-01,1.283790267393004836e+00
6.799880266190000411e-01,1.241689532861641077e+00
7.323921322820000634e-01,1.207345008728295532e+00
8.352749943730000126e-01,1.204679162048829966e+00
6.000829935070000065e-01,1.219846345870071680e+00
1.010563969610000168e+00,1.201653713612769625e+00
7.613970041280000434e-01,1.231514717392775404e+00
7.260069847110000030e-01,1.232720875004031713e+00
1.064324021340000037e+00,1.213597550662492974e+00
5.901079773899998715e-01,1.246901174547278446e+00
7.744659781460000447e-01,1.218760183434070665e+00
7.406870126719998781e-01,1.206435886563780091e+00
8.908360004430001533e-01,1.211237449629729790e+00
7.620100975040000613e-01,1.228058711568917438e+00
7.774500250820000069e-01,1.224768269665214904e+00
5.811070203779999943e-01,1.218090877179335729e+00
7.908779978749999051e-01,1.195324675210391430e+00
8.903719782829999652e-01,1.204136108001705230e+00
7.882059812549999656e-01,1.229673204442885970e+00
7.301949858670000459e-01,1.228376174611704119e+00
9.248933196070001639e-01,1.214726658655749691e+00
1.265586972239999941e+00,1.231333804691608247e+00
7.884140014650000694e-01,1.286810719580341766e+00
9.180610179899998391e-01,1.261282089541757578e+00
6.569269895549999516e-01,1.241188932099169806e+00
8.252680301670000107e-01,1.215406814671813551e+00
4.257229864599999525e-01,1.215646697527944076e+00
9.114630222319998198e-01,1.180259185789221510e+00
7.238519787790000937e-01,1.206538881674672492e+00
9.657319784160000031e-01,1.218260915468170058e+00
7.194200158119999911e-01,1.237087993230821859e+00
7.146480083470000411e-01,1.225686403026083671e+00
6.188799738879999790e-01,1.208450713094940232e+00
8.502969741820000094e-01,1.194229322636485513e+00
6.113014817240000065e-01,1.213084094798047463e+00
8.405809998509999881e-01,1.202770444171464392e+00
5.909900069240000553e-01,1.213018529093456754e+00
1.191807866100000002e+00,1.199603193625338404e+00
1.072478055950000009e+00,1.251950240183861141e+00
7.976800203319999172e-01,1.284718573167357381e+00
7.140370011329999489e-01,1.249451081067374014e+00
8.885610103609999921e-01,1.215854289344770134e+00
7.367290258409999737e-01,1.225960940131728627e+00
9.655410051350000744e-01,1.221341034927277525e+00
8.569459915160000385e-01,1.237813741479051322e+00
5.838339924809999859e-01,1.241845106665064646e+00
3.047562122340000457e+00,1.204310589456896619e+00
8.865389823909999301e-01,1.481301247584821068e+00
1.186460971829999878e+00,1.444225257202164547e+00
8.750730156899999557e-01,1.306080223820193842e+00
1.111973047260000014e+00,1.264349377631119875e+00
6.929270029070000447e-01,1.270139630451184720e+00
5.632749795910000357e-01,1.236448137683008763e+00
5.519689917560000048e-01,1.190967495023762535e+00
9.211350083349998386e-01,1.174873069118457458e+00
5.465030074119999748e-01,1.214190243383463486e+00
9.997850060459999577e-01,1.200194514282685310e+00
7.512239813800000166e-01,1.227122159672645818e+00
8.402569890019999654e-01,1.230011634415078214e+00
7.843149900439999600e-01,1.225818175553176959e+00
5.915480256080000165e-01,1.223413187121362711e+00
6.109840273859999948e-01,1.197977145407221222e+00
9.328789710999999540e-01,1.184680406081549675e+00
7.992020249369999885e-01,1.220462612435835759e+00
9.833549857140000405e-01,1.230912187816887604e+00
5.405290126799999761e-01,1.245486769171171737e+00
1.093670010570000128e+00,1.207398430439469594e+00
9.266330003740002041e-01,1.238287969527286370e+00
7.972419857979999858e-01,1.258298581776991609e+00
5.896059870719999596e-01,1.236123406231847355e+00
7.799540162090000672e-01,1.199804307241211010e+00
5.182790160179999717e-01,1.203784963356448801e+00
7.263879776000000676e-01,1.186392228315570119e+00
6.216366887090000182e-01,1.192066135081125022e+00
8.810679912569999717e-01,1.193093827742498059e+00
7.315016984940000411e-01,1.216964619776382373e+00
9.703850150109999406e-01,1.219027273692643965e+00
8.715350031849999901e-01,1.237865323056279943e+00
5.505740046500000595e-01,1.243887896744557464e+00
2.576299905780000121e-01,1.201724512117422039e+00
6.952109932899999123e-01,1.143495950934557914e+00
3.547430038449999601e-01,1.166633841523134762e+00
1.308350920679999918e+00,1.157948752601806408e+00
1.424710035319999957e+00,1.245095903432418050e+00
2.422243118290000385e+00,1.335097926104501731e+00
1.588093161580000023e+00,1.488183736694748127e+00
2.882889986040000352e+00,1.482882207133537023e+00
1.510810017590000109e+00,1.586727207657039118e+00
5.103110075000000245e-01,1.526834796633409042e+00
6.637499928469999810e-01,1.275857621303525091e+00
5.865659713749999948e-01,1.193300617957260279e+00
9.182999730110000813e-01,1.184237060061727798e+00
1.126363039020000123e+00,1.217747950809758617e+00
9.455379843709997845e-01,1.267835634920903010e+00
7.979699969290000583e-01,1.268028848692089872e+00
8.895260095599999417e-01,1.238164293195033405e+00
5.017459988589999531e-01,1.234598449159055145e+00
7.889080047609999813e-01,1.195512526513112794e+00
5.571460127830000220e-01,1.199185081710721690e+00
8.079270124439998924e-01,1.190454015651134956e+00
7.382910251620000697e-01,1.204370057771041447e+00
6.742079854009999096e-01,1.213216001479253014e+00
8.787713646889999675e-01,1.203402944733893642e+00
7.401880025859999268e-01,1.220964719963452128e+00
8.886500000949999478e-01,1.220475034232344047e+00
7.983270287510000340e-01,1.229043722234984370e+00
5.137799978260000344e-01,1.228792977791769436e+00
7.760372757910000141e-01,1.190829375719569594e+00
8.528280258179999906e-01,1.197551357999153021e+00
7.851629853249999513e-01,1.223343845845110023e+00
8.431609868999999646e-01,1.224820318526693930e+00
1.024798870089999925e+00,1.227048861116399880e+00
8.044279813770001120e-01,1.252089343012202427e+00
8.841310143469999216e-01,1.241891320531038900e+00
3.615649938579999501e-01,1.235479016945174813e+00
1.171491026879999842e+00,1.179328475647988705e+00
4.477910101409999788e-01,1.232115660050522976e+00
7.665730118750000432e-01,1.206786970313407759e+00
7.735599875449999940e-01,1.195992564344336540e+00
1.054823040959999902e+00,1.212703217814116163e+00
7.843300104139999673e-01,1.249703978964189499e+00
1.034250974660000155e+00,1.241159408933369068e+00
1.096979022029999973e+00,1.251783159393453859e+00
7.633029818529999400e-01,1.276578761918978566e+00
5.883730053899999257e-01,1.245444294167775912e+00
6.365630030629999547e-01,1.199081159626584903e+00
5.750700235369999858e-01,1.187067686581509296e+00
5.399640202519999654e-01,1.181777512307427669e+00
1.324671149250000068e+00,1.173766865905949697e+00
8.178460001949999780e-01,1.260148888172068160e+00
6.359609961509999909e-01,1.265061522176346154e+00
8.135920166969999867e-01,1.211622005360045717e+00
9.872140288349999793e-01,1.211456677646193025e+00
9.839289784429999797e-01,1.243435355501582684e+00
5.904790163040000150e-01,1.259538620948248644e+00
8.986790180210000312e-01,1.215469095253611131e+00
6.268000006680000125e-01,1.219691282199007132e+00
6.926850080490000172e-01,1.208036061746081469e+00
5.757049918169999669e-01,1.197954434651895550e+00
6.764680147170000213e-01,1.186577354586880295e+00
8.279470205309999997e-01,1.189767283902241068e+00
6.547859907149999881e-01,1.213362300541030114e+00
1.085815548900000094e+00,1.206653691218602775e+00
8.509550094600001335e-01,1.244511392680398565e+00
8.879359960560000431e-01,1.250104088182804496e+00
6.557850241659999302e-01,1.240453808110380640e+00
6.597809791559999804e-01,1.213623872636270251e+00
8.856279850010000398e-01,1.196326252690060432e+00
7.502999901769999980e-01,1.219625618513703769e+00
9.303160309790001747e-01,1.222018884566103747e+00
7.259460091590000941e-01,1.234769170693335028e+00
7.123904824259998936e-01,1.223895945902102822e+00
9.326570034030000622e-01,1.208272400275084202e+00
6.544970273969999974e-01,1.230055015548970232e+00
4.987269937989999846e-01,1.215381515005783175e+00
9.782410264020000579e-01,1.178614738273233709e+00
5.593240261080000275e-01,1.217696267088710371e+00
8.733990192409999409e-01,1.205577545049602239e+00
6.232500076290000690e-01,1.214301327587789636e+00
6.319249868390000024e-01,1.205257354441974016e+00
8.335350155830000274e-01,1.190506877185899981e+00
8.613430261610000027e-01,1.211091384800388804e+00
1.036013007159999999e+00,1.230345720571831336e+00
6.160370111469999355e-01,1.255505507744026250e+00
9.874529838559999995e-01,1.221096896113070596e+00
6.686739921569999634e-01,1.232585138617693366e+00
6.455339789389999972e-01,1.220277017152050059e+00
1.007030010220000049e+00,1.196903158455869365e+00
7.763000130650000719e-01,1.232662574341153450e+00
9.358490109439999705e-01,1.234717397223665802e+00
6.626719832419999401e-01,1.239013822952209631e+00
1.113351941109999910e+00,1.217349566106119330e+00
5.495319962500000432e-01,1.249709550274675118e+00
9.273632764820000096e-01,1.217308110776990526e+00
8.215330243109999486e-01,1.221401115018680761e+00
9.193540215489999223e-01,1.232319700570107646e+00
6.899859905239998925e-01,1.239749080992918362e+00
6.497738957409999738e-01,1.219722107707721381e+00
9.705049991609999704e-01,1.198208937534542384e+00
8.034440279009998909e-01,1.229031167251690038e+00
8.920990228650002019e-01,1.234941580230842550e+00
7.462270259859999921e-01,1.235649237542539636e+00
1.495407462120000197e+00,1.223807026733396031e+00
7.597569823270000633e-01,1.301441531710266108e+00
9.677280187609998974e-01,1.275579082077210824e+00
1.126011013979999920e+00,1.247654120158351088e+00
7.641419768330000029e-01,1.274106351374704182e+00
1.423818945879999909e+00,1.247130605292161354e+00
8.309190273280000483e-01,1.297390596123989992e+00
5.316870212550000030e-01,1.278067402817516296e+00
6.942920088770000442e-01,1.201961495829277249e+00
1.097100019450000019e+00,1.190068644978361734e+00
8.623710274700000511e-01,1.245364259052752498e+00
9.711959958079999788e-01,1.252881981417419022e+00
7.501904964450000213e-01,1.251288494322719158e+00
5.659890174870000346e-01,1.231396130357820251e+00
7.235890030859999378e-01,1.193994585081130433e+00
1.088876962660000114e+00,1.195023727284843851e+00
2.614549994470000138e-01,1.247180081410776742e+00
1.923168003559999895e-01,1.183153641435167547e+00
2.048390060660000012e-01,1.118348456465376062e+00
3.752999901769999980e-01,1.105849358903308710e+00
1.878910064700000104e-01,1.124134225062240811e+00
4.178839921949999980e-01,1.116090760995128495e+00
6.128349900249999704e-01,1.129497793030004082e+00
4.822100102899999352e-01,1.165139138972127952e+00
8.136649727820000066e-01,1.167678645564951267e+00
8.997989892959999958e-01,1.197215630765541272e+00
7.667459845540000041e-01,1.231410323659843264e+00
6.762999892229999421e-01,1.226927906782579347e+00
9.804093837739999984e-01,1.206975753368599857e+00
1.075533032420000090e+00,1.233214600454670018e+00
6.459739804270000496e-01,1.268115289182827565e+00
7.601699829100000416e-01,1.229267661698241421e+00
8.707180023190000950e-01,1.209269197681462682e+00
1.045557022089999899e+00,1.225727372440239771e+00
4.832339882849999713e-01,1.256486153100999204e+00
1.085988998409999962e+00,1.206684872462165936e+00
7.320979833600000930e-01,1.233682544990525320e+00
7.128990292550000385e-01,1.234105678879168222e+00
1.045389056210000112e+00,1.210717563975919564e+00
7.359200119969999676e-01,1.243272110765889060e+00
8.956930041309999480e-01,1.233978887285966941e+00
8.745509982110000191e-01,1.231585254304746302e+00
9.237470030779999508e-01,1.238178462348688447e+00
9.997780323029999971e-01,1.244179129157928942e+00
1.739534020420000049e+00,1.256899114549149488e+00
8.107889890670000321e-01,1.353838760712848144e+00
7.049050331119999235e-01,1.307096225821729574e+00
8.328269720080000438e-01,1.224314085858474233e+00
8.276600241660000412e-01,1.218975582460863682e+00
8.953109979630000659e-01,1.227268742611892449e+00
1.459501028060000039e+00,1.236270596068832939e+00
1.179519057270000060e+00,1.308950388736558779e+00
1.443411946299999915e+00,1.325542131297460902e+00
1.306735038760000078e+00,1.340543837676154926e+00
7.634999752040000365e-01,1.343730829468685606e+00
1.145148038860000161e+00,1.268563873568914202e+00
7.253450155259999477e-01,1.266411048038739162e+00
7.633590102199999672e-01,1.241628305642444197e+00
6.174820065499999622e-01,1.216708449523598912e+00
1.029322981830000039e+00,1.197920643643045846e+00
1.302055954929999926e+00,1.234178381421326742e+00
3.164124965670000122e+00,1.298706940292565060e+00
9.734439849849999549e-01,1.571489624447207412e+00
1.229671001429999855e+00,1.479863237112022611e+00
7.441530227660000385e-01,1.320640845305755207e+00
1.063034057620000139e+00,1.253579832162635022e+00
1.123872041700000102e+00,1.254133460854698345e+00
8.984770178790000283e-01,1.281743397294996090e+00
7.175139784810000698e-01,1.264061935541052062e+00
5.367509722709999931e-01,1.224951740203822803e+00
1.175443053249999981e+00,1.187295370141971507e+00
1.101048946379999949e+00,1.244199258167439703e+00
5.734490156170000130e-01,1.286061487878487730e+00
1.431144952770000200e+00,1.225361998489243431e+00
1.037794947620000130e+00,1.282116030509588445e+00
6.568620204930000206e-01,1.301379541403948181e+00
1.074908018110000141e+00,1.233130843151758027e+00
1.385972023009999887e+00,1.246030802403408355e+00
1.004804968829999812e+00,1.313374895833374856e+00
1.609539985660000116e+00,1.299812117839700853e+00
2.817575931549999524e+00,1.344488228723227152e+00
1.962562561039999709e+00,1.556520703633726521e+00
1.279752016069999998e+00,1.583834289912866344e+00
1.995329976079999845e+00,1.414864342284974263e+00
2.033385992049999924e+00,1.427510200648253402e+00
1.307443976400000096e+00,1.495032689452379548e+00
1.611258029939999892e+00,1.412902267291193059e+00
2.040218114850000042e+00,1.381748981339431470e+00
2.183244943620000100e+00,1.456309642973674157e+00
1.351415991779999937e+00,1.525626104179320208e+00
7.242180109020001089e-01,1.434860401809245012e+00
1.363389015200000109e+00,1.277779830248224169e+00
1.526808977129999967e+00,1.289774189290278983e+00
1.784019589420000163e+00,1.357723354382949443e+00
1.103597044940000105e+00,1.415115726357882187e+00
1.763007998470000004e+00,1.355080025153334145e+00
1.157549023629999896e+00,1.378375418173642064e+00
1.153326034550000045e+00,1.353983666969378774e+00
2.362811088559999551e+00,1.307058676346078974e+00
2.580787897110000007e+00,1.451027315852619681e+00
1.242146968839999976e+00,1.610959318344190150e+00
1.712821006770000265e+00,1.467826089441974791e+00
6.676509976389999323e-01,1.396929254592235381e+00
8.271329998970000652e-01,1.290311227541660832e+00
9.642647504809997994e-01,1.226741039453791648e+00
1.394161701200000048e+00,1.242240593260203640e+00
7.584049701689999923e-01,1.306950761745677925e+00
6.900759935379999765e-01,1.269307214713625509e+00
6.740249991419999809e-01,1.214014149964516065e+00
8.615220189090000424e-01,1.199042436867181705e+00
7.907469868659999790e-01,1.218386154319442305e+00
7.285000085830000138e-01,1.224928335374612987e+00
2.411980032920000294e-01,1.214382249574871064e+00
3.354600071909999981e-01,1.153912937151490237e+00
5.912460088730000507e-01,1.128233071068916571e+00
1.058426976200000036e+00,1.157345167905969863e+00
7.669919729230000316e-01,1.230337424691569703e+00
5.881239771840000019e-01,1.237202840545866378e+00
5.922303199769999305e-01,1.198870282615422944e+00
8.753510117530000079e-01,1.182112338426315246e+00
7.038279771799998974e-01,1.212370197415816087e+00
5.677499771120000371e-01,1.215034602642103723e+00
7.133870124819999825e-01,1.189464657620752597e+00
1.077505946160000061e+00,1.193457309121231047e+00
6.909419894220000247e-01,1.245050610619743869e+00
7.724580168719999973e-01,1.231385272130650854e+00
7.237120270730000859e-01,1.214211090050743236e+00
9.752489924429998958e-01,1.210335302147554026e+00
9.151769876479998178e-01,1.236467332114645989e+00
7.574009895319999686e-01,1.249316177452783672e+00
