1.111775994300842507e+00,9.686417770212019107e-01
7.566530108451843262e-01,1.038089551797666488e+00
5.684260129928588867e-01,9.263233103983787853e-01
1.201630949974060059e+00,9.613385904016001904e-01
8.802530169486999512e-01,1.074201366748640307e+00
8.531429767608642578e-01,9.135347071745235636e-01
7.591750025749206543e-01,9.301120897980192925e-01
1.005007982254028320e+00,9.373455928998332132e-01
7.687720060348510742e-01,9.653119301418409126e-01
1.740013241767883301e+00,9.242438686114355928e-01
2.913533687591552734e+00,1.225430062007641041e+00
4.963075160980224609e+00,1.726287307292571072e+00
1.471215128898620605e+00,2.756550848954910204e+00
1.000648975372314453e+00,2.238154353163110954e+00
8.220189809799194336e-01,9.616141361666022958e-01
9.362199902534482643e-01,9.186879890445701635e-01
5.486897230148315430e-01,9.427180653860289805e-01
1.111255049705505371e+00,9.577290071627792001e-01
7.148039937019348145e-01,1.056876713671314194e+00
1.052167057991027832e+00,9.332553376245766863e-01
8.955980539321898304e-01,9.859157913526862549e-01
7.769405245780944824e-01,9.084903640507273614e-01
5.699509978294372559e-01,9.314393631799778861e-01
8.244060277938842773e-01,9.596560919849838056e-01
5.800840258598327637e-01,9.972860884451140162e-01
9.488009810447691761e-01,9.555103791844566929e-01
7.918390035629272461e-01,1.011333410538028943e+00
6.937990188598632812e-01,9.252438781668500534e-01
6.834830045700073242e-01,9.482687617592893137e-01
9.433320164680479847e-01,9.624745319367796759e-01
1.032713770866394043e+00,9.788724124923686709e-01
2.556216001510620117e+00,9.210289581883076560e-01
2.464895963668823242e+00,1.602060040590320478e+00
2.728049993515014204e+00,1.609780150722746050e+00
3.558506965637206476e-01,1.692418100958222649e+00
3.262020051479339600e-01,1.502128315875129294e+00
3.781589865684509277e-01,1.021604990431137283e+00
6.306380033493041992e-01,1.026670413733083764e+00
8.854129910469055176e-01,1.032256300658303205e+00
9.743152856826782227e-01,9.869480362918079397e-01
7.307389974594116211e-01,9.306538844826673929e-01
9.521890282630921520e-01,9.299754481886095547e-01
1.011654973030090332e+00,9.667917619625002734e-01
7.643579840660095215e-01,9.180181890083055629e-01
3.306220054626464844e+00,9.245594929350473556e-01
7.543110251426696777e-01,2.090730305034376624e+00
1.409499049186706321e+00,1.652104229578980732e+00
6.401469707489013672e-01,1.078397502878433167e+00
8.640019893646240234e-01,9.929844024619740583e-01
8.469420075416564941e-01,9.820142235520017415e-01
7.976629734039306641e-01,9.327800839204755112e-01
9.555831551551821068e-01,9.365354448014578947e-01
9.546210169792175293e-01,9.498312276785397801e-01
5.251880288124084473e-01,9.165039444630422860e-01
1.275226235389709695e+00,9.624565404119942436e-01
8.355640172958374023e-01,1.114928944308083425e+00
7.640249729156494141e-01,9.301155948151831332e-01
4.752210080623626154e-01,9.393474485773362082e-01
7.414129972457885742e-01,9.725546664808255581e-01
1.069700956344604492e+00,1.015507747102992964e+00
7.892770171165466309e-01,9.807860341210148380e-01
6.914690136909484863e-01,9.204680661028217248e-01
7.093830108642578125e-01,9.487044616370897687e-01
1.115731000900268555e+00,9.627172864860239487e-01
1.002280950546264648e+00,1.000492139367020750e+00
1.143296003341674805e+00,8.952155264775536470e-01
6.746559739112854004e-01,9.185926184024922891e-01
6.694570183753967285e-01,9.428030665021385204e-01
7.814120054244995117e-01,9.657556823076643981e-01
8.469259738922119141e-01,9.687740458540481381e-01
6.482390165328979492e-01,9.476768528941732495e-01
7.183309793472290039e-01,9.464748021040967352e-01
9.541710019111631080e-01,9.709524086366505546e-01
6.694499850273132324e-01,9.704065993758644870e-01
6.464660167694091797e-01,9.385167886489512723e-01
9.235979914665222168e-01,9.669233248783811741e-01
1.067314028739929199e+00,9.870467561670720480e-01
6.827279925346374512e-01,9.287928105264691148e-01
6.464239954948425293e-01,9.368192907036265726e-01
7.273989915847778320e-01,9.649007449383555368e-01
8.693690299987792969e-01,9.715789402715806489e-01
4.518609941005707342e-01,9.604489645453226920e-01
4.952389895915985107e-01,9.755374511785894764e-01
7.243813276290893555e-01,1.004583757034098079e+00
7.400469779968261719e-01,1.007902809029495916e+00
8.204330205917358398e-01,9.569737085459001369e-01
1.108605027198791504e+00,9.552926380586644894e-01
1.039268016815185547e+00,9.638743946306245203e-01
7.877500057220458984e-01,8.925656254829316127e-01
9.367713332176208496e-01,9.209418844070205168e-01
6.470239758491516113e-01,9.507689819270886966e-01
1.187446951866149902e+00,9.420737718278004991e-01
7.528370022773742676e-01,1.040415925560917776e+00
2.307340055704116821e-01,9.324566129320881469e-01
8.772729635238647461e-01,1.027252149084625810e+00
2.742219865322113037e-01,1.136057486309616893e+00
9.923512339591979980e-01,1.020741655342312093e+00
7.200859785079956055e-01,1.143614752801893619e+00
7.269890308380126953e-01,9.307382864705084913e-01
6.872699856758117676e-01,9.577413038876163576e-01
8.352038264274597168e-01,9.572542513205793968e-01
1.023357987403869629e+00,9.676962133853020953e-01
9.300749897956847034e-01,9.468203148952669679e-01
5.104020237922668457e-01,9.080395743323090851e-01
4.551239907741546076e-01,9.648283842116933684e-01
7.012919783592224121e-01,9.956054797323982131e-01
1.123770236968993919e+00,1.016984419846300502e+00
4.689320027828217108e-01,1.005031213944421742e+00
1.145424962043762207e+00,9.871321985837369084e-01
1.557039022445678711e+00,1.098130774243537999e+00
1.062240004539489524e+00,1.064134841691341649e+00
2.247971057891845703e+00,9.890817042215230837e-01
8.389729857444763184e-01,1.429033988232975672e+00
6.386680006980895996e-01,1.237532330396124092e+00
1.085826039314270020e+00,9.480229217987972135e-01
6.923220157623291016e-01,1.017887410735989207e+00
1.279224038124084473e+00,9.358948609736646995e-01
4.283109903335570734e-01,1.052005087681282092e+00
8.846225738525390625e-01,1.021073612878315995e+00
9.259700179100035511e-01,1.053152934390677586e+00
9.073020219802856445e-01,9.291971219155150674e-01
8.741459846496582031e-01,9.219227008840824578e-01
7.683960199356079102e-01,9.255033184865048002e-01
7.523270249366759144e-01,9.343509438498369679e-01
1.977947235107421431e+00,9.495181067136505559e-01
6.822599768638610840e-01,1.352284627663714378e+00
2.116506099700928178e+00,1.158550470595489434e+00
1.727593064308166504e+00,1.446700878361510956e+00
1.114274978637695090e+00,1.279975942047667514e+00
1.102354049682617188e+00,1.047884488005972781e+00
6.531813144683837891e-01,8.886394948920904868e-01
1.023204803466796875e+00,9.438855230299318944e-01
1.108754038810729980e+00,1.000360564051373524e+00
1.829927563667297363e+00,9.083330741435534650e-01
1.265669584274291992e+00,1.203219406368568167e+00
1.030689358711242898e+00,1.097608844607766310e+00
1.099169254302978294e+00,9.056461709592235065e-01
7.758393883705139160e-01,9.056441953073176565e-01
8.666771054267883301e-01,9.228746866309240904e-01
7.614132165908813477e-01,9.494789696933232381e-01
1.078659296035766602e+00,9.356197210771488582e-01
6.600005030632019043e-01,9.762411126876578971e-01
6.280704736709594727e-01,9.412934696424449799e-01
9.000409841537475586e-01,9.687619875906321454e-01
1.011121273040771706e+00,9.894283666761423124e-01
7.521411776542663574e-01,9.295481861955753322e-01
6.799052953720092773e-01,9.261086158056900386e-01
6.504104733467102051e-01,9.539731039174614846e-01
9.056316018104552112e-01,9.652321197407339737e-01
7.056654095649719238e-01,9.837051227997432035e-01
6.592794060707092285e-01,9.365139066617694796e-01
7.808002829551696777e-01,9.611718381040251780e-01
9.280405640602111816e-01,9.710032392411795943e-01
3.888399899005889893e-01,9.517948893517471642e-01
2.337300032377243320e-01,9.919420426385561207e-01
3.949534893035888672e-01,1.026989257094554020e+00
7.839220166206359863e-01,1.051533767915728168e+00
9.723259806632995605e-01,1.047834230353839269e+00
1.345324039459228294e+00,9.548242463958902526e-01
6.804850101470947266e-01,9.903267201351638738e-01
8.075709939002990723e-01,9.707327283224458370e-01
9.960750937461850807e-01,9.676247583679925546e-01
4.713059961795806330e-01,9.511009150185421035e-01
1.126214265823364480e+00,9.757300404847802922e-01
7.747610211372375488e-01,1.091750423068944764e+00
8.005080223083496094e-01,9.241186523748141646e-01
1.195780038833618164e+00,9.482037898096923323e-01
4.899359941482543390e-01,9.900970169522953501e-01
7.445690035820007324e-01,9.906617599467395507e-01
8.565919995307922363e-01,1.011526222318321233e+00
7.605929970741271973e-01,9.558068981848063528e-01
7.421634793281555176e-01,9.368533226596102992e-01
8.745691180229187012e-01,9.509203115047296651e-01
1.477671980857849121e+00,9.573363485653598737e-01
5.030400156974792480e-01,1.071507101241814475e+00
2.968195915222167969e+00,1.042174650321914919e+00
4.084815025329589844e+00,1.979297383837345770e+00
4.121052026748656671e-01,2.330390641494303861e+00
6.408920288085937500e-01,2.018656256872775945e+00
1.060830354690551758e+00,1.023186074945472646e+00
1.886373996734619141e+00,1.011759831228567830e+00
3.931840062141417902e-01,1.238158320683114155e+00
1.045531988143920898e+00,1.191167268521022615e+00
8.046740293502807617e-01,1.103319179251854631e+00
8.532550334930419922e-01,9.186961251185440380e-01
7.301589846611022949e-01,9.432536168103312635e-01
2.700940072536468506e-01,9.390648655001304634e-01
5.079169869422912598e-01,1.015159220162468845e+00
1.267657995223999023e+00,1.052528778591002911e+00
3.999615430831908736e+00,1.119560237423288251e+00
2.102678060531615767e+00,2.373191131775175045e+00
1.291347503662109375e+00,1.922606771276704762e+00
2.390191078186035156e+00,1.190359317200632372e+00
1.599208950996399148e+00,1.477196802925758057e+00
1.298205018043518066e+00,1.329474809589287432e+00
1.360355019569396973e+00,1.032604586800229152e+00
4.276689887046813965e-01,9.799463434872793810e-01
3.897170126438140314e-01,1.036836896754130155e+00
1.546036005020141602e+00,1.009395845941511105e+00
8.653150200843811035e-01,1.278803723237857959e+00
8.454149961471557617e-01,9.924297087322826449e-01
1.435889005661010742e+00,9.325961758900193077e-01
6.206179141998291016e+00,1.061238121811624247e+00
9.077759981155394398e-01,3.640471604971382114e+00
5.264570116996765137e-01,2.771318345038924935e+00
9.704009890556335449e-01,9.615710349703006088e-01
6.997730135917663574e-01,1.033584619006949978e+00
6.361600160598754883e-01,9.340053587172488792e-01
6.393389701843261719e-01,9.627941390519627607e-01
5.699130296707153320e-01,9.723943803427477217e-01
4.694110155105590820e-01,9.736150959247156234e-01
8.482750058174133301e-01,9.874960476781012852e-01
6.324055790901184082e-01,1.032057522164974595e+00
3.047409951686859131e-01,9.480363450052534668e-01
2.148479968309402466e-01,1.006004352169828975e+00
4.153338372707366943e-01,1.035027454543912873e+00
9.913370013236998401e-01,1.060139465737848230e+00
7.429170012474058948e-01,1.080693428849892390e+00
8.799139857292175293e-01,9.278578915601459753e-01
1.240342974662780762e+00,9.574907349722648897e-01
3.054729998111724854e-01,9.779579878369493162e-01
1.285866022109985352e+00,1.052982640273021797e+00
1.090137004852295144e+00,1.217781572629640596e+00
3.773260116577148438e-01,9.088415758396406474e-01
2.288666009902954102e+00,1.008653360950876543e+00
8.070570230484008789e-01,1.649733038231761206e+00
8.929409980773925781e-01,1.255645992626054364e+00
1.832507014274596724e+00,9.439051023012987596e-01
7.223749756813049316e-01,1.240556879121592848e+00
7.407349944114685059e-01,1.102153225391152791e+00
1.236768960952758789e+00,9.573259911411466927e-01
7.108730077743530273e-01,1.021633270427226625e+00
6.473349928855895996e-01,9.461393460002524014e-01
1.024247765541076882e+00,9.608481392456782455e-01
7.440620064735412598e-01,1.002458038536115925e+00
5.768560171127319336e-01,9.269171692472006896e-01
1.137029051780700906e+00,9.616031664010851188e-01
4.941360056400298517e-01,1.052820656706000557e+00
1.271524906158447266e+00,9.821532916947248726e-01
8.988280296325682484e-01,1.126642595730159124e+00
8.299319744110107422e-01,9.203968089016005827e-01
5.502920150756835938e-01,9.281881463757569728e-01
8.491920232772827148e-01,9.591552165753577386e-01
7.995309829711914062e-01,1.006059789397017123e+00
8.413559794425964355e-01,9.361535853310566369e-01
7.240070104598999023e-01,9.440398116711743448e-01
6.538060307502746582e-01,9.407608865510437290e-01
6.538396477699279785e-01,9.588146563359030150e-01
8.085789680480957031e-01,9.693429452714147354e-01
2.556999921798706055e-01,9.738967990997924318e-01
1.151844024658203125e+00,1.022340248616606218e+00
1.088750958442687988e+00,1.198364496564568782e+00
8.547700047492980957e-01,8.861149829330268179e-01
1.052428960800170898e+00,9.118616900222212829e-01
1.797067999839782715e+00,9.450949087647482205e-01
8.751260042190551758e-01,1.193336514495107581e+00
7.571684122085571289e-01,1.073040151365074912e+00
9.052469730377196155e-01,9.349343391280838800e-01
6.141330003738403320e-01,9.558167946223814493e-01
6.452289819717407227e-01,9.475736999088220092e-01
8.408679962158203125e-01,9.762415684767609125e-01
6.755350232124328613e-01,9.785125282018645176e-01
1.084153056144714355e+00,9.444232546680314533e-01
1.359479665756225586e+00,1.004935048384988816e+00
5.357339978218078613e-01,9.758179267047408789e-01
7.839810252189636230e-01,1.006899292000479340e+00
1.015287995338439941e+00,1.002620282428657195e+00
1.319244027137756348e+00,9.597113766455920292e-01
1.176299691200256348e+00,9.700366251494492165e-01
1.307337045669555664e+00,9.271646701267510782e-01
2.298435926437377930e+00,9.463052253599397723e-01
8.794149756431579590e-01,1.428052619103302501e+00
1.578516006469726562e+00,1.253018214055074964e+00
9.928810000419616699e-01,1.116969899817080725e+00
1.017398953437805176e+00,9.952018064499570382e-01
4.884769916534423273e-01,9.100457792552077985e-01
1.209630966186523438e+00,9.730401134015821407e-01
1.519726991653442383e+00,1.109031381251341708e+00
1.571495056152343750e+00,1.044334918770504883e+00
1.192077994346618874e+00,1.096718118188488633e+00
1.402015686035156250e+00,1.005319006100544588e+00
1.162554860115051270e+00,9.895461053290561804e-01
1.253835797309875710e+00,9.492349451715046404e-01
1.734062552452087402e+00,9.222424932316317658e-01
2.394351005554199219e+00,1.146389024241101229e+00
1.886527061462402122e+00,1.473067023273991749e+00
9.099829792976379395e-01,1.394751450377203161e+00
1.049708962440490723e+00,1.101836368847185943e+00
1.277305960655212402e+00,9.303966428641231579e-01
4.846229851245879572e-01,9.459947204533627474e-01
8.322510123252868652e-01,1.004858017962672934e+00
3.410890102386474609e-01,1.024479232774365922e+00
8.153510093688964844e-01,9.998048022211092345e-01
6.998159885406494141e-01,1.073915268664976441e+00
6.866139769554138184e-01,9.451809420052805777e-01
7.018824815750122070e-01,9.614626679775629681e-01
7.204269766807556152e-01,9.635629039967020804e-01
6.408870220184326172e-01,9.609018604492356452e-01
1.001817584037780762e+00,9.598509059128327303e-01
1.450595021247863770e+00,1.000548408447750059e+00
1.099555015563964844e+00,1.030427363333884738e+00
1.254430413246154785e+00,9.575109162150579056e-01
7.186369895935058594e-01,9.277797601993800214e-01
9.891759753227234997e-01,9.471814333427333032e-01
4.281075000762940341e+00,9.747687073816414527e-01
7.096589803695678711e-01,2.599716656538750392e+00
8.907449841499328613e-01,2.042029340032110341e+00
1.608888030052185059e+00,9.663536457058542473e-01
1.184751033782958984e+00,1.128826276598174694e+00
6.946156024932861328e-01,1.016067011123726216e+00
7.754629850387573242e-01,9.429102189403210099e-01
9.269009828567504883e-01,9.631939336204149438e-01
9.248849749565125622e-01,9.529949968606079569e-01
8.752880096435546875e-01,9.215562462351137851e-01
8.627579808235168457e-01,9.229016821738993404e-01
8.495249748229979359e-01,9.307336144694847713e-01
6.132180094718933105e-01,9.329423765248867628e-01
8.710420131683349609e-01,9.501299845255049004e-01
9.089673757553100586e-01,9.902356667639210519e-01
9.856920242309571423e-01,9.315084435294577192e-01
1.309872984886169434e+00,9.260886895346077674e-01
5.933508276939392090e-01,9.729477514676735384e-01
1.131836414337158203e+00,9.831239129512326924e-01
2.261745929718017578e+00,1.045270290966054727e+00
2.399192094802856445e+00,1.426310814740585853e+00
2.269547939300537109e+00,1.533356993864174012e+00
1.452262043952941895e+00,1.511597709162937120e+00
1.311915040016174316e+00,1.266738325197935833e+00
1.275267004966735840e+00,9.957148300614724334e-01
8.153480291366577148e-01,9.512285865867498025e-01
6.043019890785217285e-01,9.333152638182921068e-01
1.101529002189636230e+00,9.532834613824073822e-01
4.356400072574616034e-01,1.033715714399866092e+00
8.039849996566772461e-01,9.935164388163556515e-01
5.734559893608093262e-01,1.036689533339782754e+00
4.163750112056731623e-01,9.574808080874117611e-01
7.749050259590148926e-01,9.914859006212471959e-01
3.839260041713714044e-01,1.038875737391245835e+00
1.054715037345886230e+00,9.887839675638554482e-01
5.931029915809631348e-01,1.109735994996163599e+00
8.359869718551635742e-01,9.527972329740364010e-01
9.755985140800477184e-01,9.920202576647921822e-01
1.098647952079772949e+00,9.421010684688720938e-01
8.061249852180480957e-01,9.191060610280930021e-01
7.896029949188232422e-01,9.184243924269865911e-01
5.455229878425598145e-01,9.429195246849247924e-01
7.707700133323669434e-01,9.616947411643412824e-01
8.110550045967102051e-01,9.985392203673543188e-01
1.002521038055420144e+00,9.490351567810180189e-01
9.160850048065185547e-01,9.508756442011347954e-01
9.283249974250793457e-01,9.111389574573198757e-01
9.950090050697327770e-01,9.234136952984459690e-01
1.038689017295837402e+00,9.223697092502955996e-01
5.214130282402038574e-01,9.101361052248672090e-01
1.159701943397521973e+00,9.669311745559316940e-01
1.195862650871276855e+00,1.080667348231998837e+00
8.844429850578308105e-01,8.966828359491556544e-01
7.702100276947021484e-01,9.123740112699212368e-01
8.937159776687622070e-01,9.330832680988198069e-01
5.142210125923156738e-01,9.520345315397036323e-01
6.410769820213317871e-01,9.637472879145896343e-01
1.203750014305114746e+00,9.966409887024362257e-01
1.136301159858703613e+00,1.047245491610485413e+00
8.814030289649963379e-01,8.891230978629417470e-01
8.651199936866759144e-01,9.090187099012713157e-01
7.377740144729614258e-01,9.297136608232491328e-01
9.422479867935180664e-01,9.372925956894967436e-01
7.158420085906982422e-01,9.638638072225064191e-01
2.920779883861541748e-01,9.332029604918444798e-01
1.124665260314941406e+00,1.009143652711764316e+00
1.247418999671936035e+00,1.172000481932272020e+00
3.693974971771239790e+00,9.215167145452107800e-01
8.573070168495178223e-01,2.201889613313791738e+00
8.385969996452331543e-01,1.791319735103751754e+00
9.632229804992675781e-01,9.339812854943462250e-01
7.316169738769531250e-01,9.405909772033484995e-01
7.014784216880798340e-01,9.303545808817281770e-01
1.365643024444580078e+00,9.562117937778777943e-01
6.786789894104003906e-01,1.079359772820950969e+00
8.193774819374084473e-01,9.752683934975827640e-01
1.044147372245788574e+00,9.687186214463344713e-01
8.748620152473449707e-01,9.537006273508235044e-01
7.164059877395629883e-01,9.109470839694080446e-01
9.379299879074096680e-01,9.379609666387052069e-01
5.393440127372741699e-01,9.691108828536565412e-01
8.087720274925231934e-01,9.594516387197088436e-01
6.020820140838623047e-01,1.004348698151438901e+00
9.824249744415283203e-01,9.539792818727692580e-01
7.866399884223937988e-01,1.009831457838376911e+00
6.810299754142761230e-01,9.233369049391880745e-01
6.642330288887023926e-01,9.496034935836913382e-01
6.040380001068115234e-01,9.647951218129003914e-01
8.265414834022521973e-01,9.688844903255428020e-01
5.594509840011596680e-01,9.880562945618639459e-01
1.633069962263107300e-01,9.580482191559638316e-01
5.747918486595153809e-01,1.042116240051293774e+00
8.527640104293823242e-01,1.106143884142103406e+00
2.149522066116333008e+00,9.991838123089531454e-01
1.239639997482299805e+00,1.417523220897938474e+00
2.139239072799682617e+00,1.201097328489953542e+00
6.937779784202575684e-01,1.350540044743265389e+00
7.631160020828247070e-01,1.214585454012767851e+00
1.109338045120239258e+00,9.630080560866391970e-01
9.241870045661927380e-01,9.816830663191584705e-01
1.305567026138305664e+00,9.034411761593669210e-01
8.699640035629272461e-01,9.871127998088481403e-01
8.599532246589660645e-01,9.304590875379612491e-01
1.108017444610595703e+00,9.316364291328335101e-01
8.591579794883728027e-01,9.521009281845782546e-01
9.039019942283630371e-01,9.113500983577954573e-01
1.023422956466674805e+00,9.336940194723898356e-01
8.504790067672729492e-01,9.295523096004616459e-01
1.527956604957580566e+00,9.145192086770363993e-01
9.952359795570373535e-01,1.100733439685417148e+00
1.141056060791015625e+00,9.791486432259361994e-01
1.980204939842223899e+00,9.200948988334431977e-01
1.851865053176879883e+00,1.277099867100333519e+00
1.589177966117858887e+00,1.284861258601464051e+00
2.123934030532836914e+00,1.174267992787944470e+00
1.204741954803466797e+00,1.339897868413425730e+00
1.227027416229248047e+00,1.189482535498423754e+00
1.131343960762024148e+00,9.136094811646219283e-01
1.116891980171203613e+00,8.948595602245842384e-01
1.040153026580810325e+00,8.857154078494986482e-01
7.681059837341308594e-01,8.918781658640946297e-01
7.666722536087036133e-01,9.234811399935700660e-01
8.607699871063232422e-01,9.494000328566063462e-01
5.301510095596313477e-01,9.511914058160818586e-01
9.909179806709289551e-01,9.612939114183378653e-01
9.618239998817442737e-01,1.036316293392118837e+00
8.381230235099792480e-01,9.107256129796006405e-01
8.131660223007202148e-01,9.204519214154455176e-01
8.752340078353881836e-01,9.374582779803845023e-01
8.812961578369140625e-01,9.420744295147052139e-01
9.057049751281737171e-01,9.305892669846731469e-01
1.355970025062561035e+00,9.295646275801964231e-01
2.043754577636718750e+00,1.011491440354194360e+00
2.364957094192504883e+00,1.296641061677315632e+00
2.233561992645264116e+00,1.488198523278080332e+00
8.372840285301208496e-01,1.492465855044361023e+00
9.040349721908569336e-01,1.232349431557770103e+00
7.228699922561645508e-01,9.380261394951309173e-01
1.032919287681579590e+00,9.349582655743745585e-01
9.367759823799132191e-01,9.801105499775901730e-01
7.624319791793823242e-01,9.066331456963653279e-01
7.721610069274902344e-01,9.287931961770884426e-01
1.243505001068115234e+00,9.503338432385042278e-01
7.468199729919433594e-01,1.013086665358131411e+00
1.419505119323730469e+00,9.403222574562524194e-01
7.347676753997802734e-01,1.084916584669225248e+00
1.074026942253112793e+00,9.765609104032008103e-01
9.692379832267760120e-01,9.836674535100866645e-01
8.089560270309448242e-01,9.006119568045278800e-01
8.223479986190795898e-01,9.221195738948158027e-01
5.762249827384948730e-01,9.421909859572414891e-01
6.765879988670349121e-01,9.560970578090487448e-01
9.015229940414428711e-01,9.845090060486860750e-01
8.627583980560302734e-01,9.760084320815246572e-01
1.055613875389099121e+00,9.266627149627008064e-01
9.391199946403503418e-01,9.433476969584986271e-01
7.824029922485351562e-01,9.044410222786708475e-01
8.782749772071838379e-01,9.268520085405257403e-01
1.109990954399108887e+00,9.485571179905029071e-01
1.164981961250305176e+00,9.471704588688805160e-01
1.475479006767273171e+00,8.945447272408931783e-01
7.344660162925720215e-01,1.024156459339293557e+00
1.143465042114257812e+00,9.906191286985855937e-01
2.958764553070068359e+00,9.985475774635186319e-01
2.038712024688720703e+00,1.805578907318073911e+00
9.367650747299193226e-01,1.587544711794941943e+00
1.001402020454406738e+00,1.154664442552659764e+00
7.492939829826354980e-01,9.208497303366628417e-01
9.457820057868958630e-01,9.267402043493989661e-01
1.164842009544372559e+00,9.611979878180523240e-01
9.045109748840332031e-01,9.385248619637681644e-01
5.778343677520751953e-01,9.072148729997929761e-01
7.607790231704711914e-01,9.529623308744120669e-01
8.009672760963441052e-01,9.891433596398855332e-01
6.709719896316528320e-01,9.507765035014134058e-01
3.086133003234863725e+00,9.486481746003617710e-01
1.018260955810546875e+00,1.991524657939139686e+00
1.114386796951293945e+00,1.542532407422758434e+00
1.229098439216613770e+00,9.101826256114260438e-01
1.245597958564758301e+00,9.151483759067619017e-01
5.376980304718017578e-01,9.245782364946907306e-01
7.949647903442382812e-01,9.857571657240364882e-01
1.209460973739624023e+00,1.003256248263870498e+00
9.914460182189940296e-01,9.956286350630386695e-01
7.495359778404235840e-01,9.000651410782697370e-01
8.522210121154785156e-01,9.270477012191974397e-01
9.499999880790708229e-01,9.545128659289408013e-01
6.329939961433410645e-01,9.367176484609152087e-01
8.296039700508117676e-01,9.438139355367950456e-01
1.060515046119689941e+00,9.806935807002926664e-01
6.726049780845642090e-01,9.531451652017501885e-01
7.929700016975402832e-01,9.383232574035267337e-01
9.556260704994201660e-01,9.686359410736867792e-01
7.782499790191650391e-01,9.509939517012842014e-01
6.364319920539855957e-01,9.259253419784024830e-01
6.556333899497985840e-01,9.534848361823127227e-01
8.762890100479125977e-01,9.723084320276043080e-01
6.824830174446105957e-01,9.790769914889632108e-01
7.950311899185180664e-01,9.409131679300727358e-01
1.017485976219177246e+00,9.665445078826873093e-01
1.230221033096313699e+00,9.569383006002755154e-01
9.125559926033020020e-01,9.363596330798604761e-01
1.030437946319579856e+00,9.123415572096368331e-01
6.127780079841613770e-01,9.280421920376072942e-01
3.667230010032653253e-01,9.479708322698484624e-01
5.604230165481567383e-01,9.952823449974024239e-01
8.102909922599792480e-01,1.028338435875933321e+00
7.236457467079162598e-01,9.984459948346293690e-01
6.627830266952514648e-01,9.444532922415730392e-01
8.224419951438903809e-01,9.585116492689316203e-01
6.781139969825744629e-01,9.726914125869713379e-01
3.209959864616393488e-01,9.459370391312502679e-01
7.439860105514526367e-01,1.002188640773290951e+00
7.004669904708862305e-01,1.068890205576007446e+00
1.274258971214294434e+00,9.543861585209570952e-01
6.211659908294677734e-01,1.047470201139991008e+00
1.067494988441467285e+00,9.705428009437712111e-01
1.265694975852966309e+00,1.019967309277967527e+00
9.348030090332032360e-01,9.378923432367064494e-01
1.085708975791931152e+00,9.148569247344221500e-01
5.883709788322448730e-01,9.280505931859164281e-01
4.636880159378052313e-01,9.556604696202151139e-01
8.750243186950683594e-01,9.859128294618730859e-01
4.834130108356476385e-01,1.038503729788624819e+00
4.560469985008240301e-01,9.693937251130142485e-01
7.238804101943969727e-01,9.993968396373379415e-01
4.748429954051970880e-01,1.019231278442415123e+00
9.588437080383299671e-01,9.743679010856669542e-01
1.794360995292663574e+00,1.050188086584517899e+00
1.210453987121582031e+00,1.207287619024334235e+00
4.008429944515228271e-01,1.078907143410156699e+00
5.836449861526489258e-01,1.017785031702913123e+00
8.660610318183898926e-01,1.020958245731591774e+00
7.764859795570373535e-01,9.982127746066662421e-01
5.888479948043823242e-01,9.348662256123939640e-01
4.327859878540038507e-01,9.577550041747450171e-01
5.545350313186645508e-01,9.885584687504896939e-01
1.149551987648010476e+00,1.010810835752040227e+00
9.776459932327271618e-01,1.064750524264972631e+00
2.302707910537720171e+00,8.975018022545485641e-01
7.962800264358520508e-01,1.473581127679423064e+00
6.104800105094909668e-01,1.261982737535987331e+00
6.522138714790344238e-01,9.540783332756496149e-01
1.032202124595642090e+00,9.769822124425902032e-01
8.200139999389648438e-01,1.002333989936589953e+00
1.039114952087402344e+00,9.172904243297742566e-01
9.508559703826903187e-01,9.528494194745923407e-01
7.736063003540039062e-01,9.050868522189040588e-01
1.383889913558959961e+00,9.267067201753029781e-01
6.069999933242797852e-01,1.061917743667070146e+00
9.455270171165466309e-01,9.947151906465124815e-01
3.923240005970001221e-01,1.002146306201645798e+00
9.679385423660278320e-01,9.920380014700507232e-01
9.072690010070799671e-01,1.084808468387104652e+00
2.479866981506348100e+00,9.158071275624578567e-01
1.045583963394165039e+00,1.585646096145755024e+00
1.536522984504699707e+00,1.313220653429687745e+00
4.812009930610657293e-01,1.064143361631754159e+00
8.617479801177978516e-01,1.062976953302784633e+00
1.127727031707763672e+00,1.030187534302392294e+00
9.895502924919128418e-01,9.552504058352928595e-01
9.099559783935547985e-01,8.961215757872802445e-01
1.239764332771301270e+00,9.129732774430843190e-01
1.379981994628906250e+00,9.688609958925136212e-01
7.663900256156921387e-01,9.816847509373755054e-01
8.156750202178955078e-01,9.619031320047717326e-01
1.299479961395263672e+00,9.499352155236554518e-01
7.149469852447509766e-01,1.017146056158016121e+00
8.305460214614868164e-01,9.552277922698426682e-01
9.092410206794740990e-01,9.610824305434999548e-01
7.411040067672729492e-01,9.395884243420153936e-01
5.047770142555236816e-01,9.328943500895400254e-01
9.697520136833192028e-01,9.695336368104198188e-01
1.049844980239868164e+00,1.041291471137560931e+00
5.644329786300659180e-01,9.161279945469479324e-01
9.593539834022521973e-01,9.583581453747564982e-01
9.383450150489808239e-01,1.018349047753084546e+00
7.079470157623291016e-01,9.160952680372279611e-01
4.484339952468871515e-01,9.343035376770179035e-01
5.337110161781311035e-01,9.788159946648072873e-01
5.215386152267456055e-01,1.006320836149144915e+00
6.405649781227111816e-01,9.903666824145433978e-01
1.660409450531006081e+00,9.949420664935206826e-01
1.622156023979186790e+00,1.228039680781228382e+00
3.623536109924316406e+00,1.141144368300694989e+00
9.065989851951601342e-01,2.108724625553987764e+00
7.756379842758178711e-01,1.758622531790080101e+00
6.443409919738770641e-01,9.303872349683431908e-01
5.499600172042846680e-01,9.531777099637205319e-01
1.367677569389343262e+00,9.739703080603484553e-01
8.148130178451538086e-01,1.137609918227194816e+00
8.623980283737182617e-01,9.513609415074000264e-01
8.134710192680358887e-01,9.414695184191721467e-01
9.060310125350952148e-01,9.338178636489379292e-01
1.311033964157104492e+00,9.430790016141183951e-01
1.474902033805847168e+00,9.941597349960502594e-01
1.186140060424804910e+00,1.028988058159602481e+00
2.092472076416016069e+00,9.747436270403052605e-01
1.301861047744750977e+00,1.330886351191514994e+00
1.221997022628784180e+00,1.188177716643258774e+00
1.078873991966247559e+00,9.327834181629214294e-01
7.863690257072448730e-01,8.940356253104663198e-01
7.093420028686523438e-01,9.209314654228766273e-01
5.645610094070434570e-01,9.481887162371703814e-01
1.092841982841491699e+00,9.658831517818901036e-01
3.955059945583344061e-01,1.046266505743739694e+00
1.195796012878417969e+00,1.003703423998298483e+00
2.998351097106933594e+00,1.145228349007856750e+00
2.585943937301636186e+00,1.818882236790672069e+00
1.655773043632507102e+00,1.742486523833691958e+00
8.921740055084229626e-01,1.400438923057590213e+00
8.955079913139343262e-01,1.024577373864691499e+00
1.585399031639099121e+00,9.276265357443893578e-01
1.210371017456054910e+00,1.116374625367577256e+00
9.857040047645567737e-01,1.012330997950698253e+00
6.761519908905029297e-01,9.008221587577392997e-01
9.457439780235291638e-01,9.369584346843657929e-01
5.141820311546325684e-01,9.812806172416032036e-01
7.144280076026916504e-01,9.644157787962347461e-01
7.917379736900329590e-01,1.001818816936848044e+00
6.024960279464721680e-01,9.596424477873184422e-01
1.012339949607849121e+00,9.552129431760048028e-01
6.310235261917114258e-01,1.015178637862030220e+00
5.426099896430969238e-01,9.442366077515668144e-01
7.744219899177551270e-01,9.759894214699268433e-01
8.376209735870361328e-01,9.997011312348877965e-01
7.503905892372131348e-01,9.488316804003011917e-01
1.614240050315856934e+00,9.397076243621425018e-01
7.141630053520202637e-01,1.169853405631852583e+00
6.486989855766296387e-01,1.033240294205942877e+00
3.861860036849975586e-01,9.603470132616507282e-01
3.990480005741119385e-01,9.907209571427059158e-01
1.103790521621704102e+00,1.015703491207926801e+00
8.070139884948729359e-01,1.116382781781802391e+00
1.107607960700988770e+00,9.184087211133336037e-01
7.170349955558776855e-01,9.677368189508742669e-01
1.687772989273071289e+00,9.326793649445150880e-01
8.082039952278137207e-01,1.215462267639855432e+00
1.564818024635314941e+00,1.042864255245538274e+00
1.256489992141723633e+00,1.129510691832477765e+00
7.375509738922119141e-01,1.014066900785175251e+00
8.364729881286621094e-01,9.439165049454992795e-01
1.015761017799377441e+00,9.564168678470890139e-01
6.945540308952331543e-01,9.456545898278627682e-01
9.518219828605651855e-01,9.340441683969739062e-01
5.585229992866516113e-01,9.767813997028722550e-01
1.855298042297363503e+00,9.561125687785481109e-01
8.210539817810058594e-01,1.352922063535765940e+00
8.359720110893249512e-01,1.097770952255901378e+00
6.805480122566223145e-01,9.400738606668070929e-01
1.030328035354614480e+00,9.444499396559929982e-01
8.423720002174377441e-01,9.928407858134979946e-01
5.589337944984436035e-01,9.149557675821226033e-01
7.334340214729309082e-01,9.574661339040861918e-01
8.426809906959533691e-01,9.918160059152982821e-01
8.706315755844116211e-01,9.575886037201823964e-01
8.863990306854248047e-01,9.363475546692977547e-01
8.493610024452209473e-01,9.313912990374390022e-01
1.331516027450561523e+00,9.292681584934233685e-01
1.645591020584106445e+00,1.018221899805955788e+00
1.411272048950195090e+00,1.106205161869063369e+00
1.046331048011779785e+00,1.072560679085048374e+00
8.349300026893615723e-01,9.434845460814754725e-01
1.090394020080566406e+00,9.150897361342880121e-01
6.141669750213623047e-01,9.563181100105804244e-01
8.252440094947814941e-01,9.507137802456347986e-01
1.047114968299865501e+00,9.852254602456143040e-01
4.695149958133698065e-01,9.524760624970154410e-01
7.520099878311157227e-01,9.796583555324233084e-01
6.718119978904724121e-01,1.018481287157162907e+00
6.571980118751525879e-01,9.543473426114030822e-01
7.795739769935607910e-01,9.663697871553958985e-01
6.211889982223510742e-01,9.714077076537136479e-01
9.608931541442872204e-01,9.545650649163452961e-01
7.402380108833312988e-01,1.000067219712068800e+00
6.151059865951538086e-01,9.294925450823680046e-01
5.818247795104979359e-01,9.589752578934562788e-01
6.529520153999328613e-01,9.766256056044739786e-01
7.834500074386596680e-01,9.825476617358459563e-01
8.276180028915405273e-01,9.725747055353560766e-01
2.505017042160034180e+00,9.468785830401649228e-01
1.417585968971252441e+00,1.618707265312164578e+00
1.226507544517517090e+00,1.340183657011294827e+00
9.694439768791200951e-01,9.652737021161669206e-01
8.129550218582153320e-01,9.047337379094455567e-01
5.289899706840515137e-01,9.217564647792367838e-01
4.789490103721618097e-01,9.628240420893967588e-01
9.671270251274107776e-01,9.921547326765407515e-01
4.701859951019286554e-01,1.050341625832210468e+00
2.416239976882934293e-01,9.744821631794815531e-01
1.994680017232894897e-01,1.022245743634863535e+00
4.732620120048523504e-01,1.042286869944669458e+00
9.621880054473875843e-01,1.073744806021228904e+00
9.829789996147154651e-01,1.051467866633278403e+00
1.026576042175292969e+00,9.153698923934334708e-01
9.651920199394226074e-01,9.121967095966719841e-01
1.983185052871704324e+00,9.056983402180179832e-01
1.286525964736938477e+00,1.304470491166484836e+00
1.736924052238464355e+00,1.150159430373389746e+00
7.533379793167114258e-01,1.147638743766709490e+00
1.062494039535522461e+00,1.065856408914793052e+00
8.256469964981079102e-01,9.758241125501838642e-01
1.418092012405395508e+00,9.157766361018592205e-01
1.250364065170288086e+00,1.059510909537761947e+00
1.089423060417175293e+00,9.708026609521038797e-01
8.687390089035034180e-01,8.998267258359178289e-01
1.307837963104248047e+00,9.101422995354258028e-01
7.601559758186340332e-01,1.003777301575700776e+00
8.579840064048767090e-01,9.483166704773263733e-01
1.067142963409423828e+00,9.524708178414467152e-01
6.799880266189575195e-01,9.461890187175848732e-01
8.352749943733215332e-01,9.372824046206672532e-01
1.010563969612121582e+00,9.694350624375163150e-01
7.260069847106933594e-01,9.454203385360137046e-01
5.901079773902893066e-01,9.295758826503983663e-01
7.406870126724243164e-01,9.622503867230742802e-01
7.620100975036621094e-01,9.846973088447886768e-01
5.811070203781127930e-01,9.541358288878848404e-01
8.903719782829283558e-01,9.596751295892630429e-01
7.301949858665466309e-01,1.002157989826595541e+00
1.265586972236633301e+00,9.354369748512890714e-01
9.180610179901124157e-01,1.034243960294658260e+00
8.252680301666259766e-01,9.169037339725890634e-01
9.114630222320554420e-01,9.260048295433949139e-01
9.657319784164427601e-01,9.407866602699441749e-01
7.146480083465576172e-01,9.248372739761558936e-01
8.502969741821289062e-01,9.322739208026274982e-01
8.405809998512268066e-01,9.622344451374881258e-01
1.191807866096496582e+00,9.350839856397085148e-01
7.976800203323364258e-01,9.763566012867399557e-01
8.885610103607177734e-01,9.252608248441959171e-01
9.655410051345824085e-01,9.457194435351696793e-01
5.838339924812316895e-01,9.295721226040645213e-01
8.865389823913574219e-01,9.517583955342979740e-01
8.750730156898498535e-01,1.000806667723406651e+00
6.929270029067993164e-01,9.287442277638373600e-01
5.519689917564392090e-01,9.400065868915349343e-01
5.465030074119567871e-01,9.684988620162503503e-01
7.512239813804626465e-01,9.871095061887960043e-01
7.843149900436401367e-01,9.964657649951107476e-01
6.109840273857116699e-01,9.523667982998804682e-01
7.992020249366759144e-01,9.550266985929370955e-01
5.405290126800537109e-01,9.837882139100216916e-01
9.266330003738403320e-01,9.618372795657339491e-01
5.896059870719909668e-01,1.020765135528637568e+00
5.182790160179138184e-01,9.508039696520275141e-01
6.216366887092590332e-01,9.824207358813995539e-01
7.315016984939575195e-01,9.947809925614929938e-01
8.715350031852722168e-01,9.769905074228526498e-01
2.576299905776976984e-01,9.596260568897573284e-01
3.547430038452147882e-01,1.025478186451852958e+00
1.424710035324096902e+00,1.041204496936588120e+00
1.588093161582946777e+00,1.245427347262585416e+00
1.510810017585754395e+00,1.089310555020445825e+00
6.637499928474426270e-01,1.088463328862665724e+00
9.182999730110168457e-01,1.013148729959610694e+00
9.455379843711853027e-01,9.814291423836184469e-01
8.895260095596313477e-01,9.231156200081859220e-01
7.889080047607421875e-01,9.195230991686084154e-01
8.079270124435424805e-01,9.313848350862082848e-01
6.742079854011535645e-01,9.457042879624407705e-01
7.401880025863647461e-01,9.476924319668253993e-01
7.983270287513732910e-01,9.663292419021448643e-01
7.760372757911682129e-01,9.546689581784235656e-01
7.851629853248596191e-01,9.443816685524736299e-01
1.024798870086670144e+00,9.479565203793953732e-01
8.841310143470764160e-01,9.606387782645167128e-01
1.171491026878356934e+00,9.113528430367120459e-01
7.665730118751525879e-01,9.580162227883063375e-01
1.054823040962219238e+00,9.285809951985052324e-01
1.034250974655151367e+00,9.705314574767396341e-01
7.633029818534851074e-01,8.992923261049591277e-01
6.365630030632019043e-01,9.241967005921848388e-01
5.399640202522277832e-01,9.550280428102103647e-01
8.178460001945495605e-01,9.754673502651278749e-01
8.135920166969299316e-01,1.005239564925519913e+00
9.839289784431458630e-01,9.407162459323152870e-01
8.986790180206298828e-01,9.483441876978592200e-01
6.926850080490112305e-01,9.142447668028946817e-01
6.764680147171020508e-01,9.383129491473156669e-01
6.547859907150268555e-01,9.627519494183212068e-01
8.509550094604492188e-01,9.656745104788537759e-01
6.557850241661071777e-01,9.769270071844015080e-01
8.856279850006103516e-01,9.454239882859942767e-01
9.303160309791563831e-01,9.799917048382850160e-01
7.123904824256896973e-01,9.290853924218095417e-01
6.544970273971557617e-01,9.342454832557759437e-01
9.782410264015198864e-01,9.603736092476213848e-01
8.733990192413330078e-01,9.923757167573347138e-01
6.319249868392944336e-01,9.163902458493804470e-01
8.613430261611938477e-01,9.465963496646028208e-01
6.160370111465454102e-01,9.839731308656246567e-01
6.686739921569824219e-01,9.491469071016279679e-01
1.007030010223388894e+00,9.761790328972977937e-01
9.358490109443665661e-01,9.925909021254031295e-01
1.113351941108703613e+00,9.095366493793651808e-01
9.273632764816285290e-01,9.316426001450803795e-01
9.193540215492249645e-01,9.030401877036238201e-01
6.497738957405090332e-01,9.215291859695212695e-01
8.034440279006958008e-01,9.422700430077288747e-01
7.462270259857177734e-01,9.745277027161716177e-01
7.597569823265075684e-01,9.444143670661035994e-01
1.126011013984680176e+00,9.531594982443308828e-01
1.423818945884704590e+00,9.862999516957636770e-01
5.316870212554931641e-01,1.001690490155355162e+00
1.097100019454955833e+00,1.021907809537632383e+00
9.711959958076475941e-01,1.059837672465821168e+00
5.659890174865722656e-01,8.989616984592653237e-01
1.088876962661743164e+00,9.550485876756517056e-01
1.923168003559112549e-01,1.044773505831644300e+00
3.752999901771545410e-01,1.070359352906286921e+00
4.178839921951293945e-01,1.063181992860737335e+00
4.822100102901458185e-01,1.017878245720920560e+00
8.997989892959594727e-01,1.010977092591889281e+00
6.762999892234802246e-01,1.036265982866088731e+00
1.075533032417297363e+00,9.400032246422969084e-01
