7.976629734039306641e-01,1.168656379061013162e+00
9.608020186424257592e-01,1.256745805159042106e+00
3.470349907875061035e-01,1.321677649449146896e+00
9.546210169792177513e-01,1.330658491829142198e+00
5.251880288124084473e-01,1.321198530113217640e+00
1.275226235389709695e+00,1.319911168486038511e+00
8.723750114440917969e-01,1.295108476970425970e+00
7.321749925613403320e-01,1.339153332936477980e+00
7.640249729156494141e-01,1.283965909607818423e+00
4.752210080623626154e-01,1.309559298113701642e+00
7.414129972457885742e-01,1.281109202613328168e+00
1.258002042770385520e+00,1.320560697479564505e+00
7.274609804153442383e-01,1.321760798024730121e+00
7.892770171165466309e-01,1.321308286038114677e+00
6.914690136909484863e-01,1.339987751409020156e+00
7.093830108642578125e-01,1.294391947863231973e+00
1.014547944068908691e+00,1.268826442037042757e+00
4.182830154895783026e-01,1.315637642100137450e+00
1.002280950546264648e+00,1.324293741098925503e+00
1.143296003341674805e+00,1.318389657169524609e+00
6.746559739112854004e-01,1.281136663283378052e+00
6.009536385536193848e-01,1.263363988346152045e+00
6.538079977035522461e-01,1.318362053766817477e+00
7.814120054244995117e-01,1.267426122847782111e+00
8.469259738922119141e-01,1.281347717458789948e+00
6.482390165328979492e-01,1.329668102674105956e+00
5.623700022697448730e-01,1.351833313051662877e+00
1.099647998809814453e+00,1.340063044046579277e+00
9.541710019111632191e-01,1.317971860075221713e+00
6.694499850273132324e-01,1.296386211181940862e+00
6.464660167694091797e-01,1.334036861916680694e+00
8.223180174827575684e-01,1.327364283548534862e+00
8.300920128822326660e-01,1.257708823389470876e+00
1.067314028739929199e+00,1.276127478357808043e+00
6.827279925346374512e-01,1.313219118710251543e+00
6.464239954948425293e-01,1.298156017219680436e+00
6.881093978881835938e-01,1.280419639862355963e+00
6.500350236892700195e-01,1.265243494651504097e+00
8.693690299987792969e-01,1.264871267437629898e+00
4.518609941005706787e-01,1.298034603801145215e+00
4.952389895915984552e-01,1.348874344362611444e+00
6.850870251655578613e-01,1.372918704574822790e+00
8.653740286827087402e-01,1.364554284978921173e+00
7.400469779968261719e-01,1.343083109794569907e+00
8.204330205917358398e-01,1.375837542185318618e+00
1.108605027198791504e+00,1.351340992898063309e+00
4.751499891281127930e-01,1.315713891924426671e+00
9.457899928092955433e-01,1.310633835052517959e+00
7.877500057220458984e-01,1.311262537096089531e+00
9.367713332176208496e-01,1.285426010418304177e+00
6.470239758491516113e-01,1.256883886131635375e+00
1.029777050018310325e+00,1.320840386284730883e+00
9.328820109367371716e-01,1.273056482147020052e+00
7.528370022773742676e-01,1.278045428712668352e+00
2.307340055704117099e-01,1.259503132726966568e+00
8.772729635238647461e-01,1.308341863031228902e+00
7.876309752464294434e-01,1.266970241797831465e+00
3.992269933223724365e-01,1.278421970067148417e+00
9.923512339591979980e-01,1.352198745191052653e+00
7.200859785079956055e-01,1.416196303080609065e+00
7.269890308380126953e-01,1.319159949412045618e+00
9.301019906997679554e-01,1.309587278098351959e+00
8.662552833557128906e-01,1.351480575855934507e+00
8.352038264274597168e-01,1.298676506221505100e+00
1.023357987403869629e+00,1.307687190222231122e+00
9.300749897956849255e-01,1.307735795765767817e+00
8.702930212020874023e-01,1.282329912093094659e+00
1.025817990303039551e+00,1.279019829569785882e+00
4.551239907741546076e-01,1.263233600041951066e+00
7.012919783592224121e-01,1.261874904660903685e+00
1.123770236968993919e+00,1.296811830260130138e+00
4.825370013713837225e-01,1.281162296520910626e+00
8.755196928977966309e-01,1.320415945591202789e+00
1.145424962043762207e+00,1.368876688990628976e+00
1.557039022445678711e+00,1.307031475566427625e+00
1.062240004539489524e+00,1.240851077392227664e+00
7.867829799652099609e-01,1.271473908884216408e+00
5.664669871330261230e-01,1.212026955440417275e+00
8.389729857444763184e-01,1.162235705754917303e+00
6.386680006980895996e-01,1.088897927495665829e+00
1.085826039314270020e+00,1.174265174811353507e+00
6.014299988746643066e-01,1.222911301001148310e+00
8.782439827919006348e-01,1.209276058705856416e+00
1.279224038124084473e+00,1.224621939588125041e+00
4.283109903335570734e-01,1.307450786585391711e+00
8.846225738525390625e-01,1.283707368852188280e+00
7.809653878211975098e-01,1.325507782768470255e+00
9.178640246391297497e-01,1.295139252634488480e+00
9.073020219802857556e-01,1.263699457327457587e+00
8.741459846496582031e-01,1.334200094145784332e+00
7.683960199356079102e-01,1.278266753461096972e+00
9.357339143753051758e-01,1.277417803413448238e+00
6.247839927673339844e-01,1.255785388518008583e+00
1.977947235107421653e+00,1.291499756961457024e+00
6.822599768638610840e-01,1.275919122973431907e+00
2.116506099700928178e+00,1.268603345168624719e+00
2.030230045318603516e+00,1.208215593770824992e+00
1.321619033813476562e+00,1.149335292681121112e+00
1.114274978637695090e+00,9.810108564928176067e-01
1.102354049682617188e+00,9.976375012555829258e-01
6.531813144683837891e-01,9.216382715082436228e-01
6.168276071548461914e-01,9.813448999112200921e-01
1.176781058311462402e+00,1.118222730570165746e+00
1.108754038810729980e+00,1.195573357572592421e+00
1.829927563667297363e+00,1.213382579478663903e+00
1.265669584274291992e+00,1.249816181611663524e+00
7.930377125740051270e-01,1.216292549568059878e+00
8.210232257843017578e-01,1.131510807627809978e+00
1.099169254302978294e+00,1.126205759972270792e+00
7.758393883705139160e-01,1.073692320187186633e+00
8.666771054267883301e-01,1.102063592107716650e+00
8.462041020393371582e-01,1.205768989796384139e+00
6.587246060371398926e-01,1.255992278469484580e+00
1.078659296035766602e+00,1.263098088200159452e+00
6.600005030632019043e-01,1.299860719355842686e+00
6.280704736709594727e-01,1.301026586610697811e+00
6.864575743675231934e-01,1.292827129780519391e+00
7.342569231986999512e-01,1.290474099471878633e+00
1.011121273040771706e+00,1.246742285313340082e+00
7.521411776542663574e-01,1.244782100153144944e+00
6.799052953720092773e-01,1.296324462952903378e+00
7.211565971374511719e-01,1.326702022191293073e+00
7.167106270790100098e-01,1.301814057361111665e+00
9.056316018104552112e-01,1.287072614245721169e+00
7.056654095649719238e-01,1.308544776005441390e+00
6.592794060707092285e-01,1.309673686898409795e+00
6.634064316749572754e-01,1.323038454379863449e+00
7.565907239913940430e-01,1.316509183205819777e+00
9.424405694007873535e-01,1.325702773085412289e+00
3.888399899005889893e-01,1.347310300103742531e+00
2.337300032377243042e-01,1.358579591569745615e+00
1.459127068519592563e-01,1.391358649065710607e+00
9.678409695625302955e-01,1.413769827325908279e+00
7.839220166206359863e-01,1.401368215346890267e+00
9.723259806632995605e-01,1.459771870474288136e+00
1.345324039459228294e+00,1.475542563000542318e+00
7.227010130882263184e-01,1.407481998956312985e+00
7.610610127449035645e-01,1.266475737369770593e+00
8.075709939002990723e-01,1.255828778663050427e+00
9.960750937461851917e-01,1.227027550941924394e+00
4.713059961795806885e-01,1.178885505524712718e+00
1.047140955924987793e+00,1.271987968266516500e+00
2.560461759567260742e+00,1.299532441054375154e+00
7.777400016784667969e-01,1.251809335234825404e+00
8.005080223083496094e-01,1.230048610043511959e+00
1.195780038833618164e+00,1.203365546754684656e+00
7.970449924468994141e-01,1.044644443153309732e+00
9.918130040168761097e-01,8.211350610938257244e-01
7.445690035820007324e-01,1.018620856708857936e+00
8.565919995307922363e-01,1.118929727147791597e+00
7.605929970741271973e-01,1.206518129732349731e+00
9.213209748268128552e-01,1.265276121698804435e+00
7.329360246658325195e-01,1.282723105402236108e+00
8.745691180229187012e-01,1.315125096554921935e+00
1.477671980857849121e+00,1.297640078185742452e+00
5.030400156974792480e-01,1.268974707163912363e+00
7.066659927368164062e-01,1.241866129350471359e+00
1.255300998687743919e+00,1.232490920825221936e+00
4.084815025329589844e+00,1.161132031309216828e+00
4.121052026748657227e-01,1.021221703617577248e+00
6.408920288085937500e-01,1.170169277503008809e+00
7.065470218658447266e-01,1.186833461657230693e+00
1.880954027175903542e+00,1.075672948670650664e+00
1.886373996734619141e+00,9.021682268471797883e-01
3.931840062141418457e-01,1.196257833769460266e+00
1.045531988143920898e+00,1.271414288821237193e+00
6.588029861450195312e-01,1.247296048513448774e+00
8.740410208702087402e-01,1.120605100438839985e+00
8.532550334930419922e-01,1.156037447447372912e+00
7.301589846611022949e-01,1.305240399918193184e+00
2.700940072536468506e-01,1.282761272797261265e+00
4.911319911479949951e-01,1.348452056912827546e+00
1.224020004272460938e+00,1.357096206835564312e+00
1.267657995223999023e+00,1.338533309015034645e+00
3.999615430831908736e+00,1.332336785943402102e+00
2.102678060531615767e+00,1.344899225181714453e+00
1.283689975738525391e+00,1.276322050221935678e+00
1.353754043579101562e+00,1.091574701458640995e+00
2.390191078186035156e+00,8.714210024153321577e-01
1.599208950996399148e+00,3.043274848523141451e-01
1.298205018043518066e+00,2.814545517515074091e-01
1.579622030258178711e+00,5.774215678663723317e-01
8.036410212516784668e-01,7.942493701632149516e-01
4.276689887046813410e-01,9.005090642670625645e-01
3.897170126438140869e-01,1.024182683075885780e+00
1.546036005020141602e+00,1.131137270000686090e+00
1.017611026763915794e+00,1.120327024186325238e+00
6.194109916687011719e-01,1.204451223984030150e+00
8.454149961471557617e-01,1.292652075196220052e+00
1.435889005661010742e+00,1.317062682379769756e+00
6.206179141998291016e+00,1.172941601741563478e+00
9.309499859809875488e-01,1.224079222288620983e+00
4.609797894954681952e-01,1.268477051523265509e+00
5.264570116996765137e-01,1.219886464309451135e+00
9.704009890556334339e-01,9.916365078752270579e-01
6.997730135917663574e-01,4.383849044009086593e-01
6.903669834136962891e-01,9.202016234603369593e-01
9.726700186729432263e-01,1.129312956103572629e+00
6.393389701843261719e-01,1.266606226860027329e+00
5.699130296707153320e-01,1.307305887912920461e+00
4.694110155105590820e-01,1.339491466675354570e+00
9.054309725761413574e-01,1.338530731752229475e+00
6.566630005836486816e-01,1.300033184199630210e+00
6.324055790901184082e-01,1.344809874566006203e+00
3.047409951686858576e-01,1.371537710979815916e+00
2.148479968309402466e-01,1.388946979344247046e+00
1.512310057878494540e-01,1.381347222802664421e+00
7.344200015068054199e-01,1.452987063674889168e+00
9.913370013236999512e-01,1.470596078409097229e+00
7.429170012474058948e-01,1.482642886256671622e+00
8.799139857292175293e-01,1.477061118661109118e+00
7.376829981803894043e-01,1.433422730086062469e+00
8.343409895896911621e-01,1.326639241469343977e+00
3.054729998111724298e-01,1.280664769024861371e+00
1.285866022109985352e+00,1.326306598899697597e+00
1.090137004852295144e+00,1.283404761780222891e+00
5.923830270767211914e-01,1.270140377788102848e+00
2.693597316741943803e+00,1.265898661310537188e+00
2.288666009902954102e+00,1.274946401360182779e+00
8.070570230484008789e-01,1.143244566217866964e+00
8.929409980773926891e-01,1.149300310483719167e+00
9.776080250740051270e-01,1.155541481966555706e+00
1.403792977333068848e+00,9.259271358324849821e-01
7.223749756813049316e-01,8.806040012845711695e-01
7.407349944114685059e-01,1.075066355662954498e+00
1.236768960952758789e+00,1.189377815913357006e+00
6.214020252227783203e-01,1.169704401451286735e+00
3.064779937267303467e-01,1.163511521383469027e+00
6.473349928855895996e-01,1.291410313176434288e+00
1.024247765541076882e+00,1.332984894235590856e+00
7.440620064735412598e-01,1.282260847873579523e+00
7.367150187492370605e-01,1.345819242308100572e+00
9.152600169181823730e-01,1.380489214502960582e+00
1.137029051780700906e+00,1.314951676050545304e+00
4.941360056400299072e-01,1.242325101872744142e+00
1.271524906158447266e+00,1.269670561086731819e+00
8.864369988441467285e-01,1.282839870764929779e+00
9.049779772758483887e-01,1.279224030748819185e+00
8.299319744110107422e-01,1.271127494574247452e+00
5.502920150756835938e-01,1.332337013894054678e+00
8.491920232772827148e-01,1.242335438941455594e+00
6.393229961395263672e-01,1.251910190421701374e+00
9.646000266075135388e-01,1.284281581398418082e+00
8.413559794425964355e-01,1.310130584200062343e+00
7.240070104598999023e-01,1.316722531845727628e+00
6.538060307502746582e-01,1.276756349538562985e+00
7.932850122451782227e-01,1.309654138724070105e+00
1.160789966583251953e+00,1.284941846603223192e+00
8.085789680480957031e-01,1.292809292274494037e+00
2.556999921798706055e-01,1.324665023867991342e+00
1.151844024658203125e+00,1.354878169662628640e+00
7.372779846191406250e-01,1.324100321460396135e+00
1.975852966308593528e+00,1.298364417436412843e+00
8.547700047492980957e-01,1.300995917717052253e+00
1.052428960800170898e+00,1.336254652016885425e+00
1.797067999839782937e+00,1.189057534135708361e+00
1.061478018760681152e+00,1.155375409223879712e+00
6.645399928092956543e-01,1.008853643554916468e+00
7.571684122085571289e-01,1.102613935455539096e+00
9.052469730377196155e-01,1.119997232715016944e+00
6.141330003738403320e-01,1.054865402445044564e+00
9.733130335807800293e-01,1.189204503853377615e+00
4.894390106201171875e-01,1.296204296572812664e+00
8.408679962158203125e-01,1.296216067485071344e+00
6.755350232124328613e-01,1.256784000502486176e+00
1.084153056144714355e+00,1.326531716502735048e+00
9.314100146293641247e-01,1.325383260410974540e+00
7.633988261222839355e-01,1.356045425490627787e+00
5.357339978218078613e-01,1.304095702677877000e+00
7.839810252189636230e-01,1.308522531001740541e+00
1.015287995338439941e+00,1.266295117108321211e+00
9.259430170059204102e-01,1.260120601913875538e+00
9.717460274696348987e-01,1.252665007058427982e+00
1.176299691200256348e+00,1.264946012676150255e+00
1.307337045669555664e+00,1.220959975547173171e+00
2.298435926437377930e+00,1.125849168825368007e+00
1.808241009712219238e+00,1.130068487887232687e+00
1.570945024490356445e+00,1.106052264480113179e+00
1.578516006469726562e+00,1.066229643087294621e+00
9.928810000419614479e-01,9.832443667824021238e-01
1.017398953437805176e+00,8.981926071617082341e-01
8.378469944000244141e-01,9.876877749125794193e-01
1.246340990066528320e+00,1.101925601172611957e+00
1.209630966186523438e+00,1.139569112031690201e+00
1.519726991653442383e+00,1.208441406234059823e+00
1.571495056152343750e+00,1.223657748199319384e+00
1.278105020523071289e+00,1.194646083516244683e+00
8.304439187049865723e-01,1.129983559504556201e+00
1.402015686035156250e+00,1.134488186472216720e+00
1.162554860115051270e+00,1.093180244144360103e+00
1.253835797309875710e+00,1.080547861501520046e+00
1.791844010353088379e+00,1.114330626516125688e+00
4.939970970153808594e+00,1.153785515913608339e+00
2.394351005554199219e+00,1.097717564087558939e+00
1.886527061462402344e+00,1.083491561841315010e+00
9.099829792976381615e-01,1.042433757843786779e+00
8.112999796867370605e-01,8.384699944051142717e-01
1.351788043975830078e+00,4.583949904619104010e-01
1.283630967140197754e+00,7.049043531559324727e-01
4.846229851245880127e-01,9.182201117619280817e-01
8.322510123252868652e-01,1.208133619188610730e+00
5.959370136260986328e-01,1.207722644050908789e+00
6.860110163688659668e-01,1.187630533341634820e+00
8.153510093688964844e-01,1.228839665914573276e+00
6.998159885406494141e-01,1.339643745135053132e+00
6.866139769554138184e-01,1.342412542909523276e+00
1.826770007610321045e-01,1.360908814683445822e+00
1.796682000160217507e+00,1.378320499514118946e+00
7.204269766807556152e-01,1.322470427182007136e+00
6.408870220184326172e-01,1.310178553129272672e+00
1.001817584037780762e+00,1.262405072278215190e+00
1.660804033279418945e+00,1.242979727190416384e+00
1.085010051727295144e+00,9.587520339063637653e-01
1.099555015563964844e+00,1.083413355974679027e+00
1.254430413246154785e+00,1.159349889307905279e+00
7.186369895935058594e-01,1.186544874950448802e+00
8.902019858360290527e-01,1.109086925764870113e+00
2.849014520645141602e+00,1.152872103083238509e+00
4.281075000762940341e+00,1.130261788573491133e+00
7.096589803695678711e-01,1.106139616376218049e+00
8.907449841499327503e-01,1.138074871677150934e+00
1.469527959823608398e+00,1.099072818204317681e+00
1.043460965156555176e+00,8.794142709997458951e-01
1.184751033782958984e+00,7.454247953774489899e-01
6.946156024932861328e-01,1.093254612915139701e+00
7.754629850387573242e-01,1.172292559261177258e+00
8.564696311950683594e-01,1.091281838651123826e+00
7.506660223007202148e-01,1.060831311840556346e+00
9.248849749565125622e-01,1.143483646240402773e+00
8.752880096435546875e-01,1.306252449836867502e+00
8.627579808235168457e-01,1.260907504908203469e+00
5.096570253372192383e-01,1.232186944989665411e+00
6.711369752883911133e-01,1.232180014485631636e+00
6.132180094718933105e-01,1.222043752112289772e+00
8.710420131683349609e-01,1.235080288532379278e+00
9.089673757553099476e-01,1.270965245832733626e+00
9.709029793739321068e-01,1.316243988595491965e+00
1.356256246566772461e+00,1.290350779583229190e+00
1.309872984886169434e+00,1.253513395342319203e+00
5.933508276939392090e-01,1.213469061860382725e+00
1.131836414337158203e+00,1.193928332599786701e+00
1.841274023056030495e+00,1.142977440397320299e+00
2.597975969314575195e+00,1.074314766171838187e+00
2.399192094802856445e+00,1.072474768865468775e+00
2.269547939300537109e+00,1.136602894894687577e+00
1.452262043952941895e+00,1.072851532521694740e+00
1.342797994613647683e+00,9.532248433702168455e-01
1.276762008666992188e+00,8.499201424263589377e-01
1.275267004966735840e+00,8.480422997252824446e-01
8.153480291366577148e-01,8.769275108777546679e-01
6.043019890785217285e-01,9.471236568347231044e-01
9.830358624458311878e-01,1.039339323097320689e+00
1.183724999427795410e+00,1.131268592747542323e+00
4.356400072574616034e-01,1.155917103527809520e+00
8.039849996566772461e-01,1.248295908039808610e+00
5.734559893608093262e-01,1.289303855903997320e+00
3.959457874298096258e-01,1.260544093808995791e+00
5.603970289230346680e-01,1.281547844946812953e+00
7.749050259590148926e-01,1.392786816881811829e+00
3.839260041713714044e-01,1.383252551897336202e+00
1.054715037345886230e+00,1.430394054343378407e+00
6.537709832191467285e-01,1.418019813065299006e+00
1.022608995437622070e+00,1.379415634522017653e+00
8.359869718551635742e-01,1.337587996372400667e+00
9.755985140800476074e-01,1.353051848818346281e+00
1.098647952079772949e+00,1.271452898339772597e+00
1.151165962219238503e+00,1.284456696838534251e+00
4.744769930839538019e-01,1.241635026680911080e+00
7.896029949188232422e-01,1.285934253693560514e+00
5.455229878425598145e-01,1.281940351588146676e+00
7.707700133323669434e-01,1.286067632705786057e+00
9.337069988250732422e-01,1.302808077029625977e+00
6.005529761314392090e-01,1.366968774905324979e+00
1.002521038055420144e+00,1.338381720768676786e+00
9.160850048065184437e-01,1.335062154410734170e+00
9.283249974250791237e-01,1.288569911375794019e+00
6.429409980773925781e-01,1.263045666309782211e+00
6.271365880966186523e-01,1.296966096323441731e+00
1.038689017295837402e+00,1.275197337984722790e+00
5.214130282402038574e-01,1.268656308125280185e+00
1.159701943397521973e+00,1.297276157288398624e+00
6.456400156021118164e-01,1.296136420445495263e+00
1.304703950881958008e+00,1.302759175474909492e+00
8.844429850578308105e-01,1.248034929044053554e+00
7.702100276947021484e-01,1.280560797547266372e+00
8.937159776687623181e-01,1.189235514338754074e+00
5.247250199317932129e-01,1.211929829427769612e+00
7.172748446464538574e-01,1.159812310800738544e+00
6.410769820213317871e-01,1.228091343628743282e+00
1.203750014305114746e+00,1.277874947479790579e+00
1.136301159858703613e+00,1.275399798237095261e+00
8.642929792404174805e-01,1.286174345180954859e+00
5.817409753799438477e-01,1.250641709033733839e+00
8.651199936866759144e-01,1.213974675257133651e+00
7.377740144729614258e-01,1.168856682732721586e+00
9.422479867935179554e-01,1.201520102615064589e+00
1.060060024261474609e+00,1.241110269598261429e+00
4.040209949016570490e-01,1.293372090292674192e+00
2.920779883861541193e-01,1.320669733103509325e+00
1.124665260314941406e+00,1.347524282560789821e+00
1.247418999671936035e+00,1.327806631974071783e+00
6.976169943809509277e-01,1.312305571533490589e+00
8.204839825630187988e-01,1.383794501829528123e+00
8.573070168495178223e-01,1.353802312703014765e+00
8.385969996452331543e-01,1.189970335729364947e+00
9.632229804992676891e-01,1.102256021298923638e+00
1.343299984931945801e+00,1.091478816266901797e+00
6.809219717979431152e-01,9.314356719403311669e-01
7.014784216880798340e-01,1.017900390228463792e+00
1.365643024444580078e+00,1.160413694122414574e+00
6.786789894104003906e-01,1.171963085658105586e+00
5.976330041885375977e-01,1.192613378586119044e+00
7.911109924316406250e-01,1.303300588022706874e+00
1.044147372245788574e+00,1.284337106181714594e+00
8.748620152473449707e-01,1.193440489226700096e+00
7.164059877395629883e-01,1.240628631240714652e+00
6.523500084877014160e-01,1.261807903558995525e+00
5.936999917030334473e-01,1.252840665223046823e+00
5.393440127372741699e-01,1.250205149800402094e+00
8.087720274925231934e-01,1.294416207275149500e+00
6.020820140838623047e-01,1.345429484662557185e+00
1.146679997444152832e+00,1.358966384892585033e+00
5.671510100364685059e-01,1.337546821613866621e+00
7.866399884223937988e-01,1.343246928723739186e+00
6.810299754142761230e-01,1.306428944403125625e+00
6.642330288887023926e-01,1.332751656445884336e+00
5.124790072441101074e-01,1.281366208853199629e+00
6.728799939155578613e-01,1.348642525184196028e+00
8.265414834022521973e-01,1.349419497530188972e+00
5.594509840011596680e-01,1.353875035873597588e+00
1.633069962263107300e-01,1.366251230433276787e+00
1.797860413789749146e-01,1.406286635963536868e+00
8.508148789405822754e-01,1.424050786980432637e+00
8.527640104293823242e-01,1.411093534225169810e+00
2.149522066116333008e+00,1.444926261771483977e+00
1.239639997482299805e+00,1.451981885008811535e+00
2.128437280654907227e+00,1.372123772973482092e+00
9.779880046844482422e-01,1.202510273386080630e+00
6.937779784202575684e-01,1.145300182640669240e+00
7.631160020828247070e-01,9.879175606737072846e-01
1.109338045120239258e+00,1.072999369010326332e+00
6.476340293884277344e-01,1.046429236728392054e+00
7.877320051193237305e-01,1.150576482269449086e+00
1.305567026138305664e+00,1.236113863136823143e+00
8.699640035629272461e-01,1.271169206580708533e+00
8.599532246589660645e-01,1.229327097314111938e+00
4.775849878787993830e-01,1.273497816839121333e+00
1.290724992752075195e+00,1.266164501815356225e+00
8.591579794883728027e-01,1.207176274843657193e+00
9.039019942283629261e-01,1.241130959519698429e+00
1.023422956466674805e+00,1.263918580088641885e+00
6.730669736862182617e-01,1.257969213268526065e+00
5.141969919204711914e-01,1.166393141227429542e+00
1.527956604957580566e+00,1.263370956588732330e+00
9.952359795570373535e-01,1.280815503672798616e+00
1.141056060791015625e+00,1.275385120748580237e+00
1.622257947921753152e+00,1.252222016600384569e+00
1.375547051429748313e+00,1.161470933567849695e+00
1.851865053176880105e+00,9.726251248645649827e-01
1.589177966117858887e+00,8.366085591829399704e-01
2.123934030532836914e+00,9.058341293759102353e-01
1.648401975631714089e+00,9.645706043151148767e-01
7.920839786529541016e-01,9.916348900236409136e-01
1.227027416229248047e+00,9.476791739928932534e-01
1.131343960762024148e+00,9.731146362208410450e-01
1.116891980171203613e+00,9.187554284987520248e-01
1.122387051582336426e+00,1.022110506659227092e+00
8.091310262680053711e-01,1.164996696158026479e+00
7.681059837341308594e-01,1.186876325700869428e+00
7.666722536087036133e-01,1.204310541708606408e+00
8.607699871063232422e-01,1.225214217560984808e+00
1.070777058601379395e+00,1.241671064605683661e+00
6.604189872741699219e-01,1.271266846581925680e+00
9.909179806709289551e-01,1.295808554078612396e+00
9.618239998817442737e-01,1.292939800317269405e+00
8.381230235099792480e-01,1.271788598481855326e+00
9.245989918708800159e-01,1.262480185946687428e+00
1.003061056137084961e+00,1.287339982719122311e+00
8.752340078353881836e-01,1.237818692552274946e+00
8.812961578369140625e-01,1.245789102551760896e+00
9.057049751281738281e-01,1.249563114514625539e+00
6.909559965133666992e-01,1.252848616011609684e+00
7.572399973869323730e-01,1.267769529851010768e+00
2.043754577636718750e+00,1.283742311230593680e+00
2.364957094192504883e+00,1.251620897885398653e+00
2.233561992645264116e+00,1.200399390967257673e+00
8.013390302658081055e-01,1.189726831221029180e+00
8.851529955863952637e-01,1.142350514294990349e+00
9.040349721908568226e-01,1.011747550665537787e+00
7.228699922561645508e-01,9.768203271977673463e-01
1.032919287681579590e+00,1.031961287912472880e+00
1.321628212928771973e+00,1.199610246908162869e+00
7.007700204849243164e-01,1.268207481453251795e+00
7.624319791793823242e-01,1.252890854364366868e+00
7.721610069274902344e-01,1.246727487069662299e+00
1.243505001068115234e+00,1.224514513974421126e+00
6.381840109825134277e-01,1.190662809166958880e+00
6.839929819107055664e-01,1.251380762356492760e+00
1.419505119323730469e+00,1.260277913275263506e+00
7.347676753997802734e-01,1.230818844998405215e+00
1.074026942253112793e+00,1.197666676194011126e+00
6.156389713287353516e-01,1.225995545763797212e+00
9.916120171546936035e-01,1.247591191252291898e+00
8.089560270309448242e-01,1.204049099923476973e+00
8.223479986190795898e-01,1.258139793246791482e+00
5.762249827384948730e-01,1.253259567959763343e+00
4.224239885807036798e-01,1.277998361184165432e+00
5.520349740982055664e-01,1.250462043624059660e+00
9.015229940414426490e-01,1.261998102464273463e+00
8.627583980560302734e-01,1.213531305334363930e+00
1.055613875389099121e+00,1.310172544022992991e+00
1.970020055770873801e+00,1.370084262148602239e+00
1.009042978286743164e+00,1.278937920318529153e+00
7.824029922485351562e-01,1.211416468389255874e+00
8.782749772071838379e-01,1.188676000668629218e+00
1.109990954399108887e+00,1.141210717107901118e+00
7.727199792861938477e-01,1.057093671701846649e+00
7.157210111618041992e-01,1.182541512833348740e+00
1.475479006767273171e+00,1.266423364332889490e+00
7.344660162925720215e-01,1.241977566150223478e+00
1.143465042114257812e+00,1.229815166399627957e+00
9.246990084648132324e-01,1.245693879417020478e+00
2.138324022293090820e+00,1.216741184911615870e+00
4.077424049377441406e+00,1.131741413661762952e+00
9.367650747299194336e-01,1.208240806568586123e+00
1.001402020454406738e+00,1.133198325056960387e+00
8.896229863166810192e-01,1.069314847114575251e+00
1.115183949470520020e+00,8.030283142105237859e-01
9.457820057868957520e-01,6.026544204285605444e-01
1.164842009544372559e+00,1.128931648120860887e+00
9.045109748840332031e-01,1.143257480707705831e+00
5.575259923934936523e-01,1.189810032850945776e+00
7.199835777282714844e-01,1.225497160108905748e+00
7.607790231704711914e-01,1.228967656739221592e+00
8.009672760963441052e-01,1.234021103002385100e+00
6.709719896316528320e-01,1.259068603201523029e+00
2.768970489501953125e+00,1.289184097764750181e+00
1.116358041763305664e+00,1.224222413320972258e+00
1.024410009384155273e+00,1.207757843036336931e+00
1.114386796951293945e+00,1.180335757343535574e+00
1.229098439216613770e+00,1.080248517006253239e+00
1.573238968849181907e+00,8.157431754424745440e-01
8.298619985580444336e-01,8.826800826785969889e-01
5.376980304718017578e-01,9.505235261696567406e-01
7.949647903442382812e-01,1.050189067491354100e+00
1.209460973739624023e+00,1.048080934746035586e+00
1.043611049652099609e+00,1.045771947513174593e+00
1.377645969390869141e+00,1.155479413503887720e+00
7.495359778404235840e-01,1.218523937087974351e+00
8.522210121154785156e-01,1.218249829903624848e+00
9.499999880790710449e-01,1.182012786393679349e+00
8.433979749679565430e-01,1.194748850486594183e+00
6.848490238189697266e-01,1.184136571751111200e+00
8.296039700508117676e-01,1.248799660763648234e+00
1.060515046119689941e+00,1.250861661802224800e+00
6.726049780845642090e-01,1.214444013199061034e+00
8.499810099601745605e-01,1.251416875687745289e+00
7.509549856185913086e-01,1.269692915547753653e+00
9.556260704994201660e-01,1.253061976512113596e+00
7.782499790191650391e-01,1.219256441620528930e+00
6.364319920539855957e-01,1.302495831408488014e+00
6.015599966049194336e-01,1.291676265071339369e+00
6.385549902915954590e-01,1.317502070989134744e+00
8.762890100479125977e-01,1.310698899716443933e+00
6.824830174446105957e-01,1.316222592522061863e+00
7.950311899185180664e-01,1.328670608806948206e+00
1.584897041320800781e+00,1.322881562316414739e+00
9.177780151367186390e-01,1.263099194545828308e+00
1.230221033096313699e+00,1.227923512673465334e+00
9.125559926033020020e-01,1.222743427214432188e+00
1.030437946319579856e+00,1.182747060052800947e+00
5.325379967689514160e-01,1.092666023947596710e+00
8.741289973258972168e-01,1.183669231646483855e+00
3.667230010032653253e-01,1.174651451160618087e+00
5.604230165481567383e-01,1.256343051042187797e+00
8.102909922599792480e-01,1.286391773793573279e+00
6.437510251998901367e-01,1.332172375808508447e+00
9.113870263099670410e-01,1.320322900345743289e+00
6.627830266952514648e-01,1.343604569390943526e+00
8.224419951438903809e-01,1.294129185133194193e+00
6.781139969825744629e-01,1.235046794879512300e+00
5.333459973335266113e-01,1.230622812406500621e+00
7.608630061149597168e-01,1.204193041198671876e+00
7.439860105514526367e-01,1.230039896064456073e+00
7.004669904708862305e-01,1.225452011606828151e+00
1.274258971214294434e+00,1.293715440988035148e+00
8.934450149536132812e-01,1.315151474492016304e+00
7.900159955024719238e-01,1.269117067794748754e+00
1.067494988441467285e+00,1.252558586725197154e+00
1.265694975852966309e+00,1.210728325075153711e+00
9.348030090332032360e-01,1.098002820312857342e+00
8.006410002708435059e-01,1.146306941494117826e+00
3.527039885520934503e-01,1.193898259043581378e+00
5.883709788322448730e-01,1.192432851785355297e+00
4.636880159378051758e-01,1.214270553359418692e+00
8.750243186950683594e-01,1.285968077652927866e+00
6.435279846191406250e-01,1.323406328087152417e+00
2.120890021324157437e-01,1.362549221915285269e+00
4.560469985008240301e-01,1.368793972973412432e+00
7.238804101943969727e-01,1.399751896884035229e+00
4.748429954051971436e-01,1.355012254606571931e+00
2.674640119075775146e-01,1.375445981779076510e+00
7.868980169296264648e-01,1.452886393463591608e+00
1.794360995292663574e+00,1.400779809010838095e+00
1.210453987121582031e+00,1.326622314492725163e+00
4.008429944515227716e-01,1.322078559324580738e+00
2.727654874324798584e-01,1.351610613697049157e+00
8.533802628517150879e-01,1.276676661943666025e+00
8.660610318183898926e-01,1.208386178329623029e+00
7.764859795570373535e-01,1.291706731483369452e+00
5.888479948043823242e-01,1.407878916353360266e+00
1.588868498802185059e+00,1.405369440770483980e+00
3.996030092239379328e-01,1.273231239599884823e+00
5.545350313186645508e-01,1.265501913617621765e+00
1.149551987648010476e+00,1.252810582113855098e+00
9.776459932327270508e-01,1.222471213759278141e+00
1.732741951942443848e+00,1.119937621347659729e+00
1.053477048873901367e+00,1.206902139787251027e+00
7.962800264358520508e-01,1.200064884312461722e+00
6.104800105094909668e-01,1.174709057627711051e+00
6.522138714790344238e-01,1.198029297085797529e+00
1.175541162490844727e+00,1.145255641378432498e+00
7.193930149078369141e-01,1.193888648836878064e+00
8.200139999389648438e-01,1.257952597340669110e+00
1.039114952087402344e+00,1.311889556697727777e+00
9.508559703826904297e-01,1.250233198040001659e+00
5.277600288391113281e-01,1.165823837594173629e+00
9.703559875488280140e-01,1.221454967137698633e+00
1.383889913558959961e+00,1.219018695992386325e+00
6.069999933242797852e-01,1.197343817912347896e+00
9.455270171165466309e-01,1.243518567043584877e+00
6.238729953765869141e-01,1.263600047405167626e+00
5.156549811363220215e-01,1.214160559103045989e+00
9.679385423660277210e-01,1.219675587474035039e+00
9.072690010070800781e-01,1.278447959247922538e+00
2.479866981506348100e+00,1.299099953714460298e+00
1.133080005645751953e+00,1.300437422855265979e+00
8.474370241165161133e-01,1.274288494961058449e+00
1.536522984504699707e+00,1.199252012107612675e+00
4.812009930610656183e-01,1.101696349658445540e+00
8.617479801177978516e-01,9.794986939798848713e-01
1.008694052696228027e+00,1.083312344171903252e+00
7.795569896697998047e-01,1.147209597558910943e+00
9.895502924919128418e-01,1.150143772100373551e+00
9.099559783935547985e-01,1.257965565209574921e+00
1.239764332771301270e+00,1.240668486958621530e+00
1.211838960647583008e+00,1.225703957049004700e+00
1.148460984230041504e+00,1.237194680785501433e+00
7.663900256156921387e-01,1.205563726162118598e+00
8.156750202178955078e-01,1.198597847122853333e+00
1.299479961395263672e+00,1.174959783460485907e+00
8.583310246467590332e-01,1.144586560180543389e+00
8.764400482177734375e-01,1.161604531608636304e+00
8.305460214614868164e-01,1.227382172107411851e+00
9.092410206794739880e-01,1.253763961557872175e+00
7.411040067672729492e-01,1.212450488244018576e+00
5.853319764137268066e-01,1.274108940559444569e+00
5.519493222236633301e-01,1.308680878853051510e+00
9.697520136833190918e-01,1.318437465323950786e+00
1.049844980239868164e+00,1.313365890791699409e+00
5.644329786300659180e-01,1.318942955487150348e+00
9.184709787368774414e-01,1.343661810481536323e+00
5.984159708023071289e-01,1.334237891397456632e+00
9.383450150489809349e-01,1.282581356835883701e+00
7.079470157623291016e-01,1.276768882816218698e+00
4.484339952468872070e-01,1.331619590592708624e+00
8.405709862709045410e-01,1.327279782134143327e+00
7.211350202560424805e-01,1.341062993458706165e+00
5.215386152267456055e-01,1.324126174267326261e+00
6.405649781227111816e-01,1.372811528929808844e+00
1.660409450531006081e+00,1.402791725083255558e+00
2.465307950973510742e+00,1.320853052716944642e+00
1.866270065307616965e+00,1.290173877530257585e+00
3.623536109924317294e+00,1.273057172057052933e+00
9.065989851951599121e-01,1.184108339814554212e+00
7.756379842758178711e-01,1.058462502948093853e+00
7.006700038909912109e-01,9.695949313527595370e-01
7.579550147056579590e-01,1.001060455182161801e+00
5.499600172042846680e-01,9.054553690608520000e-01
1.367677569389343262e+00,1.144307388640991352e+00
8.148130178451538086e-01,1.251621867473640126e+00
1.278898954391479492e+00,1.290652489730838681e+00
1.093865990638732910e+00,1.261301398714641309e+00
8.134710192680358887e-01,1.218696479289811840e+00
9.060310125350952148e-01,1.105499875773273466e+00
1.311033964157104492e+00,1.080138962401287595e+00
7.892500162124633789e-01,1.062799337178524484e+00
9.167850017547608532e-01,1.168091044482856944e+00
1.186140060424804910e+00,1.170841752199746510e+00
2.092472076416016069e+00,1.106278826368761958e+00
1.301861047744750977e+00,1.085140552891276311e+00
1.268974781036376953e+00,1.136753409022073447e+00
9.061110019683837891e-01,1.107349025485301564e+00
1.078873991966247559e+00,1.089609153646258211e+00
7.863690257072448730e-01,1.035930827380861396e+00
7.093420028686523438e-01,1.113765858357451455e+00
5.201929807662963867e-01,1.163560489583712387e+00
9.855200052261352539e-01,1.215330701596242235e+00
1.092841982841491699e+00,1.233297632388461684e+00
3.955059945583344061e-01,1.279452352064426091e+00
1.195796012878417969e+00,1.315309052777332122e+00
1.702510833740234375e+00,1.306334306992475325e+00
2.407080888748168945e+00,1.211811404094547129e+00
2.585943937301636186e+00,1.145494622597509560e+00
1.655773043632507102e+00,1.153464484610190466e+00
8.921740055084229626e-01,1.002709096715999060e+00
1.231696963310241699e+00,9.687272684783568844e-01
1.602033019065856934e+00,8.924797767270061799e-01
1.585399031639099121e+00,9.057532217261790031e-01
1.210371017456054910e+00,1.004338188713342239e+00
9.857040047645567737e-01,1.131989401090949476e+00
7.289689779281616211e-01,1.104371828582533466e+00
1.071573019027709961e+00,1.083743150550184220e+00
9.457439780235290527e-01,1.100954557808371703e+00
5.141820311546325684e-01,1.163002120192767386e+00
7.144280076026916504e-01,1.218852751963385606e+00
4.996199905872344416e-01,1.256427807777806382e+00
8.646243214607238770e-01,1.239892012984860070e+00
6.024960279464721680e-01,1.262784495860610923e+00
1.012339949607849121e+00,1.320197052402972693e+00
6.310235261917114258e-01,1.299881892964168451e+00
1.141221046447754128e+00,1.310734859320218604e+00
8.547459840774536133e-01,1.262340506099238313e+00
7.744219899177551270e-01,1.255062179960433122e+00
8.376209735870361328e-01,1.206955192440356983e+00
7.503905892372131348e-01,1.247574135959271580e+00
1.134822010993957520e+00,1.194291879260561906e+00
1.244793057441711426e+00,1.229094765303484715e+00
7.141630053520202637e-01,1.229382793990951628e+00
6.486989855766296387e-01,1.214568732710126442e+00
3.861860036849976141e-01,1.214011782181303678e+00
6.366299986839294434e-01,1.178404606041712377e+00
4.178859889507293146e-01,1.189638010014520075e+00
1.103790521621704102e+00,1.293734372830300350e+00
8.070139884948729359e-01,1.331968139826888109e+00
1.107607960700988770e+00,1.365704533684399591e+00
9.713580012321472168e-01,1.322845626615122283e+00
6.764810085296630859e-01,1.308549667472713951e+00
1.687772989273071289e+00,1.237240210584333422e+00
8.082039952278137207e-01,1.218412758996120671e+00
1.564818024635314941e+00,1.195896574719149008e+00
6.673809885978698730e-01,1.196401971985606272e+00
1.091886043548584206e+00,1.227900167919207419e+00
7.375509738922119141e-01,1.107955338528318956e+00
8.364729881286621094e-01,1.176031005008016495e+00
1.015761017799377441e+00,1.131258548554015642e+00
1.106158971786499023e+00,1.203996092118999828e+00
1.130903959274291992e+00,1.169660588238627286e+00
9.518219828605650745e-01,1.216439014979905586e+00
5.585229992866516113e-01,1.209827810480971877e+00
1.855298042297363503e+00,1.205901169266350381e+00
7.845479846000671387e-01,1.173559226890874996e+00
5.835890173912048340e-01,1.163301614730890998e+00
8.359720110893249512e-01,1.174663220926465801e+00
6.805480122566223145e-01,1.181363825580583615e+00
1.030328035354614480e+00,9.968620365130925753e-01
7.914109826087951660e-01,1.105992315351858712e+00
4.464710056781768799e-01,1.169118476264727091e+00
5.589337944984436035e-01,1.189421899218204182e+00
7.334340214729309082e-01,1.178342608226943922e+00
8.426809906959533691e-01,1.188809557930460947e+00
1.109205961227416992e+00,1.265210460112825785e+00
5.862460136413574219e-01,1.354792140582366855e+00
1.772798061370849609e+00,1.349301255724718596e+00
8.493610024452209473e-01,1.277963598525255762e+00
1.331516027450561523e+00,1.228658773558482187e+00
1.215008974075317383e+00,1.183524314296057867e+00
9.708780050277708851e-01,1.175681234043691514e+00
1.411272048950195090e+00,1.003065458425005385e+00
1.046331048011779785e+00,1.162601110344385180e+00
8.349300026893615723e-01,1.125272935238580629e+00
9.847199916839598499e-01,1.144280465610275854e+00
4.901649951934814453e-01,1.147801714749824731e+00
6.141669750213623047e-01,1.164371351502098362e+00
8.252440094947814941e-01,1.220560820474831054e+00
1.047114968299865501e+00,1.267035225858044623e+00
3.921430110931396484e-01,1.248293216744122969e+00
7.720900177955627441e-01,1.307555995759007050e+00
7.520099878311157227e-01,1.290109761807306077e+00
6.718119978904724121e-01,1.271398932282058247e+00
6.571980118751525879e-01,1.257648508257766418e+00
8.213180303573608398e-01,1.328782733364222812e+00
1.030122995376587136e+00,1.289780269004409119e+00
6.211889982223510742e-01,1.271956954480900404e+00
9.608931541442871094e-01,1.288857247236130155e+00
7.402380108833312988e-01,1.275435351682813190e+00
5.984709858894348145e-01,1.263746523237581965e+00
9.358735680580140270e-01,1.271385462398883393e+00
5.818247795104979359e-01,1.301371977804923086e+00
6.529520153999328613e-01,1.290566722568120550e+00
7.834500074386596680e-01,1.318290547090568809e+00
7.448130249977111816e-01,1.324391594867240673e+00
8.943400979042054333e-01,1.286280413712968862e+00
2.505017042160034180e+00,1.310973435515521146e+00
1.417585968971252441e+00,1.247874811597800226e+00
1.226507544517517090e+00,1.202006204085309671e+00
1.043179035186767578e+00,1.181853816595595186e+00
8.192250132560729980e-01,1.137381871116569965e+00
8.129550218582153320e-01,9.566052664930909666e-01
5.289899706840515137e-01,1.102297734569571697e+00
4.789490103721618097e-01,1.243700652074900770e+00
1.153810977935791016e+00,1.282082625917699614e+00
7.845839858055114746e-01,1.304145840429616454e+00
4.701859951019286554e-01,1.322114647069518867e+00
2.416239976882934570e-01,1.375292266646435557e+00
1.994680017232894897e-01,1.389988081884723892e+00
1.327169984579086581e-01,1.351642241470557115e+00
6.585559844970703125e-01,1.423502967446681700e+00
9.621880054473875843e-01,1.471767540016148290e+00
9.829789996147155762e-01,1.485084698271159631e+00
1.026576042175292969e+00,1.463710240433091947e+00
8.309389948844909668e-01,1.420126495807561895e+00
1.000543951988220215e+00,1.299187959143752069e+00
1.983185052871704102e+00,1.259970996232816054e+00
1.286525964736938477e+00,1.223974993994964233e+00
1.736924052238464355e+00,1.197816329705033933e+00
1.257668018341064453e+00,1.193915824149452964e+00
1.084908962249756081e+00,1.145739566269513121e+00
1.062494039535522461e+00,1.032371316375156889e+00
8.256469964981079102e-01,1.043981693123703591e+00
1.418092012405395508e+00,1.047447242111836596e+00
1.151677966117858887e+00,1.113933429764344840e+00
8.794019818305969238e-01,1.176442848663781460e+00
1.089423060417175293e+00,1.199416661656796945e+00
8.687390089035034180e-01,1.219480145074842703e+00
1.307837963104248047e+00,1.155299156665504867e+00
1.262575984001159668e+00,1.169165480962146786e+00
1.069887042045593262e+00,1.186896803772059750e+00
8.579840064048767090e-01,1.169753192409928033e+00
1.067142963409423828e+00,1.174128810080568019e+00
6.799880266189575195e-01,1.160500335359583968e+00
7.323921322822570801e-01,1.184552338518661818e+00
6.000829935073852539e-01,1.239790481923574550e+00
1.010563969612121582e+00,1.267209863268532466e+00
7.260069847106933594e-01,1.276352315511849689e+00
5.901079773902893066e-01,1.330478469832940602e+00
7.744659781455993652e-01,1.336815748238566970e+00
8.908360004425048828e-01,1.323022282461283172e+00
7.620100975036621094e-01,1.272779558272682632e+00
5.811070203781127930e-01,1.297306600815783639e+00
8.903719782829285778e-01,1.315571159957291458e+00
7.882059812545776367e-01,1.289701887310903405e+00
9.248933196067808948e-01,1.294750086118389154e+00
1.265586972236633301e+00,1.308742097630807733e+00
9.180610179901123047e-01,1.292052349533073352e+00
8.252680301666259766e-01,1.268258835178678323e+00
4.257229864597321112e-01,1.274319681930907944e+00
7.238519787788391113e-01,1.272681499415760920e+00
9.657319784164427601e-01,1.239018969333378406e+00
7.146480083465576172e-01,1.278308366970856813e+00
8.502969741821289062e-01,1.297750808061950867e+00
6.113014817237854004e-01,1.325074087745102824e+00
5.909900069236755371e-01,1.296929762670676611e+00
1.191807866096496582e+00,1.287179027629064665e+00
7.976800203323364258e-01,1.301457366800880422e+00
8.885610103607177734e-01,1.301391338894271055e+00
7.367290258407592773e-01,1.314772445557441216e+00
8.569459915161132812e-01,1.288251389621892118e+00
5.838339924812316895e-01,1.231862267876715045e+00
8.865389823913574219e-01,1.271409494361674941e+00
8.750730156898498535e-01,1.302773125058908299e+00
1.111973047256469505e+00,1.263867637656816534e+00
5.632749795913696289e-01,1.160086379203588702e+00
5.519689917564392090e-01,1.113232917368281782e+00
5.465030074119567871e-01,9.328600567033074054e-01
7.512239813804626465e-01,1.057062935778052992e+00
8.402569890022277832e-01,1.205288553604492829e+00
5.915480256080627441e-01,1.281462569652076944e+00
6.109840273857116699e-01,1.309579624741724624e+00
7.992020249366759144e-01,1.321900647468882584e+00
5.405290126800537109e-01,1.283736578409918838e+00
1.093670010566711426e+00,1.305254119604756680e+00
7.972419857978820801e-01,1.323957038352220339e+00
5.896059870719909668e-01,1.318873901982403618e+00
5.182790160179138184e-01,1.301774268436523885e+00
6.216366887092590332e-01,1.339875027116614659e+00
8.810679912567138672e-01,1.297085543574945765e+00
9.703850150108336292e-01,1.328900329875620123e+00
8.715350031852722168e-01,1.348899893486272150e+00
2.576299905776976984e-01,1.337880560430489751e+00
3.547430038452148438e-01,1.345640164498660640e+00
1.308350920677185059e+00,1.324313558454968565e+00
2.422243118286133257e+00,1.293413758316561912e+00
1.588093161582946777e+00,1.276021503673014923e+00
1.510810017585754395e+00,1.310434273878241740e+00
6.637499928474426270e-01,1.223020061006949710e+00
5.865659713745117188e-01,1.089861361654401506e+00
1.126363039016723633e+00,1.002693766909142248e+00
9.455379843711851917e-01,1.051268969437839873e+00
8.895260095596313477e-01,1.085550962697022781e+00
7.889080047607421875e-01,1.245885896148290151e+00
5.571460127830505371e-01,1.285593089486821938e+00
7.382910251617431641e-01,1.240573102900093705e+00
6.742079854011535645e-01,1.264231852271149315e+00
7.401880025863647461e-01,1.284935134133079915e+00
7.983270287513732910e-01,1.311060514716988479e+00
5.137799978256225586e-01,1.340332686598589618e+00
8.528280258178710938e-01,1.321291655619807104e+00
7.851629853248596191e-01,1.313453046728997320e+00
1.024798870086670144e+00,1.291215140804426786e+00
8.841310143470764160e-01,1.274408575278179967e+00
3.615649938583374023e-01,1.284047882448826172e+00
4.477910101413726807e-01,1.267293388538606180e+00
7.665730118751525879e-01,1.295152755786196819e+00
1.054823040962219238e+00,1.286244835386588292e+00
1.034250974655151367e+00,1.294760996783285822e+00
1.096979022026062012e+00,1.342712305021240171e+00
5.883730053901672363e-01,1.289374418545776724e+00
6.365630030632019043e-01,1.270219390418797056e+00
5.399640202522277832e-01,1.262923621276637931e+00
8.178460001945495605e-01,1.294664397189660310e+00
6.359609961509704590e-01,1.296108729815069527e+00
9.872140288352967419e-01,1.345198628315044775e+00
9.839289784431457520e-01,1.327074101691304797e+00
8.986790180206299938e-01,1.303816118272315805e+00
6.926850080490112305e-01,1.242666797819757640e+00
5.757049918174743652e-01,1.277102191343342241e+00
8.279470205307006836e-01,1.286888729816054289e+00
6.547859907150268555e-01,1.293489576245433037e+00
8.509550094604492188e-01,1.321593256096827318e+00
6.557850241661071777e-01,1.337603393464825263e+00
6.597809791564941406e-01,1.341054913787760983e+00
7.502999901771545410e-01,1.315317888429631932e+00
9.303160309791562721e-01,1.324452920546097756e+00
7.123904824256896973e-01,1.294402490435436537e+00
6.544970273971557617e-01,1.321085439402459816e+00
4.987269937992096502e-01,1.320705262571253202e+00
5.593240261077880859e-01,1.311166197794823685e+00
8.733990192413330078e-01,1.304547410014558650e+00
6.319249868392944336e-01,1.309040396600586131e+00
8.613430261611938477e-01,1.316543650670941812e+00
1.036013007164001687e+00,1.335618432315840431e+00
9.874529838562011719e-01,1.314142360377480445e+00
6.686739921569824219e-01,1.275403092882077427e+00
1.007030010223388894e+00,1.303568620744107509e+00
9.358490109443664551e-01,1.253156094015534849e+00
6.626719832420349121e-01,1.229994227189628031e+00
5.495319962501525879e-01,1.266192931633942198e+00
9.273632764816285290e-01,1.316909385046761471e+00
9.193540215492249645e-01,1.282148063957377015e+00
6.497738957405090332e-01,1.287409441277789224e+00
9.705049991607666016e-01,1.331802579493581051e+00
8.920990228652954102e-01,1.319539467535519650e+00
7.462270259857177734e-01,1.279587023303899063e+00
7.597569823265075684e-01,1.271473639690182234e+00
1.126011013984680176e+00,1.314508046605525449e+00
7.641419768333435059e-01,1.229782490060024491e+00
8.309190273284912109e-01,1.218815715909626451e+00
5.316870212554931641e-01,1.190510328977151033e+00
1.097100019454955833e+00,1.124346258375378715e+00
9.711959958076475941e-01,1.120691050030115488e+00
7.501904964447021484e-01,1.178843872287621553e+00
7.235890030860900879e-01,1.205589740187682279e+00
1.088876962661743164e+00,1.269472596946623399e+00
1.923168003559112549e-01,1.252901757776377689e+00
3.752999901771545410e-01,1.310995410665414695e+00
1.878910064697265625e-01,1.373201053222209200e+00
6.128349900245666504e-01,1.417303673753114612e+00
4.822100102901458740e-01,1.407860102389387746e+00
8.997989892959593616e-01,1.495796125463157322e+00
6.762999892234802246e-01,1.461286829536246001e+00
9.804093837738035999e-01,1.445563171407362013e+00
6.459739804267883301e-01,1.367860687343342319e+00
7.601699829101562500e-01,1.350721861719152095e+00
1.045557022094726562e+00,1.296276334382941764e+00
1.085988998413085938e+00,1.283513311611082619e+00
7.320979833602905273e-01,1.249111375559713188e+00
1.045389056205749512e+00,1.270557847866368828e+00
7.359200119972229004e-01,1.259104787732070019e+00
8.745509982109069824e-01,1.245693088303961860e+00
9.997780323028564453e-01,1.261506876358434948e+00
1.739534020423889160e+00,1.287110345500018349e+00
7.049050331115722656e-01,1.240219860536961205e+00
8.328270316123962402e-01,1.252827905144123788e+00
8.953109979629515491e-01,1.220936831557742908e+00
1.179519057273864746e+00,1.178945605002341912e+00
1.443411946296691895e+00,1.094080588259276787e+00
7.634999752044677734e-01,1.170554711160737726e+00
1.145148038864135520e+00,1.199971816105506184e+00
7.633590102195740856e-01,1.201399152135603776e+00
1.029322981834411621e+00,1.165529538685639022e+00
1.302055954933166504e+00,1.175677817711614725e+00
9.734439849853515625e-01,1.230496847815842454e+00
1.229671001434326172e+00,1.203503226583804819e+00
1.063034057617187500e+00,1.221393450420860782e+00
8.984770178794860840e-01,1.146329317703622896e+00
7.175139784812927246e-01,1.102883092435786860e+00
1.175443053245544434e+00,1.103035380524332476e+00
1.101048946380615234e+00,1.129042411180000371e+00
1.431144952774048074e+00,1.221451675014243898e+00
6.568620204925537109e-01,1.219245025588722608e+00
1.074908018112182617e+00,1.241250652534308774e+00
1.004804968833923118e+00,1.198920143990996001e+00
1.609539985656738503e+00,1.196138327650761557e+00
1.962562561035156028e+00,1.161103756055066105e+00
1.995329976081847922e+00,1.191375414010670486e+00
2.033385992050170898e+00,1.135447632399704920e+00
1.611258029937743919e+00,1.087620689633164606e+00
2.040218114852905273e+00,1.003325771452513671e+00
1.351415991783142090e+00,9.163180134381141428e-01
1.363389015197754128e+00,9.526797907484904071e-01
1.526808977127075195e+00,9.920250069547416061e-01
1.103597044944763184e+00,1.027058938476744787e+00
1.763007998466491699e+00,1.002518595026482329e+00
1.153326034545898438e+00,1.053355809300470902e+00
2.580787897109985352e+00,1.079525673208338699e+00
1.242146968841552734e+00,1.053088725981318197e+00
6.676509976387023926e-01,1.061573859540720921e+00
8.271329998970031738e-01,1.043321964062682516e+00
1.394161701202392578e+00,1.087501182839029079e+00
6.900759935379028320e-01,9.770758832112582670e-01
6.740249991416931152e-01,1.120949128730053035e+00
7.907469868659973145e-01,1.237013737571337924e+00
7.285000085830688477e-01,1.256445294327689366e+00
3.354600071907043457e-01,1.211043188294940176e+00
1.058426976203918457e+00,1.312215506989440117e+00
7.669919729232788086e-01,1.317906497305484148e+00
5.922303199768066406e-01,1.313534722290223389e+00
8.828200101852416992e-01,1.353117358186084251e+00
5.677499771118164062e-01,1.385931440300209871e+00
1.077505946159362793e+00,1.294999880041013851e+00
6.909419894218444824e-01,1.316085526198263800e+00
7.237120270729064941e-01,1.335322947560102280e+00
9.752489924430848278e-01,1.291048400646144234e+00
7.574009895324707031e-01,1.298552436759637052e+00
1.183527946472167969e+00,1.249976128352062510e+00
7.705749869346618652e-01,1.268591968300094353e+00
6.143350005149841309e-01,1.283570891889787013e+00
7.692319750785827637e-01,1.265485124754836432e+00
4.068099856376647949e-01,1.273822152005931851e+00
2.481469959020614346e-01,1.247179205124574919e+00
2.568759918212890625e-01,1.307058603091748816e+00
5.981699824333190918e-01,1.354555867103468536e+00
8.801140189170837402e-01,1.366147535407082891e+00
9.920129776000974342e-01,1.406613096571777577e+00
8.770260214805603027e-01,1.426631731287705041e+00
1.008928894996642844e+00,1.404876916015010968e+00
6.714209914207458496e-01,1.317674553109661195e+00
7.449629902839660645e-01,1.272523330361203353e+00
1.001886010169982910e+00,1.248176808182110964e+00
