1.111775994300842507e+00,8.129607892094633526e-01
7.566530108451843262e-01,1.014948719964803514e+00
5.684260129928588867e-01,9.794227621940720940e-01
1.201630949974060059e+00,8.206511511540963699e-01
8.802530169486999512e-01,1.057069813057917473e+00
8.531429767608642578e-01,1.061084871363525473e+00
7.591750025749206543e-01,9.286724552362226603e-01
1.005007982254028320e+00,8.903699809758236494e-01
7.687720060348510742e-01,9.835335010953512036e-01
1.740013241767883301e+00,9.436681131939111955e-01
2.913533687591552734e+00,1.385023430928035371e+00
4.963075160980224609e+00,2.269035480218530854e+00
1.471215128898620605e+00,3.418808619949289973e+00
1.000648975372314453e+00,2.444046545013492722e+00
8.220189809799194336e-01,1.212849948680246648e+00
9.362199902534482643e-01,9.612496199153028886e-01
5.486897230148315430e-01,9.583922986156929724e-01
1.111255049705505371e+00,8.597583155174537417e-01
7.148039937019348145e-01,1.008128864923861112e+00
1.052167057991027832e+00,9.649752614912288085e-01
8.955980539321898304e-01,1.001042565997227740e+00
7.769405245780944824e-01,1.011338520798665819e+00
5.699509978294372559e-01,9.071871059111383806e-01
8.244060277938842773e-01,8.252035200902130274e-01
5.800840258598327637e-01,8.778169785691987137e-01
9.488009810447691761e-01,8.382258302694333141e-01
7.918390035629272461e-01,9.327170782539924154e-01
6.937990188598632812e-01,9.306650591066846223e-01
6.834830045700073242e-01,8.604279504112347654e-01
9.433320164680479847e-01,8.416446838326930857e-01
1.032713770866394043e+00,9.415352171982965812e-01
2.556216001510620117e+00,1.041721159443251388e+00
2.464895963668823242e+00,1.885034440228500419e+00
2.728049993515014204e+00,2.272971070514033798e+00
3.558506965637206476e-01,2.379569188255250989e+00
3.262020051479339600e-01,1.412826769257084392e+00
3.781589865684509277e-01,6.865612292901329683e-01
6.306380033493041992e-01,6.978636572937761962e-01
8.854129910469055176e-01,7.870531933512358025e-01
9.743152856826782227e-01,9.092263614680394790e-01
7.307389974594116211e-01,9.940176055234228869e-01
9.521890282630921520e-01,9.203934427405783270e-01
1.011654973030090332e+00,9.519043270687811420e-01
7.643579840660095215e-01,1.033268224591290529e+00
3.306220054626464844e+00,9.446409754525169067e-01
7.543110251426696777e-01,2.187533018942703134e+00
1.409499049186706321e+00,1.729834671013462000e+00
6.401469707489013672e-01,1.201593236212254334e+00
8.640019893646240234e-01,1.050514138232181205e+00
8.469420075416564941e-01,9.009200852239248603e-01
7.976629734039306641e-01,9.200621729682705308e-01
9.555831551551821068e-01,8.989234481392082143e-01
9.546210169792175293e-01,9.641158329666680293e-01
5.251880288124084473e-01,1.004829071817531894e+00
1.275226235389709695e+00,8.592907888156017249e-01
8.355640172958374023e-01,1.089222346366362171e+00
7.640249729156494141e-01,1.070889848082685170e+00
4.752210080623626154e-01,8.876750728215161423e-01
7.414129972457885742e-01,7.988242599351140782e-01
1.069700956344604492e+00,8.367131578878903575e-01
7.892770171165466309e-01,1.014784000030265920e+00
6.914690136909484863e-01,9.752234694272051696e-01
7.093830108642578125e-01,8.593215823635617090e-01
1.115731000900268555e+00,8.493132120483578573e-01
1.002280950546264648e+00,1.033759048749115506e+00
1.143296003341674805e+00,1.083673915699478130e+00
6.746559739112854004e-01,1.117971131589094336e+00
6.694570183753967285e-01,9.637272919026911300e-01
7.814120054244995117e-01,8.346880729036312285e-01
8.469259738922119141e-01,8.711169006955924443e-01
6.482390165328979492e-01,9.080010324568318358e-01
7.183309793472290039e-01,8.605905125860328075e-01
9.541710019111631080e-01,8.467987948319745106e-01
6.694499850273132324e-01,9.512201978115714107e-01
6.464660167694091797e-01,8.962302329080544805e-01
9.235979914665222168e-01,8.270325044850536100e-01
1.067314028739929199e+00,9.280511262330007893e-01
6.827279925346374512e-01,1.054567209258752358e+00
6.464239954948425293e-01,9.387334062064005558e-01
7.273989915847778320e-01,8.289907960998008640e-01
8.693690299987792969e-01,8.496270006479170744e-01
4.518609941005707342e-01,9.120963011180106550e-01
4.952389895915985107e-01,8.183272764902702612e-01
7.243813276290893555e-01,7.507162256814793322e-01
7.400469779968261719e-01,8.323466855382691820e-01
8.204330205917358398e-01,8.633178403683809954e-01
1.108605027198791504e+00,8.930606630896782416e-01
1.039268016815185547e+00,1.051429414083814518e+00
7.877500057220458984e-01,1.099049831193172899e+00
9.367713332176208496e-01,9.631567659836702822e-01
6.470239758491516113e-01,9.525143850878582397e-01
1.187446951866149902e+00,8.848712166047187910e-01
7.528370022773742676e-01,1.061515668490351283e+00
2.307340055704116821e-01,1.006560728283087736e+00
8.772729635238647461e-01,7.400796230679584919e-01
2.742219865322113037e-01,8.719740473867592101e-01
9.923512339591979980e-01,7.802197719393753061e-01
7.200859785079956055e-01,9.251884916809286485e-01
7.269890308380126953e-01,9.235014691054954650e-01
6.872699856758117676e-01,8.586359471966725776e-01
8.352038264274597168e-01,8.476532013690613043e-01
1.023357987403869629e+00,8.935954349077358527e-01
9.300749897956847034e-01,1.008312176294109408e+00
5.104020237922668457e-01,1.016397941580094555e+00
4.551239907741546076e-01,8.486290939106720943e-01
7.012919783592224121e-01,7.472192655447839060e-01
1.123770236968993919e+00,8.199584811573430443e-01
4.689320027828217108e-01,1.036663179661686085e+00
1.145424962043762207e+00,8.981600459920063839e-01
1.557039022445678711e+00,1.015704421034268279e+00
1.062240004539489524e+00,1.381977742255816821e+00
2.247971057891845703e+00,1.271244159642706428e+00
8.389729857444763184e-01,1.731884382400207256e+00
6.386680006980895996e-01,1.424272674778544578e+00
1.085826039314270020e+00,8.562834148218703145e-01
6.923220157623291016e-01,1.007103902216990532e+00
1.279224038124084473e+00,9.483958716146998480e-01
4.283109903335570734e-01,1.118492037488746815e+00
8.846225738525390625e-01,9.398515067215562624e-01
9.259700179100035511e-01,8.901768514894492501e-01
9.073020219802856445e-01,9.678678253119841202e-01
8.741459846496582031e-01,9.711004744151535695e-01
7.683960199356079102e-01,9.483348728678773210e-01
7.523270249366759144e-01,8.982869687951173798e-01
1.977947235107421431e+00,8.730867793169907465e-01
6.822599768638610840e-01,1.510002709076077032e+00
2.116506099700928178e+00,1.271626878604986910e+00
1.727593064308166504e+00,1.568386531600164391e+00
1.114274978637695090e+00,1.778988060951363748e+00
1.102354049682617188e+00,1.355670753806698103e+00
6.531813144683837891e-01,1.132369039637004304e+00
1.023204803466796875e+00,9.422428405974292431e-01
1.108754038810729980e+00,9.771752016122047246e-01
1.829927563667297363e+00,1.106121128224102579e+00
1.265669584274291992e+00,1.519575071604942984e+00
1.030689358711242898e+00,1.460451597536772228e+00
1.099169254302978294e+00,1.151001942118545340e+00
7.758393883705139160e-01,1.103463823243384656e+00
8.666771054267883301e-01,9.814956836831236764e-01
7.614132165908813477e-01,9.161463519838056735e-01
1.078659296035766602e+00,8.943979644717763300e-01
6.600005030632019043e-01,1.023199547809688248e+00
6.280704736709594727e-01,9.358674713995630556e-01
9.000409841537475586e-01,8.201922352075344813e-01
1.011121273040771706e+00,9.154363543396147884e-01
7.521411776542663574e-01,1.017813903611627602e+00
6.799052953720092773e-01,9.403756015614229691e-01
6.504104733467102051e-01,8.495794927053533785e-01
9.056316018104552112e-01,8.297425737512167387e-01
7.056654095649719238e-01,9.202458079730091445e-01
6.592794060707092285e-01,8.909098850261991664e-01
7.808002829551696777e-01,8.362361088118830388e-01
9.280405640602111816e-01,8.698213078125694997e-01
3.888399899005889893e-01,9.468925634841816041e-01
2.337300032377243320e-01,8.193473092305021410e-01
3.949534893035888672e-01,6.667072485844830476e-01
7.839220166206359863e-01,6.921153619678153124e-01
9.723259806632995605e-01,8.459398787898271266e-01
1.345324039459228294e+00,9.705372857815286469e-01
6.804850101470947266e-01,1.218528047382097634e+00
8.075709939002990723e-01,1.040407509908162442e+00
9.960750937461850807e-01,8.820309285240494068e-01
4.713059961795806330e-01,9.876676241566989534e-01
1.126214265823364480e+00,8.583732805595649662e-01
7.747610211372375488e-01,1.006433763977636398e+00
8.005080223083496094e-01,9.913290038147205552e-01
1.195780038833618164e+00,8.894266793473734056e-01
4.899359941482543390e-01,1.094652965522518340e+00
7.445690035820007324e-01,9.279942598180129787e-01
8.565919995307922363e-01,8.393034758753634694e-01
7.605929970741271973e-01,9.083108867500544470e-01
7.421634793281555176e-01,8.915817368555272182e-01
8.745691180229187012e-01,8.689000232234720400e-01
1.477671980857849121e+00,9.159996405746173576e-01
5.030400156974792480e-01,1.266100576918244514e+00
2.968195915222167969e+00,1.031441771820142295e+00
4.084815025329589844e+00,1.964949254436746395e+00
4.121052026748656671e-01,3.055253749915550099e+00
6.408920288085937500e-01,1.838831224533049591e+00
1.060830354690551758e+00,7.940660505021607252e-01
1.886373996734619141e+00,9.946012490264777295e-01
3.931840062141417902e-01,1.537109191885104309e+00
1.045531988143920898e+00,1.142382801095768841e+00
8.046740293502807617e-01,9.595412872125362869e-01
8.532550334930419922e-01,9.717448487126427725e-01
7.301589846611022949e-01,9.132875832855700260e-01
2.700940072536468506e-01,8.829363070916729228e-01
5.079169869422912598e-01,7.433644473835133715e-01
1.267657995223999023e+00,7.337504620087554885e-01
3.999615430831908736e+00,1.082864998803313439e+00
2.102678060531615767e+00,2.625445815882240908e+00
1.291347503662109375e+00,2.447652891806880060e+00
2.390191078186035156e+00,1.565185323667301009e+00
1.599208950996399148e+00,1.871573260343820655e+00
1.298205018043518066e+00,1.800714886958652894e+00
1.360355019569396973e+00,1.395813212649446022e+00
4.276689887046813965e-01,1.324876566406484768e+00
3.897170126438140314e-01,9.677704088180363318e-01
1.546036005020141602e+00,7.157520838286812737e-01
8.653150200843811035e-01,1.211126203709943061e+00
8.454149961471557617e-01,1.184135990326182775e+00
1.435889005661010742e+00,9.197208645889891621e-01
6.206179141998291016e+00,1.236271338992813495e+00
9.077759981155394398e-01,3.644560880140986114e+00
5.264570116996765137e-01,2.565278861384097997e+00
9.704009890556335449e-01,8.463308846292608711e-01
6.997730135917663574e-01,9.372791673583750205e-01
6.361600160598754883e-01,9.099630609962713335e-01
6.393389701843261719e-01,8.286649747447460967e-01
5.699130296707153320e-01,8.201333102992651725e-01
4.694110155105590820e-01,8.001765777699872961e-01
8.482750058174133301e-01,7.607017510066581556e-01
6.324055790901184082e-01,8.784004136312895117e-01
3.047409951686859131e-01,8.569415567545273227e-01
2.148479968309402466e-01,7.300810163711776157e-01
4.153338372707366943e-01,6.473942327487214321e-01
9.913370013236998401e-01,6.969695016229413564e-01
7.429170012474058948e-01,9.363993072443800303e-01
8.799139857292175293e-01,9.302039298602258199e-01
1.240342974662780762e+00,9.185113485081013440e-01
3.054729998111724854e-01,1.137356559913885290e+00
1.285866022109985352e+00,8.951978834537895890e-01
1.090137004852295144e+00,1.067548879602947975e+00
3.773260116577148438e-01,1.186075582171661313e+00
2.288666009902954102e+00,8.645043270121910428e-01
8.070570230484008789e-01,1.596473778088557616e+00
8.929409980773925781e-01,1.425886892934859373e+00
1.832507014274596724e+00,9.329539268672882857e-01
7.223749756813049316e-01,1.464489914193394027e+00
7.407349944114685059e-01,1.234353021245722992e+00
1.236768960952758789e+00,8.632780751549048448e-01
7.108730077743530273e-01,1.104707826548456673e+00
6.473349928855895996e-01,1.010370023271487394e+00
1.024247765541076882e+00,8.336242496078504205e-01
7.440620064735412598e-01,9.769315213921914154e-01
5.768560171127319336e-01,9.425427814810740657e-01
1.137029051780700906e+00,8.203540569065227439e-01
4.941360056400298517e-01,1.024876867924716883e+00
1.271524906158447266e+00,9.091958458498526907e-01
8.988280296325682484e-01,1.082980268771119636e+00
8.299319744110107422e-01,1.095140942358233671e+00
5.502920150756835938e-01,9.255602769714770250e-01
8.491920232772827148e-01,8.321706106754142018e-01
7.995309829711914062e-01,8.861062964110586471e-01
8.413559794425964355e-01,8.999061098279504955e-01
7.240070104598999023e-01,9.075279167976563199e-01
6.538060307502746582e-01,8.785510505681798366e-01
6.538396477699279785e-01,8.375856693875745052e-01
8.085789680480957031e-01,8.270144460345717485e-01
2.556999921798706055e-01,8.797301854445380709e-01
1.151844024658203125e+00,7.588341651191052861e-01
1.088750958442687988e+00,9.975272750210869566e-01
8.547700047492980957e-01,1.138343961334725929e+00
1.052428960800170898e+00,1.007841970456910596e+00
1.797067999839782715e+00,1.028661756379570358e+00
8.751260042190551758e-01,1.486316782040234097e+00
7.571684122085571289e-01,1.279938239109164710e+00
9.052469730377196155e-01,8.956098372914995664e-01
6.141330003738403320e-01,9.321682067356876766e-01
6.452289819717407227e-01,8.672951872012227836e-01
8.408679962158203125e-01,8.189559995264938941e-01
6.755350232124328613e-01,8.917507766161245630e-01
1.084153056144714355e+00,8.660488784668595175e-01
1.359479665756225586e+00,1.011647764326981669e+00
5.357339978218078613e-01,1.257699722768709449e+00
7.839810252189636230e-01,9.989440512818051898e-01
1.015287995338439941e+00,8.586553815210921092e-01
1.319244027137756348e+00,9.934246664691454010e-01
1.176299691200256348e+00,1.216193296914085620e+00
1.307337045669555664e+00,1.239302756024094121e+00
2.298435926437377930e+00,1.258139360878802293e+00
8.794149756431579590e-01,1.828012245504942124e+00
1.578516006469726562e+00,1.457142202849049495e+00
9.928810000419616699e-01,1.322524295218265866e+00
1.017398953437805176e+00,1.248841188258470902e+00
4.884769916534423273e-01,1.049078998740468283e+00
1.209630966186523438e+00,8.690941973694286116e-01
1.519726991653442383e+00,1.050442088863295709e+00
1.571495056152343750e+00,1.380973044478307710e+00
1.192077994346618874e+00,1.506300140950129318e+00
1.402015686035156250e+00,1.335654296596324953e+00
1.162554860115051270e+00,1.312945173280431588e+00
1.253835797309875710e+00,1.261723648753943827e+00
1.734062552452087402e+00,1.225852800893190153e+00
2.394351005554199219e+00,1.509335742951080084e+00
1.886527061462402122e+00,2.011133985870856566e+00
9.099829792976379395e-01,1.941799776750120721e+00
1.049708962440490723e+00,1.326003239531235334e+00
1.277305960655212402e+00,1.041326805564279923e+00
4.846229851245879572e-01,1.203521826109940518e+00
8.322510123252868652e-01,9.547749665820920439e-01
3.410890102386474609e-01,8.731441817539233874e-01
8.153510093688964844e-01,7.834608289565104799e-01
6.998159885406494141e-01,8.542057854598424926e-01
6.866139769554138184e-01,8.666527198131172005e-01
7.018824815750122070e-01,8.434469921559317740e-01
7.204269766807556152e-01,8.463162708159960301e-01
6.408870220184326172e-01,8.541649599990323027e-01
1.001817584037780762e+00,8.333642284009468160e-01
1.450595021247863770e+00,9.649270858437917209e-01
1.099555015563964844e+00,1.283828116228700411e+00
1.254430413246154785e+00,1.249589324176245020e+00
7.186369895935058594e-01,1.206365940808521886e+00
9.891759753227234997e-01,1.019666055420535011e+00
4.281075000762940341e+00,9.689480630995374044e-01
7.096589803695678711e-01,2.687488132145291697e+00
8.907449841499328613e-01,1.993161061949279445e+00
1.608888030052185059e+00,9.197986876909913789e-01
1.184751033782958984e+00,1.341905378455155784e+00
6.946156024932861328e-01,1.345479055964567516e+00
7.754629850387573242e-01,9.854967748777713199e-01
9.269009828567504883e-01,8.716857367206563012e-01
9.248849749565125622e-01,9.454990412316490733e-01
8.752880096435546875e-01,9.802897579675664552e-01
8.627579808235168457e-01,9.551430303257735233e-01
8.495249748229979359e-01,9.317962343395876923e-01
6.132180094718933105e-01,9.210059435717669052e-01
8.710420131683349609e-01,8.524529001175205067e-01
9.089673757553100586e-01,9.012893080949688773e-01
9.856920242309571423e-01,9.549994853325508570e-01
1.309872984886169434e+00,1.006676488925211777e+00
5.933508276939392090e-01,1.202883284654225449e+00
1.131836414337158203e+00,9.987850957236020788e-01
2.261745929718017578e+00,1.024457670040943347e+00
2.399192094802856445e+00,1.758263088398423823e+00
2.269547939300537109e+00,2.171853133120573265e+00
1.452262043952941895e+00,2.138017607375755524e+00
1.311915040016174316e+00,1.693914265833868615e+00
1.275267004966735840e+00,1.351904026583440110e+00
8.153480291366577148e-01,1.285959730944951973e+00
6.043019890785217285e-01,1.063028695389862222e+00
1.101529002189636230e+00,8.422047665881963185e-01
4.356400072574616034e-01,1.010407685652908949e+00
8.039849996566772461e-01,8.824292624704153098e-01
5.734559893608093262e-01,8.574058708783670602e-01
4.163750112056731623e-01,8.319293063849521053e-01
7.749050259590148926e-01,7.468597804400854967e-01
3.839260041713714044e-01,8.442196218607045388e-01
1.054715037345886230e+00,7.794771591228979446e-01
5.931029915809631348e-01,9.630033133610964580e-01
8.359869718551635742e-01,9.083783601268942132e-01
9.755985140800477184e-01,8.847102710031060635e-01
1.098647952079772949e+00,9.825730398941439070e-01
8.061249852180480957e-01,1.086302015708767055e+00
7.896029949188232422e-01,9.924792481626927287e-01
5.455229878425598145e-01,8.897577210567211292e-01
7.707700133323669434e-01,8.217802709055631594e-01
8.110550045967102051e-01,8.545539070843376495e-01
1.002521038055420144e+00,8.927428435429167752e-01
9.160850048065185547e-01,9.918460700322341284e-01
9.283249974250793457e-01,1.002315820135977642e+00
9.950090050697327770e-01,9.785780075109269394e-01
1.038689017295837402e+00,1.017284484854583004e+00
5.214130282402038574e-01,1.060748362089326102e+00
1.159701943397521973e+00,8.840975170267831862e-01
1.195862650871276855e+00,1.029208810083602765e+00
8.844429850578308105e-01,1.194989974474828909e+00
7.702100276947021484e-01,1.060647471575028256e+00
8.937159776687622070e-01,9.018039053956216078e-01
5.142210125923156738e-01,9.282285470254990623e-01
6.410769820213317871e-01,8.395653091475364649e-01
1.203750014305114746e+00,8.052318344207325396e-01
1.136301159858703613e+00,1.069194896229450187e+00
8.814030289649963379e-01,1.179707323092567872e+00
8.651199936866759144e-01,1.036890440480662035e+00
7.377740144729614258e-01,9.349968569041197108e-01
9.422479867935180664e-01,8.878771806580504355e-01
7.158420085906982422e-01,9.478848431360744620e-01
2.920779883861541748e-01,9.051554243413568734e-01
1.124665260314941406e+00,7.450292611378602770e-01
1.247418999671936035e+00,9.877941917301135133e-01
3.693974971771239790e+00,1.210489037126723622e+00
8.573070168495178223e-01,2.483952923191969031e+00
8.385969996452331543e-01,1.880282748807008408e+00
9.632229804992675781e-01,9.136368251112405581e-01
7.316169738769531250e-01,9.764504074258462119e-01
7.014784216880798340e-01,9.167954539887085419e-01
1.365643024444580078e+00,8.525224745629417233e-01
6.786789894104003906e-01,1.167032103207803262e+00
8.193774819374084473e-01,1.047340090735709772e+00
1.044147372245788574e+00,8.864254617712025164e-01
8.748620152473449707e-01,1.016131606335386017e+00
7.164059877395629883e-01,9.993371156195879346e-01
9.379299879074096680e-01,8.849625170473960356e-01
5.393440127372741699e-01,9.429467850997395040e-01
8.087720274925231934e-01,8.579416868800839868e-01
6.020820140838623047e-01,8.686888610313947545e-01
9.824249744415283203e-01,8.401794243280760188e-01
7.866399884223937988e-01,9.509188157988814893e-01
6.810299754142761230e-01,9.413871577154678816e-01
6.642330288887023926e-01,8.560289178507066721e-01
6.040380001068115234e-01,8.340204351527337190e-01
8.265414834022521973e-01,8.138560359579207759e-01
5.594509840011596680e-01,8.819347242712664015e-01
1.633069962263107300e-01,8.336208500821268297e-01
5.747918486595153809e-01,6.830624044819473273e-01
8.527640104293823242e-01,7.488136520473408497e-01
2.149522066116333008e+00,8.898901865755741714e-01
1.239639997482299805e+00,1.625563877950527703e+00
2.139239072799682617e+00,1.557598806486382825e+00
6.937779784202575684e-01,1.723514438961662787e+00
7.631160020828247070e-01,1.332303605330425356e+00
1.109338045120239258e+00,8.672737152534929495e-01
9.241870045661927380e-01,1.040044987212016325e+00
1.305567026138305664e+00,1.045280354555089053e+00
8.699640035629272461e-01,1.184165103408409969e+00
8.599532246589660645e-01,1.096085646494451504e+00
1.108017444610595703e+00,9.286608524850632485e-01
8.591579794883728027e-01,1.060199800690352356e+00
9.039019942283630371e-01,1.016951301105309957e+00
1.023422956466674805e+00,9.491710301233272640e-01
8.504790067672729492e-01,1.025495806291448764e+00
1.527956604957580566e+00,9.812668145537777331e-01
9.952359795570373535e-01,1.287920260627873015e+00
1.141056060791015625e+00,1.231335836229528136e+00
1.980204939842223899e+00,1.114684799167827478e+00
1.851865053176879883e+00,1.609953677825455953e+00
1.589177966117858887e+00,1.799876081699618879e+00
2.123934030532836914e+00,1.624522116233723112e+00
1.204741954803466797e+00,1.821167483500709006e+00
1.227027416229248047e+00,1.533502932916276151e+00
1.131343960762024148e+00,1.225748906534267713e+00
1.116891980171203613e+00,1.185280438496381317e+00
1.040153026580810325e+00,1.145423866240267596e+00
7.681059837341308594e-01,1.102364626067183773e+00
7.666722536087036133e-01,9.565442285745308082e-01
8.607699871063232422e-01,8.774714850482066009e-01
5.301510095596313477e-01,9.124762289439954932e-01
9.909179806709289551e-01,8.348357977242960581e-01
9.618239998817442737e-01,9.472378800888685557e-01
8.381230235099792480e-01,1.020309592738207316e+00
8.131660223007202148e-01,9.528007340832544969e-01
8.752340078353881836e-01,9.014923047969192194e-01
8.812961578369140625e-01,9.248971500971938653e-01
9.057049751281737171e-01,9.414377577069014125e-01
1.355970025062561035e+00,9.561298056533712453e-01
2.043754577636718750e+00,1.207044594342287391e+00
2.364957094192504883e+00,1.706551110995431220e+00
2.233561992645264116e+00,2.093034943245295043e+00
8.372840285301208496e-01,2.110698803004253055e+00
9.040349721908569336e-01,1.418698006543488876e+00
7.228699922561645508e-01,9.442304528253474549e-01
1.032919287681579590e+00,8.949952521107482628e-01
9.367759823799132191e-01,9.922424646259088155e-01
7.624319791793823242e-01,1.022992512714982594e+00
7.721610069274902344e-01,9.168784905612360481e-01
1.243505001068115234e+00,8.784820950262657302e-01
7.468199729919433594e-01,1.114710027215574106e+00
1.419505119323730469e+00,1.025522395972423340e+00
7.347676753997802734e-01,1.205488206812842078e+00
1.074026942253112793e+00,1.087204873105092284e+00
9.692379832267760120e-01,1.015928484481413818e+00
8.089560270309448242e-01,1.053077451511369222e+00
8.223479986190795898e-01,9.443913586524445014e-01
5.762249827384948730e-01,9.009785685643916242e-01
6.765879988670349121e-01,8.367898610754872513e-01
9.015229940414428711e-01,8.243429707959663011e-01
8.627583980560302734e-01,9.211443877356870757e-01
1.055613875389099121e+00,9.408322178491069776e-01
9.391199946403503418e-01,1.032320265835259265e+00
7.824029922485351562e-01,1.032305091418473486e+00
8.782749772071838379e-01,9.239814323198484169e-01
1.109990954399108887e+00,9.223302918329949751e-01
1.164981961250305176e+00,1.065765317526176315e+00
1.475479006767273171e+00,1.162926777468611395e+00
7.344660162925720215e-01,1.343864868270956636e+00
1.143465042114257812e+00,1.107962212937276369e+00
2.958764553070068359e+00,1.053053703684775355e+00
2.038712024688720703e+00,2.115940572056242974e+00
9.367650747299193226e-01,2.164642789980387505e+00
1.001402020454406738e+00,1.390584501502695858e+00
7.492939829826354980e-01,1.023188056391042933e+00
9.457820057868958630e-01,9.358909175884986276e-01
1.164842009544372559e+00,9.512719138565871591e-01
9.045109748840332031e-01,1.113327256914693475e+00
5.778343677520751953e-01,1.057437904797692063e+00
7.607790231704711914e-01,8.580369799827141097e-01
8.009672760963441052e-01,8.540344921566936920e-01
6.709719896316528320e-01,8.880233607554981479e-01
3.086133003234863725e+00,8.561784707685180518e-01
1.018260955810546875e+00,2.059979400328195709e+00
1.114386796951293945e+00,1.762568875757205777e+00
1.229098439216613770e+00,1.107542127531353504e+00
1.245597958564758301e+00,1.197663797638982341e+00
5.376980304718017578e-01,1.243277297468516007e+00
7.949647903442382812e-01,9.588541504171356200e-01
1.209460973739624023e+00,8.631025656440519667e-01
9.914460182189940296e-01,1.100932910999774750e+00
7.495359778404235840e-01,1.112517490764916017e+00
8.522210121154785156e-01,9.323497658746542349e-01
9.499999880790708229e-01,9.069481325627979373e-01
6.329939961433410645e-01,9.724179817836181572e-01
8.296039700508117676e-01,8.852400716528648905e-01
1.060515046119689941e+00,8.859772628850992593e-01
6.726049780845642090e-01,1.027267095694391452e+00
7.929700016975402832e-01,9.332290240364623513e-01
9.556260704994201660e-01,8.757087305575493863e-01
7.782499790191650391e-01,9.633008183405812330e-01
6.364319920539855957e-01,9.286322133396556211e-01
6.556333899497985840e-01,8.426076712127553714e-01
8.762890100479125977e-01,8.251803980487383283e-01
6.824830174446105957e-01,9.077453794156002953e-01
7.950311899185180664e-01,8.766680444924209725e-01
1.017485976219177246e+00,8.775016319140753751e-01
1.230221033096313699e+00,9.967167019285635421e-01
9.125559926033020020e-01,1.168865696587902070e+00
1.030437946319579856e+00,1.085411085678388066e+00
6.127780079841613770e-01,1.031660966922369083e+00
3.667230010032653253e-01,9.056729800786076368e-01
5.604230165481567383e-01,7.412507770338655488e-01
8.102909922599792480e-01,7.615574975282745074e-01
7.236457467079162598e-01,8.712804589834212132e-01
6.627830266952514648e-01,8.719288106188679555e-01
8.224419951438903809e-01,8.400723614554346241e-01
6.781139969825744629e-01,8.860484893088776959e-01
3.209959864616393488e-01,8.625397983768003929e-01
7.439860105514526367e-01,7.434272102258021597e-01
7.004669904708862305e-01,8.242129242824932644e-01
1.274258971214294434e+00,8.541096647840386025e-01
6.211659908294677734e-01,1.117320919791927158e+00
1.067494988441467285e+00,9.945833778942347880e-01
1.265694975852966309e+00,9.953293222754514558e-01
9.348030090332032360e-01,1.202598866793688215e+00
1.085708975791931152e+00,1.108207861555896345e+00
5.883709788322448730e-01,1.067594969230743818e+00
4.636880159378052313e-01,9.175601548655089035e-01
8.750243186950683594e-01,7.621932532735722354e-01
4.834130108356476385e-01,8.891374105723998111e-01
4.560469985008240301e-01,8.272594790642647800e-01
7.238804101943969727e-01,7.434051654203130965e-01
4.748429954051970880e-01,8.283466433623810632e-01
9.588437080383299671e-01,7.902526656397739213e-01
1.794360995292663574e+00,9.270082328644372316e-01
1.210453987121582031e+00,1.460243404809760781e+00
4.008429944515228271e-01,1.422640915741013368e+00
5.836449861526489258e-01,9.092982278863850354e-01
8.660610318183898926e-01,7.731176841498428320e-01
7.764859795570373535e-01,8.963201547316632656e-01
5.888479948043823242e-01,8.981591234760737397e-01
4.327859878540038507e-01,8.299262980793153943e-01
5.545350313186645508e-01,7.539298269691797616e-01
1.149551987648010476e+00,7.670899180117458638e-01
9.776459932327271618e-01,1.028312740740850773e+00
2.302707910537720171e+00,1.084316539934584656e+00
7.962800264358520508e-01,1.738408415065161305e+00
6.104800105094909668e-01,1.426555268639686735e+00
6.522138714790344238e-01,8.395972190282098291e-01
1.032202124595642090e+00,8.206716306086445645e-01
8.200139999389648438e-01,9.815883629925747922e-01
1.039114952087402344e+00,9.724926335423764723e-01
9.508559703826903187e-01,1.013536421363543161e+00
7.736063003540039062e-01,1.031866198771653753e+00
1.383889913558959961e+00,9.253866739053605572e-01
6.069999933242797852e-01,1.191690788900459985e+00
9.455270171165466309e-01,1.030173873041217547e+00
3.923240005970001221e-01,9.340126083951152403e-01
9.679385423660278320e-01,8.250053763433429221e-01
9.072690010070799671e-01,9.237458130732147943e-01
2.479866981506348100e+00,9.857171648083219440e-01
1.045583963394165039e+00,1.812968326381625861e+00
1.536522984504699707e+00,1.583992847070693433e+00
4.812009930610657293e-01,1.342564471697789141e+00
8.617479801177978516e-01,1.045837401890161722e+00
1.127727031707763672e+00,8.850688267442696766e-01
9.895502924919128418e-01,1.071387109444457808e+00
9.099559783935547985e-01,1.081947955803009842e+00
1.239764332771301270e+00,9.947560959184647000e-01
1.379981994628906250e+00,1.144573060628638617e+00
7.663900256156921387e-01,1.316274241438237347e+00
8.156750202178955078e-01,1.083993512749963806e+00
1.299479961395263672e+00,8.939842107433428886e-01
7.149469852447509766e-01,1.154697414002299638e+00
8.305460214614868164e-01,1.035240679542322351e+00
9.092410206794740990e-01,8.944924208592557324e-01
7.411040067672729492e-01,9.456477448173969957e-01
5.047770142555236816e-01,9.015396554487350445e-01
9.697520136833192028e-01,8.012950069483358861e-01
1.049844980239868164e+00,9.348447427156364453e-01
5.644329786300659180e-01,1.058714361878875243e+00
9.593539834022521973e-01,8.989852228169871173e-01
9.383450150489808239e-01,9.359980445873947730e-01
7.079470157623291016e-01,9.978904695552409665e-01
4.484339952468871515e-01,9.016848244875836915e-01
5.337110161781311035e-01,7.804113823471541256e-01
5.215386152267456055e-01,7.623097272078094289e-01
6.405649781227111816e-01,7.701104383881431925e-01
1.660409450531006081e+00,8.059148582557970064e-01
1.622156023979186790e+00,1.314868642456757719e+00
3.623536109924316406e+00,1.578430095246373233e+00
9.065989851951601342e-01,2.546911409356607869e+00
7.756379842758178711e-01,1.878033588759811856e+00
6.443409919738770641e-01,9.104583942018400489e-01
5.499600172042846680e-01,8.441794290049021710e-01
1.367677569389343262e+00,7.953598865643705107e-01
8.148130178451538086e-01,1.141563316491809976e+00
8.623980283737182617e-01,1.097680586788014612e+00
8.134710192680358887e-01,9.187929337992449819e-01
9.060310125350952148e-01,9.069234747352555859e-01
1.311033964157104492e+00,9.407821434134718830e-01
1.474902033805847168e+00,1.182531098647634948e+00
1.186140060424804910e+00,1.388660934556203763e+00
2.092472076416016069e+00,1.298695536310375820e+00
1.301861047744750977e+00,1.683118808493569540e+00
1.221997022628784180e+00,1.566557042545823508e+00
1.078873991966247559e+00,1.255845403887777767e+00
7.863690257072448730e-01,1.158025832467221239e+00
7.093420028686523438e-01,9.776355287231343061e-01
5.645610094070434570e-01,8.636357704759634046e-01
1.092841982841491699e+00,8.105921344321288524e-01
3.955059945583344061e-01,1.000841410959442568e+00
1.195796012878417969e+00,8.697509160028858988e-01
2.998351097106933594e+00,1.032515621959909424e+00
2.585943937301636186e+00,2.149251697469292566e+00
1.655773043632507102e+00,2.424033438020689157e+00
8.921740055084229626e-01,1.885705288899666598e+00
8.955079913139343262e-01,1.235341795145497690e+00
1.585399031639099121e+00,9.540494602325171325e-01
1.210371017456054910e+00,1.330212436409746957e+00
9.857040047645567737e-01,1.349140834560805802e+00
6.761519908905029297e-01,1.110235170491790546e+00
9.457439780235291638e-01,9.083904745749077358e-01
5.141820311546325684e-01,9.418270597981861503e-01
7.144280076026916504e-01,8.540136248361692717e-01
7.917379736900329590e-01,8.306474561211463215e-01
6.024960279464721680e-01,8.796649004145650208e-01
1.012339949607849121e+00,8.365981326595507417e-01
6.310235261917114258e-01,9.654634653287939017e-01
5.426099896430969238e-01,9.046797551458557463e-01
7.744219899177551270e-01,7.911230384967740115e-01
8.376209735870361328e-01,8.556562253075612468e-01
7.503905892372131348e-01,9.033889038925526638e-01
1.614240050315856934e+00,8.845432552756568034e-01
7.141630053520202637e-01,1.312502689034102943e+00
6.486989855766296387e-01,1.151924198831174140e+00
3.861860036849975586e-01,8.345410465270467482e-01
3.990480005741119385e-01,7.530837921488165998e-01
1.103790521621704102e+00,7.124340943376390456e-01
8.070139884948729359e-01,9.878323644009285864e-01
1.107607960700988770e+00,9.947709345014631444e-01
7.170349955558776855e-01,1.047983252359625750e+00
1.687772989273071289e+00,9.643644944223688231e-01
8.082039952278137207e-01,1.345357076976097854e+00
1.564818024635314941e+00,1.214027579123981404e+00
1.256489992141723633e+00,1.298325278536568872e+00
7.375509738922119141e-01,1.363799825758671647e+00
8.364729881286621094e-01,1.027097358526142701e+00
1.015761017799377441e+00,8.991646432222384355e-01
6.945540308952331543e-01,1.004469753566678669e+00
9.518219828605651855e-01,9.240396319893041666e-01
5.585229992866516113e-01,9.470040199884578458e-01
1.855298042297363503e+00,8.667508333513551655e-01
8.210539817810058594e-01,1.403526336347304948e+00
8.359720110893249512e-01,1.279739248544894181e+00
6.805480122566223145e-01,9.075197526113722990e-01
1.030328035354614480e+00,8.661887735669276944e-01
8.423720002174377441e-01,9.845425600507120567e-01
5.589337944984436035e-01,9.805924898825532088e-01
7.334340214729309082e-01,8.372837283652919682e-01
8.426809906959533691e-01,8.421198319585677661e-01
8.706315755844116211e-01,9.012925553995015937e-01
8.863990306854248047e-01,9.274582744015755775e-01
8.493610024452209473e-01,9.428116650375784058e-01
1.331516027450561523e+00,9.290939726436405754e-01
1.645591020584106445e+00,1.179974524127442637e+00
1.411272048950195090e+00,1.485423664923575249e+00
1.046331048011779785e+00,1.466968283383215388e+00
8.349300026893615723e-01,1.211127202176664142e+00
1.090394020080566406e+00,9.837081257877068330e-01
6.141669750213623047e-01,1.044739002267887518e+00
8.252440094947814941e-01,9.264987706608533991e-01
1.047114968299865501e+00,8.823933273421917800e-01
4.695149958133698065e-01,1.019016520974888040e+00
7.520099878311157227e-01,8.736166938312280861e-01
6.718119978904724121e-01,8.401719589113539888e-01
6.571980118751525879e-01,8.473034444533606990e-01
7.795739769935607910e-01,8.305820937101270340e-01
6.211889982223510742e-01,8.691534223849094465e-01
9.608931541442872204e-01,8.388945496011298575e-01
7.402380108833312988e-01,9.427761225349240437e-01
6.151059865951538086e-01,9.185701281096672055e-01
5.818247795104979359e-01,8.297571341390634903e-01
6.529520153999328613e-01,7.998948652357112943e-01
7.834500074386596680e-01,8.172616067913163196e-01
8.276180028915405273e-01,8.701362997844221958e-01
2.505017042160034180e+00,9.003139635349367564e-01
1.417585968971252441e+00,1.806124325461595959e+00
1.226507544517517090e+00,1.752041838889312864e+00
9.694439768791200951e-01,1.297982379750562298e+00
8.129550218582153320e-01,1.108844797690768491e+00
5.289899706840515137e-01,9.459481505750534369e-01
4.789490103721618097e-01,8.229648071457448255e-01
9.671270251274107776e-01,7.569303317399946884e-01
4.701859951019286554e-01,9.311681058031028302e-01
2.416239976882934293e-01,8.495324656444505074e-01
1.994680017232894897e-01,6.833725870902290778e-01
4.732620120048523504e-01,6.329573442910271242e-01
9.621880054473875843e-01,7.153406081301172392e-01
9.829789996147154651e-01,9.283818411591038267e-01
1.026576042175292969e+00,1.021485468456758250e+00
9.651920199394226074e-01,1.050651782985376315e+00
1.983185052871704324e+00,1.034309044377300868e+00
1.286525964736938477e+00,1.564355699128681776e+00
1.736924052238464355e+00,1.522657725414066299e+00
7.533379793167114258e-01,1.520640478044160027e+00
1.062494039535522461e+00,1.211212528361265583e+00
8.256469964981079102e-01,1.013056526677222902e+00
1.418092012405395508e+00,9.862128508145532324e-01
1.250364065170288086e+00,1.221943844914850308e+00
1.089423060417175293e+00,1.309807096256105252e+00
8.687390089035034180e-01,1.173120457452050625e+00
1.307837963104248047e+00,1.013864824774966644e+00
7.601559758186340332e-01,1.171599619233772094e+00
8.579840064048767090e-01,1.054578843482976147e+00
1.067142963409423828e+00,9.105513912450581282e-01
6.799880266189575195e-01,1.037444124102632426e+00
8.352749943733215332e-01,9.378318459661666440e-01
1.010563969612121582e+00,8.928994651476446220e-01
7.260069847106933594e-01,1.001378575065721366e+00
5.901079773902893066e-01,9.318005027958614628e-01
7.406870126724243164e-01,8.204588623815251003e-01
7.620100975036621094e-01,8.480038566970644620e-01
5.811070203781127930e-01,8.724583922048543272e-01
8.903719782829283558e-01,8.249930619844813018e-01
7.301949858665466309e-01,9.065345310845479565e-01
1.265586972236633301e+00,8.928846272450435828e-01
9.180610179901124157e-01,1.118292095624786375e+00
8.252680301666259766e-01,1.101008410635386126e+00
9.114630222320554420e-01,9.310768803505131697e-01
9.657319784164427601e-01,9.458012356651188668e-01
7.146480083465576172e-01,9.967849455367580047e-01
8.502969741821289062e-01,9.126680491600377421e-01
8.405809998512268066e-01,9.025656604442278130e-01
1.191807866096496582e+00,9.130043534898333313e-01
7.976800203323364258e-01,1.101418939869378999e+00
8.885610103607177734e-01,1.024667893365344806e+00
9.655410051345824085e-01,9.293559089264805673e-01
5.838339924812316895e-01,9.901542675116458136e-01
8.865389823913574219e-01,8.772705029215382977e-01
8.750730156898498535e-01,9.051288303163945725e-01
6.929270029067993164e-01,9.417339248197473811e-01
5.519689917564392090e-01,8.790054422898466724e-01
5.465030074119567871e-01,8.042554786689740665e-01
7.512239813804626465e-01,7.801910106220439900e-01
7.843149900436401367e-01,8.473391591682106760e-01
6.109840273857116699e-01,8.811514652786407442e-01
7.992020249366759144e-01,8.372219193867136422e-01
5.405290126800537109e-01,8.718436167942391624e-01
9.266330003738403320e-01,8.226694802765021075e-01
5.896059870719909668e-01,9.186808556295467110e-01
5.182790160179138184e-01,8.672001744943653723e-01
6.216366887092590332e-01,7.776134861639082407e-01
7.315016984939575195e-01,7.992813760759769348e-01
8.715350031852722168e-01,8.482031186812968304e-01
2.576299905776976984e-01,9.134913424884366639e-01
3.547430038452147882e-01,7.751568242283636279e-01
1.424710035324096902e+00,6.818260503276231121e-01
1.588093161582946777e+00,1.143537462937036064e+00
1.510810017585754395e+00,1.484284246883238900e+00
6.637499928474426270e-01,1.497620604226785002e+00
9.182999730110168457e-01,1.095943177090040077e+00
9.455379843711853027e-01,9.274678486189185111e-01
8.895260095596313477e-01,9.882203803157243449e-01
7.889080047607421875e-01,9.692844506964486406e-01
8.079270124435424805e-01,9.086289702365849541e-01
6.742079854011535645e-01,8.936138479404801549e-01
7.401880025863647461e-01,8.584469833790105975e-01
7.983270287513732910e-01,8.571943109886925871e-01
7.760372757911682129e-01,8.848263014022862416e-01
7.851629853248596191e-01,8.845395385778191955e-01
1.024798870086670144e+00,8.844103729797222480e-01
8.841310143470764160e-01,9.987465117919278601e-01
1.171491026878356934e+00,9.960731277618161128e-01
7.665730118751525879e-01,1.100769404621886327e+00
1.054823040962219238e+00,1.005476833901827849e+00
1.034250974655151367e+00,1.011365381243420236e+00
7.633029818534851074e-01,1.078131808104151323e+00
6.365630030632019043e-01,9.526843973171837954e-01
5.399640202522277832e-01,8.397663481939015018e-01
8.178460001945495605e-01,7.912903251211240718e-01
8.135920166969299316e-01,8.723631752848350907e-01
9.839289784431458630e-01,8.989068488047955441e-01
8.986790180206298828e-01,9.823364304046091622e-01
6.926850080490112305e-01,9.874709482148187334e-01
6.764680147171020508e-01,8.854834461556589931e-01
6.547859907150268555e-01,8.393711004221221517e-01
8.509550094604492188e-01,8.305350712030250548e-01
6.557850241661071777e-01,8.968619078133188705e-01
8.856279850006103516e-01,8.634686719567981061e-01
9.303160309791563831e-01,9.118531691624510715e-01
7.123904824256896973e-01,9.704715980913470874e-01
6.544970273971557617e-01,9.003332710596054778e-01
9.782410264015198864e-01,8.359107565660920391e-01
8.733990192413330078e-01,9.550012001217416113e-01
6.319249868392944336e-01,9.739469167656049642e-01
8.613430261611938477e-01,8.631493416757385351e-01
6.160370111465454102e-01,8.989848093170915710e-01
6.686739921569824219e-01,8.560927623842254919e-01
1.007030010223388894e+00,8.266244094091685923e-01
9.358490109443665661e-01,9.710860205040855453e-01
1.113351941108703613e+00,1.013274183277017348e+00
9.273632764816285290e-01,1.082774284527888708e+00
9.193540215492249645e-01,1.048184887915363905e+00
6.497738957405090332e-01,9.776316870058601172e-01
8.034440279006958008e-01,8.803909326584605788e-01
7.462270259857177734e-01,8.773436143918524888e-01
7.597569823265075684e-01,8.768058098975367587e-01
1.126011013984680176e+00,8.724278713626733017e-01
1.423818945884704590e+00,1.048402963351558803e+00
5.316870212554931641e-01,1.304571007830428009e+00
1.097100019454955833e+00,1.020876348594977223e+00
9.711959958076475941e-01,9.989668691180213500e-01
5.659890174865722656e-01,1.062295097082169626e+00
1.088876962661743164e+00,8.744381636647557965e-01
1.923168003559112549e-01,9.990271087745243861e-01
3.752999901771545410e-01,8.220000527369476506e-01
4.178839921951293945e-01,6.813901199661547281e-01
4.822100102901458185e-01,7.166352699135429827e-01
8.997989892959594727e-01,7.421701622406463583e-01
6.762999892234802246e-01,9.014237895773725695e-01
1.075533032417297363e+00,8.815691154052041068e-01
