1.111775994300842507e+00,9.478781702965463074e-01
7.566530108451843262e-01,1.038215440143209767e+00
5.684260129928588867e-01,9.649790498033359309e-01
1.201630949974060059e+00,9.465211392222252496e-01
8.802530169486999512e-01,1.067147427356606171e+00
8.531429767608642578e-01,9.716132723573146501e-01
7.591750025749206543e-01,9.645623941825067771e-01
1.005007982254028320e+00,9.574673986934784109e-01
7.687720060348510742e-01,9.927809808742156239e-01
1.740013241767883301e+00,9.597763681676704239e-01
2.913533687591552734e+00,1.204575291977370455e+00
4.963075160980224609e+00,1.754929621720659361e+00
1.471215128898620605e+00,2.935982219036449514e+00
1.000648975372314453e+00,2.325289298772176050e+00
8.220189809799194336e-01,1.000961436027578255e+00
9.362199902534482643e-01,9.617263150287178597e-01
5.486897230148315430e-01,9.767150866265436049e-01
1.111255049705505371e+00,9.548512084465550220e-01
7.148039937019348145e-01,1.047670703420472416e+00
1.052167057991027832e+00,9.651914025404499942e-01
8.955980539321898304e-01,1.006829641714174439e+00
7.769405245780944824e-01,9.661388782673490105e-01
5.699509978294372559e-01,9.584452934806808599e-01
8.244060277938842773e-01,9.470557779592265746e-01
5.800840258598327637e-01,9.831732286209901028e-01
9.488009810447691761e-01,9.487846431596406171e-01
7.918390035629272461e-01,1.005312612747711221e+00
6.937990188598632812e-01,9.595336421588349651e-01
6.834830045700073242e-01,9.533917053428764277e-01
9.433320164680479847e-01,9.545066407873344927e-01
1.032713770866394043e+00,9.906129558697175375e-01
2.556216001510620117e+00,9.810497627552652311e-01
2.464895963668823242e+00,1.568655683496099407e+00
2.728049993515014204e+00,1.684658466349295169e+00
3.558506965637206476e-01,1.772209472928940155e+00
3.262020051479339600e-01,1.439167338784108630e+00
3.781589865684509277e-01,9.317024503917101796e-01
6.306380033493041992e-01,9.384208418459373258e-01
8.854129910469055176e-01,9.732882802140445655e-01
9.743152856826782227e-01,9.866467719914689960e-01
7.307389974594116211e-01,9.773906427770694405e-01
9.521890282630921520e-01,9.576403885547377648e-01
1.011654973030090332e+00,9.869735078023714747e-01
7.643579840660095215e-01,9.779854752172325583e-01
3.306220054626464844e+00,9.598776263456422209e-01
7.543110251426696777e-01,2.019318063260833185e+00
1.409499049186706321e+00,1.634788272673243004e+00
6.401469707489013672e-01,1.088428373055564169e+00
8.640019893646240234e-01,1.007411720448800452e+00
8.469420075416564941e-01,9.819705917568460896e-01
7.976629734039306641e-01,9.644768987756779932e-01
9.555831551551821068e-01,9.605455448542132846e-01
9.546210169792175293e-01,9.812765384530389712e-01
5.251880288124084473e-01,9.717247865256188888e-01
1.275226235389709695e+00,9.569094161054390035e-01
8.355640172958374023e-01,1.097532239553424160e+00
7.640249729156494141e-01,9.782275309313549494e-01
4.752210080623626154e-01,9.580373422978841758e-01
7.414129972457885742e-01,9.452398038459994822e-01
1.069700956344604492e+00,9.802904718681670904e-01
7.892770171165466309e-01,1.006714860671901857e+00
6.914690136909484863e-01,9.628574424112806840e-01
7.093830108642578125e-01,9.532497961342909498e-01
1.115731000900268555e+00,9.571922392109537547e-01
1.002280950546264648e+00,1.020698465751423090e+00
1.143296003341674805e+00,9.727867164148897849e-01
6.746559739112854004e-01,9.916902995732129744e-01
6.694570183753967285e-01,9.688126405838928257e-01
7.814120054244995117e-01,9.538064814731532781e-01
8.469259738922119141e-01,9.670312657265894840e-01
6.482390165328979492e-01,9.680981173498254266e-01
7.183309793472290039e-01,9.514022198023442956e-01
9.541710019111631080e-01,9.604010768198553150e-01
6.694499850273132324e-01,9.886011299417498677e-01
6.464660167694091797e-01,9.555467398280805824e-01
9.235979914665222168e-01,9.518012019357787734e-01
1.067314028739929199e+00,9.914953865999128757e-01
6.827279925346374512e-01,9.870911047282001638e-01
6.464239954948425293e-01,9.622331804823702761e-01
7.273989915847778320e-01,9.514379404245448812e-01
8.693690299987792969e-01,9.616262686245694580e-01
4.518609941005707342e-01,9.746819532101210770e-01
4.952389895915985107e-01,9.527449585803530185e-01
7.243813276290893555e-01,9.450805731544836830e-01
7.400469779968261719e-01,9.747637275875142837e-01
8.204330205917358398e-01,9.590093901851689528e-01
1.108605027198791504e+00,9.673314805613429934e-01
1.039268016815185547e+00,1.004177425784996691e+00
7.877500057220458984e-01,9.753798755198513915e-01
9.367713332176208496e-01,9.615307841077316287e-01
6.470239758491516113e-01,9.793848107596457853e-01
1.187446951866149902e+00,9.544551205691402807e-01
7.528370022773742676e-01,1.047970157179919148e+00
2.307340055704116821e-01,9.710894633263863485e-01
8.772729635238647461e-01,9.590262412220683652e-01
2.742219865322113037e-01,1.061485175793508651e+00
9.923512339591979980e-01,9.678487629626048028e-01
7.200859785079956055e-01,1.080391586232786860e+00
7.269890308380126953e-01,9.580788295882083361e-01
6.872699856758117676e-01,9.578429541865286501e-01
8.352038264274597168e-01,9.538952042010797605e-01
1.023357987403869629e+00,9.730852277815676965e-01
9.300749897956847034e-01,9.881359935648511561e-01
5.104020237922668457e-01,9.681909827527801493e-01
4.551239907741546076e-01,9.554268485210457573e-01
7.012919783592224121e-01,9.392149127636938433e-01
1.123770236968993919e+00,9.756894438200756081e-01
4.689320027828217108e-01,1.023697929937387396e+00
1.145424962043762207e+00,9.784241180642446745e-01
1.557039022445678711e+00,1.073639341055091734e+00
1.062240004539489524e+00,1.067722247872872288e+00
2.247971057891845703e+00,1.016075514676573643e+00
8.389729857444763184e-01,1.401092005132345442e+00
6.386680006980895996e-01,1.229367662127319738e+00
1.085826039314270020e+00,9.508719512603029944e-01
6.923220157623291016e-01,1.025314565075619466e+00
1.279224038124084473e+00,9.635023827980834232e-01
4.283109903335570734e-01,1.063293235632782663e+00
8.846225738525390625e-01,1.006079072981546529e+00
9.259700179100035511e-01,1.017238284016164007e+00
9.073020219802856445e-01,9.717353403358265362e-01
8.741459846496582031e-01,9.681883562597533022e-01
7.683960199356079102e-01,9.657059143554046488e-01
7.523270249366759144e-01,9.579578176905196862e-01
1.977947235107421431e+00,9.586119615782472403e-01
6.822599768638610840e-01,1.313647242731536879e+00
2.116506099700928178e+00,1.146621145926882690e+00
1.727593064308166504e+00,1.394771590085533752e+00
1.114274978637695090e+00,1.294771271580549499e+00
1.102354049682617188e+00,1.058712196929270544e+00
6.531813144683837891e-01,9.805652165073527327e-01
1.023204803466796875e+00,9.656261302167190586e-01
1.108754038810729980e+00,1.009656729162290434e+00
1.829927563667297363e+00,9.855447018461294117e-01
1.265669584274291992e+00,1.186664424433632403e+00
1.030689358711242898e+00,1.099012301301767636e+00
1.099169254302978294e+00,9.782339383275517886e-01
7.758393883705139160e-01,9.839216156097426724e-01
8.666771054267883301e-01,9.642456790640749897e-01
7.614132165908813477e-01,9.708443933352330912e-01
1.078659296035766602e+00,9.575268202820043095e-01
6.600005030632019043e-01,1.005848673085217637e+00
6.280704736709594727e-01,9.634460687814433433e-01
9.000409841537475586e-01,9.504074191627325252e-01
1.011121273040771706e+00,9.895181456582939905e-01
7.521411776542663574e-01,9.811463585896457174e-01
6.799052953720092773e-01,9.595434663202448977e-01
6.504104733467102051e-01,9.528097603188422360e-01
9.056316018104552112e-01,9.518635798654025981e-01
7.056654095649719238e-01,9.878674426797060537e-01
6.592794060707092285e-01,9.548817877098457751e-01
7.808002829551696777e-01,9.520006408888593841e-01
9.280405640602111816e-01,9.676984213088856146e-01
3.888399899005889893e-01,9.787031767292346807e-01
2.337300032377243320e-01,9.620880375150253627e-01
3.949534893035888672e-01,9.289701228467515115e-01
7.839220166206359863e-01,9.509904088329443894e-01
9.723259806632995605e-01,1.001275514951387224e+00
1.345324039459228294e+00,9.849882447879834135e-01
6.804850101470947266e-01,1.033359976570307870e+00
8.075709939002990723e-01,9.937852013123176231e-01
9.960750937461850807e-01,9.697502419651138350e-01
4.713059961795806330e-01,9.864674590933586451e-01
1.126214265823364480e+00,9.633406552273240386e-01
7.747610211372375488e-01,1.067893514123964049e+00
8.005080223083496094e-01,9.659668955870436280e-01
1.195780038833618164e+00,9.632089188190273710e-01
4.899359941482543390e-01,1.024468194721922520e+00
7.445690035820007324e-01,9.863949212746874196e-01
8.565919995307922363e-01,9.789482514563453419e-01
7.605929970741271973e-01,9.716471251035448953e-01
7.421634793281555176e-01,9.575383909666549398e-01
8.745691180229187012e-01,9.579042703182467644e-01
1.477671980857849121e+00,9.742524201800986106e-01
5.030400156974792480e-01,1.086499448319461658e+00
2.968195915222167969e+00,1.034338174161050006e+00
4.084815025329589844e+00,1.879702129885467921e+00
4.121052026748656671e-01,2.496669511437896283e+00
6.408920288085937500e-01,1.959671721114874643e+00
1.060830354690551758e+00,9.705116930562363020e-01
1.886373996734619141e+00,1.019440457801115141e+00
3.931840062141417902e-01,1.219034818794953123e+00
1.045531988143920898e+00,1.152137888623001594e+00
8.046740293502807617e-01,1.064378176101241635e+00
8.532550334930419922e-01,9.622363646341202115e-01
7.301589846611022949e-01,9.675805223658612286e-01
2.700940072536468506e-01,9.555433235127220870e-01
5.079169869422912598e-01,9.523585455566541125e-01
1.267657995223999023e+00,9.666418223111609143e-01
3.999615430831908736e+00,1.099345548471531098e+00
2.102678060531615767e+00,2.359602771962153067e+00
1.291347503662109375e+00,2.048382988171693508e+00
2.390191078186035156e+00,1.197170093745735020e+00
1.599208950996399148e+00,1.462881380531450448e+00
1.298205018043518066e+00,1.355605022765109746e+00
1.360355019569396973e+00,1.030745872419974951e+00
4.276689887046813965e-01,9.998443500376815729e-01
3.897170126438140314e-01,1.020625487882836024e+00
1.546036005020141602e+00,9.354708004864433768e-01
8.653150200843811035e-01,1.224272900600437586e+00
8.454149961471557617e-01,1.019112586098549933e+00
1.435889005661010742e+00,9.642935986626630651e-01
6.206179141998291016e+00,1.078980658171619256e+00
9.077759981155394398e-01,3.629553505801339508e+00
5.264570116996765137e-01,2.795722182327360361e+00
9.704009890556335449e-01,9.533067867423503650e-01
6.997730135917663574e-01,1.018586793840120519e+00
6.361600160598754883e-01,9.567627155612038470e-01
6.393389701843261719e-01,9.502371285886023200e-01
5.699130296707153320e-01,9.522307842322053073e-01
4.694110155105590820e-01,9.460662158936398169e-01
8.482750058174133301e-01,9.397834019096034108e-01
6.324055790901184082e-01,1.002027924217959720e+00
3.047409951686859131e-01,9.508900081974610563e-01
2.148479968309402466e-01,9.413523218724272335e-01
4.153338372707366943e-01,9.256862980328181001e-01
9.913370013236998401e-01,9.580337328617400949e-01
7.429170012474058948e-01,1.045341753837538912e+00
8.799139857292175293e-01,9.585679732210825588e-01
1.240342974662780762e+00,9.749352146854139978e-01
3.054729998111724854e-01,1.022773686631753831e+00
1.285866022109985352e+00,1.016313404991224134e+00
1.090137004852295144e+00,1.158920134197372720e+00
3.773260116577148438e-01,9.810540139038094187e-01
2.288666009902954102e+00,9.830425185724713799e-01
8.070570230484008789e-01,1.554301855762582063e+00
8.929409980773925781e-01,1.244733185040097334e+00
1.832507014274596724e+00,9.721570084036438297e-01
7.223749756813049316e-01,1.219988959525394101e+00
7.407349944114685059e-01,1.099789121939044767e+00
1.236768960952758789e+00,9.591653953151980661e-01
7.108730077743530273e-01,1.043552947748497939e+00
6.473349928855895996e-01,9.774711844786594384e-01
1.024247765541076882e+00,9.509295786950416884e-01
7.440620064735412598e-01,1.010726296463056562e+00
5.768560171127319336e-01,9.599258797495001660e-01
1.137029051780700906e+00,9.466225014800830895e-01
4.941360056400298517e-01,1.048616830984119730e+00
1.271524906158447266e+00,9.780220398356676004e-01
8.988280296325682484e-01,1.103785590732206057e+00
8.299319744110107422e-01,9.771967483613328564e-01
5.502920150756835938e-01,9.621853185716929824e-01
8.491920232772827148e-01,9.485957296919658166e-01
7.995309829711914062e-01,9.901431112811864832e-01
8.413559794425964355e-01,9.606535942760823232e-01
7.240070104598999023e-01,9.665022815890443875e-01
6.538060307502746582e-01,9.551690676432799121e-01
6.538396477699279785e-01,9.512257250326692226e-01
8.085789680480957031e-01,9.530191792478867052e-01
2.556999921798706055e-01,9.720490893185039782e-01
1.151844024658203125e+00,9.621529935052003379e-01
1.088750958442687988e+00,1.131824629589988751e+00
8.547700047492980957e-01,9.786298512328541754e-01
1.052428960800170898e+00,9.653000117629938481e-01
1.797067999839782715e+00,9.908502232228506568e-01
8.751260042190551758e-01,1.178730808338100955e+00
7.571684122085571289e-01,1.080969283040231321e+00
9.052469730377196155e-01,9.572185369988809311e-01
6.141330003738403320e-01,9.773697891254338188e-01
6.452289819717407227e-01,9.526291228032341962e-01
8.408679962158203125e-01,9.537827858189600327e-01
6.755350232124328613e-01,9.777271559802863665e-01
1.084153056144714355e+00,9.524630282678743232e-01
1.359479665756225586e+00,1.019069618467282279e+00
5.357339978218078613e-01,1.021357881717537053e+00
7.839810252189636230e-01,1.008028752905936409e+00
1.015287995338439941e+00,9.802263363438609156e-01
1.319244027137756348e+00,9.918687600368277790e-01
1.176299691200256348e+00,1.021522596635563218e+00
1.307337045669555664e+00,9.857948261754356789e-01
2.298435926437377930e+00,1.001615146340928408e+00
8.794149756431579590e-01,1.413771138902075730e+00
1.578516006469726562e+00,1.246816552755882546e+00
9.928810000419616699e-01,1.119596643568178784e+00
1.017398953437805176e+00,1.021672031879377496e+00
4.884769916534423273e-01,9.766354114519175678e-01
1.209630966186523438e+00,9.644872584093913126e-01
1.519726991653442383e+00,1.087049231547876804e+00
1.571495056152343750e+00,1.046240666066478919e+00
1.192077994346618874e+00,1.062566861173060095e+00
1.402015686035156250e+00,1.019799078029652639e+00
1.162554860115051270e+00,1.017249789382827618e+00
1.253835797309875710e+00,9.913884764430144214e-01
1.734062552452087402e+00,9.950296301466970972e-01
2.394351005554199219e+00,1.128437916946188890e+00
1.886527061462402122e+00,1.487337401321696895e+00
9.099829792976379395e-01,1.432852271422631718e+00
1.049708962440490723e+00,1.106467138527474026e+00
1.277305960655212402e+00,9.856708829588317622e-01
4.846229851245879572e-01,1.009005323858170433e+00
8.322510123252868652e-01,9.993885314412382925e-01
3.410890102386474609e-01,9.963221744191500528e-01
8.153510093688964844e-01,9.561259869584257665e-01
6.998159885406494141e-01,1.018913963425386093e+00
6.866139769554138184e-01,9.536832470395814054e-01
7.018824815750122070e-01,9.546068355449900400e-01
7.204269766807556152e-01,9.566135088590423941e-01
6.408870220184326172e-01,9.579075023121323973e-01
1.001817584037780762e+00,9.503060637691163048e-01
1.450595021247863770e+00,1.007103807723975786e+00
1.099555015563964844e+00,1.056438056839762218e+00
1.254430413246154785e+00,9.969615453981149900e-01
7.186369895935058594e-01,1.000120001941791070e+00
9.891759753227234997e-01,9.792543522237284748e-01
4.281075000762940341e+00,9.945959311290653027e-01
7.096589803695678711e-01,2.547257134873568862e+00
8.907449841499328613e-01,2.025154937827225776e+00
1.608888030052185059e+00,9.793328828190112079e-01
1.184751033782958984e+00,1.128519280370577471e+00
6.946156024932861328e-01,1.028486662356422388e+00
7.754629850387573242e-01,9.723299313857386439e-01
9.269009828567504883e-01,9.645816948348318043e-01
9.248849749565125622e-01,9.789734990055947161e-01
8.752880096435546875e-01,9.698365160983857258e-01
8.627579808235168457e-01,9.653816649181279352e-01
8.495249748229979359e-01,9.656077995977367934e-01
6.132180094718933105e-01,9.647604079547690281e-01
8.710420131683349609e-01,9.503877858723269734e-01
9.089673757553100586e-01,9.861816142169557153e-01
9.856920242309571423e-01,9.705141828240402280e-01
1.309872984886169434e+00,9.773529505934166473e-01
5.933508276939392090e-01,1.023400301159458792e+00
1.131836414337158203e+00,9.945429861981333053e-01
2.261745929718017578e+00,1.044166491161160781e+00
2.399192094802856445e+00,1.402251794146817110e+00
2.269547939300537109e+00,1.585051587752057012e+00
1.452262043952941895e+00,1.567110624799983531e+00
1.311915040016174316e+00,1.282439246532495858e+00
1.275267004966735840e+00,1.000418987355104816e+00
8.153480291366577148e-01,9.911624508979363091e-01
6.043019890785217285e-01,9.786352888437052089e-01
1.101529002189636230e+00,9.491277643698968758e-01
4.356400072574616034e-01,1.034838483259764796e+00
8.039849996566772461e-01,9.785339625090825333e-01
5.734559893608093262e-01,9.984337392528220834e-01
4.163750112056731623e-01,9.479443297441162430e-01
7.749050259590148926e-01,9.374206104576046084e-01
3.839260041713714044e-01,9.956466697437484914e-01
1.054715037345886230e+00,9.482463421848363883e-01
5.931029915809631348e-01,1.069049398212577051e+00
8.359869718551635742e-01,9.631811304799028362e-01
9.755985140800477184e-01,9.824640484988139688e-01
1.098647952079772949e+00,9.810398032814534597e-01
8.061249852180480957e-01,9.874782116159352974e-01
7.896029949188232422e-01,9.645776688026741486e-01
5.455229878425598145e-01,9.609208438673816355e-01
7.707700133323669434e-01,9.468727068753860499e-01
8.110550045967102051e-01,9.768205190805182569e-01
1.002521038055420144e+00,9.645434475617438164e-01
9.160850048065185547e-01,9.871421589656812490e-01
9.283249974250793457e-01,9.673630158824466641e-01
9.950090050697327770e-01,9.705899732139035008e-01
1.038689017295837402e+00,9.773509937776496681e-01
5.214130282402038574e-01,9.788453289880431063e-01
1.159701943397521973e+00,9.647899329945879288e-01
1.195862650871276855e+00,1.065856757367662722e+00
8.844429850578308105e-01,9.882218831176585727e-01
7.702100276947021484e-01,9.712702633381810058e-01
8.937159776687622070e-01,9.580363537650935513e-01
5.142210125923156738e-01,9.747605751401423602e-01
6.410769820213317871e-01,9.525906668126477017e-01
1.203750014305114746e+00,9.597327913919256881e-01
1.136301159858703613e+00,1.053219969330233541e+00
8.814030289649963379e-01,9.816865309186112443e-01
8.651199936866759144e-01,9.679597732523164133e-01
7.377740144729614258e-01,9.656340890840898750e-01
9.422479867935180664e-01,9.560154595930911992e-01
7.158420085906982422e-01,9.846696396244232208e-01
2.920779883861541748e-01,9.561781140695463366e-01
1.124665260314941406e+00,9.490614790083842234e-01
1.247418999671936035e+00,1.113036442336851284e+00
3.693974971771239790e+00,9.969499168382492948e-01
8.573070168495178223e-01,2.186846750492088098e+00
8.385969996452331543e-01,1.788532161905613149e+00
9.632229804992675781e-01,9.639053755793268730e-01
7.316169738769531250e-01,9.791381861433741118e-01
7.014784216880798340e-01,9.573048510097584840e-01
1.365643024444580078e+00,9.550270129618859682e-01
6.786789894104003906e-01,1.085905254526925878e+00
8.193774819374084473e-01,9.971099148032059878e-01
1.044147372245788574e+00,9.715358430825598024e-01
8.748620152473449707e-01,9.929990512684517823e-01
7.164059877395629883e-01,9.649703936167557394e-01
9.379299879074096680e-01,9.548745986282958231e-01
5.393440127372741699e-01,9.861177485193292069e-01
8.087720274925231934e-01,9.551907055113285638e-01
6.020820140838623047e-01,9.841689414279962689e-01
9.824249744415283203e-01,9.488872833105997939e-01
7.866399884223937988e-01,1.008877741261892336e+00
6.810299754142761230e-01,9.598104084570542316e-01
6.642330288887023926e-01,9.525622284289805286e-01
6.040380001068115234e-01,9.530962002308918102e-01
8.265414834022521973e-01,9.483082442454155991e-01
5.594509840011596680e-01,9.796584907691145983e-01
1.633069962263107300e-01,9.485365232178950556e-01
5.747918486595153809e-01,9.477439414563545439e-01
8.527640104293823242e-01,1.004831912103980152e+00
2.149522066116333008e+00,9.876160397155244741e-01
1.239639997482299805e+00,1.378512216507514321e+00
2.139239072799682617e+00,1.208337881635213051e+00
6.937779784202575684e-01,1.331774448888340956e+00
7.631160020828247070e-01,1.198283100628766196e+00
1.109338045120239258e+00,9.631256274035548959e-01
9.241870045661927380e-01,1.011641335612088799e+00
1.305567026138305664e+00,9.685302309943663035e-01
8.699640035629272461e-01,1.031025940174933986e+00
8.599532246589660645e-01,9.809056578229334855e-01
1.108017444610595703e+00,9.655166025881624092e-01
8.591579794883728027e-01,9.995471640565705140e-01
9.039019942283630371e-01,9.661646852969801857e-01
1.023422956466674805e+00,9.705322933221701698e-01
8.504790067672729492e-01,9.825102948484502052e-01
1.527956604957580566e+00,9.634540839300127502e-01
9.952359795570373535e-01,1.107513720977388649e+00
1.141056060791015625e+00,1.011251461982794364e+00
1.980204939842223899e+00,9.919356154548553128e-01
1.851865053176879883e+00,1.256387990742555028e+00
1.589177966117858887e+00,1.294343316739386074e+00
2.123934030532836914e+00,1.167916081462904154e+00
1.204741954803466797e+00,1.335729971923926618e+00
1.227027416229248047e+00,1.195738626332461862e+00
1.131343960762024148e+00,9.895383265908312964e-01
1.116891980171203613e+00,9.813549833486001628e-01
1.040153026580810325e+00,9.813997255583265522e-01
7.681059837341308594e-01,9.753608793751700201e-01
7.666722536087036133e-01,9.611006277850093760e-01
8.607699871063232422e-01,9.600040408315224649e-01
5.301510095596313477e-01,9.706895151322638693e-01
9.909179806709289551e-01,9.502129836390830198e-01
9.618239998817442737e-01,1.022526141809509737e+00
8.381230235099792480e-01,9.712884845972498127e-01
8.131660223007202148e-01,9.622701714150354579e-01
8.752340078353881836e-01,9.621326834078439694e-01
8.812961578369140625e-01,9.696617661461187643e-01
9.057049751281737171e-01,9.674226994199164320e-01
1.355970025062561035e+00,9.696931397350048165e-01
2.043754577636718750e+00,1.046178631047522289e+00
2.364957094192504883e+00,1.280539250552226394e+00
2.233561992645264116e+00,1.523034430545582962e+00
8.372840285301208496e-01,1.544079263579472228e+00
9.040349721908569336e-01,1.224293139157709653e+00
7.228699922561645508e-01,9.717096229985610067e-01
1.032919287681579590e+00,9.555728107173251384e-01
9.367759823799132191e-01,1.002074429205164430e+00
7.624319791793823242e-01,9.685978484309049064e-01
7.721610069274902344e-01,9.579106543635101945e-01
1.243505001068115234e+00,9.607697190360827699e-01
7.468199729919433594e-01,1.039909781640745434e+00
1.419505119323730469e+00,9.769674182113295968e-01
7.347676753997802734e-01,1.092985169000142198e+00
1.074026942253112793e+00,1.002448434951116685e+00
9.692379832267760120e-01,1.008444893051846813e+00
8.089560270309448242e-01,9.706395521708639507e-01
8.223479986190795898e-01,9.606436038160593993e-01
5.762249827384948730e-01,9.640427732272952577e-01
6.765879988670349121e-01,9.486344126812679134e-01
9.015229940414428711e-01,9.598152434373724562e-01
8.627583980560302734e-01,9.842931774286081126e-01
1.055613875389099121e+00,9.648511894460543026e-01
9.391199946403503418e-01,9.905997836308537696e-01
7.824029922485351562e-01,9.686923089345360616e-01
8.782749772071838379e-01,9.589410416209472876e-01
1.109990954399108887e+00,9.718868472836260652e-01
1.164981961250305176e+00,9.979287035530928218e-01
1.475479006767273171e+00,9.872586045881459604e-01
7.344660162925720215e-01,1.039105086861342064e+00
1.143465042114257812e+00,1.012561203270177401e+00
2.958764553070068359e+00,1.022908787503331585e+00
2.038712024688720703e+00,1.780520139963709614e+00
9.367650747299193226e-01,1.664364345340602735e+00
1.001402020454406738e+00,1.155313121135166377e+00
7.492939829826354980e-01,9.776331744109786337e-01
9.457820057868958630e-01,9.591022306900205407e-01
1.164842009544372559e+00,9.841155987412688599e-01
9.045109748840332031e-01,1.000233989841022408e+00
5.778343677520751953e-01,9.698566993931362346e-01
7.607790231704711914e-01,9.524671424401905950e-01
8.009672760963441052e-01,9.718025777020502520e-01
6.709719896316528320e-01,9.639115877300074020e-01
3.086133003234863725e+00,9.519214523601388089e-01
1.018260955810546875e+00,1.911608663694566390e+00
1.114386796951293945e+00,1.550464217375956189e+00
1.229098439216613770e+00,9.865788395904350194e-01
1.245597958564758301e+00,9.951433641070600578e-01
5.376980304718017578e-01,9.904608145397567620e-01
7.949647903442382812e-01,9.893927006376274091e-01
1.209460973739624023e+00,9.819149822177919429e-01
9.914460182189940296e-01,1.028338031163455124e+00
7.495359778404235840e-01,9.743361177024442155e-01
8.522210121154785156e-01,9.587545364474822085e-01
9.499999880790708229e-01,9.707319272144221411e-01
6.329939961433410645e-01,9.764519984532249453e-01
8.296039700508117676e-01,9.550072986811406484e-01
1.060515046119689941e+00,9.771590396756580921e-01
6.726049780845642090e-01,9.946677055139305779e-01
7.929700016975402832e-01,9.618465762656156492e-01
9.556260704994201660e-01,9.683532081597081564e-01
7.782499790191650391e-01,9.816775003442796965e-01
6.364319920539855957e-01,9.589434815110452481e-01
6.556333899497985840e-01,9.498818362655563341e-01
8.762890100479125977e-01,9.538950068062957977e-01
6.824830174446105957e-01,9.823526831690801986e-01
7.950311899185180664e-01,9.533477440776321199e-01
1.017485976219177246e+00,9.679067539667002285e-01
1.230221033096313699e+00,9.910924765874685738e-01
9.125559926033020020e-01,1.004039719445496859e+00
1.030437946319579856e+00,9.738906405097542685e-01
6.127780079841613770e-01,9.828300652419252881e-01
3.667230010032653253e-01,9.605619838199259686e-01
5.604230165481567383e-01,9.382781339029698797e-01
8.102909922599792480e-01,9.622223582095945638e-01
7.236457467079162598e-01,9.818500131193492741e-01
6.627830266952514648e-01,9.553357464153752199e-01
8.224419951438903809e-01,9.519317184379137986e-01
6.781139969825744629e-01,9.733059370856365078e-01
3.209959864616393488e-01,9.524207984155461659e-01
7.439860105514526367e-01,9.439280137478446298e-01
7.004669904708862305e-01,1.006788180893440465e+00
1.274258971214294434e+00,9.546258776593006257e-01
6.211659908294677734e-01,1.060416488711600103e+00
1.067494988441467285e+00,9.871501310873692647e-01
1.265694975852966309e+00,1.024107647088824846e+00
9.348030090332032360e-01,1.005044640287006130e+00
1.085708975791931152e+00,9.767353961145206487e-01
5.883709788322448730e-01,9.888311584374234187e-01
4.636880159378052313e-01,9.662945480872745518e-01
8.750243186950683594e-01,9.395640225120932554e-01
4.834130108356476385e-01,1.008666077156696206e+00
4.560469985008240301e-01,9.520571507932719113e-01
7.238804101943969727e-01,9.398143411177094508e-01
4.748429954051970880e-01,9.796554208607536340e-01
9.588437080383299671e-01,9.433740211159391542e-01
1.794360995292663574e+00,1.025349619072251528e+00
1.210453987121582031e+00,1.191752474305672882e+00
4.008429944515228271e-01,1.082958766285443186e+00
5.836449861526489258e-01,9.981326350803475522e-01
8.660610318183898926e-01,9.620518990257913572e-01
7.764859795570373535e-01,9.889049654150308122e-01
5.888479948043823242e-01,9.585841843142846042e-01
4.327859878540038507e-01,9.476860236662256742e-01
5.545350313186645508e-01,9.382845534218896555e-01
1.149551987648010476e+00,9.542571049444097397e-01
9.776459932327271618e-01,1.056251806750484246e+00
2.302707910537720171e+00,9.718655967099738557e-01
7.962800264358520508e-01,1.439244596694935208e+00
6.104800105094909668e-01,1.250098055578892753e+00
6.522138714790344238e-01,9.489100470834530565e-01
1.032202124595642090e+00,9.547387466449823723e-01
8.200139999389648438e-01,1.011644221578779090e+00
1.039114952087402344e+00,9.623344975273937507e-01
9.508559703826903187e-01,9.921065135643462041e-01
7.736063003540039062e-01,9.695500793892958269e-01
1.383889913558959961e+00,9.586511508468573695e-01
6.069999933242797852e-01,1.077051241698340878e+00
9.455270171165466309e-01,1.005658597707878910e+00
3.923240005970001221e-01,1.000756321464373322e+00
9.679385423660278320e-01,9.636846666123070060e-01
9.072690010070799671e-01,1.044566576645941103e+00
2.479866981506348100e+00,9.671643325863482632e-01
1.045583963394165039e+00,1.542422350267002917e+00
1.536522984504699707e+00,1.316975260966674721e+00
4.812009930610657293e-01,1.075995151688589946e+00
8.617479801177978516e-01,1.049670623796211455e+00
1.127727031707763672e+00,1.002895300606845952e+00
9.895502924919128418e-01,1.002839589797677622e+00
9.099559783935547985e-01,9.721103474400882849e-01
1.239764332771301270e+00,9.670505124591051160e-01
1.379981994628906250e+00,1.018568897014608288e+00
7.663900256156921387e-01,1.007690930672745289e+00
8.156750202178955078e-01,9.942573699087946526e-01
1.299479961395263672e+00,9.652826561646115078e-01
7.149469852447509766e-01,1.046511095438345640e+00
8.305460214614868164e-01,9.851815761430549045e-01
9.092410206794740990e-01,9.703021038424360922e-01
7.411040067672729492e-01,9.727276272666868229e-01
5.047770142555236816e-01,9.565041252189586674e-01
9.697520136833192028e-01,9.444115332760794068e-01
1.049844980239868164e+00,1.022292058722837016e+00
5.644329786300659180e-01,9.815402944447788602e-01
9.593539834022521973e-01,9.638244647040999924e-01
9.383450150489808239e-01,1.009901965522362444e+00
7.079470157623291016e-01,9.700528834328056016e-01
4.484339952468871515e-01,9.558147575127632356e-01
5.337110161781311035e-01,9.425449129462843967e-01
5.215386152267456055e-01,9.501036769449411334e-01
6.405649781227111816e-01,9.443339867531762577e-01
1.660409450531006081e+00,9.590615354284995897e-01
1.622156023979186790e+00,1.201467978279302518e+00
3.623536109924316406e+00,1.119518796497611879e+00
9.065989851951601342e-01,2.135683425612537878e+00
7.756379842758178711e-01,1.760846017498974403e+00
6.443409919738770641e-01,9.583679938219121786e-01
5.499600172042846680e-01,9.503072861849211073e-01
1.367677569389343262e+00,9.446249751416881946e-01
8.148130178451538086e-01,1.119970582122607361e+00
8.623980283737182617e-01,9.903024831727003097e-01
8.134710192680358887e-01,9.680975776420240875e-01
9.060310125350952148e-01,9.615385153827581410e-01
1.311033964157104492e+00,9.733894078848442932e-01
1.474902033805847168e+00,1.034998384810041916e+00
1.186140060424804910e+00,1.019832216333188324e+00
2.092472076416016069e+00,1.001122039864885460e+00
1.301861047744750977e+00,1.310192040332911700e+00
1.221997022628784180e+00,1.194794141548778388e+00
1.078873991966247559e+00,9.876060914413670178e-01
7.863690257072448730e-01,9.783410840473706349e-01
7.093420028686523438e-01,9.632537350835531642e-01
5.645610094070434570e-01,9.545652129476449588e-01
1.092841982841491699e+00,9.456226514598293775e-01
3.955059945583344061e-01,1.040062754516719146e+00
1.195796012878417969e+00,9.814141414036184896e-01
2.998351097106933594e+00,1.105919920084835306e+00
2.585943937301636186e+00,1.798999984817988063e+00
1.655773043632507102e+00,1.851787188721319755e+00
8.921740055084229626e-01,1.438288922502914735e+00
8.955079913139343262e-01,1.042667342828062393e+00
1.585399031639099121e+00,9.682038475140857248e-01
1.210371017456054910e+00,1.119036525339053956e+00
9.857040047645567737e-01,1.023445836077908400e+00
6.761519908905029297e-01,9.741933643714694169e-01
9.457439780235291638e-01,9.571530234914928936e-01
5.141820311546325684e-01,9.918882446310789414e-01
7.144280076026916504e-01,9.565646213880738546e-01
7.917379736900329590e-01,9.709520816116613551e-01
6.024960279464721680e-01,9.653701937184021586e-01
1.012339949607849121e+00,9.485121085717317380e-01
6.310235261917114258e-01,1.015089385712971026e+00
5.426099896430969238e-01,9.588847321827173031e-01
7.744219899177551270e-01,9.442125963936633948e-01
8.376209735870361328e-01,9.777698735458261181e-01
7.503905892372131348e-01,9.673913816295905965e-01
1.614240050315856934e+00,9.569872202566941377e-01
7.141630053520202637e-01,1.158831894770524507e+00
6.486989855766296387e-01,1.043396392478997070e+00
3.861860036849975586e-01,9.509825961606394040e-01
3.990480005741119385e-01,9.399140322267732772e-01
1.103790521621704102e+00,9.375858651969734003e-01
8.070139884948729359e-01,1.078735005205085029e+00
1.107607960700988770e+00,9.648605318719486457e-01
7.170349955558776855e-01,1.005622599332070877e+00
1.687772989273071289e+00,9.648860962423938537e-01
8.082039952278137207e-01,1.194611072230400861e+00
1.564818024635314941e+00,1.054795743749201042e+00
1.256489992141723633e+00,1.128677243800296548e+00
7.375509738922119141e-01,1.020044756261370145e+00
8.364729881286621094e-01,9.787726756406716078e-01
1.015761017799377441e+00,9.695080622517963098e-01
6.945540308952331543e-01,9.868572555745038777e-01
9.518219828605651855e-01,9.588976140113677493e-01
5.585229992866516113e-01,9.908232397814319414e-01
1.855298042297363503e+00,9.557705334216981541e-01
8.210539817810058594e-01,1.302756354378925785e+00
8.359720110893249512e-01,1.100323619764316474e+00
6.805480122566223145e-01,9.649532563092457771e-01
1.030328035354614480e+00,9.526577809971796817e-01
8.423720002174377441e-01,1.007200268225990403e+00
5.589337944984436035e-01,9.632035068134494615e-01
7.334340214729309082e-01,9.492316158931420889e-01
8.426809906959533691e-01,9.694027170008517880e-01
8.706315755844116211e-01,9.705962194512086638e-01
8.863990306854248047e-01,9.676696335166143914e-01
8.493610024452209473e-01,9.681258553884206641e-01
1.331516027450561523e+00,9.640589456322290474e-01
1.645591020584106445e+00,1.049074787607637615e+00
1.411272048950195090e+00,1.083173946625642481e+00
1.046331048011779785e+00,1.057026257164117578e+00
8.349300026893615723e-01,9.916611111866275863e-01
1.090394020080566406e+00,9.632802398454777260e-01
6.141669750213623047e-01,9.992187855798110308e-01
8.252440094947814941e-01,9.657422971783040655e-01
1.047114968299865501e+00,9.783721989915723505e-01
4.695149958133698065e-01,9.928905205118150334e-01
7.520099878311157227e-01,9.689982477504091030e-01
6.718119978904724121e-01,9.830136199086381144e-01
6.571980118751525879e-01,9.522048094990673839e-01
7.795739769935607910e-01,9.527263628836433185e-01
6.211889982223510742e-01,9.676882980122659683e-01
9.608931541442872204e-01,9.491186174704383527e-01
7.402380108833312988e-01,1.001776173533037495e+00
6.151059865951538086e-01,9.575172065914420161e-01
5.818247795104979359e-01,9.485224908589179327e-01
6.529520153999328613e-01,9.474941992134012780e-01
7.834500074386596680e-01,9.564308994642843897e-01
8.276180028915405273e-01,9.685480364183257640e-01
2.505017042160034180e+00,9.657647447220302217e-01
1.417585968971252441e+00,1.567628519495934070e+00
1.226507544517517090e+00,1.363504909525386610e+00
9.694439768791200951e-01,9.942552271184542656e-01
8.129550218582153320e-01,9.745606062909548672e-01
5.289899706840515137e-01,9.608557834936277686e-01
4.789490103721618097e-01,9.476789453209218950e-01
9.671270251274107776e-01,9.407610714599544677e-01
4.701859951019286554e-01,1.026487338692773976e+00
2.416239976882934293e-01,9.605157166109971056e-01
1.994680017232894897e-01,9.332806360252243749e-01
4.732620120048523504e-01,9.240043199359675441e-01
9.621880054473875843e-01,9.730565336142013022e-01
9.829789996147154651e-01,1.026425249667360484e+00
1.026576042175292969e+00,9.743384866190445415e-01
9.651920199394226074e-01,9.780898637214485714e-01
1.983185052871704324e+00,9.707927882215061643e-01
1.286525964736938477e+00,1.278551774758062365e+00
1.736924052238464355e+00,1.153936226968477197e+00
7.533379793167114258e-01,1.127852153573978722e+00
1.062494039535522461e+00,1.071077374187612063e+00
8.256469964981079102e-01,1.003798347116786172e+00
1.418092012405395508e+00,9.634666951589194728e-01
1.250364065170288086e+00,1.077312933212381196e+00
1.089423060417175293e+00,9.948859174045023845e-01
8.687390089035034180e-01,9.795893460467808289e-01
1.307837963104248047e+00,9.657870482311439186e-01
7.601559758186340332e-01,1.039974345157366420e+00
8.579840064048767090e-01,9.842733282703967079e-01
1.067142963409423828e+00,9.707621583045935587e-01
6.799880266189575195e-01,9.928905318865999252e-01
8.352749943733215332e-01,9.622497829571764472e-01
1.010563969612121582e+00,9.737045394258433406e-01
7.260069847106933594e-01,9.861777239162178299e-01
5.901079773902893066e-01,9.589888910491060070e-01
7.406870126724243164e-01,9.470677656540480438e-01
7.620100975036621094e-01,9.676379111332671368e-01
5.811070203781127930e-01,9.606178207836013616e-01
8.903719782829283558e-01,9.471045617511074655e-01
7.301949858665466309e-01,9.937302128089591235e-01
1.265586972236633301e+00,9.557391026742053652e-01
9.180610179901124157e-01,1.052670820595944967e+00
8.252680301666259766e-01,9.766639142932300732e-01
9.114630222320554420e-01,9.615955243621976400e-01
9.657319784164427601e-01,9.733236087155490157e-01
7.146480083465576172e-01,9.748581983866378975e-01
8.502969741821289062e-01,9.569127665591423693e-01
8.405809998512268066e-01,9.730177340637710115e-01
1.191807866096496582e+00,9.643197425398832845e-01
7.976800203323364258e-01,1.017928226490274701e+00
8.885610103607177734e-01,9.708602671397635886e-01
9.655410051345824085e-01,9.722007099096208194e-01
5.838339924812316895e-01,9.761173218666678864e-01
8.865389823913574219e-01,9.562745423595053751e-01
8.750730156898498535e-01,9.926486587755424251e-01
6.929270029067993164e-01,9.664099867023260293e-01
5.519689917564392090e-01,9.537626821796005849e-01
5.465030074119567871e-01,9.448464107867656780e-01
7.512239813804626465e-01,9.461171142149693569e-01
7.843149900436401367e-01,9.734800999062267479e-01
6.109840273857116699e-01,9.625363123207435478e-01
7.992020249366759144e-01,9.487194268691080401e-01
5.405290126800537109e-01,9.745529934953305329e-01
9.266330003738403320e-01,9.471702055804557263e-01
5.896059870719909668e-01,1.006848215440772520e+00
5.182790160179138184e-01,9.537023083456022121e-01
6.216366887092590332e-01,9.428786836736308130e-01
7.315016984939575195e-01,9.567142523755226557e-01
8.715350031852722168e-01,9.638369018815030609e-01
2.576299905776976984e-01,9.746605830749065502e-01
3.547430038452147882e-01,9.692377836781739253e-01
1.424710035324096902e+00,9.409826674289254456e-01
1.588093161582946777e+00,1.190903595752094590e+00
1.510810017585754395e+00,1.055946165186590235e+00
6.637499928474426270e-01,1.060389581430075445e+00
9.182999730110168457e-01,1.024877200425667878e+00
9.455379843711853027e-01,9.885306035663623536e-01
8.895260095596313477e-01,9.722930135797732687e-01
7.889080047607421875e-01,9.661401048034748973e-01
8.079270124435424805e-01,9.592646762744911904e-01
6.742079854011535645e-01,9.633785642458839726e-01
7.401880025863647461e-01,9.521299026910680086e-01
7.983270287513732910e-01,9.615118393505125427e-01
7.760372757911682129e-01,9.646753610965590475e-01
7.851629853248596191e-01,9.598976966774225295e-01
1.024798870086670144e+00,9.615559830661132290e-01
8.841310143470764160e-01,9.933404083443850840e-01
1.171491026878356934e+00,9.652496498503807532e-01
7.665730118751525879e-01,1.008296541063523621e+00
1.054823040962219238e+00,9.694669484649420799e-01
1.034250974655151367e+00,1.000740135037875733e+00
7.633029818534851074e-01,9.760526306835304311e-01
6.365630030632019043e-01,9.607447029082333279e-01
5.399640202522277832e-01,9.498232971401922020e-01
8.178460001945495605e-01,9.440112389158373807e-01
8.135920166969299316e-01,9.857290385708122882e-01
9.839289784431458630e-01,9.628268934954761216e-01
8.986790180206298828e-01,9.840876542944877459e-01
6.926850080490112305e-01,9.662767882161904520e-01
6.764680147171020508e-01,9.542308290461265496e-01
6.547859907150268555e-01,9.538775009079605294e-01
8.509550094604492188e-01,9.523582192921848932e-01
6.557850241661071777e-01,9.783758330795905289e-01
8.856279850006103516e-01,9.517753031103545203e-01
9.303160309791563831e-01,9.838768221126706903e-01
7.123904824256896973e-01,9.721697184634849886e-01
6.544970273971557617e-01,9.557290546956540567e-01
9.782410264015198864e-01,9.514717113537333182e-01
8.733990192413330078e-01,1.000589790421723579e+00
6.319249868392944336e-01,9.645344118954802815e-01
8.613430261611938477e-01,9.516403016892428512e-01
6.160370111465454102e-01,9.824137050435051144e-01
6.686739921569824219e-01,9.508550980375481965e-01
1.007030010223388894e+00,9.563341687791111490e-01
9.358490109443665661e-01,1.004244040370569024e+00
1.113351941108703613e+00,9.687921172701406958e-01
9.273632764816285290e-01,9.928735809101878473e-01
9.193540215492249645e-01,9.687641077936031131e-01
6.497738957405090332e-01,9.692836493583626423e-01
8.034440279006958008e-01,9.537327993505321233e-01
7.462270259857177734e-01,9.716492353849294217e-01
7.597569823265075684e-01,9.571792284598921174e-01
1.126011013984680176e+00,9.601497477064538932e-01
1.423818945884704590e+00,1.015500358055860142e+00
5.316870212554931641e-01,1.030797495024122101e+00
1.097100019454955833e+00,1.020310540695783530e+00
9.711959958076475941e-01,1.047505573423561431e+00
5.659890174865722656e-01,9.707998724206421404e-01
1.088876962661743164e+00,9.570437761363107532e-01
1.923168003559112549e-01,1.038834476294142384e+00
3.752999901771545410e-01,1.010041415450832369e+00
4.178839921951293945e-01,9.542157225899028372e-01
4.822100102901458185e-01,9.402587888695053131e-01
8.997989892959594727e-01,9.455439882699057108e-01
6.762999892234802246e-01,1.010802001539141237e+00
1.075533032417297363e+00,9.537000023337688370e-01
