5.082880258560180664e-01,8.489789166751772198e-01
8.640019893646240234e-01,7.783697582249824443e-01
8.469420075416564941e-01,7.995025434956753996e-01
7.976629734039306641e-01,8.103877566505823804e-01
9.608020186424257592e-01,8.155657479825625389e-01
3.470349907875061035e-01,8.469048640162207819e-01
9.546210169792177513e-01,7.204715813018321979e-01
5.251880288124084473e-01,7.876277473356663172e-01
1.275226235389709695e+00,7.814777394953527079e-01
8.723750114440917969e-01,8.446301765248227511e-01
7.321749925613403320e-01,8.216326590131057817e-01
7.640249729156494141e-01,8.060549709353477255e-01
4.752210080623626154e-01,8.018832070120656130e-01
7.414129972457885742e-01,7.335336318525411681e-01
1.258002042770385520e+00,7.773253642480962844e-01
7.274609804153442383e-01,8.635821078355365721e-01
7.892770171165466309e-01,7.945040961536371515e-01
6.914690136909484863e-01,8.150093666112494528e-01
7.093830108642578125e-01,7.905639945051168294e-01
1.014547944068908691e+00,7.932707018922831033e-01
4.182830154895783026e-01,8.447517028137530026e-01
1.002280950546264648e+00,7.565916926321374358e-01
1.143296003341674805e+00,8.265894873734346282e-01
6.746559739112854004e-01,8.667112039315997274e-01
6.009536385536193848e-01,8.024652340721081245e-01
6.538079977035522461e-01,7.585282775401716027e-01
7.814120054244995117e-01,7.715872690144609525e-01
8.469259738922119141e-01,8.022357944683455866e-01
6.482390165328979492e-01,8.331783027625059290e-01
5.623700022697448730e-01,7.819755937025006931e-01
1.099647998809814453e+00,7.359365740017591584e-01
9.541710019111632191e-01,8.250707777988897096e-01
6.694499850273132324e-01,8.553965767460559588e-01
6.464660167694091797e-01,7.917052521871434934e-01
8.223180174827575684e-01,7.822699991945453180e-01
8.300920128822326660e-01,8.063767240970670658e-01
1.067314028739929199e+00,8.347513952332188403e-01
6.827279925346374512e-01,8.620710771739614753e-01
6.464239954948425293e-01,8.276955129086605023e-01
6.881093978881835938e-01,8.017521495182379221e-01
6.500350236892700195e-01,7.784471001236171750e-01
8.693690299987792969e-01,7.684952595683292031e-01
4.518609941005706787e-01,8.039042287447810686e-01
4.952389895915984552e-01,7.308270015808688846e-01
6.850870251655578613e-01,7.264157777560907858e-01
8.653740286827087402e-01,7.684167543679776280e-01
7.400469779968261719e-01,8.164225080202285323e-01
8.204330205917358398e-01,7.964480267711158135e-01
1.108605027198791504e+00,8.076804378053739075e-01
4.751499891281127930e-01,8.576259152270688801e-01
9.457899928092955433e-01,7.691610391464575036e-01
7.877500057220458984e-01,8.212936692977339526e-01
9.367713332176208496e-01,8.250038636580442342e-01
6.470239758491516113e-01,8.402721453780770400e-01
1.029777050018310325e+00,7.961400448340610891e-01
9.328820109367371716e-01,8.466765672102442020e-01
7.528370022773742676e-01,8.623605031746485183e-01
2.307340055704117099e-01,8.334306628658695315e-01
8.772729635238647461e-01,6.450090745984744522e-01
7.876309752464294434e-01,7.123318639038374034e-01
3.992269933223724365e-01,8.212869644803545421e-01
9.923512339591979980e-01,7.361739130824872523e-01
7.200859785079956055e-01,7.848721802482965249e-01
7.269890308380126953e-01,8.125206964662096132e-01
9.301019906997679554e-01,7.998715411326060565e-01
8.662552833557128906e-01,8.237191481979413421e-01
8.352038264274597168e-01,8.263748068232587007e-01
1.023357987403869629e+00,8.238485254503506994e-01
9.300749897956849255e-01,8.550575233738266778e-01
8.702930212020874023e-01,8.374914871803658123e-01
1.025817990303039551e+00,8.477508086062941484e-01
4.551239907741546076e-01,8.499477872429462844e-01
7.012919783592224121e-01,7.289736018757039249e-01
1.123770236968993919e+00,7.515226636213016009e-01
4.825370013713837225e-01,8.417079289903734995e-01
8.755196928977966309e-01,7.501501487346903252e-01
1.145424962043762207e+00,7.950031945526915278e-01
1.557039022445678711e+00,8.586086797259137038e-01
1.062240004539489524e+00,9.178863240478346563e-01
7.867829799652099609e-01,8.651985211754366079e-01
5.664669871330261230e-01,8.063771928561614954e-01
8.389729857444763184e-01,8.161521475722318675e-01
6.386680006980895996e-01,8.638083313851121492e-01
1.085826039314270020e+00,7.475721457009798510e-01
6.014299988746643066e-01,8.308245456295809683e-01
8.782439827919006348e-01,7.825945125092288457e-01
1.279224038124084473e+00,8.138850771101812098e-01
4.283109903335570734e-01,8.658139542874353500e-01
8.846225738525390625e-01,7.272810145654708958e-01
7.809653878211975098e-01,7.813685894014680278e-01
9.178640246391297497e-01,8.222690682640488857e-01
9.073020219802857556e-01,8.505815845022387522e-01
8.741459846496582031e-01,8.456943127759991574e-01
7.683960199356079102e-01,8.294314448530704098e-01
9.357339143753051758e-01,8.192090559541480577e-01
6.247839927673339844e-01,8.389560382319851684e-01
1.977947235107421653e+00,7.861885146741260932e-01
6.822599768638610840e-01,8.872891994051218534e-01
2.116506099700928178e+00,8.468793190145056382e-01
2.030230045318603516e+00,9.929861625935879621e-01
1.321619033813476562e+00,9.905255866084086147e-01
1.114274978637695090e+00,9.073341373669407961e-01
1.102354049682617188e+00,8.581515703750799418e-01
6.531813144683837891e-01,8.720896347961012429e-01
6.168276071548461914e-01,7.938836560176596446e-01
1.176781058311462402e+00,7.766819701989704505e-01
1.108754038810729980e+00,8.567682240678927696e-01
1.829927563667297363e+00,8.722716409405613103e-01
1.265669584274291992e+00,9.058167595090241830e-01
7.930377125740051270e-01,8.958698138680757372e-01
8.210232257843017578e-01,8.439524947567188518e-01
1.099169254302978294e+00,8.267839477970337914e-01
7.758393883705139160e-01,8.676350548714173438e-01
8.666771054267883301e-01,8.236083007586243454e-01
8.462041020393371582e-01,8.255383607960607995e-01
6.587246060371398926e-01,8.182366047966540545e-01
1.078659296035766602e+00,7.895020766170709470e-01
6.600005030632019043e-01,8.347756726667207028e-01
6.280704736709594727e-01,8.284471986381124475e-01
6.864575743675231934e-01,8.069130140565760057e-01
7.342569231986999512e-01,7.742972730288327776e-01
1.011121273040771706e+00,7.987275521760583974e-01
7.521411776542663574e-01,8.491419022684173479e-01
6.799052953720092773e-01,8.093772646654660008e-01
7.211565971374511719e-01,8.054695343859925583e-01
7.167106270790100098e-01,7.966421545106193713e-01
9.056316018104552112e-01,8.133852346362946406e-01
7.056654095649719238e-01,8.388124887261262375e-01
6.592794060707092285e-01,7.879701373098429995e-01
6.634064316749572754e-01,7.722959953429990865e-01
7.565907239913940430e-01,7.666071747496526756e-01
9.424405694007873535e-01,7.843817099805050486e-01
3.888399899005889893e-01,8.337724739326177748e-01
2.337300032377243042e-01,7.305891469623300161e-01
1.459127068519592563e-01,6.055734451165672994e-01
9.678409695625302955e-01,5.417049699088956061e-01
7.839220166206359863e-01,6.950997725322839438e-01
9.723259806632995605e-01,8.123084889198418646e-01
1.345324039459228294e+00,8.417166179758540645e-01
7.227010130882263184e-01,8.854461946008256312e-01
7.610610127449035645e-01,8.293082166461132054e-01
8.075709939002990723e-01,8.047754592038063315e-01
9.960750937461851917e-01,8.300250291830002514e-01
4.713059961795806885e-01,8.430187741679524560e-01
1.047140955924987793e+00,7.657162881298779089e-01
2.560461759567260742e+00,8.292381504691591632e-01
7.777400016784667969e-01,1.061794523840238869e+00
8.005080223083496094e-01,9.184149511737513816e-01
1.195780038833618164e+00,8.895720445400490117e-01
7.970449924468994141e-01,8.521150775467285499e-01
9.918130040168761097e-01,8.390090716726168463e-01
7.445690035820007324e-01,8.481420428783578158e-01
8.565919995307922363e-01,8.063368383220883562e-01
7.605929970741271973e-01,8.205451197670737828e-01
9.213209748268128552e-01,8.134190520096294952e-01
7.329360246658325195e-01,8.380915009067159138e-01
8.745691180229187012e-01,8.226924642366546525e-01
1.477671980857849121e+00,8.319281088228266396e-01
5.030400156974792480e-01,9.138410063271498185e-01
7.066659927368164062e-01,8.051432294749174545e-01
1.255300998687743919e+00,8.085344716568378942e-01
4.084815025329589844e+00,9.061386497601894296e-01
4.121052026748657227e-01,1.247072292800332383e+00
6.408920288085937500e-01,7.657277886872666528e-01
7.065470218658447266e-01,7.662063775412418787e-01
1.880954027175903542e+00,7.758126627572067280e-01
1.886373996734619141e+00,8.851665491794636909e-01
3.931840062141418457e-01,9.251389601035029386e-01
1.045531988143920898e+00,7.364285790342450788e-01
6.588029861450195312e-01,8.207440449037991526e-01
8.740410208702087402e-01,8.016990418312651689e-01
8.532550334930419922e-01,8.203253634249861870e-01
7.301589846611022949e-01,8.349469522246492081e-01
2.700940072536468506e-01,8.219516492710768896e-01
4.911319911479949951e-01,6.465168408085499863e-01
1.224020004272460938e+00,6.515387650989190593e-01
1.267657995223999023e+00,8.318370061423950856e-01
3.999615430831908736e+00,8.885080659687599747e-01
2.102678060531615767e+00,1.280479904442439754e+00
1.283689975738525391e+00,2.023683693489648494e+00
1.353754043579101562e+00,2.215703338990510307e+00
2.390191078186035156e+00,1.478520524930454716e+00
1.599208950996399148e+00,1.082465610992802585e+00
1.298205018043518066e+00,9.342318718228316277e-01
1.579622030258178711e+00,8.865177436593978388e-01
8.036410212516784668e-01,9.208024321102190601e-01
4.276689887046813410e-01,8.471954089846789326e-01
3.897170126438140869e-01,7.869732071430673992e-01
1.546036005020141602e+00,7.013094726973009285e-01
1.017611026763915794e+00,8.342244851559372787e-01
6.194109916687011719e-01,8.363776922936616565e-01
8.454149961471557617e-01,8.079450365167243353e-01
1.435889005661010742e+00,8.254067111454687078e-01
6.206179141998291016e+00,8.749129481733419755e-01
9.309499859809875488e-01,1.774000924571421001e+00
4.609797894954681952e-01,1.592864865744465508e+00
5.264570116996765137e-01,9.708426718920395437e-01
9.704009890556334339e-01,7.786481277263661571e-01
6.997730135917663574e-01,8.073025779591576079e-01
6.903669834136962891e-01,7.876071665958184198e-01
9.726700186729432263e-01,7.792699169995200847e-01
6.393389701843261719e-01,8.383703422639137148e-01
5.699130296707153320e-01,8.046396576355027142e-01
4.694110155105590820e-01,7.555110347327427256e-01
9.054309725761413574e-01,7.239524246566956256e-01
6.566630005836486816e-01,8.027781176344475078e-01
6.324055790901184082e-01,7.933876207482591925e-01
3.047409951686858576e-01,7.494803354785882776e-01
2.148479968309402466e-01,6.601603701408984559e-01
1.512310057878494540e-01,5.912859347201268045e-01
7.344200015068054199e-01,5.534662203713879292e-01
9.913370013236999512e-01,6.751125005772599108e-01
7.429170012474058948e-01,8.242539071597154710e-01
8.799139857292175293e-01,8.051375795137476477e-01
7.376829981803894043e-01,8.263784730209802198e-01
8.343409895896911621e-01,8.201781782085048045e-01
3.054729998111724298e-01,8.406188645086344335e-01
1.285866022109985352e+00,7.196171671515704249e-01
1.090137004852295144e+00,8.229772761385550917e-01
5.923830270767211914e-01,8.695172031356194209e-01
2.693597316741943803e+00,7.925405838980624784e-01
2.288666009902954102e+00,9.309757479752099885e-01
8.070570230484008789e-01,1.054645399522465166e+00
8.929409980773926891e-01,8.970073089982339987e-01
9.776080250740051270e-01,8.078197890901466227e-01
1.403792977333068848e+00,8.640508511414123349e-01
7.223749756813049316e-01,9.083998080568954636e-01
7.407349944114685059e-01,8.207044159459794264e-01
1.236768960952758789e+00,7.927745744166835307e-01
6.214020252227783203e-01,8.556770294955046152e-01
3.064779937267303467e-01,7.981594292240603572e-01
6.473349928855895996e-01,6.939841877124618419e-01
1.024247765541076882e+00,7.079387030098923672e-01
7.440620064735412598e-01,8.010728362646979406e-01
7.367150187492370605e-01,8.287211343908227335e-01
9.152600169181823730e-01,8.262072643685782758e-01
1.137029051780700906e+00,8.433864388201351980e-01
4.941360056400299072e-01,8.633416649686240785e-01
1.271524906158447266e+00,7.045415306374414044e-01
8.864369988441467285e-01,7.948833606854065481e-01
9.049779772758483887e-01,8.413499394694673450e-01
8.299319744110107422e-01,8.518228501207641967e-01
5.502920150756835938e-01,8.207934037684694317e-01
8.491920232772827148e-01,7.558714125769050440e-01
6.393229961395263672e-01,8.103846259828110243e-01
9.646000266075135388e-01,8.013090475494188958e-01
8.413559794425964355e-01,8.396736495769502318e-01
7.240070104598999023e-01,8.438282429817797192e-01
6.538060307502746582e-01,7.969482464977468705e-01
7.932850122451782227e-01,7.778048751206133593e-01
1.160789966583251953e+00,7.979610800594502118e-01
8.085789680480957031e-01,8.460769170533870565e-01
2.556999921798706055e-01,8.203278803463367463e-01
1.151844024658203125e+00,6.555931673271790938e-01
7.372779846191406250e-01,7.678690925777860166e-01
1.975852966308593528e+00,8.090381297842275110e-01
8.547700047492980957e-01,9.160582708570336186e-01
1.052428960800170898e+00,8.400957237674634426e-01
1.797067999839782937e+00,8.685082079339970784e-01
1.061478018760681152e+00,9.674788203227825401e-01
6.645399928092956543e-01,8.795313950717038587e-01
7.571684122085571289e-01,7.634450750741763603e-01
9.052469730377196155e-01,7.861116851543107353e-01
6.141330003738403320e-01,8.430827039373531839e-01
9.733130335807800293e-01,8.081723884352635112e-01
4.894390106201171875e-01,8.242002840787630014e-01
8.408679962158203125e-01,7.283014441738019373e-01
6.755350232124328613e-01,7.685602061289692477e-01
1.084153056144714355e+00,7.837314193811236729e-01
9.314100146293641247e-01,8.350001856495795627e-01
7.633988261222839355e-01,8.390531746415993419e-01
5.357339978218078613e-01,8.374702935690080396e-01
7.839810252189636230e-01,7.875856669524489151e-01
1.015287995338439941e+00,7.824751279484803979e-01
9.259430170059204102e-01,8.517834872624068243e-01
9.717460274696348987e-01,8.600697291132389788e-01
1.176299691200256348e+00,8.642127268859363109e-01
1.307337045669555664e+00,8.713190274117597056e-01
2.298435926437377930e+00,8.994298244658207597e-01
1.808241009712219238e+00,1.016186742787870800e+00
1.570945024490356445e+00,9.726451954279030643e-01
1.578516006469726562e+00,9.060139345529780730e-01
9.928810000419614479e-01,9.072613001887701589e-01
1.017398953437805176e+00,8.430512607017617288e-01
8.378469944000244141e-01,8.338472568267720764e-01
1.246340990066528320e+00,8.263138174724239393e-01
1.209630966186523438e+00,8.677133012115212374e-01
1.519726991653442383e+00,8.689476590477376305e-01
1.571495056152343750e+00,8.940341542225891391e-01
1.278105020523071289e+00,9.029626259516115860e-01
8.304439187049865723e-01,8.858229479902608450e-01
1.402015686035156250e+00,8.191712442205016931e-01
1.162554860115051270e+00,8.881441284716217188e-01
1.253835797309875710e+00,8.832612919645345118e-01
1.791844010353088379e+00,8.707681744673628765e-01
4.939970970153808594e+00,9.321319217605630314e-01
2.394351005554199219e+00,1.591291893034916471e+00
1.886527061462402344e+00,1.743220266659217588e+00
9.099829792976381615e-01,1.197346879763847571e+00
8.112999796867370605e-01,7.884229442498411622e-01
1.351788043975830078e+00,8.452471121875878568e-01
1.283630967140197754e+00,8.891323189024180618e-01
4.846229851245880127e-01,8.951706330394990641e-01
8.322510123252868652e-01,7.697822393064247537e-01
5.959370136260986328e-01,7.962042171345669050e-01
6.860110163688659668e-01,7.639981124503477661e-01
8.153510093688964844e-01,7.662045238182051410e-01
6.998159885406494141e-01,8.037344196288741527e-01
6.866139769554138184e-01,7.808936681468621188e-01
1.826770007610321045e-01,7.901998766839837263e-01
1.796682000160217507e+00,6.361872815872541276e-01
7.204269766807556152e-01,8.762452079455224085e-01
6.408870220184326172e-01,8.751917846785799426e-01
1.001817584037780762e+00,8.358576495372616044e-01
1.660804033279418945e+00,7.983728795767511821e-01
1.085010051727295144e+00,8.907385075635824156e-01
1.099555015563964844e+00,8.492261886570869889e-01
1.254430413246154785e+00,8.721122654403010710e-01
7.186369895935058594e-01,8.758900117856269762e-01
8.902019858360290527e-01,8.380287236240189230e-01
2.849014520645141602e+00,8.589428644885801489e-01
4.281075000762940341e+00,1.010720645931787232e+00
7.096589803695678711e-01,1.478918748244500758e+00
8.907449841499327503e-01,9.626397990585291442e-01
1.469527959823608398e+00,7.772852068726480157e-01
1.043460965156555176e+00,8.750133218613117547e-01
1.184751033782958984e+00,9.083218733307548698e-01
6.946156024932861328e-01,9.394212958148960846e-01
7.754629850387573242e-01,7.300757082273146015e-01
8.564696311950683594e-01,8.020658804117193341e-01
7.506660223007202148e-01,8.366938055696516718e-01
9.248849749565125622e-01,8.330055311270327945e-01
8.752880096435546875e-01,8.558699951169658204e-01
8.627579808235168457e-01,8.604703414777324921e-01
5.096570253372192383e-01,8.469935911034128795e-01
6.711369752883911133e-01,7.774213163401293425e-01
6.132180094718933105e-01,7.823030460937787645e-01
8.710420131683349609e-01,7.988816060041555867e-01
9.089673757553099476e-01,8.220957807257216476e-01
9.709029793739321068e-01,8.458583317477875729e-01
1.356256246566772461e+00,8.587334087610087874e-01
1.309872984886169434e+00,8.996042032452169490e-01
5.933508276939392090e-01,9.062865984478725156e-01
1.131836414337158203e+00,8.085967475870508014e-01
1.841274023056030495e+00,8.530502401084885111e-01
2.597975969314575195e+00,9.243310461402513001e-01
2.399192094802856445e+00,1.020883502586497737e+00
2.269547939300537109e+00,1.019314068731544953e+00
1.452262043952941895e+00,9.953097036340498027e-01
1.342797994613647683e+00,9.493835008205077086e-01
1.276762008666992188e+00,9.432739138673603696e-01
1.275267004966735840e+00,8.837894766473288755e-01
8.153480291366577148e-01,8.928354888451872640e-01
6.043019890785217285e-01,8.365187662823874160e-01
9.830358624458311878e-01,7.863139099655657160e-01
1.183724999427795410e+00,8.373912596757624449e-01
4.356400072574616034e-01,8.831333648323165253e-01
8.039849996566772461e-01,7.600234543573860524e-01
5.734559893608093262e-01,7.865487074029909875e-01
3.959457874298096258e-01,7.390455721512005915e-01
5.603970289230346680e-01,6.721045863519057306e-01
7.749050259590148926e-01,6.948302726756799830e-01
3.839260041713714044e-01,7.677801775768701154e-01
1.054715037345886230e+00,7.037276247813047947e-01
6.537709832191467285e-01,7.871259520899025475e-01
1.022608995437622070e+00,7.959147948300813180e-01
8.359869718551635742e-01,8.424224668500085444e-01
9.755985140800476074e-01,8.314345567010585913e-01
1.098647952079772949e+00,8.462339140186990738e-01
1.151165962219238503e+00,8.562873349262635214e-01
4.744769930839538019e-01,8.645699200451719690e-01
7.896029949188232422e-01,7.413528987031754447e-01
5.455229878425598145e-01,7.671987464183308569e-01
7.707700133323669434e-01,7.466824061247676614e-01
9.337069988250732422e-01,7.760186125620266440e-01
6.005529761314392090e-01,8.407956621252452578e-01
1.002521038055420144e+00,7.996364131719906343e-01
9.160850048065184437e-01,8.366736533943883725e-01
9.283249974250791237e-01,8.470610895649062222e-01
6.429409980773925781e-01,8.419752156840536461e-01
6.271365880966186523e-01,8.081408833723893181e-01
1.038689017295837402e+00,7.919272394751316613e-01
5.214130282402038574e-01,8.474192158875170078e-01
1.159701943397521973e+00,7.498379486663921956e-01
6.456400156021118164e-01,8.299390055493106599e-01
1.304703950881958008e+00,8.034968471660240974e-01
8.844429850578308105e-01,8.827889441746762378e-01
7.702100276947021484e-01,8.570576560812902533e-01
8.937159776687623181e-01,8.336761143976278987e-01
5.247250199317932129e-01,8.410359150368843517e-01
7.172748446464538574e-01,7.777129292364254320e-01
6.410769820213317871e-01,7.715671135325246066e-01
1.203750014305114746e+00,8.000738725956001440e-01
1.136301159858703613e+00,8.758398065034650459e-01
8.642929792404174805e-01,8.747641095875051676e-01
5.817409753799438477e-01,8.576478433874693552e-01
8.651199936866759144e-01,7.979359835489769903e-01
7.377740144729614258e-01,8.022916401012284426e-01
9.422479867935179554e-01,8.115353944726055868e-01
1.060060024261474609e+00,8.410366964226295705e-01
4.040209949016570490e-01,8.548652169197726858e-01
2.920779883861541193e-01,7.144909560368655210e-01
1.124665260314941406e+00,6.300357591438336957e-01
1.247418999671936035e+00,7.659963646897812728e-01
6.976169943809509277e-01,8.769089933063788367e-01
8.204839825630187988e-01,8.066032054924874295e-01
8.573070168495178223e-01,8.895224212017344145e-01
8.385969996452331543e-01,9.501898985973646905e-01
9.632229804992676891e-01,8.362552581853482936e-01
1.343299984931945801e+00,8.662964918536392167e-01
6.809219717979431152e-01,9.037979424526083605e-01
7.014784216880798340e-01,7.814799993132094391e-01
1.365643024444580078e+00,7.798842072220911747e-01
6.786789894104003906e-01,8.568874116745297531e-01
5.976330041885375977e-01,8.117609361829838388e-01
7.911109924316406250e-01,8.000330851608390414e-01
1.044147372245788574e+00,8.260372085739624559e-01
8.748620152473449707e-01,8.659711994897106857e-01
7.164059877395629883e-01,8.561131494555824784e-01
6.523500084877014160e-01,7.976201001729104068e-01
5.936999917030334473e-01,7.753190518221935168e-01
5.393440127372741699e-01,7.663210500167645378e-01
8.087720274925231934e-01,7.442050765253080957e-01
6.020820140838623047e-01,7.997217377665919447e-01
1.146679997444152832e+00,7.625153054309482537e-01
5.671510100364685059e-01,8.320396884002225768e-01
7.866399884223937988e-01,7.882109106277084276e-01
6.810299754142761230e-01,8.003101496887049526e-01
6.642330288887023926e-01,7.926822795030634694e-01
5.124790072441101074e-01,7.701119003012235620e-01
6.728799939155578613e-01,7.385149638726393739e-01
8.265414834022521973e-01,7.575319317900658378e-01
5.594509840011596680e-01,8.078090317178379109e-01
1.633069962263107300e-01,7.733033138679953344e-01
1.797860413789749146e-01,5.951095303183037144e-01
8.508148789405822754e-01,5.381778181604512934e-01
8.527640104293823242e-01,6.912954388437478892e-01
2.149522066116333008e+00,8.119514388844281116e-01
1.239639997482299805e+00,9.384497637301983941e-01
2.128437280654907227e+00,8.764160463529110379e-01
9.779880046844482422e-01,9.530890845422396174e-01
6.937779784202575684e-01,8.622195291333959455e-01
7.631160020828247070e-01,8.389215280946018538e-01
1.109338045120239258e+00,7.854590952507632950e-01
6.476340293884277344e-01,8.525322773516964547e-01
7.877320051193237305e-01,7.979035904606496254e-01
1.305567026138305664e+00,8.226632179149593327e-01
8.699640035629272461e-01,8.763956983303724524e-01
8.599532246589660645e-01,8.382004516420344942e-01
4.775849878787993830e-01,8.215359424793732268e-01
1.290724992752075195e+00,7.492887393483733671e-01
8.591579794883728027e-01,8.649631552769261322e-01
9.039019942283629261e-01,8.462763432611057901e-01
1.023422956466674805e+00,8.241311766856808108e-01
6.730669736862182617e-01,8.448517384383061879e-01
5.141969919204711914e-01,8.056108097803719170e-01
1.527956604957580566e+00,7.547142599817370234e-01
9.952359795570373535e-01,8.473207392295689644e-01
1.141056060791015625e+00,9.506064768123462239e-01
1.622257947921753152e+00,9.906583660336392150e-01
1.375547051429748313e+00,9.388226404825976701e-01
1.851865053176880105e+00,8.962870220975568403e-01
1.589177966117858887e+00,9.602390425610649594e-01
2.123934030532836914e+00,9.162418131605919447e-01
1.648401975631714089e+00,1.014527798631878808e+00
7.920839786529541016e-01,9.620268977525651133e-01
1.227027416229248047e+00,8.251679861456523435e-01
1.131343960762024148e+00,8.627556483379549279e-01
1.116891980171203613e+00,8.636390984461209674e-01
1.122387051582336426e+00,8.655367728656097048e-01
8.091310262680053711e-01,8.649363977520410085e-01
7.681059837341308594e-01,8.319103831587945086e-01
7.666722536087036133e-01,8.284195097158871812e-01
8.607699871063232422e-01,8.174821719525640074e-01
1.070777058601379395e+00,8.359877683132717063e-01
6.604189872741699219e-01,8.555393805843999333e-01
9.909179806709289551e-01,7.903254609524851260e-01
9.618239998817442737e-01,8.371339710172387427e-01
8.381230235099792480e-01,8.462676664056114628e-01
9.245989918708800159e-01,8.443130753800709432e-01
1.003061056137084961e+00,8.520748884524012023e-01
8.752340078353881836e-01,8.559598370295856684e-01
8.812961578369140625e-01,8.404680579693113440e-01
9.057049751281738281e-01,8.316199686954428572e-01
6.909559965133666992e-01,8.436195055218608241e-01
7.572399973869323730e-01,8.115196269845181831e-01
2.043754577636718750e+00,8.243059839305459935e-01
2.364957094192504883e+00,9.186183022861567071e-01
2.233561992645264116e+00,9.805040748366894432e-01
8.013390302658081055e-01,1.003506144080092310e+00
8.851529955863952637e-01,8.445938902866362286e-01
9.040349721908568226e-01,7.790011412691196790e-01
7.228699922561645508e-01,8.249418496505279697e-01
1.032919287681579590e+00,8.252320998333739777e-01
1.321628212928771973e+00,8.533147787166289744e-01
7.007700204849243164e-01,8.793726312327629913e-01
7.624319791793823242e-01,8.160376122226205009e-01
7.721610069274902344e-01,8.268187047477139062e-01
1.243505001068115234e+00,8.298147803989713855e-01
6.381840109825134277e-01,8.649506212266697691e-01
6.839929819107055664e-01,8.181225894611613425e-01
1.419505119323730469e+00,8.128234838326767742e-01
7.347676753997802734e-01,8.734574143059874451e-01
1.074026942253112793e+00,8.191183343730025213e-01
6.156389713287353516e-01,8.548344901370401594e-01
9.916120171546936035e-01,7.901074697274869107e-01
8.089560270309448242e-01,8.329706051010059564e-01
8.223479986190795898e-01,8.250914380258697056e-01
5.762249827384948730e-01,8.534216235090676950e-01
4.224239885807036798e-01,8.091098224004630302e-01
5.520349740982055664e-01,6.927255306604155338e-01
9.015229940414426490e-01,7.091442342126755838e-01
8.627583980560302734e-01,7.998185318586369386e-01
1.055613875389099121e+00,8.417898649466322158e-01
1.970020055770873801e+00,8.649768539042217430e-01
1.009042978286743164e+00,9.493050326570430242e-01
7.824029922485351562e-01,8.569708108911463507e-01
8.782749772071838379e-01,8.168158702069551191e-01
1.109990954399108887e+00,8.419164001226736582e-01
7.727199792861938477e-01,8.610441443991758703e-01
7.157210111618041992e-01,8.146894165062452675e-01
1.475479006767273171e+00,8.208359627051503571e-01
7.344660162925720215e-01,8.891160462249929619e-01
1.143465042114257812e+00,8.078207444025423678e-01
9.246990084648132324e-01,8.695403640697163539e-01
2.138324022293090820e+00,8.469246877563469944e-01
4.077424049377441406e+00,1.003487300070609267e+00
9.367650747299194336e-01,2.106295772240131203e+00
1.001402020454406738e+00,1.160762093499483338e+00
8.896229863166810192e-01,8.772675721581896235e-01
1.115183949470520020e+00,8.534077878253354399e-01
9.457820057868957520e-01,8.553130324780341409e-01
1.164842009544372559e+00,8.563718447782874277e-01
9.045109748840332031e-01,8.670717472666756853e-01
5.575259923934936523e-01,8.425701949805424196e-01
7.199835777282714844e-01,7.922358080159999094e-01
7.607790231704711914e-01,8.118677398717690785e-01
8.009672760963441052e-01,8.332278962747875495e-01
6.709719896316528320e-01,8.328855376201446115e-01
2.768970489501953125e+00,8.212877786582507555e-01
1.116358041763305664e+00,1.005659798658871340e+00
1.024410009384155273e+00,9.479811892662088901e-01
1.114386796951293945e+00,9.524529965825029310e-01
1.229098439216613770e+00,8.730708296734190910e-01
1.573238968849181907e+00,9.120678167072981957e-01
8.298619985580444336e-01,9.496876718225538694e-01
5.376980304718017578e-01,8.578721286326631557e-01
7.949647903442382812e-01,7.939965610778212390e-01
1.209460973739624023e+00,8.134177320848730020e-01
1.043611049652099609e+00,8.732590450238462143e-01
1.377645969390869141e+00,8.585780411519686739e-01
7.495359778404235840e-01,8.859162228460860655e-01
8.522210121154785156e-01,8.170692131474515119e-01
9.499999880790710449e-01,8.351848464348228251e-01
8.433979749679565430e-01,8.591977397173404807e-01
6.848490238189697266e-01,8.438651639768146584e-01
8.296039700508117676e-01,8.137423746880361186e-01
1.060515046119689941e+00,8.283540214082496522e-01
6.726049780845642090e-01,8.715157517130001086e-01
8.499810099601745605e-01,7.878300537209428356e-01
7.509549856185913086e-01,8.303528494387699688e-01
9.556260704994201660e-01,8.232225617443396093e-01
7.782499790191650391e-01,8.398204851907055124e-01
6.364319920539855957e-01,8.245940147129694475e-01
6.015599966049194336e-01,7.919702485592230445e-01
6.385549902915954590e-01,7.628815384513573106e-01
8.762890100479125977e-01,7.792713846762601149e-01
6.824830174446105957e-01,8.351517916533098829e-01
7.950311899185180664e-01,8.170894704562948752e-01
1.584897041320800781e+00,8.253633294450286595e-01
9.177780151367186390e-01,9.012360395878389330e-01
1.230221033096313699e+00,8.349002677106758252e-01
9.125559926033020020e-01,8.912265754392865169e-01
1.030437946319579856e+00,8.476605422091708641e-01
5.325379967689514160e-01,8.642474133799820102e-01
8.741289973258972168e-01,7.893309827302625870e-01
3.667230010032653253e-01,8.174013642590226558e-01
5.604230165481567383e-01,7.261707605543570310e-01
8.102909922599792480e-01,7.343997888468959401e-01
6.437510251998901367e-01,8.154309809807454013e-01
9.113870263099670410e-01,8.121234520612743424e-01
6.627830266952514648e-01,8.497510452498692191e-01
8.224419951438903809e-01,8.278115577684838078e-01
6.781139969825744629e-01,8.544906098800394423e-01
5.333459973335266113e-01,8.234039277142033431e-01
7.608630061149597168e-01,7.634294232507695677e-01
7.439860105514526367e-01,7.912947062347066574e-01
7.004669904708862305e-01,8.127782207864352459e-01
1.274258971214294434e+00,7.950247410382318414e-01
8.934450149536132812e-01,8.752462065839684557e-01
7.900159955024719238e-01,8.609326802320280692e-01
1.067494988441467285e+00,8.275684126324653889e-01
1.265694975852966309e+00,8.743057788173674849e-01
9.348030090332032360e-01,8.893336689904833836e-01
8.006410002708435059e-01,8.480429887967815272e-01
3.527039885520934503e-01,8.311815604322640993e-01
5.883709788322448730e-01,7.421844363386139731e-01
4.636880159378051758e-01,7.610653558011621911e-01
8.750243186950683594e-01,7.288934135309770301e-01
6.435279846191406250e-01,7.755596101535114917e-01
2.120890021324157437e-01,8.044502425206897511e-01
4.560469985008240301e-01,6.709796438012137765e-01
7.238804101943969727e-01,6.725623179917711303e-01
4.748429954051971436e-01,7.582236833828811529e-01
2.674640119075775146e-01,7.483230866324352970e-01
7.868980169296264648e-01,6.494961081040661055e-01
1.794360995292663574e+00,7.492797201134668850e-01
1.210453987121582031e+00,9.069138424068240445e-01
4.008429944515227716e-01,8.623325946328953551e-01
2.727654874324798584e-01,7.161475235341642209e-01
8.533802628517150879e-01,6.266909933663172838e-01
8.660610318183898926e-01,7.277185127832700440e-01
7.764859795570373535e-01,8.263169894063433496e-01
5.888479948043823242e-01,8.309511067153616537e-01
1.588868498802185059e+00,7.937350973726065018e-01
3.996030092239379328e-01,8.948216140577830435e-01
5.545350313186645508e-01,7.818328094271203010e-01
1.149551987648010476e+00,7.928992233538181278e-01
9.776459932327270508e-01,8.549508743069453853e-01
1.732741951942443848e+00,8.430698197819203044e-01
1.053477048873901367e+00,9.031195123173668682e-01
7.962800264358520508e-01,8.627837895515577671e-01
6.104800105094909668e-01,8.459250506589633956e-01
6.522138714790344238e-01,7.567334542112523765e-01
1.175541162490844727e+00,7.548236025360046675e-01
7.193930149078369141e-01,8.515142297009115069e-01
8.200139999389648438e-01,8.337468721717585796e-01
1.039114952087402344e+00,8.440337791343565099e-01
9.508559703826904297e-01,8.712706967006749181e-01
5.277600288391113281e-01,8.436873793717205583e-01
9.703559875488280140e-01,7.790199405847701986e-01
1.383889913558959961e+00,8.352751985011107605e-01
6.069999933242797852e-01,8.855640903543601228e-01
9.455270171165466309e-01,8.182393357125556932e-01
6.238729953765869141e-01,8.316983492625757979e-01
5.156549811363220215e-01,7.814133202489396135e-01
9.679385423660277210e-01,7.330201195352213928e-01
9.072690010070800781e-01,7.885217661677800249e-01
2.479866981506348100e+00,8.427538164902781403e-01
1.133080005645751953e+00,9.699097492534508591e-01
8.474370241165161133e-01,8.754567639415807845e-01
1.536522984504699707e+00,8.529948577997016335e-01
4.812009930610656183e-01,9.159443130185231929e-01
8.617479801177978516e-01,7.770349148332619249e-01
1.008694052696228027e+00,8.238389517328069678e-01
7.795569896697998047e-01,8.611186777066691667e-01
9.895502924919128418e-01,8.296885722569931065e-01
9.099559783935547985e-01,8.526954782933168220e-01
1.239764332771301270e+00,8.494815531444038781e-01
1.211838960647583008e+00,8.660620040320533564e-01
1.148460984230041504e+00,8.725268181261182088e-01
7.663900256156921387e-01,8.829837846533694634e-01
8.156750202178955078e-01,8.387274317420694292e-01
1.299479961395263672e+00,8.191397624422676049e-01
8.583310246467590332e-01,8.752464743008915304e-01
8.764400482177734375e-01,8.330552392552866836e-01
8.305460214614868164e-01,8.271125162883555815e-01
9.092410206794739880e-01,8.329238067950306412e-01
7.411040067672729492e-01,8.454529996159344529e-01
5.853319764137268066e-01,8.169343183211026371e-01
5.519493222236633301e-01,7.739082982672751410e-01
9.697520136833190918e-01,7.336589057577243000e-01
1.049844980239868164e+00,8.058445756759065048e-01
5.644329786300659180e-01,8.602683831375300683e-01
9.184709787368774414e-01,7.774261698442247459e-01
5.984159708023071289e-01,8.074973835228776986e-01
9.383450150489809349e-01,7.859408265111075265e-01
7.079470157623291016e-01,8.284712816106127864e-01
4.484339952468872070e-01,8.080892087525000100e-01
8.405709862709045410e-01,7.114837140148824179e-01
7.211350202560424805e-01,7.611932800470366800e-01
5.215386152267456055e-01,7.914818829323280180e-01
6.405649781227111816e-01,7.286385610013897951e-01
1.660409450531006081e+00,7.433573450886785672e-01
2.465307950973510742e+00,8.643994665652980913e-01
1.866270065307616965e+00,9.704774979593969730e-01
3.623536109924317294e+00,9.221708079488796228e-01
9.065989851951599121e-01,1.151359905606375689e+00
7.756379842758178711e-01,8.928122270307609076e-01
7.006700038909912109e-01,8.161862530400226801e-01
7.579550147056579590e-01,8.060994590722247999e-01
5.499600172042846680e-01,8.042276204174793053e-01
1.367677569389343262e+00,7.512056609739606872e-01
8.148130178451538086e-01,8.402708619789551747e-01
1.278898954391479492e+00,8.621161409340603043e-01
1.093865990638732910e+00,9.308413694710105935e-01
8.134710192680358887e-01,8.291370591248825583e-01
9.060310125350952148e-01,8.356938665655734289e-01
1.311033964157104492e+00,8.645473203617572988e-01
7.892500162124633789e-01,8.989324941217707865e-01
9.167850017547608532e-01,8.282228182067505884e-01
1.186140060424804910e+00,8.640052633456136721e-01
2.092472076416016069e+00,8.877552180174195229e-01
1.301861047744750977e+00,9.497460680931627541e-01
1.268974781036376953e+00,8.660301854184047077e-01
9.061110019683837891e-01,8.766108940162135044e-01
1.078873991966247559e+00,8.574574456000677580e-01
7.863690257072448730e-01,8.747279516246411202e-01
7.093420028686523438e-01,8.245461324141056814e-01
5.201929807662963867e-01,8.213426364383197287e-01
9.855200052261352539e-01,7.610979212642593472e-01
1.092841982841491699e+00,8.045837099075809906e-01
3.955059945583344061e-01,8.594211092395183105e-01
1.195796012878417969e+00,7.523129317222255752e-01
1.702510833740234375e+00,8.637352741723441918e-01
2.407080888748168945e+00,9.370073189967422778e-01
2.585943937301636186e+00,1.020692106192058857e+00
1.655773043632507102e+00,1.043336701938667233e+00
8.921740055084229626e-01,9.472674281583923772e-01
1.231696963310241699e+00,8.128294456941448365e-01
1.602033019065856934e+00,8.797231495178007288e-01
1.585399031639099121e+00,9.134332359780610311e-01
1.210371017456054910e+00,9.137079696062488932e-01
9.857040047645567737e-01,8.658626122147123905e-01
7.289689779281616211e-01,8.577448669535828740e-01
1.071573019027709961e+00,8.229787447210583640e-01
9.457439780235290527e-01,8.639817883950221544e-01
5.141820311546325684e-01,8.584027930712588850e-01
7.144280076026916504e-01,7.899868786073753757e-01
4.996199905872344416e-01,7.965114130685001514e-01
8.646243214607238770e-01,7.729273630685302710e-01
6.024960279464721680e-01,8.074826980903726525e-01
1.012339949607849121e+00,7.934023727631427381e-01
6.310235261917114258e-01,8.514420479842587097e-01
1.141221046447754128e+00,7.984278156861691622e-01
8.547459840774536133e-01,8.669572525365775162e-01
7.744219899177551270e-01,8.437686072233785417e-01
8.376209735870361328e-01,8.291794313795157745e-01
7.503905892372131348e-01,8.425024952319030147e-01
1.134822010993957520e+00,8.246335508469810893e-01
1.244793057441711426e+00,8.692578965045881789e-01
7.141630053520202637e-01,8.996860965000210708e-01
6.486989855766296387e-01,8.332132795776224787e-01
3.861860036849976141e-01,8.065809891821237310e-01
6.366299986839294434e-01,7.318428939687789958e-01
4.178859889507293146e-01,7.457496512209575990e-01
1.103790521621704102e+00,7.160983527365477608e-01
8.070139884948729359e-01,8.056064789576268259e-01
1.107607960700988770e+00,8.316569578846089161e-01
9.713580012321472168e-01,8.689122478961662788e-01
6.764810085296630859e-01,8.581488009418625218e-01
1.687772989273071289e+00,7.942199715776521174e-01
8.082039952278137207e-01,8.849574346202500053e-01
1.564818024635314941e+00,8.126240067574878045e-01
6.673809885978698730e-01,9.059807108597481839e-01
1.091886043548584206e+00,8.052116124873225367e-01
7.375509738922119141e-01,8.756431675759500655e-01
8.364729881286621094e-01,8.260366211604172060e-01
1.015761017799377441e+00,8.342767908177914915e-01
1.106158971786499023e+00,8.624547646273851287e-01
1.130903959274291992e+00,8.703128261850514580e-01
9.518219828605650745e-01,8.738785672727233944e-01
5.585229992866516113e-01,8.597594430878680027e-01
1.855298042297363503e+00,7.711499227961345904e-01
7.845479846000671387e-01,9.348175496250712424e-01
5.835890173912048340e-01,8.674456504317913375e-01
8.359720110893249512e-01,8.061377889053551460e-01
6.805480122566223145e-01,8.205278100682491527e-01
1.030328035354614480e+00,8.394627524521390827e-01
7.914109826087951660e-01,8.860817198536585781e-01
4.464710056781768799e-01,8.570780451862582972e-01
5.589337944984436035e-01,7.332958389217364426e-01
7.334340214729309082e-01,7.205617788311248217e-01
8.426809906959533691e-01,7.655003518650269623e-01
1.109205961227416992e+00,8.287411785152346555e-01
5.862460136413574219e-01,8.572013273622240970e-01
1.772798061370849609e+00,7.775117625414676992e-01
8.493610024452209473e-01,9.565623117681387733e-01
1.331516027450561523e+00,7.945590285541634934e-01
1.215008974075317383e+00,8.806696524283190719e-01
9.708780050277708851e-01,8.657734081885719579e-01
1.411272048950195090e+00,8.651080732709751642e-01
1.046331048011779785e+00,8.982618711562496694e-01
8.349300026893615723e-01,8.650055100998096380e-01
9.847199916839598499e-01,8.297198996991094200e-01
4.901649951934814453e-01,8.586342845683549996e-01
6.141669750213623047e-01,7.826509124604410506e-01
8.252440094947814941e-01,7.867075291474301402e-01
1.047114968299865501e+00,8.236582407064126921e-01
3.921430110931396484e-01,8.656542432536840082e-01
7.720900177955627441e-01,7.570983822174142119e-01
7.520099878311157227e-01,7.875484735354213450e-01
6.718119978904724121e-01,8.271710787023156541e-01
6.571980118751525879e-01,8.097586293488059361e-01
8.213180303573608398e-01,8.060941648401833692e-01
1.030122995376587136e+00,8.323161674600078053e-01
6.211889982223510742e-01,8.596808778053443012e-01
9.608931541442871094e-01,8.014639180204800040e-01
7.402380108833312988e-01,8.379560942151776937e-01
5.984709858894348145e-01,8.237447159196434887e-01
9.358735680580140270e-01,7.804963514652324408e-01
5.818247795104979359e-01,8.246663720837987821e-01
6.529520153999328613e-01,7.807347690824625319e-01
7.834500074386596680e-01,7.872692078567286034e-01
7.448130249977111816e-01,8.264692184485992188e-01
8.943400979042054333e-01,8.324230990162961863e-01
2.505017042160034180e+00,8.288529975575746889e-01
1.417585968971252441e+00,9.970267015284574041e-01
1.226507544517517090e+00,9.208195092415257799e-01
1.043179035186767578e+00,8.291946233814007083e-01
8.192250132560729980e-01,8.533489061226638972e-01
8.129550218582153320e-01,8.366852961091219010e-01
5.289899706840515137e-01,8.374285802153845770e-01
4.789490103721618097e-01,7.567709702335196909e-01
1.153810977935791016e+00,7.071234842878572069e-01
7.845839858055114746e-01,8.054575920022672975e-01
4.701859951019286554e-01,8.214246343899628267e-01
2.416239976882934570e-01,7.500971708947068439e-01
1.994680017232894897e-01,6.483349108554476992e-01
1.327169984579086581e-01,5.938726035442033480e-01
6.585559844970703125e-01,5.471488334350275151e-01
9.621880054473875843e-01,6.717158853027691556e-01
9.829789996147155762e-01,8.230790220767202348e-01
1.026576042175292969e+00,8.433739971877156627e-01
8.309389948844909668e-01,8.583401389236030576e-01
1.000543951988220215e+00,8.379522530665411972e-01
1.983185052871704102e+00,8.439292473748615242e-01
1.286525964736938477e+00,8.943295264107479214e-01
1.736924052238464355e+00,8.740046501295752890e-01
1.257668018341064453e+00,9.486715110751067215e-01
1.084908962249756081e+00,8.924780020156902749e-01
1.062494039535522461e+00,8.542781068996333493e-01
8.256469964981079102e-01,8.655803180403022212e-01
1.418092012405395508e+00,8.249611441861326444e-01
1.151677966117858887e+00,8.778468752208073989e-01
8.794019818305969238e-01,8.628328829984786008e-01
1.089423060417175293e+00,8.393757555485229505e-01
8.687390089035034180e-01,8.655478574389761093e-01
1.307837963104248047e+00,8.552099830203809816e-01
1.262575984001159668e+00,8.782409515986214776e-01
1.069887042045593262e+00,8.775159985862981404e-01
8.579840064048767090e-01,8.486414530594930117e-01
1.067142963409423828e+00,8.498515942600887163e-01
6.799880266189575195e-01,8.643155570584072356e-01
7.323921322822570801e-01,7.992680521292220286e-01
6.000829935073852539e-01,7.855111706356291412e-01
1.010563969612121582e+00,7.626114480131372941e-01
7.260069847106933594e-01,8.246020741696361567e-01
5.901079773902893066e-01,8.197653004225403661e-01
7.744659781455993652e-01,7.887999109295030786e-01
8.908360004425048828e-01,8.166597246424058820e-01
7.620100975036621094e-01,8.418213112538844856e-01
5.811070203781127930e-01,8.183602240837980490e-01
8.903719782829285778e-01,7.870042105405754551e-01
7.882059812545776367e-01,8.202791102186051120e-01
9.248933196067808948e-01,8.227735195864575024e-01
1.265586972236633301e+00,8.342769977732263920e-01
9.180610179901123047e-01,8.718856253249733790e-01
8.252680301666259766e-01,8.332538541741458804e-01
4.257229864597321112e-01,8.381411606858669705e-01
7.238519787788391113e-01,7.498164045609574391e-01
9.657319784164427601e-01,7.794004085500180201e-01
7.146480083465576172e-01,8.500557246745505946e-01
8.502969741821289062e-01,8.244735325888299382e-01
6.113014817237854004e-01,8.258066997742929960e-01
5.909900069236755371e-01,7.682266751232625923e-01
1.191807866096496582e+00,7.621348431998562489e-01
7.976800203323364258e-01,8.468993331262363311e-01
8.885610103607177734e-01,8.399883658356387395e-01
7.367290258407592773e-01,8.269391830891477113e-01
8.569459915161132812e-01,8.124505620137760786e-01
5.838339924812316895e-01,8.346691234545104976e-01
8.865389823913574219e-01,7.848892692348160560e-01
8.750730156898498535e-01,9.103617263963499351e-01
1.111973047256469505e+00,1.000787428554848146e+00
5.632749795913696289e-01,8.521637382493220114e-01
5.519689917564392090e-01,8.039934979496969891e-01
5.465030074119567871e-01,7.838195603589047655e-01
7.512239813804626465e-01,7.636737016924811661e-01
8.402569890022277832e-01,8.106090178409006697e-01
5.915480256080627441e-01,8.413974006763649260e-01
6.109840273857116699e-01,7.926869089410083502e-01
7.992020249366759144e-01,7.648270883852972268e-01
5.405290126800537109e-01,8.112318043158395220e-01
1.093670010566711426e+00,7.689997745435458443e-01
7.972419857978820801e-01,8.332003079961101122e-01
5.896059870719909668e-01,8.273183240255801429e-01
5.182790160179138184e-01,7.728198449437869710e-01
6.216366887092590332e-01,7.389639342040659198e-01
8.810679912567138672e-01,7.477135044192944058e-01
9.703850150108336292e-01,8.109161158593546359e-01
8.715350031852722168e-01,8.543445142330464703e-01
2.576299905776976984e-01,8.433034830360511824e-01
3.547430038452148438e-01,6.836141341114132519e-01
1.308350920677185059e+00,6.786464256997950528e-01
2.422243118286133257e+00,8.390780265251216452e-01
1.588093161582946777e+00,9.578136643267015637e-01
1.510810017585754395e+00,9.009072873337526932e-01
6.637499928474426270e-01,9.532657793941866631e-01
5.865659713745117188e-01,8.004820926789314450e-01
1.126363039016723633e+00,7.667538888308037537e-01
9.455379843711851917e-01,8.411496382316876463e-01
8.895260095596313477e-01,8.490375956714607542e-01
7.889080047607421875e-01,8.513048737560106050e-01
5.571460127830505371e-01,8.370705212688950292e-01
7.382910251617431641e-01,7.665470181237359348e-01
6.742079854011535645e-01,7.862424038656700143e-01
7.401880025863647461e-01,7.959239475655379703e-01
7.983270287513732910e-01,8.089609277390492625e-01
5.137799978256225586e-01,8.298031283231158683e-01
8.528280258178710938e-01,7.717547310757510992e-01
7.851629853248596191e-01,8.222723157270617200e-01
1.024798870086670144e+00,8.374791799454043284e-01
8.841310143470764160e-01,8.572385452774186065e-01
3.615649938583374023e-01,8.478440636864583713e-01
4.477910101413726807e-01,7.201549257232552348e-01
7.665730118751525879e-01,7.223351560493868062e-01
1.054823040962219238e+00,7.978508864041733428e-01
1.034250974655151367e+00,8.583384290304848507e-01
1.096979022026062012e+00,8.519631017289454045e-01
5.883730053901672363e-01,8.593971793244674640e-01
6.365630030632019043e-01,7.817059171640687865e-01
5.399640202522277832e-01,7.616505736075150912e-01
8.178460001945495605e-01,7.309839683967704893e-01
6.359609961509704590e-01,8.057572056777868585e-01
9.872140288352967419e-01,8.185476132358119328e-01
9.839289784431457520e-01,8.410804764836858904e-01
8.986790180206299938e-01,8.524626000553601202e-01
6.926850080490112305e-01,8.381245186530953406e-01
5.757049918174743652e-01,7.972493912849044628e-01
8.279470205307006836e-01,7.588347024642063676e-01
6.547859907150268555e-01,7.987116499903117450e-01
8.509550094604492188e-01,7.900990777730384496e-01
6.557850241661071777e-01,8.234638936942311194e-01
6.597809791564941406e-01,8.040478194686349056e-01
7.502999901771545410e-01,7.861144125947028272e-01
9.303160309791562721e-01,8.050421946565574638e-01
7.123904824256896973e-01,8.380844224674562915e-01
6.544970273971557617e-01,8.139752890487752524e-01
4.987269937992096502e-01,8.099131798550531780e-01
5.593240261077880859e-01,7.710104128774165622e-01
8.733990192413330078e-01,7.600536059051004045e-01
6.319249868392944336e-01,8.161045047712141010e-01
8.613430261611938477e-01,7.797510745887864525e-01
1.036013007164001687e+00,8.133392940200735444e-01
9.874529838562011719e-01,8.625195724094488758e-01
6.686739921569824219e-01,8.563022059834891619e-01
1.007030010223388894e+00,8.001833097081239021e-01
9.358490109443664551e-01,8.406370545672277039e-01
6.626719832420349121e-01,8.484661738609847736e-01
5.495319962501525879e-01,7.957813439381351550e-01
9.273632764816285290e-01,7.595922202072097340e-01
9.193540215492249645e-01,8.037613546124580122e-01
6.497738957405090332e-01,8.495938198366703720e-01
9.705049991607666016e-01,7.699825656978426247e-01
8.920990228652954102e-01,8.210463131868152020e-01
7.462270259857177734e-01,8.382802568328410198e-01
7.597569823265075684e-01,8.135067698519300450e-01
1.126011013984680176e+00,8.384657506861434850e-01
7.641419768333435059e-01,8.884835141932759806e-01
8.309190273284912109e-01,8.406461346629776621e-01
5.316870212554931641e-01,8.548859879464614231e-01
1.097100019454955833e+00,8.038717882680029847e-01
9.711959958076475941e-01,8.419503162445184374e-01
7.501904964447021484e-01,8.509411448424021307e-01
7.235890030860900879e-01,8.233837152126258774e-01
1.088876962661743164e+00,7.922314445599653032e-01
1.923168003559112549e-01,8.280121236227582227e-01
3.752999901771545410e-01,6.554286419873738279e-01
1.878910064697265625e-01,6.282171704159207337e-01
6.128349900245666504e-01,6.006801867334528033e-01
4.822100102901458740e-01,6.715422080692641238e-01
8.997989892959593616e-01,7.111698756671014365e-01
6.762999892234802246e-01,7.833911275518566919e-01
9.804093837738035999e-01,8.036655939445187524e-01
6.459739804267883301e-01,8.378130934242423722e-01
7.601699829101562500e-01,8.123648577401081372e-01
1.045557022094726562e+00,8.208028930099112719e-01
1.085988998413085938e+00,8.589620418444673389e-01
7.320979833602905273e-01,8.588848232694992202e-01
1.045389056205749512e+00,8.157743458169541828e-01
7.359200119972229004e-01,8.428411195266679590e-01
8.745509982109069824e-01,8.109839872172965869e-01
9.997780323028564453e-01,8.332805307094136582e-01
1.739534020423889160e+00,8.534117092104276381e-01
7.049050331115722656e-01,9.145424693593381393e-01
8.328270316123962402e-01,8.200599307296682072e-01
8.953109979629515491e-01,8.390760566714005053e-01
1.179519057273864746e+00,8.332259090727556217e-01
1.443411946296691895e+00,8.757909734765916276e-01
7.634999752044677734e-01,8.951541518124551677e-01
1.145148038864135520e+00,8.142431426489602497e-01
7.633590102195740856e-01,8.709951382420343391e-01
1.029322981834411621e+00,7.991073543645074162e-01
1.302055954933166504e+00,8.441112164149814356e-01
9.734439849853515625e-01,8.764549532592561532e-01
1.229671001434326172e+00,8.830538531527268864e-01
1.063034057617187500e+00,9.137368279339753707e-01
8.984770178794860840e-01,8.255679407304535866e-01
7.175139784812927246e-01,8.461848460788733428e-01
1.175443053245544434e+00,8.253055265896409587e-01
1.101048946380615234e+00,8.627365885089125497e-01
1.431144952774048074e+00,8.579781829938822879e-01
6.568620204925537109e-01,8.808828227980840531e-01
1.074908018112182617e+00,8.023205056716857797e-01
1.004804968833923118e+00,8.536769096643677113e-01
1.609539985656738503e+00,8.597308068903797285e-01
1.962562561035156028e+00,9.002325132113041528e-01
1.995329976081847922e+00,9.712012731835135693e-01
2.033385992050170898e+00,9.687654462608688011e-01
1.611258029937743919e+00,9.485802680138952780e-01
2.040218114852905273e+00,8.932163586580151859e-01
1.351415991783142090e+00,9.543827360082887123e-01
1.363389015197754128e+00,8.863155044244229730e-01
1.526808977127075195e+00,8.817194493601480110e-01
1.103597044944763184e+00,8.975875941070485808e-01
1.763007998466491699e+00,8.745724376171973846e-01
1.153326034545898438e+00,9.329877722041857169e-01
2.580787897109985352e+00,8.656897374697848369e-01
1.242146968841552734e+00,1.009150402813866698e+00
6.676509976387023926e-01,8.778610201331247254e-01
8.271329998970031738e-01,8.196045155538370652e-01
1.394161701202392578e+00,8.105312838537562792e-01
6.900759935379028320e-01,8.761113950700140096e-01
6.740249991416931152e-01,8.076013497150735798e-01
7.907469868659973145e-01,8.082355537901395603e-01
7.285000085830688477e-01,8.295969342230479215e-01
3.354600071907043457e-01,8.197095060906807173e-01
1.058426976203918457e+00,6.708528115497873756e-01
7.669919729232788086e-01,7.735577610163650863e-01
5.922303199768066406e-01,8.228511056258591694e-01
8.828200101852416992e-01,7.554429153832317168e-01
5.677499771118164062e-01,7.994102432757128618e-01
1.077505946159362793e+00,7.749166124250386201e-01
6.909419894218444824e-01,8.361594902651888761e-01
7.237120270729064941e-01,8.243956885417891289e-01
9.752489924430848278e-01,8.068588106468024268e-01
7.574009895324707031e-01,8.436461023732062525e-01
1.183527946472167969e+00,8.185152291914892242e-01
7.705749869346618652e-01,8.577610609876101799e-01
6.143350005149841309e-01,8.277017057044110393e-01
7.692319750785827637e-01,8.101030077446783606e-01
4.068099856376647949e-01,8.248850663631623892e-01
2.481469959020614346e-01,7.636041643831075199e-01
2.568759918212890625e-01,6.711016033114529655e-01
5.981699824333190918e-01,6.114993920960619667e-01
8.801140189170837402e-01,6.856130098608067547e-01
9.920129776000974342e-01,7.971554088715214759e-01
8.770260214805603027e-01,8.481717309555085738e-01
1.008928894996642844e+00,8.458005271393198576e-01
