1.955727785830000398e-01,2.104761625403873404e-01
1.954265981910000005e-01,1.731421672420067615e-01
2.004670947789999880e-01,1.775609552979764694e-01
2.029463946819999587e-01,1.939794100413854694e-01
0.000000000000000000e+00,1.949104487773040129e-01
1.862521618600000151e-01,6.421983160923050438e-01
1.862153261900000301e-01,9.194552931961107178e-02
4.038094580169999670e-01,-4.115504308249015586e-02
4.118085205549999461e-01,-2.569089517559692837e-01
3.743042349819999948e-01,-6.758416216759739747e-02
3.571429848669999685e-01,2.975797175910400716e-01
2.572054266930000055e-01,4.058652806129033896e-01
2.409307956699999753e-01,3.908787659194110087e-01
2.253161966800000249e-01,3.147584649947297586e-01
1.935185044999999937e-01,2.088300246667875726e-01
1.787700653079999924e-01,2.144338967683062647e-01
1.622045934200000150e-01,2.626835576949749784e-01
1.761920750140000269e-01,2.456359680505108278e-01
1.883655935530000325e-01,1.818356302640881383e-01
1.861467957499999548e-01,1.524479104113985461e-01
1.954913884399999968e-01,1.854741336746427438e-01
1.954011768099999935e-01,1.916174659538763259e-01
1.660518944260000185e-01,1.936617489304754136e-01
1.907722949980000249e-01,2.627532370531296402e-01
2.156041562559999625e-01,1.950946895227224920e-01
1.898660957809999716e-01,1.157601743308636771e-01
1.770474612709999895e-01,2.106342083869028603e-01
2.001174986360000074e-01,2.742982964508969279e-01
1.948629021640000125e-01,1.799696682433556405e-01
1.922753006219999894e-01,1.693217084587190779e-01
1.779100298880000042e-01,2.108445808571772773e-01
1.810636967419999854e-01,2.435307900736801145e-01
1.680064052340000114e-01,2.130092942461051519e-01
1.635809391740000174e-01,2.236659087333381646e-01
1.706920862200000111e-01,2.253201191977378670e-01
1.916799396280000345e-01,1.956072704605928136e-01
2.085516005749999957e-01,1.454641044441102038e-01
2.058236002919999752e-01,1.380348176296801732e-01
1.828240007160000513e-01,1.876540973468066031e-01
1.857409924269999846e-01,2.612736917022064342e-01
1.775099337099999841e-01,2.335740265275680627e-01
1.752161234619999952e-01,2.121663530593878855e-01
1.971126049759999999e-01,2.096274734859964461e-01
1.845117062330000057e-01,1.612691263899305449e-01
1.984785944219999987e-01,1.951225306242474478e-01
2.143009155989999692e-01,1.910931143052943537e-01
1.841159015890000139e-01,1.576112239540893301e-01
2.104043960570000094e-01,2.374224387418880644e-01
2.032361328599999739e-01,1.953384589151033190e-01
2.088565975429999833e-01,1.838724295714539436e-01
1.960448026660000231e-01,1.886101420178267207e-01
1.900728046889999523e-01,2.292080624165169500e-01
1.658952832220000062e-01,2.280494341612256948e-01
1.872539073229999851e-01,2.613489248288121680e-01
1.852532625200000171e-01,1.855158688462228977e-01
1.799222826959999966e-01,1.738010517541593025e-01
2.012764066460000223e-01,2.086175011596867468e-01
1.978618204589999985e-01,1.732587482786572264e-01
1.950792670250000027e-01,1.785144681672057310e-01
1.711323857310000085e-01,2.113273190797651524e-01
1.623787879939999901e-01,2.631351298256949245e-01
1.677809953689999856e-01,2.521001442782641044e-01
2.059821039440000168e-01,2.017240227915960693e-01
2.158481031659999771e-01,1.077799879061097782e-01
2.141157686710000174e-01,1.270373974473290590e-01
1.768843084569999835e-01,1.952716793269417550e-01
1.967563778159999444e-01,2.949985114726149105e-01
1.834106147289999988e-01,2.150327793014937261e-01
1.805770993230000065e-01,1.982008550727938079e-01
1.911945044990000231e-01,2.124534219257078471e-01
2.012096941470000178e-01,1.909729079559796816e-01
2.066745012999999798e-01,1.615370606821425192e-01
2.420079559090000110e-01,1.762799770978724367e-01
2.195876985790000124e-01,1.269001408996309754e-01
2.106474190949999825e-01,2.013028080451412516e-01
1.944769918919999896e-01,2.539886146711756720e-01
1.704634428020000148e-01,2.583270305884995954e-01
1.787724494929999741e-01,2.605781204893647396e-01
1.750701963900000158e-01,2.122623269520239886e-01
1.796004772190000487e-01,1.908590240695217377e-01
1.688816994429999940e-01,1.901386926981791237e-01
1.640222966669999949e-01,2.220372961806748591e-01
1.799237728120000324e-01,2.273032035119025296e-01
1.769366562369999729e-01,1.783824196101424231e-01
1.781685650350000039e-01,1.837703188218827166e-01
1.665234863759999795e-01,2.037800308104122937e-01
1.855484992270000077e-01,2.312068312462099151e-01
1.732649058100000083e-01,1.787229976323378156e-01
1.860052198169999949e-01,2.024037129301680671e-01
1.832000017169999884e-01,1.902657396732199691e-01
1.951216459270000425e-01,1.972184266430634381e-01
2.088083624839999763e-01,1.778515443427629572e-01
1.873752027749999993e-01,1.620537175547927811e-01
2.025922685860000183e-01,2.263882935030099852e-01
1.986005455260000108e-01,2.050984986531025067e-01
1.863885968919999914e-01,1.925297516872691017e-01
1.716178953649999950e-01,2.242122037635596865e-01
1.885485500099999823e-01,2.549880851884396837e-01
2.112170010809999998e-01,1.850218671002506754e-01
1.833238750700000030e-01,1.269034785190958359e-01
2.096922993660000067e-01,2.234879250157010278e-01
2.197588831190000203e-01,1.935252958132184509e-01
2.330529242750000174e-01,1.515935032329043530e-01
2.151579260829999951e-01,1.503710880186683030e-01
2.008593231439999849e-01,2.292263167402581181e-01
1.312076449390000010e-01,2.587287770042192014e-01
1.399971693750000079e-01,3.702456354905286906e-01
1.684847325090000070e-01,2.713655442390872086e-01
2.097207009790000298e-01,1.244073771396167483e-01
1.677834987640000053e-01,5.637285369073326974e-02
1.697814613580000132e-01,2.358936014801871761e-01
1.778024435040000129e-01,2.677121268803470122e-01
1.989280730490000093e-01,1.968789451231778009e-01
1.968562752010000194e-01,1.320700766651290436e-01
1.764101982119999634e-01,1.786272617974346832e-01
1.775619983670000124e-01,2.512082136437894242e-01
1.848997771739999962e-01,2.358745184768411829e-01
1.751745045190000183e-01,1.836116139193029184e-01
1.822087168690000036e-01,2.050542238863263811e-01
1.833387613300000163e-01,2.024362027608277437e-01
2.092746049170000067e-01,1.929540220759622116e-01
2.103900015349999819e-01,1.443351453486420577e-01
1.875178515910000121e-01,1.664179367854042579e-01
1.892182081940000093e-01,2.487520619521276233e-01
2.129119038579999901e-01,2.394907779952603066e-01
1.846891939640000202e-01,1.490853096614521145e-01
1.933595985170000198e-01,2.174501571236151787e-01
1.597519963980000013e-01,2.247343012608758461e-01
1.731968969110000145e-01,2.675479828791578196e-01
1.763989776370000484e-01,2.100264718190058832e-01
1.903230398890000119e-01,1.799202222611898105e-01
1.978137493129999980e-01,1.582877470470878678e-01
1.724811047320000124e-01,1.727213863015343576e-01
1.773964017630000056e-01,2.462671203587117885e-01
1.862247735259999759e-01,2.327791584929008173e-01
2.039294093849999823e-01,1.790722888804134327e-01
2.303259670730000153e-01,1.445040908257678447e-01
2.793866395949999859e-01,1.260956512292339959e-01
2.991397082810000052e-01,7.218066243226278766e-02
2.514718174930000161e-01,1.045642491727027945e-01
1.890812516209999794e-01,2.823082101094958052e-01
2.833725214000000214e-01,4.152614443348933704e-01
2.606627941129999737e-01,9.607216704221333003e-02
2.856159806249999877e-01,7.957538777194478330e-02
2.152941524979999910e-01,1.624563763901830937e-01
1.691618561740000082e-01,3.441988573025865361e-01
1.676646620040000146e-01,3.775606630019619492e-01
1.986771523950000007e-01,2.694834975127581300e-01
1.806469559670000058e-01,9.925524355339834792e-02
1.824937760829999922e-01,1.787707650340752130e-01
1.871567964549999963e-01,2.246358119734623016e-01
2.099210023880000164e-01,2.006280270159304102e-01
1.939254999159999993e-01,1.420590683979180424e-01
1.662387549880000037e-01,2.041169226029868056e-01
1.659430116420000101e-01,2.845040256738727846e-01
1.823978126049999871e-01,2.492067017848838273e-01
1.884365230800000013e-01,1.611880828786148023e-01
2.158337980510000031e-01,1.577691576921823879e-01
2.153968065980000068e-01,1.386731904701278828e-01
1.994820386169999793e-01,1.709098753737811061e-01
1.468160003419999859e-01,2.381166868717291829e-01
1.810178905730000509e-01,3.439536411284070949e-01
1.982497125860000209e-01,2.017920070483541772e-01
1.886273920540000038e-01,1.110123985217718878e-01
1.874347329140000074e-01,1.810747693153239024e-01
1.838997006419999802e-01,2.301896890313630817e-01
1.789868623020000049e-01,2.169619826372848892e-01
2.386641800400000069e-01,2.133753476194291399e-01
4.006521701810000224e-01,8.660637303956168764e-02
3.205133974549999598e-01,-1.808079023571526889e-01
3.453539609910000197e-01,1.358560613148896701e-01
3.201048076149999866e-01,3.163238928829342766e-01
3.410750627520000022e-01,2.903304548997277523e-01
3.317869901659999954e-01,1.289026139892080203e-01
3.053638935090000062e-01,1.918014315668185588e-01
2.349332422019999866e-01,2.398677735817390244e-01
2.433501929039999789e-01,3.747371351627881153e-01
2.282197028400000105e-01,2.561696382600526789e-01
2.155468463900000187e-01,1.832038512904803351e-01
1.862514019010000077e-01,2.041518204082692078e-01
1.789111644029999504e-01,2.782184569131413432e-01
1.881189942359999534e-01,2.466281624761794133e-01
2.258600741620000185e-01,1.843408460402036764e-01
2.293289005759999999e-01,9.961587629470136651e-02
2.172957956789999534e-01,1.402191421693420315e-01
2.285813987260000013e-01,2.262211700331575870e-01
2.961176931860000083e-01,2.092756569615041307e-01
2.966041862959999942e-01,5.134288922745492562e-02
2.547382712360000134e-01,1.021103701403632824e-01
2.234010547399999935e-01,2.929873333852147654e-01
2.086469978090000066e-01,3.503028254172294020e-01
2.144542932510000166e-01,2.602875916481157681e-01
1.909040212630000177e-01,1.774298218736767851e-01
1.961078941820000032e-01,2.225448552578981609e-01
1.758218258620000141e-01,2.159412297508846446e-01
1.801499277349999928e-01,2.366594152566046383e-01
1.802266091110000246e-01,2.114433850945372784e-01
1.831340938809999930e-01,1.973062260450737515e-01
1.799343973400000241e-01,1.890646618980068028e-01
1.912952065469999963e-01,2.069377516984537146e-01
2.391949146990000052e-01,1.836779591461192296e-01
2.476447969680000138e-01,9.008507983032972011e-02
2.603625059129999753e-01,1.179896567592584322e-01
2.153915017839999890e-01,1.715658086741968791e-01
1.687171012159999761e-01,2.929143121173450881e-01
1.901023983960000163e-01,3.611695278188555291e-01
1.932636946439999781e-01,2.202504139121603810e-01
1.967433989050000331e-01,1.397397967967686505e-01
1.968259066340000141e-01,1.730320941744342422e-01
1.806160062550000167e-01,2.047721748480718362e-01
1.917202025649999975e-01,2.364138910898264667e-01
1.939498037100000072e-01,2.025217878998512022e-01
1.780927032229999429e-01,1.810393503164602902e-01
1.982128173110000169e-01,2.261038842016301065e-01
2.026619017119999921e-01,1.867162848890870641e-01
1.926424354309999587e-01,1.649700762322387493e-01
1.775846034290000375e-01,2.111634222539054695e-01
1.697379499670000069e-01,2.545426826519464614e-01
1.742126941680000041e-01,2.402755171444302951e-01
1.767573058610000247e-01,1.994244402342203737e-01
1.698893159629999983e-01,1.857553435692944344e-01
1.786662638189999985e-01,2.115859517916279520e-01
1.773128658529999901e-01,1.962469218944197513e-01
1.912915557620000206e-01,1.945749760770340009e-01
1.917339116329999926e-01,1.738587602055370607e-01
1.682408750059999902e-01,1.854054008502397655e-01
1.533582359550000052e-01,2.508271461786748535e-01
1.219834238290000011e-01,2.719638610215606711e-01
1.124273017049999962e-01,2.910431784116720988e-01
1.387385427950000027e-01,2.621808599344266355e-01
1.735682934519999776e-01,1.604639155996877842e-01
1.894755959509999699e-01,8.878127849733914723e-02
1.896263062950000189e-01,1.209055999536759463e-01
1.874510943890000114e-01,1.881414077859060174e-01
1.846003979439999887e-01,2.184882243774263211e-01
2.440665513279999810e-01,2.169362482369423251e-01
2.327407002449999873e-01,8.490378264938566732e-02
2.219963967800000215e-01,1.411166172068751556e-01
1.852974742650000117e-01,2.410016746565449564e-01
1.947617977860000016e-01,3.134469508299647655e-01
1.780637502669999983e-01,2.234865217780713786e-01
1.859644204379999610e-01,2.143643815644810102e-01
2.072025239469999502e-01,1.937188503178482180e-01
1.870556026700000152e-01,1.503096875847878544e-01
2.003259211780000215e-01,2.080598264076398418e-01
2.049419134859999936e-01,2.063614522591948885e-01
4.109843969350000514e-01,1.806924520122904776e-01
3.850685060019999884e-01,-1.965365259318971325e-01
3.761990368370000670e-01,-1.882654537186529906e-02
3.382981419560000536e-01,2.925585461342593563e-01
2.050670981410000482e-01,3.942016927299424323e-01
2.311079055070000277e-01,4.698234211770412339e-01
2.232432067389999997e-01,2.962700616213704841e-01
1.962449550630000206e-01,1.216588147214347215e-01
1.992976218459999727e-01,1.898574724943749570e-01
1.784480065109999847e-01,2.412395417485714011e-01
1.708953380579999737e-01,2.332125044458713270e-01
1.857410371300000085e-01,2.346849242970482641e-01
1.884250044819999748e-01,1.821047360171255680e-01
1.818749755619999964e-01,1.682754915513433314e-01
1.925081014630000142e-01,2.104345732637070976e-01
1.790819615130000153e-01,1.949282617763942460e-01
1.921849995850000159e-01,2.160300393579976941e-01
1.867637038229999769e-01,1.917914222372865130e-01
1.980000883339999851e-01,1.986306216889435206e-01
3.074838817119999734e-01,1.819759896225813245e-01
2.838982045650000341e-01,-2.534373206749145416e-02
2.563236057759999964e-01,9.605472208621654295e-02
2.176708281040000137e-01,3.026915334169356098e-01
3.016590476040000302e-01,3.620046729582088729e-01
3.009566068650000314e-01,6.323109551111413817e-02
3.871228992939999558e-01,6.452549573106351744e-02
3.553330004220000005e-01,3.425020277557258574e-02
2.734268903729999978e-01,1.858828448722703863e-01
3.047637045380000020e-01,4.090489329027943710e-01
1.934034079309999710e-01,2.893775230988972491e-01
1.674667745829999943e-01,3.250387126032016627e-01
1.849085837600000226e-01,3.504972919484117266e-01
2.460200339559999727e-01,2.010607695701322195e-01
2.682054042820000150e-01,-6.579046919649970612e-03
2.603135108949999887e-01,6.505204895132937759e-02
2.072546035049999680e-01,1.967349951195309088e-01
2.076155245300000118e-01,3.447147173002552689e-01
1.928880363700000156e-01,2.788774358423241062e-01
1.886100023979999929e-01,2.171842758725633649e-01
1.899161785839999783e-01,2.034255049930024928e-01
1.841135472060000111e-01,2.035499650880152334e-01
1.885657012459999726e-01,2.056406825032509045e-01
1.928238719700000325e-01,1.992597405552661294e-01
1.931996941570000015e-01,1.873287739028828836e-01
1.622868627309999867e-01,1.933438513441126938e-01
1.296745538709999923e-01,2.678639111148798380e-01
1.509044617410000011e-01,3.169080039122497694e-01
1.567745953799999925e-01,2.040596062044137127e-01
2.352031022309999941e-01,1.524523458271656862e-01
2.412368059159999689e-01,2.583362635150686371e-02
3.487674891950000022e-01,8.867398872426239531e-02
4.479171633719999934e-01,-5.667348166549008096e-03
7.274934649469999570e-01,-8.138169342470066847e-02
7.546014785770001065e-01,-2.618955379204528922e-01
6.946486234659999814e-01,-9.524693513454458513e-03
6.383669972420000782e-01,5.030120052193018942e-01
5.096258521080000436e-01,6.861302777527370500e-01
3.489852249620000735e-01,4.155944095998447274e-01
3.274166882039999948e-01,4.591703511422407513e-01
3.183498978609999863e-01,2.580025926983945950e-01
2.771280407910000076e-01,6.032799716499733823e-03
2.614668905739999660e-01,1.250031523240527909e-01
2.646197974680000176e-01,2.582643626361196820e-01
2.569813728329999880e-01,1.925330065430906068e-01
2.632848024370000317e-01,1.766002849342256653e-01
2.274889498949999866e-01,1.851035300954254892e-01
1.972997337579999733e-01,2.590726493761138505e-01
1.593737602229999828e-01,3.032122153154043209e-01
1.552143245940000027e-01,3.171216622841666610e-01
2.165970057250000136e-01,2.413109009747104738e-01
2.152127921579999881e-01,6.685101559364549362e-02
2.079710960389999919e-01,1.069414260511646897e-01
2.003736048939999681e-01,2.199948285094607547e-01
1.930765211580000029e-01,2.489311384554880602e-01
1.887691617009999989e-01,2.244493746692984570e-01
2.153376042839999782e-01,2.160510687336418267e-01
2.704129219060000255e-01,1.490742971184288168e-01
5.549836754800000493e-01,5.159349836250732430e-02
5.126557946209999717e-01,-3.429117662590044358e-01
5.099799633029999946e-01,-6.499875958856440872e-02
4.163484573359999552e-01,3.842747191209826552e-01
2.535916566849999998e-01,5.673705811140619115e-01
1.788074076179999861e-01,5.425601792219456598e-01
1.850019842389999947e-01,4.994612754721325376e-01
1.711802035570000047e-01,1.428241087423256506e-01
1.727939993140000241e-01,9.479519463076339914e-02
1.767069548369999965e-01,1.848187970945008307e-01
1.761609017850000181e-01,1.944965644027498164e-01
2.039509564639999939e-01,1.940475574379091350e-01
1.905422955750000480e-01,1.470961402929173711e-01
1.819348037240000049e-01,1.929609553049309034e-01
1.684180349109999919e-01,2.396852390688783419e-01
1.891849339009999964e-01,2.520098197802879136e-01
1.689333617690000067e-01,1.721994536917631491e-01
1.962249428029999576e-01,2.124742182651856159e-01
1.980420649049999537e-01,1.704352309995819381e-01
1.778897047040000068e-01,1.676414696930457471e-01
1.612316220999999994e-01,2.352170666938617205e-01
1.492553949359999854e-01,2.752201447392573774e-01
1.442013978960000053e-01,2.512134584894155642e-01
1.220441684129999899e-01,2.237295204973699103e-01
1.259213238949999925e-01,2.545008972244675594e-01
1.192706972360000062e-01,2.261316417523297484e-01
1.400409787890000146e-01,2.157143093625267793e-01
1.655126959090000016e-01,1.669916900624717759e-01
1.946723610159999951e-01,1.253214779603298024e-01
1.824015975000000123e-01,1.072663561633064727e-01
1.781254708769999806e-01,1.942387402274978470e-01
1.768455654380000075e-01,2.377485114602623517e-01
1.895092576740000090e-01,2.211549353905769844e-01
1.890345066789999584e-01,1.732723091085291711e-01
2.166133970019999688e-01,1.844495569146164804e-01
2.142671942709999944e-01,1.464710353178855506e-01
1.696722060440000179e-01,1.728687384840936758e-01
1.861636042589999707e-01,2.979809716212546422e-01
2.109026014799999793e-01,2.396123079885812135e-01
2.016181051729999951e-01,1.241388612406998243e-01
2.371999472380000307e-01,1.697491957055918543e-01
1.953185498709999746e-01,1.494479408577067958e-01
1.463003754620000041e-01,2.458541657310944206e-01
2.596421837810000133e-01,3.598731184130531946e-01
4.047906100750000014e-01,4.966816239059718141e-02
3.813273906710000216e-01,-2.367735482637040034e-01
3.577617108820000391e-01,4.483658597844339400e-02
3.031907975670000144e-01,3.513638279401078424e-01
2.219824343919999943e-01,4.140073964907803883e-01
2.247738689180000249e-01,3.905288493237135672e-01
2.553716301919999876e-01,2.612458359906468242e-01
2.618205845359999895e-01,7.825385722326702598e-02
2.273367345329999900e-01,9.866394962406298264e-02
2.031441032889999831e-01,2.627093315132756346e-01
1.758806854490000404e-01,3.092338572929037022e-01
1.670619547370000013e-01,2.863271739877811251e-01
2.118712961670000117e-01,2.365120870222316707e-01
1.990658938880000006e-01,1.093715695295874590e-01
1.948491036890000194e-01,1.556740807880717670e-01
1.566408872600000002e-01,2.274287367191540621e-01
1.590297073130000072e-01,3.032692586195638862e-01
1.671897023919999836e-01,2.447732384526568605e-01
1.815824955700000298e-01,1.800581647703153043e-01
2.245292961599999748e-01,1.491256483730499793e-01
2.216224968430000053e-01,9.643577005545313219e-02
2.066582888360000148e-01,1.519860655843136288e-01
1.570345163350000128e-01,2.433050152911055142e-01
1.968932896850000003e-01,3.413568182513236904e-01
2.048864960669999902e-01,1.840698085514997362e-01
1.668177992110000118e-01,1.212768345388765406e-01
1.417246013879999988e-01,2.531909489229549615e-01
1.666631847619999829e-01,3.231803351277983127e-01
1.926406770939999569e-01,1.873736925101159301e-01
2.254680991169999982e-01,1.007945676964543402e-01
2.252101451159999879e-01,9.296020962883816408e-02
2.145293951029999535e-01,1.659887249034696366e-01
1.820016801359999881e-01,2.344245354613225807e-01
1.906076073649999592e-01,2.951231607845233307e-01
1.686857044700000030e-01,2.259422501628935986e-01
1.903967410330000276e-01,2.278927741050127964e-01
2.045876085759999741e-01,1.747934352976808769e-01
1.865548938510000199e-01,1.455112835963973672e-01
1.815108954909999961e-01,2.125511281453575929e-01
2.014583945270000120e-01,2.459965440047850727e-01
2.036586105820000214e-01,1.721351501120947092e-01
1.918114423750000019e-01,1.622071520498419572e-01
1.731049269440000093e-01,2.221093000527795125e-01
1.919497996569999865e-01,2.645425807504556137e-01
1.787570714950000028e-01,1.886948176001469191e-01
1.788225024940000296e-01,1.978109924294809419e-01
1.665375530719999941e-01,2.146190783233516419e-01
1.951155364510000489e-01,2.346739470025150098e-01
1.929849982259999874e-01,1.556997611088794531e-01
1.620820015670000058e-01,1.671885238374055671e-01
1.356869190929999858e-01,2.668213285209688479e-01
1.467041671279999959e-01,3.123268076512942248e-01
1.972582042220000220e-01,2.159413025476319692e-01
1.894697993989999940e-01,7.300825443983972873e-02
1.961945891380000029e-01,1.421940806864571971e-01
2.645494043830000086e-01,2.044377197700072424e-01
2.692976891989999899e-01,7.210232860132705091e-02
2.608369886879999822e-01,9.522070643443114601e-02
2.406771630049999999e-01,2.190096556559165686e-01
3.313829302790000098e-01,2.811495944741938535e-01
3.281686902050000021e-01,5.004683859555547620e-02
2.893257141109999986e-01,7.404244856922007068e-02
2.625965774060000091e-01,2.792816600228975044e-01
1.794345527890000014e-01,3.490782785824159684e-01
1.727855503559999895e-01,3.851196539481281933e-01
2.207822054619999752e-01,2.929759936048507707e-01
2.426082938910000264e-01,8.577045038367184238e-02
2.444625049829999841e-01,5.261778302384018807e-02
2.097309380769999676e-01,1.677847812300052033e-01
1.825350672010000175e-01,2.880989307934554988e-01
1.691226661210000204e-01,3.124635313370239253e-01
1.575669944289999902e-01,2.622669825341880645e-01
1.770704984660000092e-01,2.265535273380578640e-01
1.741859167810000109e-01,1.672123652198066468e-01
1.755136996510000269e-01,1.776756692728549136e-01
1.687776893379999976e-01,2.015650283666894638e-01
1.939594447609999939e-01,2.221044048612223765e-01
1.943469941619999919e-01,1.593348514600347321e-01
2.223779261109999905e-01,1.674025770282087378e-01
2.144328951839999942e-01,1.431438549451496955e-01
1.937792897219999533e-01,1.879753498544985690e-01
1.783622056249999921e-01,2.559684151607768410e-01
1.706998199219999790e-01,2.719638589248828398e-01
1.894924789669999998e-01,2.334172331231599562e-01
2.422726899390000022e-01,1.644665609127263783e-01
2.336400598289999908e-01,6.314157834214560727e-02
2.456458657979999904e-01,1.443775077476132651e-01
2.297928631310000025e-01,1.991903979030045513e-01
2.152034044269999780e-01,2.360278893288100810e-01
2.607180178169999918e-01,2.460503925321216034e-01
2.623189091679999918e-01,1.311028386897351572e-01
2.198584228750000147e-01,1.238588232027494629e-01
3.426670730110000229e-01,2.791299598053215147e-01
3.465315699580000519e-01,4.059567472420694267e-02
2.930460572240000117e-01,2.181856174401266418e-02
2.670845985409999734e-01,2.918125293104452123e-01
2.535850703720000099e-01,3.857416772368332802e-01
2.199364602570000049e-01,2.420401855929522339e-01
2.274277955290000264e-01,2.378907428799263146e-01
1.686184257270000042e-01,2.091226823236167209e-01
1.842167228460000195e-01,2.969866741959229506e-01
1.896838992830000015e-01,2.326703965246411654e-01
1.641370058060000192e-01,1.678540792001255721e-01
2.130100131029999677e-01,2.247494067643707183e-01
2.186074256900000234e-01,1.429706150074319948e-01
2.188677042720000021e-01,1.242294509624349286e-01
2.313981950280000199e-01,1.864337341978921925e-01
2.149903923270000128e-01,1.936408327277485408e-01
2.503419816490000116e-01,2.177842649446474765e-01
2.535111904139999983e-01,1.519445075575716064e-01
2.445873767139999932e-01,1.483353950549913258e-01
2.031902372839999860e-01,2.078949607081332085e-01
2.327843457459999599e-01,3.105037352242925319e-01
2.531769871709999564e-01,1.944730431570044771e-01
2.558321058749999932e-01,1.081987712731860563e-01
2.091450989249999948e-01,1.492605723486673253e-01
2.179704755539999816e-01,3.039082730683048683e-01
2.751700878139999862e-01,2.537508898101468735e-01
2.834362983699999505e-01,6.833231211207749234e-02
5.200669765470000705e-01,8.324253524477698285e-02
5.718095898630000118e-01,-2.023050454590946123e-01
5.820317864419999321e-01,-1.329376527258882001e-01
5.010549426079999868e-01,2.190204819315963169e-01
2.807539105419999959e-01,5.292257769415631419e-01
2.063424885269999898e-01,7.215242232566659863e-01
2.145204693079999780e-01,5.695705288577243008e-01
2.198818922040000068e-01,9.946912796178428162e-02
2.337387651210000028e-01,-2.173477436504260216e-02
2.567627131940000140e-01,1.264916077791942151e-01
2.328460067509999509e-01,1.386409933496956515e-01
1.991674900050000030e-01,2.187009298139704072e-01
1.789865642790000044e-01,3.082295844470409607e-01
1.796395033599999802e-01,2.947448656941437095e-01
1.698227077719999811e-01,2.112327929767509049e-01
1.522479057309999995e-01,2.053498436308988095e-01
1.740261465309999867e-01,2.460629993220408984e-01
1.826220005749999709e-01,1.825613786918862669e-01
1.566141396759999915e-01,1.519798602256899334e-01
1.689846664669999721e-01,2.410554663380150286e-01
1.731435954569999769e-01,2.214247338617466865e-01
1.901344954969999834e-01,1.802586662305054876e-01
1.337733566760000159e-01,1.539489324379934299e-01
1.587713211769999910e-01,3.028111838508883435e-01
3.362798094749999689e-01,2.320090858202475959e-01
3.365317881109999854e-01,-1.740525278499223394e-01
3.025190830230000127e-01,-5.568751372032419017e-02
2.839955985550000062e-01,2.931155994251015140e-01
1.806526631120000115e-01,3.644391396412943740e-01
1.813106983900000246e-01,4.152276360007971512e-01
2.399948686360000027e-01,3.068762524505802558e-01
2.357428967949999898e-01,5.395033869941631005e-02
2.299271076919999768e-01,7.814751176408103739e-02
2.266699969770000211e-01,2.225357886192231571e-01
2.079305946829999863e-01,2.379012037267327351e-01
2.176461517809999968e-01,2.378973623202993437e-01
2.530807852749999975e-01,2.015272794157084435e-01
2.445257008080000127e-01,1.116199229215046329e-01
2.472106367350000167e-01,1.602470293345999719e-01
2.140260040760000038e-01,2.129587396162826163e-01
3.001447618010000262e-01,2.765208460620992015e-01
4.906117916109999921e-01,6.907169878352485692e-02
3.879201114179999799e-01,-2.432869356424910701e-01
3.368788957599999634e-01,1.286419877073049500e-01
2.932540476320000256e-01,5.215965720194712940e-01
1.897923052309999914e-01,4.504131208135959685e-01
2.160292118790000104e-01,3.380426855229013983e-01
3.753999471659999476e-01,2.286587461315192915e-01
3.595648109909999612e-01,-1.827577273651511958e-01
3.568296134470000380e-01,-3.340555901948960571e-02
2.543200254440000085e-01,2.652285102712024223e-01
1.710169017309999817e-01,4.826474652427468759e-01
1.929912567139999979e-01,4.804984213539656990e-01
1.877582967279999848e-01,2.368746768786844648e-01
1.911910772320000174e-01,1.049185016492896194e-01
2.173696309329999909e-01,1.661032850266520866e-01
2.077021002769999791e-01,1.513567880086029993e-01
2.206149846319999941e-01,1.830528772398417048e-01
2.270559668539999798e-01,1.909439130266304685e-01
2.409625947480000252e-01,1.793366657395235597e-01
2.354097962379999853e-01,1.596655305402105429e-01
2.214455157519999995e-01,1.973735160287021784e-01
1.873570978640000106e-01,2.385396724345121011e-01
1.875694990160000075e-01,2.931972993099923319e-01
1.860239952800000485e-01,2.414782203469894584e-01
2.020407021049999696e-01,1.943972544093048316e-01
1.742038130759999970e-01,1.565210139360468378e-01
1.875655949120000054e-01,2.374339727296521652e-01
1.820583045479999829e-01,2.132087429124408240e-01
1.922361850739999767e-01,1.999451219548273873e-01
2.172528207300000180e-01,1.788385727534126945e-01
2.296049296860000200e-01,1.414697978724847593e-01
2.509359121320000052e-01,1.404062482648644195e-01
2.739968001839999667e-01,1.465715049650347379e-01
2.468370050189999942e-01,1.364939553605939160e-01
2.319672256710000047e-01,2.283180234574757050e-01
2.044411897660000088e-01,2.770754130014480010e-01
2.075911909340000250e-01,2.808713633479659189e-01
2.634023129940000207e-01,2.122894750260997943e-01
3.036424219609999975e-01,7.299731150303709337e-02
3.236212432380000115e-01,3.365236871445720368e-02
3.383783698080000124e-01,1.149730522966076612e-01
3.256455063820000162e-01,1.770591839932497968e-01
3.199611008170000215e-01,2.262091222161450588e-01
3.445942103859999661e-01,2.357365176903106763e-01
3.591096997259999868e-01,1.600415000654605291e-01
3.462464511389999888e-01,1.228521902647064512e-01
3.135047256949999861e-01,1.986784471307957434e-01
2.611905336379999887e-01,2.889543447269676824e-01
2.517339885229999963e-01,3.396053857050572722e-01
2.365340739490000288e-01,2.604623973169257756e-01
2.257324606179999804e-01,2.027664337663106497e-01
2.135377526280000104e-01,2.047556553994195339e-01
1.833177059890000182e-01,2.295895461087928136e-01
2.036423683169999999e-01,2.683322521154946627e-01
2.443349212410000082e-01,1.932288796981475876e-01
2.420464009050000143e-01,8.276067479543230965e-02
1.904003769159999526e-01,1.382048190882251282e-01
1.422279328109999907e-01,3.194868956060166187e-01
1.802364736799999811e-01,3.897338310638164272e-01
1.587783545260000040e-01,1.823499617475387302e-01
1.564234346149999955e-01,1.709198752629550733e-01
1.458736360070000126e-01,2.235904344531831900e-01
1.534039974209999990e-01,2.419337813714986518e-01
1.587697118520000061e-01,1.966071320357954122e-01
1.766731888060000533e-01,1.827643373139211658e-01
1.735716015100000065e-01,1.568589771913194431e-01
1.556300967930000223e-01,1.881707411797840512e-01
1.678923070430000108e-01,2.480360930734084035e-01
1.889611035589999766e-01,2.091192563777699576e-01
1.857852935790000048e-01,1.415011159832597065e-01
1.759144961829999798e-01,1.750848883775895093e-01
1.993034631010000002e-01,2.326159079517190198e-01
1.905056983229999890e-01,1.752213992479141613e-01
1.746108233929999920e-01,1.863182861888730002e-01
1.891844570640000001e-01,2.448712289144164833e-01
1.795153021809999805e-01,2.022811618094119968e-01
2.012605071070000251e-01,1.979420169811132169e-01
2.108775675299999763e-01,1.656678930975223063e-01
1.980962008239999794e-01,1.571717204824716330e-01
1.666497588159999987e-01,2.118991764256656085e-01
1.744651794429999958e-01,2.932436104752785822e-01
1.693953573699999993e-01,2.320516540113261028e-01
1.666028350590000040e-01,1.956114012273414970e-01
1.645158231259999937e-01,2.049617488168403445e-01
1.785626411439999728e-01,2.146226543911338158e-01
2.016437053679999980e-01,1.755953441021236294e-01
2.162254005669999868e-01,1.353034507105122519e-01
1.915986984970000084e-01,1.406553257113174471e-01
1.954402029510000083e-01,2.380609024467065515e-01
2.037038058040000210e-01,2.370431709799935005e-01
1.996463239190000016e-01,1.829859001163863796e-01
1.804761737589999915e-01,1.879232671505056684e-01
1.873520165680000182e-01,2.485247348753183427e-01
1.970120966429999843e-01,2.167950205281363452e-01
2.032908946279999851e-01,1.695812015993737876e-01
1.883477419610000425e-01,1.685200974010343244e-01
2.073840051889999925e-01,2.268283787192933443e-01
1.903086006639999883e-01,1.870287859413941323e-01
1.647335141900000133e-01,2.116208571136967420e-01
1.856785118579999949e-01,2.736325241511176065e-01
2.097074985500000099e-01,2.004694255103368905e-01
1.964578926559999994e-01,1.159707019276424861e-01
2.250059992069999848e-01,1.876879135607303350e-01
2.485178858039999994e-01,1.704305206798359951e-01
2.478968948129999794e-01,1.228802492219534664e-01
2.352291047569999849e-01,1.655665062261509890e-01
2.200151830909999606e-01,2.395642540415923449e-01
1.695966720579999976e-01,2.567383995214005399e-01
2.001868933439999443e-01,3.206384280591759173e-01
1.837853938339999993e-01,1.977437181469134386e-01
1.719795018430000100e-01,1.821396429981310128e-01
1.722060889009999762e-01,2.307034291730874487e-01
2.091183662410000255e-01,2.290109345758843118e-01
1.962699592110000169e-01,1.193206803902001484e-01
2.345576137300000308e-01,1.734966663880924409e-01
2.212668955329999965e-01,1.436950516668345224e-01
2.321032136680000191e-01,1.881142519485903553e-01
2.424474954610000288e-01,1.940197070416377623e-01
2.362180352210000167e-01,1.789042238750481462e-01
2.033241987229999492e-01,1.915988945218742301e-01
1.746149510150000472e-01,2.795771632807622642e-01
1.879347711800000154e-01,3.073050468968053228e-01
1.927646994589999885e-01,2.057495238889646971e-01
1.995158940549999760e-01,1.565277561660996797e-01
1.902115345000000013e-01,1.710026455630134778e-01
1.989603042599999982e-01,2.168147554371504526e-01
1.870438009499999499e-01,1.986480146678019920e-01
1.557538956400000008e-01,2.160745128255296688e-01
1.348650753500000021e-01,2.806462274496246967e-01
1.567980051039999934e-01,2.938433847190130566e-01
1.943633109329999942e-01,1.817513696993218464e-01
2.161478996279999898e-01,8.536925139301103360e-02
2.312179952860000387e-01,1.011484435142730037e-01
1.992108970879999941e-01,1.494073931740801386e-01
3.674222230910000331e-01,2.599716687392155667e-01
4.058226048949999942e-01,-6.878316053996026691e-02
4.052526056769999996e-01,-8.635835417281270687e-02
3.688966929910000303e-01,1.676446670543666750e-01
2.675450444220000001e-01,3.691976867489413783e-01
2.104666233059999947e-01,4.535278722485429626e-01
2.505743205550000074e-01,4.203838875291944777e-01
2.567990124230000171e-01,1.330992935040263003e-01
2.333147972819999694e-01,5.281384925713408784e-02
1.871584951879999847e-01,2.119767349430741465e-01
1.702336072920000165e-01,3.435287459416175859e-01
1.787967979910000116e-01,2.971376544675656817e-01
2.178041040900000058e-01,1.902685366896070540e-01
2.256611436609999854e-01,8.941523312903848497e-02
2.151906937359999994e-01,1.264591954117090800e-01
2.004701942210000143e-01,2.168663926877232306e-01
1.993511021139999784e-01,2.607651234532852302e-01
2.054219990969999576e-01,2.247855476500280891e-01
2.202302068469999818e-01,1.833968836310801986e-01
2.543391883370000328e-01,1.557565875385180099e-01
2.307367920879999923e-01,1.117870773102247334e-01
2.086869627239999747e-01,2.038467791871612922e-01
1.803357303139999923e-01,2.857751638623997059e-01
1.733369380239999924e-01,3.007362185956675704e-01
1.888285428290000234e-01,2.395078867031532055e-01
1.801446974280000168e-01,1.673727512020184993e-01
1.690454930070000028e-01,1.874923104137504182e-01
1.937783956529999796e-01,2.361593092556338591e-01
1.963465064759999934e-01,1.721270431837384762e-01
1.779485940929999843e-01,1.593877577260404688e-01
1.642222702499999964e-01,2.340246976137103363e-01
2.063633054490000007e-01,2.657380399457786035e-01
2.183381021019999979e-01,1.343976970956759498e-01
1.926020979879999873e-01,1.122147681432017485e-01
1.817457973960000250e-01,2.351129080844916175e-01
1.791574060919999822e-01,2.757277333482195392e-01
1.796555072069999648e-01,2.248381123623996725e-01
1.755983978510000099e-01,1.932076924199050416e-01
1.700639575719999907e-01,2.062340029833870103e-01
1.699959039689999951e-01,2.192850291197027401e-01
1.770231574769999816e-01,2.111473632090065389e-01
1.734361052510000056e-01,1.872569566673027985e-01
1.864347159860000047e-01,1.992656311738161545e-01
1.702874004839999844e-01,1.814624844600883635e-01
1.785273402929999920e-01,2.209979082808066764e-01
1.290820986030000173e-01,2.075399516661443067e-01
1.158849000929999956e-01,3.007412310247666309e-01
1.127520129079999933e-01,2.972289062668482251e-01
1.570463031529999998e-01,2.352352243290765643e-01
1.757429093120000119e-01,1.032109193434509464e-01
1.788239777089999927e-01,1.025590614650518650e-01
2.061250060799999784e-01,1.710453330915277792e-01
2.961472272869999922e-01,1.550700611766909764e-01
2.668476104740000188e-01,-7.121996829500178844e-03
2.756402194500000014e-01,1.380420028520941422e-01
2.648843526840000129e-01,2.431273707323143296e-01
3.272587060930000069e-01,2.461955931559724475e-01
2.934317588809999822e-01,7.452056601713016870e-02
2.612319886680000147e-01,1.794762959418628734e-01
2.073775231839999900e-01,3.076271803508931479e-01
1.807138323779999833e-01,3.752631976014967341e-01
1.843436211349999965e-01,2.949977681911576943e-01
2.054681032900000093e-01,2.023957269318513164e-01
1.878930032250000215e-01,1.244448124255861376e-01
2.013643831010000218e-01,1.983734304131976600e-01
1.992990970609999912e-01,2.008270269656504681e-01
2.207290083170000417e-01,1.942213937721920525e-01
2.184396982190000003e-01,1.540291877207597138e-01
2.160932719709999783e-01,1.810461096224687538e-01
1.800702065230000148e-01,2.088660760533010419e-01
1.806241124869999992e-01,2.860885057357721584e-01
1.736052930359999746e-01,2.476732942636172552e-01
1.964215040210000318e-01,2.119169471205173683e-01
2.613951861859999948e-01,1.503152519770245277e-01
2.367069572210000195e-01,3.994369373062060802e-02
1.817331761120000166e-01,1.598245178840454472e-01
1.872550845150000032e-01,3.605918948331326424e-01
1.708921939130000067e-01,2.902649565226195216e-01
1.886087059969999979e-01,2.091924045363840190e-01
1.907265037299999966e-01,1.645377608788278490e-01
1.932464987040000415e-01,1.750534733520147934e-01
1.732929944990000137e-01,1.890273713411743939e-01
2.095063477749999625e-01,2.466321247743147038e-01
4.538556933399999771e-01,1.559361964900152775e-01
4.529328942299999938e-01,-2.894220076966396160e-01
4.376089870929998904e-01,-1.157498069958014797e-01
4.101786911490000742e-01,3.015792621056225808e-01
2.999480962750000201e-01,4.251277610695982090e-01
2.743109166620000261e-01,4.096027147387660272e-01
2.636764347549999665e-01,3.492638659682921753e-01
3.030085861679999715e-01,1.848422811641421415e-01
2.883977890009999934e-01,4.205273734565274230e-02
2.769187986850000227e-01,1.528039532164340575e-01
2.645944654940000085e-01,2.374260191948462106e-01
3.595731556419999864e-01,2.535182886950755332e-01
3.489974141120000262e-01,2.093954857549404705e-02
3.149650990960000119e-01,8.073681972007983043e-02
2.530409693719999908e-01,2.849349038799324219e-01
2.099061757329999944e-01,4.137988867967051787e-01
2.237384021280000024e-01,3.426445446995854960e-01
2.169338017699999344e-01,1.885613466944756345e-01
2.123453021049999945e-01,1.499076617876595185e-01
2.144929021599999985e-01,1.982512786288041506e-01
2.123427987100000303e-01,2.069276345863063082e-01
2.086919993160000208e-01,1.975108664379638113e-01
2.024399936200000361e-01,2.083543140867075427e-01
1.932131946090000219e-01,2.185106537106732416e-01
1.812405437229999972e-01,2.265766937513443435e-01
1.841152161359999873e-01,2.362753153177552523e-01
2.009199708700000198e-01,2.088846456972759669e-01
1.946409046650000030e-01,1.589842639824124992e-01
1.966055035590000000e-01,1.872297473645051225e-01
1.737543940540000054e-01,2.083455966367361856e-01
1.790176033969999858e-01,2.523731591543401098e-01
2.000912129879999779e-01,2.202127299889999890e-01
1.695824414490000043e-01,1.511282680900044584e-01
1.927433013919999938e-01,2.281660028136694995e-01
2.038794755939999925e-01,1.996524497708140333e-01
2.095497995620000109e-01,1.538285969707991752e-01
2.050999999049999967e-01,1.643767730514291980e-01
1.882844567299999938e-01,2.116832281929878490e-01
2.005678713319999917e-01,2.463667275008902535e-01
1.948222815989999746e-01,2.007519855455547897e-01
1.851616054770000019e-01,1.929556519020149130e-01
1.811457574369999823e-01,2.233001767635197088e-01
1.909579336640000180e-01,2.278781961008248258e-01
2.015465050940000169e-01,1.843712362651746262e-01
1.874635964629999818e-01,1.628097204324735758e-01
2.141287922859999859e-01,2.152986989003080054e-01
2.041694968939999910e-01,1.706849664796046828e-01
2.533474564550000085e-01,1.880531201052591250e-01
2.678037881850000024e-01,1.116937730324236294e-01
3.017286956309999657e-01,1.143533628746869757e-01
3.658618927000000243e-01,1.146808949010644785e-01
3.397559225559999563e-01,5.908141575578929744e-02
2.932764291759999975e-01,1.736540437604948139e-01
2.594402134420000228e-01,3.500811081000995140e-01
1.747480928900000119e-01,3.543802401529537183e-01
1.857970058920000167e-01,3.775836718671136683e-01
2.116256058219999903e-01,2.510759887334059748e-01
2.045923024419999958e-01,1.029259071295343109e-01
2.080095559360000124e-01,1.422236973037002417e-01
2.008861005310000059e-01,2.096037209073365604e-01
2.219119668010000324e-01,2.203594473037109036e-01
2.171941995620000065e-01,1.646376058851131974e-01
2.135767042640000224e-01,1.818273547640343879e-01
2.023674994709999952e-01,2.125300254645256237e-01
1.955586671829999956e-01,2.362073449090771327e-01
1.969362944360000256e-01,2.268188845637247875e-01
1.962438523770000387e-01,2.045197595875570817e-01
2.066201269630000281e-01,1.952476244465947419e-01
2.266834974290000138e-01,1.781900747371568949e-01
2.307016998529999863e-01,1.464628532280766171e-01
2.064162045719999949e-01,1.652305472856757940e-01
2.136748582119999684e-01,2.494875998622094471e-01
2.115589976309999731e-01,2.270621406535257014e-01
2.210098206999999981e-01,1.932618144083713407e-01
2.002004534010000114e-01,1.731327116459780990e-01
2.026610970500000164e-01,2.322810753484450819e-01
1.840810924770000245e-01,2.234327013401838646e-01
1.918098330499999893e-01,2.377255646557299429e-01
1.945068985220000102e-01,2.018927462705627784e-01
1.860962957140000207e-01,1.852014954526934043e-01
3.239021003249999975e-01,2.085059853329400137e-01
2.998737990859999814e-01,-5.478038606959325513e-02
2.647733092310000091e-01,6.051684570571473631e-02
2.435151785609999953e-01,3.137472218332269525e-01
1.468971520659999863e-01,3.505700977142209851e-01
1.675205081699999987e-01,3.994694664162389830e-01
1.691907048229999710e-01,2.640222113584987929e-01
1.851512044669999801e-01,1.517457701602729359e-01
1.919896006579999981e-01,1.294300484479578850e-01
1.983390152450000277e-01,1.736093383086984854e-01
2.193651050329999963e-01,1.812278013962057011e-01
2.147694528099999833e-01,1.562129206125664194e-01
2.910268306730000032e-01,1.844146728889668185e-01
2.744570672509999976e-01,6.010308190388003596e-02
2.695364058020000009e-01,1.365139484123811808e-01
2.071107774970000204e-01,2.376859521581436985e-01
1.958816945549999577e-01,3.637839905572861632e-01
1.965135931969999861e-01,2.928225280139533648e-01
1.876440942289999969e-01,2.015019112827369507e-01
2.025545984510000175e-01,1.858153113436402937e-01
1.871117651460000031e-01,1.783099525700949373e-01
1.973968744280000243e-01,2.124556129121631942e-01
2.005362063649999971e-01,1.991141525375157983e-01
2.371928393840000149e-01,1.857721831587033356e-01
2.252300232649999678e-01,1.170487811384920140e-01
2.096156179900000305e-01,1.785376485673158542e-01
1.828726381060000183e-01,2.523225714750753079e-01
2.188799381260000398e-01,2.908624661367549824e-01
2.092117965219999765e-01,1.557015353241357480e-01
2.991323173050000062e-01,1.618369068717590009e-01
3.725849986079999843e-01,2.815832444881940025e-02
3.703671991829999843e-01,-4.272965068031012864e-02
3.411498963830000286e-01,1.154274860425476695e-01
2.537753880020000019e-01,3.163851547929423802e-01
2.660570144650000191e-01,4.449279965816623772e-01
2.583504617210000132e-01,2.698999934432947945e-01
2.349327653649999903e-01,1.497412103879449119e-01
1.964800357820000176e-01,1.985987411084457477e-01
2.010751813650000219e-01,3.116204733738879296e-01
2.233009040360000030e-01,2.334532470883801114e-01
2.107799947259999807e-01,1.320755062831272808e-01
2.084790617230000143e-01,1.782545109925677829e-01
2.135446965689999921e-01,2.257781555190536693e-01
2.063921540979999636e-01,2.012114441657376906e-01
1.915937960150000119e-01,2.017446550232129543e-01
1.907173544170000234e-01,2.398771496377771761e-01
2.065229862929999771e-01,2.244175467012032577e-01
2.108760029080000431e-01,1.656948642946096673e-01
1.930121034380000433e-01,1.644419611680461302e-01
1.988846510650000288e-01,2.323395290075240260e-01
2.141418010000000205e-01,2.200756885313810696e-01
2.070428282019999844e-01,1.620618509329166679e-01
3.285667896269999777e-01,1.872362339785968721e-01
4.495427012439999759e-01,-2.321698679488660641e-02
4.017376005650000748e-01,-1.650765109822869003e-01
3.919491171839999399e-01,1.444475725603073801e-01
3.275258541109999921e-01,3.775884555671478737e-01
2.748836874960000065e-01,3.962298608242516562e-01
2.869270443920000080e-01,3.209529584668164293e-01
2.935220301149999989e-01,2.063842095286795020e-01
3.149933218959999892e-01,1.017501520768729906e-01
3.063029944900000356e-01,1.130011504570396785e-01
2.829472124579999748e-01,1.904993670063648281e-01
2.236190885309999876e-01,2.578658626304940471e-01
2.047974467280000155e-01,3.524979436108377495e-01
1.970064640049999927e-01,3.014957854145423610e-01
2.168944925069999918e-01,2.149713670581092362e-01
2.222929000849999948e-01,1.360675683855006590e-01
2.163385450839999946e-01,1.531100259303138367e-01
2.129120975730000032e-01,2.031273629420832505e-01
2.239284068350000101e-01,2.237129893453806972e-01
2.111652940509999854e-01,1.836509349304565053e-01
2.037166059019999975e-01,2.072622464963007616e-01
1.949672847989999958e-01,2.318317007776387328e-01
2.212041467430000130e-01,2.318329971644913223e-01
2.242754995819999930e-01,1.524872243079941070e-01
2.110134959219999995e-01,1.543685316883023351e-01
1.880159825090000070e-01,2.212787710366121707e-01
1.926469951869999864e-01,2.766315975630239676e-01
1.927028000349999826e-01,2.223918620480183350e-01
2.360453009609999875e-01,1.868799507794433601e-01
2.494726628070000063e-01,1.040626374721710101e-01
2.352280020710000030e-01,1.163620121169726268e-01
1.843072175980000060e-01,2.134962022046604235e-01
1.996876001359999819e-01,3.423840815532194770e-01
1.958325058219999859e-01,2.417204506122637986e-01
1.888218969110000145e-01,1.750877859025843086e-01
1.885980367660000101e-01,1.998142324586948682e-01
1.783643960949999885e-01,2.174969988155970035e-01
1.893583983179999986e-01,2.213751706454221146e-01
1.769174039359999728e-01,1.907842369066202193e-01
1.822073012590000041e-01,2.124068414131526639e-01
1.726381331679999742e-01,2.055028739364081758e-01
1.796488463879999664e-01,2.188257169174518402e-01
1.893453001979999994e-01,1.971760369716775152e-01
2.041255980730000141e-01,1.746432293796792434e-01
2.021193057299999762e-01,1.555629426448757735e-01
1.950753927230000073e-01,1.886151889790849967e-01
1.913484036919999853e-01,2.231611104065134299e-01
1.940153539180000386e-01,2.242877561089389737e-01
2.548274099830000194e-01,1.995773832065929343e-01
2.428829520939999875e-01,7.179351502104243388e-02
2.269057929519999739e-01,1.397546904764553344e-01
2.461629658940000243e-01,2.545826384457052782e-01
2.363652586939999911e-01,2.075649858623216659e-01
2.234285175800000134e-01,1.827584979991009051e-01
2.153740972279999943e-01,2.316744974107886601e-01
2.169086933140000062e-01,2.401068981455136975e-01
1.956495195630000294e-01,1.999580457621432938e-01
1.911730021240000132e-01,2.336222906100383634e-01
1.911281347270000208e-01,2.349620896571261441e-01
1.682610064739999967e-01,2.060187022083418418e-01
1.873182952399999879e-01,2.399278729696143198e-01
1.789516657589999837e-01,1.925859274703188850e-01
1.870546638969999842e-01,1.925639957252806012e-01
2.044772058730000008e-01,1.899159635020797876e-01
1.983377933500000412e-01,1.618021056722757922e-01
2.032073587180000251e-01,1.877111585260674842e-01
2.265556752679999952e-01,2.039944212828905812e-01
2.234009951350000023e-01,1.532457129075900093e-01
2.426621168849999732e-01,1.724858708161919885e-01
2.588768005370000180e-01,1.694471295340216621e-01
2.521358132360000393e-01,1.504633210122967579e-01
2.280115038159999941e-01,1.900773533281585881e-01
1.778044104579999951e-01,2.659833073268929593e-01
1.634968966249999989e-01,3.402206678821826369e-01
1.860933601860000064e-01,2.912024506144404445e-01
1.859123855829999672e-01,1.581336469763402197e-01
1.739067137240000172e-01,1.502868242681408006e-01
1.785075962540000061e-01,2.240108936708365972e-01
1.885641068220000049e-01,2.178203523977027267e-01
2.542034089569999988e-01,1.749322682317823174e-01
2.529518902300000316e-01,5.154095775689909731e-02
2.264477610590000245e-01,1.159190284513625796e-01
2.110380530360000118e-01,2.640878056566250409e-01
2.390624135729999822e-01,2.947850803376489970e-01
2.233908027409999830e-01,1.583006261907299317e-01
2.384739071129999832e-01,1.770502514288108120e-01
2.096938937900000022e-01,1.858442977577303146e-01
2.205873429780000061e-01,2.473094378841756980e-01
1.979559957979999951e-01,2.099783874407535889e-01
2.239636480809999997e-01,2.345091629370049946e-01
1.824693381790000180e-01,1.653904817388786863e-01
1.944653987880000379e-01,2.523254849119953014e-01
1.623506993060000181e-01,2.253652397881009684e-01
1.634901016950000008e-01,2.597456144577849901e-01
1.519308984280000052e-01,2.279969215397961713e-01
1.773174256089999623e-01,2.297715905467667408e-01
2.009179741139999753e-01,1.555689974125671893e-01
1.831925064329999742e-01,1.201154330357657452e-01
1.519723981620000053e-01,2.039300036356080092e-01
1.608350872990000069e-01,3.022836324772996686e-01
1.576898992060000171e-01,2.359865490682680478e-01
1.789468824859999918e-01,1.905961373872320508e-01
1.863833963870000221e-01,1.539404998171019223e-01
1.762941032649999740e-01,1.617334047578229683e-01
1.410365849730000065e-01,2.135415733092357049e-01
1.918971985579999984e-01,2.991381681288847183e-01
2.020718008279999978e-01,1.486478487736041798e-01
2.467120736839999995e-01,1.076594467646674880e-01
2.503778040410000183e-01,8.837414272526086800e-02
2.420776039360000020e-01,1.501055986695028488e-01
2.059547007079999548e-01,2.191727267919403865e-01
1.608465462920000144e-01,3.030778706187456373e-01
1.329861283299999808e-01,3.418369409609813281e-01
1.673102676869999972e-01,3.142370914260914083e-01
1.795337647199999609e-01,1.509496858473210190e-01
1.848126053810000002e-01,1.144529496782770994e-01
2.060592025519999981e-01,1.681788930420124728e-01
1.993591934439999935e-01,1.626378369253600464e-01
2.019896209239999962e-01,1.910006203107399714e-01
1.895201951269999963e-01,2.085234275559939843e-01
2.597720026969999596e-01,2.310691901472035070e-01
2.444770485159999951e-01,7.381467466201198369e-02
2.407727241519999617e-01,1.348054998057366394e-01
2.282528877259999978e-01,2.292626691034334585e-01
1.719890981910000005e-01,2.580486735707988033e-01
2.107089906930000034e-01,3.216039949001621712e-01
2.091155946250000119e-01,1.933826096218146384e-01
1.978048980240000032e-01,1.399478537806626011e-01
2.423519939180000249e-01,2.053863760178267495e-01
2.733131051059999872e-01,1.409791272510749205e-01
2.591018974779999984e-01,7.642076441185806368e-02
2.398502230640000010e-01,1.844355699867727405e-01
2.027270048860000118e-01,2.792028989599989464e-01
1.646265089510000057e-01,3.116811007106721210e-01
1.514579057690000063e-01,3.167070700157954555e-01
1.715828478339999907e-01,2.671250694426600125e-01
2.222049087290000058e-01,1.601296172838375664e-01
2.350890487429999898e-01,5.716962900216796678e-02
2.281305044889999634e-01,1.030544513677805196e-01
2.251530140639999844e-01,2.069744483686692116e-01
2.360830008979999950e-01,2.364272850665847803e-01
2.331852018829999873e-01,1.858555068916136199e-01
1.995675563809999886e-01,1.856449975738899971e-01
2.020958065989999775e-01,2.704978579451431386e-01
1.845946013929999907e-01,2.445949330558194745e-01
1.881015300749999952e-01,2.277861825390391226e-01
2.119678109879999939e-01,2.030327611345222327e-01
2.234034091230000241e-01,1.476942394289973981e-01
2.446219176049999888e-01,1.385216918333199154e-01
2.418016940359999645e-01,1.453419414702812607e-01
2.144879996780000020e-01,1.869143007719069327e-01
2.017266303299999897e-01,2.647772923829506131e-01
1.734066754580000091e-01,2.713715578657056038e-01
1.667926013469999968e-01,2.707790949577074113e-01
1.653245985510000127e-01,2.399860600094850249e-01
1.766120344399999820e-01,2.079174389587110372e-01
2.292105853560000295e-01,1.709675099116150510e-01
2.151339054109999982e-01,7.764426404976905449e-02
2.032367140049999854e-01,1.580537436259886741e-01
2.899451851839999761e-01,2.520853420296718661e-01
3.044671118260000031e-01,6.453321098741468531e-02
2.927406132220000123e-01,4.652944812373604327e-02
2.604539990429999841e-01,2.071350685633490951e-01
2.598164081569999673e-01,3.203306022232668693e-01
2.464921027420000077e-01,2.443574900898725089e-01
2.179778963329999930e-01,2.082052346482714811e-01
2.073534131049999674e-01,2.519815090492600884e-01
2.050486057999999778e-01,2.551059164893929032e-01
2.097736448049999924e-01,2.072128651084235162e-01
2.061820030209999821e-01,1.784176258344623289e-01
1.972219944000000447e-01,1.962356941967578761e-01
1.988296955820000045e-01,2.231229476510401821e-01
2.057753950360000361e-01,2.113377270695922239e-01
2.033157944680000218e-01,1.821522902197619809e-01
1.759992837910000218e-01,1.927625513389716883e-01
2.031327337029999736e-01,2.620031929939342086e-01
2.274394929410000210e-01,1.856732993654079122e-01
2.340615987779999796e-01,1.118827787370030025e-01
2.466137260199999792e-01,1.451404732427084565e-01
2.308412343259999833e-01,1.783118062455020525e-01
2.145392149689999972e-01,2.244728156124343454e-01
1.903560012579999794e-01,2.570667405809737849e-01
2.080181986090000046e-01,2.744193288806933140e-01
2.246207594869999991e-01,1.868664927297978284e-01
2.103735655550000305e-01,1.329009691695672846e-01
1.986407041550000141e-01,1.976747282352304125e-01
1.817755550150000066e-01,2.523102493848012329e-01
1.930263042450000022e-01,2.571732009475709013e-01
1.930966228249999805e-01,1.936516472890490170e-01
1.897509992120000044e-01,1.800156834774528092e-01
1.693823039529999963e-01,2.027065731339086352e-01
1.858561486009999986e-01,2.532758903781807680e-01
1.774827986960000048e-01,1.961015513370168717e-01
1.667204946280000100e-01,1.950249002774912255e-01
1.615741997959999898e-01,2.302978395223927999e-01
1.936000734570000048e-01,2.346637204931650567e-01
2.084788978100000079e-01,1.406231229899436719e-01
2.083924710750000298e-01,1.243424715513966050e-01
1.912561953069999710e-01,1.813527525652066374e-01
1.796658039089999992e-01,2.490171865626508996e-01
1.821167021990000301e-01,2.547012239373935283e-01
2.010916024449999895e-01,2.112204259790800842e-01
1.848223060370000059e-01,1.519110683620931435e-01
1.947717964649999800e-01,2.052131187151119696e-01
1.730353981260000229e-01,2.058653254820836942e-01
1.828583031890000099e-01,2.396414384905322381e-01
1.498861461880000023e-01,2.060298621123856366e-01
1.527018994090000026e-01,2.611871224381440704e-01
1.779081076379999959e-01,2.360589049002794759e-01
1.696159988640000005e-01,1.503740912792187745e-01
1.754582375290000273e-01,1.755327328351876104e-01
1.580465734000000011e-01,2.046503296470937594e-01
1.843986064199999997e-01,2.401440528020876708e-01
1.731242984530000084e-01,1.701464689641705996e-01
1.698645055290000094e-01,1.920273232917225625e-01
2.204860746860000387e-01,2.208603769941706318e-01
2.881226837640000205e-01,1.120169468198890100e-01
2.816658914090000021e-01,-5.406725483247042455e-03
2.804358899590000398e-01,1.234571182784613419e-01
3.555045723920000067e-01,2.385149842334434167e-01
3.446882963180000203e-01,9.123249901612583146e-02
3.495651185509999759e-01,1.119329479020524237e-01
3.308182954789999908e-01,2.154980630552754406e-01
2.400473654270000312e-01,2.664813135092533036e-01
1.951503008599999867e-01,3.818685043777724775e-01
1.843069046739999883e-01,4.008513782130702086e-01
1.784625351430000062e-01,2.468170860990273607e-01
1.679867953059999974e-01,1.668893467103230721e-01
1.683609932660000141e-01,2.109919666597409316e-01
2.073428332810000052e-01,2.123462451316687205e-01
3.081569075580000150e-01,1.195929860721687971e-01
3.016481101509999596e-01,-5.308002613989192681e-02
3.267253041270000158e-01,7.937580767798932402e-02
2.592641115190000289e-01,1.891783618611806717e-01
2.114182710650000241e-01,3.430800377359610742e-01
2.050412595270000027e-01,3.794260020388121046e-01
2.347255051140000048e-01,2.750312654736619122e-01
2.621370851990000306e-01,9.811230699601893035e-02
2.531891763210000201e-01,8.013572847306034419e-02
2.543610632420000295e-01,1.794788883821863412e-01
2.207816988229999999e-01,2.244815493135425832e-01
2.424586564300000302e-01,2.749274166150489362e-01
2.450377047060000035e-01,1.942159648202854416e-01
2.463154047729999852e-01,1.592096393018043177e-01
2.298433184620000125e-01,1.776197597322305699e-01
2.683678865429999782e-01,2.395060670231042299e-01
2.317014038559999656e-01,1.448546672501360710e-01
2.536134123800000140e-01,2.164098339902936763e-01
2.278259247540000143e-01,2.003300136032836187e-01
2.511056959629999752e-01,2.334906963333225061e-01
2.406570017340000089e-01,1.694378795790146275e-01
2.355776131150000285e-01,1.943681740595456786e-01
2.084955275060000057e-01,2.117449852599477544e-01
2.014831006530000135e-01,2.693792588946658517e-01
2.134985029700000314e-01,2.435053421026212306e-01
1.968656927350000141e-01,1.790436120361363626e-01
1.748276948930000407e-01,2.045919271742605017e-01
1.675257831810000042e-01,2.673032926292353006e-01
1.819289028640000139e-01,2.511567083923803567e-01
2.163158357140000099e-01,1.744969006569689063e-01
1.956270039080000300e-01,1.036700890196302210e-01
1.841740161179999946e-01,1.950843130140529902e-01
2.603065371509999948e-01,2.610482796891022139e-01
2.706716060640000365e-01,7.541666127729473867e-02
2.765875160690000056e-01,6.659077705743743358e-02
3.321622908119999940e-01,1.766518762216089944e-01
3.372164070610000342e-01,1.202298742928590847e-01
3.424106836320000014e-01,1.195446329286723453e-01
3.502804040910000305e-01,1.933844991449235329e-01
3.334882259370000046e-01,2.079837696636846756e-01
3.048415184020000224e-01,2.163132329850299407e-01
2.241699099539999906e-01,2.712932227814743857e-01
2.231916040179999783e-01,3.865526698384268989e-01
2.127934992309999940e-01,2.828168316191588261e-01
2.555466890340000186e-01,1.847394558481534610e-01
2.643494009969999947e-01,8.154934913785695516e-02
2.531680464739999858e-01,1.218292344558618429e-01
2.339650541540000128e-01,2.084179756928987437e-01
2.333215028050000250e-01,2.721629586352811159e-01
2.242033332589999928e-01,2.267671325781838443e-01
2.012783437970000200e-01,2.077207420869634780e-01
1.966407001020000211e-01,2.473372672773581638e-01
2.178835868840000300e-01,2.386865039610329975e-01
2.213913053269999931e-01,1.565479542495150367e-01
1.959984004500000265e-01,1.536601330639073559e-01
1.992403119800000288e-01,2.470508037879282359e-01
1.625297963619999897e-01,2.376878115784593626e-01
1.901159286500000156e-01,2.719809703570423287e-01
1.898488998409999795e-01,1.845396594165959747e-01
2.000212967400000208e-01,1.643593521386574052e-01
1.874057054520000265e-01,1.693134582532645205e-01
1.881960034370000201e-01,2.237061737712783549e-01
2.220781892539999691e-01,2.180113036952051886e-01
2.257640063759999982e-01,1.344671135541669893e-01
2.163868844509999889e-01,1.421088370453147398e-01
1.905837059019999669e-01,2.171335764417771375e-01
2.389943003649999953e-01,2.799215649180276655e-01
2.126784026619999990e-01,1.375793132356137871e-01
2.203326970339999913e-01,1.802897097421281847e-01
1.995152980090000028e-01,2.136962941255654003e-01
1.767843067650000100e-01,2.499117368050778332e-01
2.036905288699999983e-01,2.638361548730441264e-01
1.890024542810000152e-01,1.783576132906231626e-01
1.914628148079999814e-01,1.842336810888525467e-01
2.303853929040000081e-01,2.097270922028413864e-01
2.602671086789999921e-01,1.282458804830137744e-01
2.651697993279999999e-01,8.217972767645793930e-02
2.410915046930000583e-01,1.536552103910769906e-01
2.030028998850000044e-01,2.595585463175780760e-01
2.060085982080000211e-01,3.221722601805703801e-01
1.778325885530000205e-01,2.423050398612238143e-01
1.719783544540000042e-01,2.363829030297452394e-01
1.757052987809999689e-01,2.348338647589856554e-01
1.694041937590000102e-01,2.022068637971046745e-01
1.635388135910000040e-01,1.997773773261161123e-01
1.943304240699999796e-01,2.226647624150905613e-01
2.042852044110000098e-01,1.487928581794074889e-01
2.030708640810000021e-01,1.375649995565832451e-01
1.812596023079999785e-01,1.902091315775229496e-01
2.182700932030000041e-01,2.599273799958168318e-01
2.186232060190000104e-01,1.593063116720233874e-01
2.044367194179999569e-01,1.474429910109671671e-01
1.787614673380000241e-01,2.229887991442499884e-01
2.417660057539999519e-01,2.879070997187559988e-01
2.367322593929999941e-01,1.064976303716602818e-01
2.201220840219999808e-01,1.163121907768571855e-01
2.190245538950000292e-01,2.352104286379111675e-01
2.470148950820000300e-01,2.501394784478648270e-01
2.227835953240000222e-01,1.394455666183050946e-01
2.453936934469999886e-01,2.011117577687185631e-01
2.456143051390000109e-01,1.888887184650945295e-01
2.149323076009999889e-01,1.774265662818378109e-01
1.782320737840000502e-01,2.500297123200155291e-01
1.983320713039999628e-01,3.265130268264780367e-01
1.837121993299999645e-01,2.049599771830508677e-01
2.150899022819999784e-01,1.861123785845367196e-01
2.187249064449999780e-01,1.437602592556692649e-01
1.953707039359999786e-01,1.575596070383579461e-01
2.260476946829999834e-01,2.398892102399809434e-01
2.273865938190000047e-01,1.829803867913545323e-01
2.131565511230000265e-01,1.548163915643191446e-01
1.765360683200000169e-01,2.193002621970007449e-01
2.150828540329999816e-01,3.078884833614978778e-01
3.349621891979999710e-01,1.704814368985907991e-01
3.160460889339999913e-01,-9.303826348836206905e-02
3.057914972309999646e-01,6.281546634612548974e-02
2.454170137640000193e-01,2.771976554637967105e-01
2.043210864070000021e-01,3.879011593002256175e-01
2.795807123180000242e-01,3.404113988372018396e-01
2.639636099339999764e-01,8.345435340323896500e-02
2.800608277320000283e-01,8.597051889161318183e-02
2.840686142440000395e-01,1.774776500157580206e-01
2.698352336879999980e-01,2.018088845898148298e-01
2.565046846869999952e-01,2.110281485965833925e-01
1.737418919799999795e-01,2.497336923775742568e-01
1.598615348340000075e-01,3.808789545744859506e-01
1.806169450279999644e-01,3.294100122724525903e-01
1.780257374049999952e-01,1.612933042073936840e-01
1.924792230129999948e-01,1.420771382996080523e-01
1.990472823380000089e-01,1.728011648827652569e-01
1.957502663139999710e-01,1.760509059739987503e-01
1.883261650800000242e-01,1.994424218506356539e-01
1.797540038819999686e-01,2.273089482757144064e-01
1.916811913249999999e-01,2.320511578082659898e-01
2.141620814799999883e-01,1.873243513318516851e-01
2.216559946539999881e-01,1.360987430772702678e-01
2.209348082539999703e-01,1.526988359886261026e-01
2.184751033780000240e-01,1.978841829259473106e-01
2.180604040619999739e-01,2.156972819506335626e-01
2.504481077190000016e-01,2.067754556889237760e-01
2.412912994619999807e-01,1.342853717080859099e-01
2.391991466279999590e-01,1.718123116400215311e-01
2.296963632110000098e-01,2.184105911585123849e-01
2.403284162280000247e-01,2.339390791330360764e-01
2.240518331529999796e-01,1.841991668709919705e-01
2.023217231040000119e-01,2.138825784046495537e-01
2.082566022870000200e-01,2.612315108101053163e-01
2.085203975440000079e-01,2.197807007186118045e-01
1.949775964020000196e-01,1.811080053724381800e-01
1.989800930020000080e-01,2.186086196435998719e-01
1.869141757489999889e-01,2.135751135307747961e-01
1.943044960499999974e-01,2.194203086010309001e-01
2.154057025910000034e-01,1.974289704059585537e-01
2.246519029140000012e-01,1.489667811424240096e-01
1.886185854669999717e-01,1.489908378298723524e-01
1.838601976629999635e-01,2.659588793084349811e-01
1.893669962880000224e-01,2.695277034372030589e-01
1.995205432180000016e-01,1.974235147394912682e-01
1.813428401949999658e-01,1.575717111536435455e-01
1.920076012609999994e-01,2.239424654547321203e-01
2.081632465119999942e-01,2.076537205984882728e-01
1.980955004690000132e-01,1.568332793908200629e-01
2.022272646429999765e-01,1.933677965303287061e-01
1.925842463970000029e-01,2.117360219233923591e-01
2.055149674419999850e-01,2.209255026452658921e-01
1.921776980160000148e-01,1.838452246998072415e-01
1.974076032640000034e-01,2.117269879279680966e-01
1.978288739919999983e-01,2.057870956324751033e-01
1.947185993189999853e-01,1.974787768029610535e-01
1.929751932619999943e-01,2.019887811747714257e-01
1.787372082470000123e-01,2.113433775226607747e-01
1.773243993519999784e-01,2.333924327941439003e-01
1.954015046359999785e-01,2.232761754023145917e-01
1.786402463910000127e-01,1.654649697644909323e-01
1.929298043250000094e-01,2.066952528749115836e-01
1.924515962599999963e-01,1.963828832198899199e-01
1.982013732189999711e-01,1.892989066845494894e-01
2.029816657299999549e-01,1.850702687355648135e-01
2.076473981139999869e-01,1.892213949364503212e-01
1.996106952430000137e-01,1.852437038961872728e-01
1.837998628619999797e-01,2.135577969818217847e-01
3.492729067800000586e-01,2.468677947070427869e-01
3.385715782639999727e-01,-9.768690927251229283e-02
3.246645033359999988e-01,-5.996517463191476313e-03
2.590272426610000234e-01,2.576802293250702314e-01
2.013491839169999909e-01,4.253914246811283384e-01
2.125197052959999777e-01,3.822574160920291786e-01
2.082609981300000135e-01,2.263201987353788969e-01
2.026299685240000037e-01,1.435853963671004097e-01
1.967180371280000117e-01,1.903854473792719326e-01
1.891978979110000014e-01,2.246690953799480861e-01
1.683970987799999763e-01,2.220792949168423069e-01
1.529303938150000097e-01,2.522903191334391892e-01
1.571273952720000089e-01,2.610361981425920463e-01
1.925273537640000143e-01,2.126298958315492593e-01
2.034381031989999922e-01,1.167953996875839978e-01
1.979987621310000112e-01,1.271388684151440185e-01
1.713397651909999986e-01,2.011304893546963790e-01
1.605434864760000024e-01,2.777059148654478782e-01
1.448902040719999840e-01,2.656290367834463484e-01
1.455924957989999935e-01,2.478795240758242535e-01
1.324006021019999979e-01,2.148701572103141055e-01
1.147388964889999863e-01,2.292902079462093567e-01
1.390763670209999858e-01,2.585936068842295543e-01
1.773481071000000131e-01,1.806581001713305490e-01
1.872349977490000150e-01,8.924493325550136857e-02
1.716542839999999903e-01,1.265536708214669848e-01
1.901565045120000019e-01,2.290347268771813771e-01
2.085365056989999799e-01,1.987398768238982927e-01
2.105930447580000031e-01,1.420896045631503679e-01
2.011387944220000001e-01,1.674398373803115125e-01
1.981692165139999906e-01,2.256153732658756073e-01
1.862777769570000130e-01,2.273478577228739139e-01
2.313299924139999852e-01,2.294965806711912470e-01
2.665236890320000218e-01,1.213587521700347227e-01
2.672828137869999732e-01,6.713390126361480637e-02
2.530894875529999810e-01,1.493913530646566179e-01
2.939947843549999829e-01,2.486385460460466823e-01
2.766048014160000235e-01,1.540980419805615953e-01
2.432340085509999972e-01,1.725757698565681397e-01
2.223459333180000108e-01,2.833216211725422817e-01
2.186183035370000138e-01,3.018405324068590412e-01
2.029476463789999796e-01,2.161957713324179353e-01
1.907453686000000204e-01,2.142462494655836269e-01
1.951031982900000294e-01,2.355120332166701358e-01
2.226422727109999833e-01,2.051980846563290772e-01
2.252217978240000085e-01,1.311392966150615180e-01
2.214518934490000146e-01,1.531036945392441617e-01
2.066775113340000025e-01,2.081317279517961860e-01
2.097374200819999979e-01,2.466363927954143553e-01
2.612883150579999869e-01,2.141201739347760868e-01
2.342368513349999681e-01,8.911255978659997357e-02
2.237651944159999851e-01,1.765753033408008765e-01
2.170636057850000022e-01,2.636076690913762843e-01
2.301114946599999433e-01,2.470910405806625021e-01
2.086910158400000215e-01,1.658508989948149215e-01
2.047397941349999584e-01,2.188411118975953917e-01
2.222295254470000037e-01,2.349595896243484860e-01
2.279004752640000075e-01,1.733624965684578967e-01
2.129457294940000078e-01,1.542972881070704683e-01
1.926552951340000375e-01,2.220273134129556736e-01
1.835393011569999844e-01,2.697391353169254491e-01
1.722192019220000203e-01,2.478638874725718200e-01
1.875299960370000463e-01,2.289661273345911519e-01
1.739563494920000064e-01,1.771454346134980762e-01
1.938352584840000170e-01,2.057520901997662022e-01
1.973450034860000091e-01,1.769321003419642435e-01
1.942632943389999978e-01,1.726585313108541797e-01
2.034828513860000021e-01,1.994590950878893931e-01
1.873460412029999966e-01,1.945203762901771549e-01
2.008862048390000210e-01,2.230142148363284393e-01
1.905569285150000014e-01,1.950978915709674633e-01
1.927679926160000001e-01,2.066500721605437907e-01
1.832018047569999863e-01,2.055652038901116530e-01
2.027056962250000094e-01,2.230675890988086663e-01
1.902956068519999766e-01,1.707715841748402297e-01
1.815531253809999912e-01,2.006904452282576024e-01
1.891089975829999548e-01,2.344792779586478415e-01
1.840091049670000145e-01,2.051499211669663980e-01
1.819614022970000022e-01,1.967272749706784618e-01
1.854998767380000024e-01,2.106870198217142554e-01
2.226949036120000058e-01,2.004584812760479284e-01
2.071253955359999843e-01,1.191273831872720068e-01
2.009170949460000188e-01,1.813967433520456696e-01
1.885115951299999870e-01,2.389638483011649606e-01
1.943915784359999954e-01,2.486614596078909334e-01
1.774574071170000045e-01,1.984143885299720633e-01
1.960569024089999779e-01,2.250676870920031991e-01
1.895107030869999931e-01,1.822829448607273528e-01
2.074400931600000053e-01,1.912289663349314162e-01
2.042641043660000100e-01,1.686307213086545298e-01
2.000678032640000048e-01,1.898711251904949271e-01
1.733694821599999769e-01,2.126130049923362908e-01
1.849348992109999812e-01,2.690869856387860803e-01
1.688267737630000098e-01,2.127466596495875550e-01
1.914010494949999752e-01,2.166664640015589505e-01
1.822085529569999751e-01,1.685684117503959134e-01
2.055577039720000165e-01,1.941034992295798400e-01
2.419840693470000081e-01,1.622498753731861643e-01
2.256706357000000107e-01,1.036873651246090211e-01
2.096177935600000153e-01,1.814354284123810834e-01
1.874290108680000400e-01,2.672015343057221881e-01
1.834661066530000328e-01,2.815197340811472770e-01
1.931275576349999745e-01,2.292671040784296788e-01
1.979932039979999947e-01,1.779715860229648117e-01
1.810770928860000184e-01,1.692076782194389117e-01
4.031366109849999768e-01,2.291533968872754012e-01
4.604647159579999816e-01,-1.908473155348766048e-01
5.008617043499999921e-01,-1.824949106064443771e-01
4.378605186940000005e-01,1.051300704375858069e-01
2.561259269710000064e-01,4.055711330290485139e-01
2.273572981360000023e-01,6.619388967333649232e-01
2.201671004300000123e-01,4.857663293516076286e-01
1.984222531320000149e-01,1.262949891492325394e-01
1.943005025389999973e-01,1.111164518810191931e-01
1.805235445499999702e-01,2.221841008733478895e-01
1.998776346449999686e-01,2.294994998112024620e-01
2.088513970380000140e-01,1.708314845227371093e-01
2.052325755359999948e-01,1.541431126844163002e-01
2.000157982109999899e-01,1.921984694530650684e-01
1.864733994009999674e-01,2.246907029988756410e-01
1.736753731969999937e-01,2.392943256035253707e-01
1.885808259249999730e-01,2.446414016659949620e-01
1.996680051089999852e-01,1.857701503141660493e-01
2.059511989359999740e-01,1.529065831672298537e-01
1.754488945010000134e-01,1.698311148995998998e-01
2.038332223890000072e-01,2.620954090980957552e-01
2.094203978779999864e-01,1.898462366235114107e-01
1.958734989169999829e-01,1.516100988916180003e-01
1.724482625719999940e-01,2.110384816641776295e-01
1.776420623059999926e-01,2.798136191051736610e-01
1.713635921480000102e-01,2.246005592783803795e-01
1.787484437230000278e-01,2.016187841402610759e-01
1.702087521550000038e-01,1.878546865486665218e-01
1.913181245330000113e-01,2.124721830300649317e-01
1.938814073799999815e-01,1.692474141139081178e-01
2.021497935060000140e-01,1.705812241221051351e-01
1.973596364259999902e-01,1.796076532490421818e-01
1.818598955869999978e-01,2.079393076174952670e-01
1.518772840500000054e-01,2.415545561128764618e-01
1.797889769079999700e-01,2.892094032904205525e-01
1.766516566280000311e-01,1.832566041536134172e-01
2.190984636549999920e-01,1.644095345187736312e-01
2.368807047610000382e-01,1.109038461040058876e-01
2.723162174219999621e-01,1.168588695804884114e-01
2.842651307580000286e-01,1.079788870440425430e-01
3.610217571259999314e-01,1.468167039447234590e-01
3.393641114230000477e-01,5.182181649293547687e-02
2.713941931720000311e-01,1.557987939599822791e-01
2.359429746869999844e-01,3.751743835141272965e-01
1.764906942839999937e-01,3.964191737399778703e-01
1.933852136140000177e-01,3.302624140775384243e-01
2.070471495389999417e-01,1.941259925748858861e-01
2.076206952330000022e-01,1.248902441965449445e-01
2.084009945389999896e-01,1.567513277245631553e-01
2.094228416680000149e-01,2.059204105645926763e-01
1.959958970549999790e-01,2.029496359495188418e-01
2.029076218609999760e-01,2.267482598115976300e-01
1.715861856940000263e-01,2.052117971565378673e-01
1.853289008139999972e-01,2.556775075374091433e-01
1.865625381469999955e-01,2.112910521894543203e-01
1.824795007709999750e-01,1.817285347874043611e-01
1.865475177760000103e-01,1.978150931170543081e-01
1.910450011489999711e-01,2.047029946523293287e-01
1.947984993460000203e-01,1.876324720483415753e-01
1.942836940290000036e-01,1.868447514512777408e-01
1.823579072949999824e-01,1.995252527682047361e-01
1.863520592450000068e-01,2.290655714453178338e-01
2.122309356929999724e-01,2.115082134737606978e-01
2.061766982079999977e-01,1.423827767623204454e-01
2.002694308759999930e-01,1.738842437152353648e-01
2.036442905660000025e-01,2.247422630958517964e-01
2.041575908660000216e-01,2.118877049187251893e-01
2.072980999949999847e-01,1.918457218999462255e-01
1.624802798030000051e-01,1.913470194684430414e-01
2.047239691019999974e-01,2.909689959670755388e-01
1.887350976469999997e-01,1.763970386925904632e-01
1.948221027850000064e-01,1.753100384217809449e-01
1.866550594570000055e-01,1.965540768473439670e-01
2.063589692120000041e-01,2.248664809873789361e-01
1.990336924790000184e-01,1.662796024806943163e-01
1.980886012320000056e-01,1.912234683503663546e-01
2.041638940570000005e-01,2.113624941185937578e-01
1.967703551049999888e-01,1.972209527357349224e-01
1.815092116589999971e-01,2.046270417772988737e-01
1.704124957319999856e-01,2.429216595507376064e-01
1.662842035290000020e-01,2.478530253689686658e-01
1.620960831640000099e-01,2.226788469985241381e-01
2.050786018369999963e-01,2.116660303397578657e-01
2.152855992319999967e-01,1.163013966091235030e-01
2.119203954940000467e-01,1.211016447520454759e-01
2.017627954479999930e-01,1.951401217551535228e-01
1.966343224050000060e-01,2.427986874391071526e-01
1.994546651839999851e-01,2.288135599122766151e-01
1.848202943799999998e-01,1.995133380093595254e-01
1.885830014939999799e-01,2.226552902871383188e-01
1.749152988199999814e-01,2.120011912664966636e-01
1.777306050059999920e-01,2.253544157465115771e-01
1.724444031720000214e-01,2.099458224322318101e-01
1.696542352440000012e-01,2.107715278272770942e-01
1.860917955640000176e-01,2.114320019849545984e-01
1.783816069359999701e-01,1.737981082016776535e-01
1.954015940430000042e-01,1.944073298062694299e-01
1.979020982979999843e-01,1.779777704817519235e-01
1.943283975120000118e-01,1.791856617347296343e-01
1.862878054379999981e-01,2.037826079000284452e-01
1.807115972040000129e-01,2.297574485643829323e-01
1.901234537359999810e-01,2.251407797489252127e-01
1.879478991030000268e-01,1.883573625822000941e-01
1.885761320589999790e-01,1.902949773076319795e-01
1.930653005840000103e-01,2.022947096643032405e-01
1.887152642009999881e-01,1.953297284225552211e-01
2.012016028170000026e-01,2.038946864748969467e-01
2.029483020310000330e-01,1.826084368621187226e-01
1.880519986150000211e-01,1.822281999905231709e-01
1.938583850860000068e-01,2.286832594920790995e-01
1.818363368510000078e-01,2.149580371498646392e-01
1.934503465890000384e-01,2.181131352357076336e-01
1.825065016750000157e-01,1.888394079670243364e-01
1.718572974210000048e-01,2.102240618466817978e-01
1.888858973980000189e-01,2.356121797290486874e-01
1.934519559140000233e-01,1.857696583508465227e-01
2.148046046500000361e-01,1.649114762929749234e-01
1.987380981450000417e-01,1.490760267272575601e-01
2.087343037130000023e-01,2.113670712186218881e-01
1.829220354560000261e-01,2.058650351471336126e-01
1.861628442999999911e-01,2.476983230974392491e-01
1.987580806019999813e-01,2.239101235485100594e-01
2.008325010539999955e-01,1.736092563443696335e-01
1.991298943760000106e-01,1.698725176988126473e-01
1.789479851720000014e-01,2.041170322054914610e-01
1.960126012559999797e-01,2.504717510539932745e-01
1.769941002129999941e-01,1.948235500219383520e-01
1.811666339639999845e-01,2.158140246712476062e-01
2.170765548939999900e-01,2.130289258469583724e-01
2.228865027430000090e-01,1.282628081648012619e-01
1.981754004959999926e-01,1.333713012055304237e-01
1.650676876309999930e-01,2.472009870512708318e-01
1.990987807510000429e-01,3.183544098510266984e-01
1.952784955500000141e-01,1.768359469616515023e-01
1.885309964419999984e-01,1.503162108838659028e-01
1.826629936699999956e-01,2.105388938128503751e-01
2.290190458300000176e-01,2.356215735332427286e-01
2.735207974910000006e-01,1.131021595118659046e-01
2.842034697529999820e-01,4.641063946735368012e-02
2.687470018859999810e-01,1.202455650824444389e-01
2.419617027039999979e-01,2.390254635611096523e-01
2.585682272909999857e-01,2.941516480046141302e-01
2.487231940029999977e-01,2.017177145266947080e-01
2.237731963400000357e-01,1.797802059773710992e-01
2.095130234959999838e-01,2.478224550835643747e-01
1.998770385979999897e-01,2.671908002274201444e-01
2.012569010259999958e-01,2.290694573800576284e-01
2.061658948660000101e-01,1.963182247305522432e-01
1.921332776550000176e-01,1.813417088221881412e-01
1.658605039119999958e-01,2.188954722281978293e-01
1.724504977459999921e-01,2.761813145086635668e-01
1.866747587920000173e-01,2.257896842417236039e-01
1.559437066319999954e-01,1.572541832294852560e-01
1.450039297340000033e-01,2.384753453060689532e-01
1.372807174919999929e-01,2.726360944424929267e-01
1.404531002040000087e-01,2.408548245234616025e-01
1.343677937979999848e-01,1.993762885448664701e-01
1.512558013200000218e-01,2.119412673309739592e-01
1.571162044999999952e-01,1.770876343291701016e-01
1.624787002799999991e-01,1.711294634041697904e-01
1.773491054770000019e-01,1.842776757347699412e-01
1.815999448299999985e-01,1.709986356035330946e-01
1.852913051839999992e-01,1.763917474631429838e-01
1.884922981259999908e-01,1.919187475323701486e-01
1.918683052059999838e-01,1.962842557085874018e-01
2.261683344839999776e-01,1.926676450292177378e-01
2.014196962120000101e-01,1.287931901006196811e-01
1.973526030779999829e-01,2.057860488500724838e-01
1.941564679150000194e-01,2.470399378767251519e-01
2.078395932910000188e-01,2.251481061770193026e-01
1.838871985670000042e-01,1.659480538633362201e-01
2.030725032089999993e-01,2.297468928003480459e-01
1.920516937969999893e-01,1.944830446532505863e-01
1.887007951740000411e-01,2.015485345920160487e-01
1.887437999249999832e-01,2.151512246450961729e-01
1.873788982629999988e-01,2.129941605458658405e-01
1.891151070590000038e-01,1.999098132985536458e-01
1.895716041330000323e-01,1.990007760951331972e-01
1.892361938949999878e-01,1.986277154402066869e-01
1.986678987739999847e-01,2.016376015747139983e-01
2.600212097169999903e-01,1.836242917884252646e-01
2.536996603009999962e-01,6.527379294409681176e-02
2.486595213409999727e-01,1.296304694346415987e-01
2.238901853559999988e-01,2.277089360769798954e-01
1.916601955889999931e-01,2.816712246399794561e-01
1.912304460999999789e-01,2.924487574663268696e-01
2.217618972060000082e-01,2.380787522979108672e-01
2.349424958230000027e-01,1.234699060950059518e-01
2.342955172060000035e-01,1.183200520041603060e-01
2.245461940769999942e-01,1.855498323033892005e-01
2.107733041050000034e-01,2.337880265854045403e-01
2.195045053959999715e-01,2.457817465832981274e-01
1.867112517360000057e-01,1.984026992694622460e-01
1.782344579700000098e-01,2.486201951442351954e-01
1.810989975930000218e-01,2.576961013659966881e-01
1.992904990909999952e-01,2.085692782653545962e-01
2.188781946900000275e-01,1.465096717974687934e-01
3.330821096900000167e-01,1.339577688207385653e-01
2.986789345740000212e-01,-4.472800379849826286e-02
3.000943064689999829e-01,1.201998289158744404e-01
2.386572659019999820e-01,2.674565386534081823e-01
2.014694958929999502e-01,3.691815844608227204e-01
2.121156007049999903e-01,3.279454220794587593e-01
2.050123065709999748e-01,2.151708160526355218e-01
1.987702995540000239e-01,1.596814482168106564e-01
1.788948029280000296e-01,2.065497028050225781e-01
2.083670347930000055e-01,2.543391047770760527e-01
2.080235034229999946e-01,1.644215102859370725e-01
1.859974563120000146e-01,1.576848995699398626e-01
2.174742072819999816e-01,2.411516713366073927e-01
2.246447950599999854e-01,1.784488174027999974e-01
2.117234021429999780e-01,1.411870975117907323e-01
2.041544467209999714e-01,2.100652866521111051e-01
2.146971523759999834e-01,2.466507053853436993e-01
2.150782048699999838e-01,1.906001311589224922e-01
2.338068932289999735e-01,1.782374873393921533e-01
3.202091157440000169e-01,1.592539679500012684e-01
3.246116042139999824e-01,1.111428593926774670e-02
3.107064068320000150e-01,7.700716973889858152e-02
3.095698356630000037e-01,2.404894583880858860e-01
2.792485058309999713e-01,2.646474456544667397e-01
2.426900416609999722e-01,2.507078479601697052e-01
2.526278495789999745e-01,2.944113555711905805e-01
2.839281857009999799e-01,2.158094835176813941e-01
2.947731912139999744e-01,9.593394634190402503e-02
2.706804275510000246e-01,1.148298434376689714e-01
2.213104963300000227e-01,2.381446360375489291e-01
2.309004068370000273e-01,3.444450075075695672e-01
2.387782931329999747e-01,2.443566878792019781e-01
2.419604510069999770e-01,1.464881033114384112e-01
2.565485239029999809e-01,1.565006458178629101e-01
2.649432718749999971e-01,1.702531089144519727e-01
2.552419006819999781e-01,1.654940821999221767e-01
2.503576874729999679e-01,2.082379983508028665e-01
2.851879894730000031e-01,2.278661193319108380e-01
3.117785453800000495e-01,1.377269205395051377e-01
2.945955097679999746e-01,9.284718892526443168e-02
3.066652119159999912e-01,1.962258648921151871e-01
2.395841330290000293e-01,2.189689861061411558e-01
1.883951872589999799e-01,3.204441488591237563e-01
1.851434856649999960e-01,3.788560680606296582e-01
2.226487994190000097e-01,2.686936906468244679e-01
2.192545831199999851e-01,8.354675531762290053e-02
2.097330987449999851e-01,1.332002747357502737e-01
1.943479031319999828e-01,2.260517923573272525e-01
1.941306889060000207e-01,2.598218371647429414e-01
2.030006051060000150e-01,2.193338230853213999e-01
1.910956948999999738e-01,1.775184928853455746e-01
1.403214633459999860e-01,2.070499126009785473e-01
1.376174986360000074e-01,3.253324776756537640e-01
1.550265699630000160e-01,2.826917952867853412e-01
2.001304924489999970e-01,1.658662125527128051e-01
1.929156184199999624e-01,7.011161520141506731e-02
1.806230992080000430e-01,1.555030006373560592e-01
1.619705408809999914e-01,2.449152151501375885e-01
1.889210045340000144e-01,2.740498383766875601e-01
1.788192987439999881e-01,1.688897021864024239e-01
1.769654452799999944e-01,1.812929512705513946e-01
1.813704073430000008e-01,2.153702932842808948e-01
2.045527994630000068e-01,2.053163598422008962e-01
2.115447074170000163e-01,1.448719564272250016e-01
2.114014774559999921e-01,1.553244952188619632e-01
1.859614849089999966e-01,1.949282451012227524e-01
1.966694146390000064e-01,2.627845521142023189e-01
1.941680759189999828e-01,2.166023462942510969e-01
1.857832968239999938e-01,1.896139892394964888e-01
1.800334155560000260e-01,2.125631779017397860e-01
2.057538926599999929e-01,2.293713580638521154e-01
