9.743152856830000763e-01,7.728667353373177562e-01
5.654720067979999154e-01,8.443701009314713568e-01
7.307389974590000614e-01,7.214882848464561071e-01
1.074290990829999792e+00,7.891084411582534042e-01
9.521890282630000035e-01,8.937678260535049102e-01
9.879170060160000766e-01,8.277837384327528802e-01
1.011654973029999960e+00,8.455821417732362066e-01
0.000000000000000000e+00,8.622279313909692045e-01
7.643579840659999736e-01,8.007052288713777388e-01
7.788103222849999119e-01,1.373312314702307857e+00
3.306220054629999794e+00,7.761363748665887075e-01
1.055441975589999970e+00,2.567568615768556661e+00
7.543110251430000801e-01,1.483366233027980208e+00
7.915459871289999283e-01,1.376827363365366041e+00
1.409499049189999909e+00,1.360718645784964043e+00
8.875439763070001042e-01,1.274931766231520713e+00
6.401469707490000660e-01,9.698401826177365237e-01
5.082880258560000808e-01,8.663494722715883167e-01
8.640019893649999450e-01,7.838482418902960047e-01
5.725920200349999822e-01,8.277550642020016225e-01
8.469420075419999971e-01,7.084281106139778128e-01
9.181020259860001032e-01,8.220607010597585917e-01
7.976629734039999420e-01,8.162367016843842249e-01
9.608020186419998776e-01,7.672394260322542570e-01
9.555831551549999192e-01,8.388567997485053551e-01
3.470349907879999862e-01,8.196892113480199749e-01
9.546210169789999256e-01,6.913617252293476900e-01
1.293938040730000072e+00,9.287459791835700473e-01
5.251880288119999962e-01,1.014100062534084135e+00
4.773890078070000542e-01,7.587756679255766024e-01
1.275226235389999907e+00,7.486859379672156090e-01
8.723750114439999814e-01,1.030553362003756579e+00
8.355640172959999390e-01,8.274900578942722129e-01
7.321749925609999377e-01,7.854066881514824017e-01
7.640249729160000225e-01,7.473766587636800907e-01
4.072830080990000323e-01,7.720248970519195675e-01
4.752210080619999610e-01,7.018672663121224842e-01
8.781340122220000488e-01,7.547921772649553995e-01
7.414129972460000717e-01,8.392124731349995814e-01
1.258002042770000051e+00,7.868350564143471448e-01
1.069700956339999953e+00,9.941018059981114874e-01
7.274609804150000691e-01,9.077492330065430881e-01
7.892770171170000459e-01,7.574785128456327232e-01
6.237750053410000550e-01,7.836595591602104616e-01
6.914690136910000007e-01,7.334935722527097246e-01
8.557710051540000640e-01,7.600886950473847437e-01
7.093830108640000187e-01,8.371104730301703878e-01
1.014547944070000041e+00,7.524829970501071275e-01
1.115731000900000103e+00,8.788279672555542321e-01
4.182830154900000208e-01,9.338421889730263992e-01
1.002280950550000105e+00,7.269095878205826811e-01
1.218860983849999968e+00,9.622463966382927003e-01
1.143296003339999922e+00,9.470417152990731058e-01
6.528189778330000248e-01,9.376873076968021969e-01
6.746559739110000731e-01,7.739739310659538019e-01
6.009536385540000802e-01,7.796241848364053872e-01
6.694570183749999348e-01,7.259378188331176984e-01
6.538079977039999990e-01,7.931551105667643542e-01
7.814120054240000224e-01,7.634789621441911978e-01
1.206303954120000022e+00,7.810463765896273891e-01
8.469259738919999725e-01,9.569370851602674310e-01
8.286409974099999687e-01,8.189802876543520460e-01
6.482390165329999787e-01,7.935512317096592438e-01
5.623700022700000023e-01,7.272907298591573255e-01
7.183309793469999649e-01,7.178792111053828862e-01
1.099647998810000082e+00,7.720673420477676130e-01
9.541710019110001273e-01,9.469751480378271191e-01
7.290139794350000146e-01,8.860055995175346588e-01
6.694499850270000385e-01,8.301102859261236810e-01
8.631219863889999511e-01,7.580580008545814152e-01
6.464660167689999515e-01,8.398035465555253598e-01
8.223180174830000411e-01,7.416451516036756120e-01
9.235979914669999458e-01,7.938686094274143290e-01
8.300920128820000743e-01,8.198905544447763205e-01
1.067314028740000031e+00,8.057898906271203643e-01
1.546175003050000107e+00,9.005076346569658163e-01
6.827279925350000500e-01,1.188225791176254598e+00
6.385620236399999206e-01,8.743128428253710283e-01
6.464239954950000699e-01,8.300291048576007302e-01
6.881093978879999629e-01,7.933338342053545267e-01
7.273989915849999877e-01,7.505515285812603965e-01
6.500350236890000133e-01,7.703818483733733125e-01
8.693690299990000092e-01,7.400756865778612692e-01
4.408580064769999640e-01,8.095152353676046131e-01
4.518609941010000020e-01,7.022266141108701731e-01
7.575070261959999662e-01,7.452414544963656962e-01
4.952389895920000229e-01,8.259760128221849129e-01
6.850870251659999521e-01,7.217234169293388346e-01
7.243813276289999825e-01,7.873846236399475451e-01
8.653740286830000628e-01,7.469025508531894619e-01
7.400469779970000328e-01,8.195940824767482535e-01
8.070759773250000269e-01,7.432401118725872058e-01
8.204330205920000729e-01,7.947938446983511263e-01
1.114411950110000049e+00,7.754047739923191074e-01
1.108605027200000093e+00,8.968538629094826575e-01
4.751499891279999943e-01,9.195365301283865422e-01
1.039268016820000140e+00,7.347826456959615227e-01
9.457899928090000019e-01,9.399844694837488079e-01
7.877500057220000462e-01,8.317564837419110235e-01
3.504549860949999762e-01,7.650788285701711766e-01
9.367713332179998797e-01,7.018528756479490704e-01
9.868059754369999936e-01,9.122592915812306469e-01
6.470239758489999549e-01,8.821809625855056014e-01
1.029777050020000084e+00,7.465858492367738464e-01
1.187446951870000156e+00,9.255813367446135143e-01
9.328820109369999614e-01,9.768553160927192502e-01
7.528370022769999004e-01,9.370594905528788487e-01
6.420040130619999452e-01,8.522611596380403887e-01
2.307340055699999837e-01,7.948698265070004432e-01
4.714997112749998998e-01,6.882283424604033195e-01
8.772729635240000823e-01,8.223263735086069337e-01
7.876309752460000091e-01,8.739018574880388357e-01
2.742219865320000283e-01,8.485300724462637723e-01
3.992269933219999567e-01,7.001328896232529297e-01
9.923512339589999343e-01,7.903359683356500076e-01
7.627239823340000724e-01,8.996747594632517053e-01
7.200859785079999353e-01,7.989971866078745544e-01
6.264780163759999798e-01,7.877704227964649197e-01
7.269890308380000388e-01,7.397890385073706554e-01
9.301019906999999920e-01,7.717957079663763098e-01
6.872699856759999504e-01,8.242893925126402177e-01
8.662552833559999943e-01,7.358440047314422916e-01
8.352038264269999734e-01,8.077751307428197025e-01
9.402499794959999768e-01,7.771969935379122729e-01
1.023357987399999836e+00,8.707503720459888186e-01
7.322629690170000538e-01,8.915349757597007541e-01
9.300749897960000068e-01,7.661152084803143358e-01
8.702930212019999168e-01,8.242167059055380829e-01
5.104020237919999481e-01,8.537015023180760664e-01
1.025817990299999982e+00,7.361975933198325883e-01
4.551239907739999535e-01,9.072681758708540656e-01
7.345349788670000324e-01,6.951219040495130175e-01
7.012919783589999234e-01,8.106868054954083913e-01
1.014386057849999911e+00,7.540365738211393110e-01
1.123770236970000225e+00,8.683547216760639786e-01
4.825370013710000294e-01,8.955704327835144474e-01
4.689320027830000681e-01,7.139263444894108357e-01
8.755196928980000237e-01,7.587351780434700155e-01
1.145424962039999883e+00,8.567627798583774545e-01
1.943787455560000099e+00,9.250729734882111588e-01
1.557039022450000143e+00,1.340107750616341242e+00
2.104775905609999942e+00,1.318824623871748924e+00
1.062240004540000005e+00,1.567526539201733016e+00
7.867829799650000178e-01,1.097296238803281643e+00
2.247971057890000068e+00,8.259971232545689768e-01
5.664669871329999218e-01,1.662325727721941870e+00
8.389729857439999217e-01,1.008131869008804138e+00
3.188189864160000386e-01,1.136191614631517854e+00
6.386680006980000046e-01,8.471047733755057152e-01
7.540266513819999794e-01,8.186000199416175738e-01
1.085826039310000102e+00,7.647985188512973487e-01
6.014299988750000381e-01,9.188325281367391018e-01
6.923220157619999204e-01,7.349836401259592922e-01
8.782439827919999997e-01,7.763609532893702703e-01
1.279224038119999962e+00,8.140598979665985002e-01
7.251669764520000117e-01,9.977334333162466429e-01
4.283109903339999969e-01,7.945466112618908561e-01
7.012249827380000466e-01,7.047529409127784028e-01
8.846225738529999161e-01,7.902837178107431360e-01
7.809653878210001121e-01,8.224045043178100922e-01
9.259700179100002204e-01,7.736254023695534610e-01
9.178640246389998536e-01,8.898442549249834244e-01
9.073020219799998731e-01,8.783160489169039575e-01
4.099450111390000040e-01,8.328655183301493237e-01
8.741459846500000408e-01,6.850488288001066461e-01
1.231343984599999830e+00,8.949591777457542863e-01
7.683960199359999299e-01,9.526876598013608310e-01
9.357339143750000865e-01,7.872745859428321724e-01
7.523270249369999885e-01,8.165728147507534951e-01
6.247839927670000293e-01,7.566026454295389225e-01
1.977947235109999591e+00,7.390424432016039491e-01
2.476479291920000048e+00,1.428483659025293173e+00
6.822599768639999729e-01,2.060054674128342977e+00
1.294077992440000102e+00,1.180337898395951157e+00
2.116506099700000032e+00,1.455478266881403693e+00
2.030230045320000176e+00,1.635723067707991030e+00
1.727593064309999926e+00,1.639153027383666750e+00
1.321619033810000010e+00,1.495555692693267602e+00
1.114274978639999913e+00,1.291562231379172809e+00
1.618482947350000201e+00,1.054686607439188517e+00
1.102354049679999948e+00,1.218075285968002630e+00
8.501269817350000091e-01,1.007123846145222767e+00
6.531813144679999850e-01,8.686398264220950294e-01
6.168276071549999573e-01,7.595342229381490951e-01
1.023204803470000090e+00,7.482517734463076664e-01
1.176781058310000017e+00,8.782498957082441882e-01
1.108754038809999898e+00,9.974188325135747712e-01
9.838110208509999177e-01,9.813247166009495537e-01
1.829927563669999868e+00,9.102237302816655884e-01
1.342131018639999951e+00,1.281394029845116078e+00
1.265669584270000092e+00,1.283953176031234156e+00
7.930377125740000199e-01,1.245973755616041290e+00
1.030689358710000114e+00,1.006754961877085908e+00
8.210232257839999992e-01,9.770627115898777859e-01
1.099169254300000009e+00,8.396559671659162838e-01
5.255355238910000004e-01,9.373820901845394404e-01
7.758393883709999717e-01,7.480029803550114487e-01
7.209759950640000081e-01,8.361932465124474190e-01
8.666771054269999386e-01,7.482727759259443223e-01
8.462041020389999835e-01,7.994226532460126933e-01
7.614132165909999195e-01,7.775273568251090950e-01
6.587246060370000045e-01,7.641714339164261682e-01
1.078659296040000104e+00,7.450851156152235033e-01
1.281940340999999872e+00,8.976228809116322260e-01
6.600005030629999547e-01,1.078047452505235482e+00
1.112500548360000119e+00,9.239844210991821072e-01
6.280704736709999958e-01,1.114961357569486777e+00
6.864575743680000341e-01,8.514480889681309561e-01
9.000409841539999123e-01,7.664310190992512650e-01
7.342569231990000445e-01,8.412267384877354370e-01
1.011121273039999879e+00,7.706282092529089800e-01
8.827599883079999543e-01,8.655645449474341779e-01
7.521411776540001259e-01,8.059203680925058899e-01
9.489411115650000506e-01,7.522734978076505152e-01
6.799052953720000625e-01,8.374467884810243845e-01
7.211565971369999772e-01,7.635753445864674749e-01
6.504104733470000843e-01,7.618996634211459007e-01
7.167106270790000178e-01,7.907340329287696479e-01
9.056316018100001308e-01,8.174823909078862139e-01
6.526464819910000603e-01,8.273137632581423206e-01
7.056654095649999014e-01,7.323517970017674461e-01
6.581057906149999637e-01,7.505888832827233292e-01
6.592794060709999959e-01,7.469307010051414730e-01
6.634064316750000190e-01,7.536179733760023369e-01
7.808002829549999246e-01,7.417447901165974411e-01
7.565907239910000248e-01,7.862634367044072370e-01
9.280405640600000172e-01,7.594226450024714747e-01
7.073829770089999913e-01,8.328041267785757373e-01
3.888399899009999383e-01,7.626693328493806545e-01
3.422417938710000107e-01,7.054614449061510362e-01
2.337300032380000281e-01,7.387502416306093167e-01
1.459127068520000015e-01,7.412729801473347813e-01
3.949534893039999828e-01,7.898395476773188983e-01
9.678409695629999199e-01,8.644486738112401314e-01
7.839220166210000285e-01,9.290969673181751487e-01
8.333759903910000766e-01,7.863720063945291994e-01
9.723259806630000224e-01,7.905929359276782087e-01
6.905210018160000685e-01,8.193745634910286624e-01
1.345324039460000121e+00,7.488999233637445574e-01
7.227010130879999439e-01,1.146978394091325848e+00
6.804850101469999135e-01,9.010192085169946852e-01
7.610610127449999318e-01,8.727109576803819824e-01
8.075709938999999782e-01,8.016986942420066820e-01
5.886639952659999953e-01,8.012777150874711429e-01
9.960750937460000065e-01,7.290742794415366879e-01
1.045413970949999882e+00,8.700837590475022365e-01
4.713059961800000197e-01,8.919002948956099575e-01
1.047140955920000005e+00,7.313381648796032364e-01
1.126214265820000060e+00,9.380794128613891836e-01
2.560461759570000329e+00,9.123303882007411936e-01
7.747610211370000721e-01,2.192847667118967170e+00
7.172060012819999608e-01,1.336520007245956432e+00
8.005080223080000001e-01,1.396810800938576014e+00
5.680390000339999856e-01,1.318487372360815035e+00
1.195780038829999947e+00,9.431239068872704356e-01
7.970449924470000003e-01,1.055095977868093948e+00
4.899359941480000979e-01,8.802772320239582449e-01
9.918130040170001216e-01,7.677294824169192955e-01
7.445690035819999553e-01,9.110282546204108156e-01
6.096370220180000743e-01,7.488010973103166323e-01
8.565919995309999591e-01,7.264809249236876543e-01
8.144299983980000102e-01,8.278512270479094770e-01
7.605929970739999657e-01,7.786975495432892913e-01
9.157519936560000184e-01,7.596686641658316752e-01
7.421634793279999753e-01,8.264817780203543851e-01
7.329360246660000522e-01,7.474120645374690008e-01
8.745691180230000805e-01,7.866452126010130552e-01
9.644910097120000803e-01,8.023223219697019903e-01
1.477671980859999845e+00,8.375496758617966275e-01
6.752679944040000937e-01,1.386920638473913669e+00
5.030400156970000758e-01,1.056074727157723547e+00
7.066659927370000371e-01,9.811328535909134008e-01
2.968195915220000369e+00,9.217220781675883323e-01
1.255300998690000114e+00,2.058198745105096261e+00
4.084815025330000182e+00,1.327766785206995648e+00
1.692322969440000158e+00,2.790884749142897636e+00
4.121052026750000041e-01,1.607681148305114771e+00
1.035750985149999970e+00,1.008047167061238536e+00
6.408920288089999806e-01,1.276622422244399813e+00
7.065470218660000468e-01,8.753669467781586278e-01
1.060830354689999977e+00,7.511959000106549489e-01
1.880954027180000043e+00,8.850600308120755155e-01
1.886373996729999725e+00,1.366015791744827013e+00
1.328773975370000082e+00,1.408784141742868368e+00
3.931840062139999592e-01,1.177051422293263538e+00
6.382430195809999374e-01,8.013645302077272436e-01
1.045531988140000035e+00,8.678202263077600120e-01
6.588029861449999913e-01,8.886231137568642025e-01
8.046740293499999863e-01,7.527280007606163004e-01
8.740410208700001293e-01,8.038075947253405795e-01
8.532550334930000258e-01,7.881504453726001502e-01
8.952109813689997919e-01,7.873891961046464161e-01
7.301589846610000434e-01,8.036378006218836134e-01
4.149410128589999802e-01,7.694387871232429843e-01
2.700940072540000125e-01,6.993093324219986640e-01
4.911319911480000466e-01,7.239122322084426964e-01
5.079169869420000483e-01,8.281924737941155357e-01
1.224020004270000017e+00,7.489228172056267008e-01
1.267657995220000222e+00,1.126818702995792787e+00
2.633487939829999736e+00,1.073034832944235406e+00
3.999615430829999596e+00,1.981696232247023293e+00
6.651418209080000032e+00,2.800801917974431898e+00
2.102678060530000170e+00,4.451887811699870134e+00
1.283689975739999989e+00,2.291929071089827463e+00
1.291347503659999951e+00,2.113194236234055001e+00
1.353754043579999733e+00,2.100249354837986360e+00
2.390191078189999985e+00,1.834734529775336798e+00
1.461441040039999972e+00,1.831456595051031089e+00
1.599208951000000045e+00,1.399598161255884765e+00
1.471150994300000070e+00,1.422170569809775076e+00
1.298205018039999992e+00,1.268446169478339547e+00
1.579622030259999921e+00,1.154847149361706959e+00
1.360355019570000268e+00,1.260115754895775986e+00
8.036410212519999874e-01,1.163470255737407921e+00
4.276689887049999750e-01,1.007528796457346498e+00
2.694070041180000041e-01,8.655002586704692025e-01
3.897170126439999938e-01,8.038291655067543173e-01
4.179170131680000067e-01,7.747124070557691589e-01
1.546036005019999937e+00,7.512207407323095998e-01
1.017611026760000037e+00,1.222797543478108651e+00
8.653150200839999640e-01,9.424022912770839699e-01
6.194109916690000439e-01,8.416580496304028047e-01
8.454149961469999974e-01,7.763963288690846065e-01
8.048596382139999728e-01,8.284528583029789894e-01
1.435889005660000217e+00,7.754349187384723674e-01
2.565752029420000024e+00,1.086087873030303408e+00
6.206179142000000759e+00,1.734315813064021938e+00
9.309499859810000943e-01,4.152176880887602728e+00
9.077759981159998492e-01,1.690715741450634413e+00
4.609797894950000141e-01,1.786387917785332125e+00
5.264570117000000327e-01,1.469013873519334101e+00
7.942249774930000283e-01,1.156045601033918402e+00
9.704009890560000295e-01,8.641946742145372173e-01
6.695889830590000535e-01,8.284454100793489095e-01
6.997730135920000594e-01,7.296115072312349126e-01
6.903669834139999351e-01,7.549797301962730689e-01
6.361600160600000553e-01,7.557697305167937474e-01
9.726700186730000697e-01,7.438844785061818898e-01
6.393389701839999884e-01,8.979625141266094346e-01
5.123779773709999930e-01,7.531411090761248595e-01
5.699130296709999932e-01,7.430647675564382437e-01
8.318089842800000522e-01,7.471009730354273293e-01
4.694110155110000071e-01,8.380413247559062029e-01
9.054309725759998040e-01,7.036474448535653403e-01
8.482750058169999940e-01,8.955093374575856524e-01
6.566630005839999562e-01,8.000441282239115770e-01
6.324055790899999474e-01,7.361613578545058711e-01
3.268550038340000130e-01,7.258596169672237863e-01
3.047409951689999952e-01,7.013345437616922418e-01
2.159480005499999911e-01,7.598847990672707997e-01
2.148479968310000043e-01,7.558534769079021665e-01
1.512310057880000003e-01,8.037941571632380988e-01
4.153338372709999837e-01,7.907906720316120186e-01
7.344200015070000420e-01,8.542881801563961819e-01
9.913370013240001555e-01,8.396663772963830485e-01
7.910000085830000138e-01,8.801018242393610080e-01
7.429170012469999973e-01,7.605413376296316086e-01
7.426548600200000294e-01,7.549131491169883690e-01
8.799139857289999256e-01,7.592248475961462795e-01
7.376829981800000491e-01,8.170000080641059981e-01
1.240342974660000097e+00,7.633903748438422010e-01
8.343409895899999151e-01,1.010572752196738699e+00
3.054729998110000122e-01,8.611652960429083681e-01
8.929460048680000206e-01,7.034518833072459509e-01
1.285866022110000007e+00,9.068539182498787099e-01
4.146400094030000538e-01,1.003144203473925744e+00
1.090137004850000091e+00,7.654851909334562388e-01
5.923830270769999684e-01,1.065203249985966272e+00
3.773260116580000045e-01,7.824623876649635656e-01
2.693597316740000469e+00,7.022125628081703486e-01
2.288666009900000020e+00,1.907553237936257418e+00
8.955270051960000366e-01,1.976037650814811419e+00
8.070570230480000884e-01,1.358310824031842667e+00
1.194862961769999954e+00,1.352193389649607891e+00
8.929409980770000033e-01,1.311225010066847219e+00
9.776080250740001309e-01,9.691273715699268987e-01
1.832507014270000179e+00,9.290090625568619975e-01
1.403792977329999747e+00,1.351541251170188751e+00
7.223749756810000644e-01,1.202806068801714368e+00
6.599410176280000595e-01,9.016861905796813570e-01
7.407349944109999917e-01,8.172914224305763975e-01
5.553659796709999874e-01,7.699091989091427779e-01
1.236768960949999885e+00,7.152862262508439262e-01
6.214020252229999208e-01,1.040734330905460414e+00
7.108730077739999764e-01,7.830419025722502591e-01
3.064779937269999643e-01,8.022900127447595287e-01
6.473349928859999380e-01,6.909744225944177698e-01
5.458269715310000159e-01,8.111494955762252879e-01
1.024247765539999966e+00,7.320122144854904755e-01
8.176820278170000567e-01,8.899441390503666227e-01
7.440620064740001149e-01,8.858484204393888284e-01
7.367150187490000279e-01,8.682617561551596586e-01
5.768560171130000525e-01,8.316664903424699773e-01
9.152600169180000744e-01,7.193005298980262863e-01
1.137029051779999911e+00,8.958849836395088584e-01
4.960080087179999930e-01,9.174800075219756712e-01
4.941360056399999312e-01,7.117039130171365358e-01
8.834533095360000976e-01,7.240358328079286032e-01
1.271524906160000024e+00,8.655321153856706529e-01
8.864369988439999570e-01,9.747150676343241393e-01
8.988280296330000141e-01,9.103894594391569450e-01
9.049779772759998231e-01,9.107666071915024864e-01
8.299319744109999730e-01,8.811003735987924523e-01
8.756300210950000995e-01,7.819330896226348582e-01
5.502920150760000073e-01,8.027163602774037843e-01
1.073919415470000027e+00,7.099957633466882356e-01
8.491920232770000521e-01,9.232893635634649154e-01
6.393229961399998773e-01,8.253141079213546227e-01
7.995309829709998928e-01,7.497913849992425828e-01
9.646000266079999275e-01,7.901230781660544267e-01
8.413559794430000016e-01,8.599879599068869229e-01
7.011449933050000194e-01,8.152962903095153369e-01
7.240070104600000445e-01,7.680744204496258165e-01
1.010308027270000020e+00,7.524794207278645564e-01
6.538060307499999890e-01,8.710739206223223619e-01
7.932850122450000319e-01,7.354663761792453736e-01
6.538396477699999210e-01,7.844158564761362085e-01
1.160789966579999888e+00,7.255369056590479371e-01
8.085789680480000019e-01,9.537483866314139247e-01
3.743770122530000188e-01,7.956231672388320852e-01
2.556999921800000020e-01,6.917837040875542964e-01
4.893150031570000502e-01,7.318459262063793380e-01
1.151844024660000132e+00,8.165112068124061873e-01
7.372779846189999597e-01,1.011464693581457741e+00
1.088750958439999916e+00,7.740547437032807565e-01
1.975852966309999958e+00,8.944215440040560461e-01
8.547700047490001118e-01,1.453568255986182223e+00
7.977370023729999371e-01,1.067892879583404397e+00
1.052428960799999924e+00,1.023059983346051194e+00
3.179450988770000208e+00,1.033184810567778555e+00
1.797067999840000541e+00,2.211206981051589526e+00
1.056702017779999947e+00,1.559440241504226776e+00
8.751260042189999977e-01,1.173877740490139487e+00
6.645399928090000019e-01,1.048102965669161168e+00
7.571684122089999969e-01,8.107469158234051898e-01
1.368484020229999931e+00,7.644342400085724076e-01
9.052469730380000579e-01,1.088798739528853199e+00
1.032060980800000083e+00,9.662050618985956740e-01
6.141330003739999821e-01,1.015763091234835658e+00
9.733130335809999645e-01,8.218123790226051772e-01
6.452289819719999597e-01,8.520108231024301482e-01
4.894390106200000035e-01,7.250370588019218188e-01
8.408679962160000576e-01,7.071247288706157264e-01
7.771940231319999226e-01,8.432912275924010492e-01
6.755350232119999854e-01,7.575920529791785318e-01
6.592059731480000018e-01,7.441876069634495439e-01
1.084153056139999904e+00,7.379801943652988250e-01
9.314100146290000826e-01,9.172430636235849866e-01
1.359479665760000122e+00,8.204405844796226477e-01
7.633988261220000515e-01,1.060402192775379060e+00
5.357339978220000409e-01,8.567455897058946501e-01
6.781889796259998882e-01,7.639970382057708065e-01
7.839810252189999273e-01,7.782238597683138748e-01
1.169367671010000054e+00,7.668749437538143754e-01
1.015287995340000027e+00,9.251368346670458820e-01
9.259430170060000131e-01,9.973513453216968916e-01
1.319244027140000108e+00,9.484916403412686492e-01
9.717460274700000511e-01,1.111408538899987919e+00
1.176299691200000108e+00,9.547500315722936559e-01
1.714609026910000056e+00,9.704129320927601388e-01
1.307337045669999975e+00,1.310590330194595587e+00
6.186890006069999393e-01,1.164280508799083957e+00
2.298435926440000276e+00,8.621833940817595909e-01
1.808241009709999680e+00,1.866575541307153641e+00
8.794149756429999742e-01,1.563601302147648919e+00
1.570945024490000064e+00,1.143306102826545434e+00
1.578516006470000121e+00,1.295586054589391356e+00
6.200309991839999535e-01,1.234916171953532427e+00
9.928810000419999726e-01,8.705729080309200230e-01
4.551869928839999968e-01,9.700579499980340747e-01
1.017398953439999865e+00,7.195823811766847156e-01
8.378469943999999892e-01,9.088351160228659298e-01
4.884769916529999589e-01,7.871249133739861570e-01
1.246340990070000210e+00,7.002313878262607094e-01
1.209630966189999990e+00,1.062509815796741419e+00
1.252451062200000020e+00,9.880795696838728936e-01
1.519726991650000025e+00,1.003811487909122668e+00
1.063797950739999942e+00,1.144663849361589270e+00
1.571495056150000069e+00,9.547006766262821076e-01
1.278105020519999968e+00,1.220897553002192826e+00
1.192077994349999948e+00,1.123571670766417396e+00
8.304439187050000060e-01,1.063473035397192845e+00
1.402015686039999931e+00,8.534097117777457164e-01
1.156504034999999986e+00,1.111740811492877956e+00
1.162554860120000200e+00,1.073252300378157553e+00
6.007519960399999581e-01,1.085255179943015680e+00
1.253835797310000055e+00,8.290577201112858674e-01
1.791844010349999960e+00,1.034166087282843316e+00
1.734062552449999961e+00,1.384877579597350028e+00
4.939970970150000085e+00,1.376098690787234124e+00
2.394351005549999911e+00,3.611977375968770332e+00
2.212575912479999740e+00,2.149805969601390920e+00
1.886527061460000265e+00,2.143015030192577441e+00
9.343829751010001017e-01,1.866039218382236298e+00
9.099829792979999832e-01,1.232042556579783232e+00
8.112999796870000724e-01,9.282230732055576361e-01
1.049708962440000004e+00,8.447931179931106316e-01
1.351788043980000076e+00,9.392765225651723560e-01
1.277305960659999906e+00,1.081716797070902514e+00
7.854449748989998925e-01,1.122834669762629023e+00
4.846229851250000165e-01,9.210695869973252181e-01
6.676359772680000582e-01,7.827067988714113689e-01
8.322510123249999836e-01,7.896576031435170728e-01
5.959370136259999340e-01,7.937427080723894468e-01
3.410890102390000123e-01,7.191109214516000492e-01
6.860110163689999707e-01,7.016784470824720676e-01
8.153510093690000682e-01,8.387406917113824356e-01
3.985430002210000322e-01,7.958442312626746729e-01
6.998159885410000225e-01,6.881067697082250412e-01
4.263690114019999533e-01,8.120736210801476895e-01
6.866139769550000382e-01,7.198940424685490447e-01
1.826770007609999913e-01,8.310048109369324587e-01
7.018824815749999946e-01,6.794081741445503475e-01
1.796682000159999681e+00,8.913648307262709292e-01
7.204269766809999753e-01,1.680065839047621079e+00
4.680640101429999755e-01,1.208224534668152828e+00
6.408870220180000743e-01,1.130235513705230233e+00
7.520520091060001189e-01,1.124697591770578597e+00
1.001817584040000098e+00,8.853509607384287827e-01
1.660804033279999814e+00,8.367741385011283617e-01
1.450595021250000061e+00,1.251682047880852799e+00
1.085010051729999869e+00,1.146042467508684659e+00
1.099555015560000015e+00,9.911789046579370099e-01
7.694180011750000325e-01,9.718547552466658690e-01
1.254430413249999932e+00,8.303072515483438387e-01
1.496320962910000052e+00,1.011614764967004865e+00
7.186369895940000196e-01,1.195131095986830427e+00
8.902019858359999649e-01,9.408482920724005050e-01
9.891759753229998342e-01,1.002179646243414490e+00
2.849014520649999938e+00,9.265893397375012386e-01
4.281075000759999583e+00,1.974994411492569490e+00
1.248739004139999942e+00,3.104733419916961612e+00
7.096589803699999699e-01,1.488183180268600525e+00
7.497439980509998936e-01,1.246184490042788084e+00
8.907449841500001408e-01,1.165892905717559325e+00
1.469527959819999952e+00,9.308215824792819282e-01
1.608888030049999918e+00,1.096776128827568808e+00
1.043460965159999976e+00,1.645370662642934079e+00
1.184751033780000018e+00,1.360076037531560811e+00
5.063725113870000127e-01,1.427390333747116768e+00
6.946156024930000283e-01,1.005247052560659160e+00
9.299110174179999744e-01,8.382060714577179716e-01
7.754629850390000190e-01,8.529853969073549758e-01
8.564696311949999696e-01,7.645770782127140341e-01
9.269009828569999554e-01,8.010807515843157978e-01
7.506660223010001021e-01,8.870208405764959947e-01
9.248849749570000611e-01,8.189060110477029975e-01
1.070162653919999984e+00,9.067774730237082581e-01
8.752880096439998869e-01,9.625629250226692690e-01
7.511039972310000756e-01,9.470180359499542622e-01
8.627579808239999037e-01,9.170516002814639300e-01
5.096570253369999692e-01,9.105725446953398805e-01
8.495249748229999343e-01,7.476491151052451212e-01
6.711369752879999817e-01,8.394131628338923345e-01
6.132180094720000030e-01,7.502670549651417886e-01
3.810549974440000098e-01,7.972839628539964973e-01
8.710420131680000067e-01,7.270673700491740998e-01
6.540319919589999698e-01,8.808778874044300711e-01
9.089673757550000843e-01,7.402940604105680000e-01
9.709029793739999414e-01,8.403281594268867671e-01
9.856920242309999969e-01,8.963531959439350327e-01
1.356256246570000101e+00,9.404911201705923318e-01
1.309872984889999925e+00,1.137310245055829006e+00
6.344919800760000506e-01,1.185742470691631967e+00
5.933508276940000492e-01,9.356948345476142626e-01
8.796380162239999523e-01,9.062641822390672397e-01
1.131836414339999930e+00,8.910026444681922175e-01
1.841274023059999987e+00,9.248842706700192151e-01
2.261745929719999992e+00,1.379413114439992372e+00
2.597975969309999744e+00,1.654430684143100461e+00
2.399192094800000064e+00,1.843825581731503460e+00
1.982298016549999931e+00,1.789610559104590548e+00
2.269547939300000206e+00,1.580989729172226799e+00
2.017889976500000238e+00,1.680979574940347998e+00
1.452262043950000026e+00,1.645356202562479719e+00
1.342797994609999934e+00,1.471275311321235346e+00
1.311915040020000145e+00,1.417212280015894166e+00
1.276762008670000226e+00,1.323870036018403029e+00
1.275267004970000118e+00,1.168278803623856943e+00
1.210446000100000141e+00,1.113857555764824259e+00
8.153480291369999966e-01,1.047859278970442620e+00
7.271119952200000291e-01,8.947460367663931935e-01
6.043019890790000126e-01,8.437905985560260058e-01
9.830358624459998307e-01,7.569473167181461903e-01
1.101529002189999940e+00,9.001827439978467016e-01
1.183724999429999869e+00,1.025312495382867617e+00
4.356400072569999726e-01,1.050015575301826765e+00
3.270040154459999959e-01,7.593244564774007666e-01
8.039849996569999879e-01,7.204109685912701844e-01
4.216859936710000145e-01,9.002981725825703885e-01
5.734559893609999515e-01,6.918101784519995467e-01
3.959457874300000291e-01,7.616866820815617611e-01
4.163750112060000119e-01,7.136913955836607926e-01
5.603970289230000290e-01,7.651433933734433923e-01
7.749050259590000156e-01,7.703771448912091202e-01
6.370840072629999629e-01,8.088091989689726313e-01
3.839260041709999793e-01,7.333944470469878629e-01
5.648739933969999516e-01,6.994827849823070931e-01
1.054715037350000051e+00,7.892228511262766588e-01
6.537709832190000681e-01,9.114102631627304385e-01
5.931029915809999942e-01,7.487937091931338163e-01
1.022608995439999946e+00,7.397585448267900432e-01
8.359869718549999273e-01,9.101814128885605815e-01
6.375340223309999832e-01,7.835962555430695531e-01
9.755985140800000899e-01,7.285665150105610222e-01
4.898079931740000337e-01,8.640257279524802270e-01
1.098647952079999879e+00,7.181193377769160557e-01
1.151165962220000116e+00,9.592247866706529180e-01
8.061249852179999120e-01,9.392120858186108201e-01
4.744769930840000427e-01,8.076250506540229024e-01
7.896029949189999897e-01,7.048247581690223473e-01
4.762530028820000094e-01,8.161907257575889973e-01
5.455229878430000179e-01,7.093163314558552646e-01
6.212809681889999158e-01,7.500238899496545208e-01
7.707700133319999036e-01,7.444137023882028137e-01
9.337069988249999675e-01,7.948105322338606671e-01
8.110550045970000843e-01,8.572857443817378797e-01
6.005529761310000048e-01,8.481755442121298172e-01
1.002521038060000036e+00,7.649586741874569995e-01
8.921650052070000392e-01,8.834238119511950149e-01
9.160850048069999474e-01,8.272479034457305147e-01
7.413420081139999729e-01,8.257018294818770920e-01
9.283249974250000758e-01,7.502730243267788923e-01
6.429409980770000033e-01,8.236021305061077546e-01
9.950090050700001187e-01,7.676297553065125623e-01
6.271365880970000140e-01,8.916259384665580212e-01
1.038689017300000073e+00,7.476378859197786442e-01
6.888009905820000611e-01,9.224670830101530106e-01
5.214130282399999095e-01,7.624401427013777210e-01
6.510270237919999481e-01,7.134477521777267128e-01
1.159701943399999990e+00,8.005074049352978172e-01
6.456400156020000169e-01,9.717048393105214288e-01
1.195862650870000099e+00,7.751043971598583493e-01
1.304703950880000018e+00,1.026460286703076097e+00
8.844429850579998975e-01,1.105944916224952612e+00
7.697709798810000725e-01,9.800547799329305532e-01
7.702100276950000213e-01,9.255484946547947178e-01
6.418280005459999771e-01,8.828075665112982140e-01
8.937159776689999058e-01,7.475616284412167634e-01
5.247250199319999364e-01,8.698139159887745553e-01
5.142210125920000374e-01,7.287585591515045591e-01
7.172748446459999982e-01,7.434663884562754399e-01
6.410769820210000525e-01,7.815247185192488732e-01
4.689820110800000386e-01,8.262278689689684930e-01
1.203750014310000171e+00,7.731306448458535874e-01
7.911959886550000709e-01,1.087654608830083136e+00
1.136301159859999910e+00,8.762997399927393571e-01
8.642929792399999256e-01,1.010409474973391619e+00
8.814030289650001126e-01,9.502895021432425926e-01
5.817409753800000249e-01,9.522547239513025064e-01
8.651199936869999885e-01,8.003939047339929669e-01
9.078124761579998703e-01,8.112324770251205797e-01
7.377740144730000615e-01,8.135562328303841406e-01
1.120375037189999867e+00,7.707299304261431283e-01
9.422479867940000142e-01,9.137326537726674358e-01
1.060060024260000011e+00,8.195436835083703686e-01
7.158420085910000008e-01,8.712981799674870409e-01
4.040209949019999969e-01,7.589215674431519787e-01
2.920779883859999648e-01,6.931108781673011032e-01
6.317924261089999938e-01,7.328022746573905621e-01
1.124665260310000026e+00,8.437676051176756786e-01
1.115690946580000009e+00,9.551044033001381273e-01
1.247418999670000028e+00,9.434633607469138372e-01
6.976169943809999996e-01,1.033077439286007149e+00
3.693974971769999893e+00,8.077936379636647679e-01
8.204839825630000361e-01,2.640978073955680738e+00
8.573070168499999921e-01,1.456671320339963938e+00
6.902359724040000311e-01,1.508964781625079965e+00
8.385969996449998964e-01,1.368632558989183456e+00
1.287726998329999928e+00,1.159795529348105259e+00
9.632229804990000144e-01,1.043145181560930279e+00
1.343299984930000024e+00,1.003833799744274780e+00
7.316169738770000874e-01,1.156520798710307885e+00
6.809219717980000697e-01,9.118302569954298553e-01
7.014784216880000089e-01,7.962486662838156315e-01
6.698030233380000142e-01,7.463316465077031170e-01
1.365643024439999964e+00,7.576573139498048448e-01
9.781420230869999344e-01,1.082686935540455808e+00
6.786789894100000442e-01,9.386709362678520296e-01
5.976330041890000055e-01,8.299850782544300198e-01
8.193774819369999962e-01,7.964932483219806514e-01
7.911109924320000042e-01,8.406093129511339468e-01
1.044147372249999872e+00,8.171242350893233031e-01
1.400015950200000026e+00,9.376452801313464036e-01
8.748620152470000244e-01,1.162373129625812851e+00
6.228179931639999944e-01,9.398253028516391216e-01
7.164059877399998610e-01,8.134538007678614457e-01
6.523500084880000660e-01,7.810868598095873638e-01
9.379299879070001067e-01,7.382744650963165567e-01
5.936999917030000296e-01,8.497249067211517515e-01
5.393440127369999448e-01,7.288588647534739451e-01
9.370089769359999377e-01,7.302090316157153760e-01
8.087720274930000341e-01,8.850592752717515443e-01
5.654280185700000239e-01,7.874854395466691637e-01
6.020820140839999723e-01,7.266046443615643557e-01
1.146679997439999932e+00,7.362115982511716616e-01
9.824249744419998320e-01,9.866171370021885600e-01
5.671510100359999917e-01,9.040380862365278158e-01
7.866399884220000027e-01,7.568376407042601839e-01
7.388439774510000557e-01,8.004945748131833128e-01
6.810299754140000106e-01,7.563132482253167588e-01
7.086979746820000203e-01,7.518233695651144188e-01
6.642330288889999323e-01,7.559993263203245162e-01
5.124790072439999733e-01,7.377497832264752198e-01
6.040380001070000393e-01,7.228964851127565039e-01
6.728799939159999521e-01,7.698998267126950790e-01
8.265414834020000656e-01,7.564005624268675954e-01
4.546860158439999799e-01,8.088007886174466421e-01
5.594509840010000179e-01,7.043263162913772080e-01
1.332218050960000122e-01,7.782992308887839439e-01
1.633069962260000063e-01,6.916393085969739785e-01
1.797860413789999778e-01,8.034444513897500695e-01
5.747918486599999932e-01,8.148648450862132631e-01
8.508148789409999413e-01,9.060426561886144592e-01
8.527640104289999634e-01,8.292827759700808210e-01
1.687628030779999788e+00,7.827666814769218551e-01
2.149522066120000297e+00,1.187221463416170852e+00
8.122850060459999577e-01,1.616351039170632609e+00
1.239639997479999867e+00,1.067378253606173111e+00
2.128437280650000041e+00,1.194764760584922536e+00
2.139239072800000141e+00,1.495952774244567074e+00
9.779880046840000452e-01,1.671706984261183804e+00
6.937779784199998856e-01,1.171317540648895816e+00
7.218790054320000094e-01,1.010381392156860736e+00
7.631160020829999002e-01,8.815192804103693103e-01
8.565329909319999713e-01,7.752193752974669838e-01
1.109338045120000116e+00,7.944411890126172882e-01
6.476340293879999654e-01,9.170950958239048045e-01
9.241870045660001143e-01,7.549734464422098723e-01
7.877320051189998784e-01,8.653038322908024327e-01
1.305567026139999864e+00,7.932885191007762460e-01
9.107710123060001051e-01,1.040478862589455877e+00
8.699640035629999657e-01,8.972175049617034936e-01
5.743020176890000217e-01,8.701920387985287997e-01
8.599532246590000373e-01,7.390643245838326436e-01
4.775849878790000558e-01,8.182329631742004672e-01
1.108017444610000179e+00,7.108986490132879199e-01
1.290724992749999966e+00,9.584690642468114419e-01
8.591579794879999898e-01,1.151069802109599971e+00
3.058980107309999807e-01,9.517577597218590535e-01
9.039019942279998832e-01,7.351037788966001685e-01
6.352750062940000220e-01,9.048370189954580978e-01
1.023422956470000145e+00,7.227038464473979351e-01
6.730669736859999919e-01,8.839970477295591156e-01
8.504790067669999454e-01,7.587937866969877154e-01
5.141969919200000128e-01,8.193929555802798026e-01
1.527956604959999964e+00,7.125152240675544091e-01
4.094385623930000051e+00,1.160694337889580208e+00
9.952359795569999390e-01,3.077149317681811436e+00
8.670449852940000923e-01,1.551809338297213348e+00
1.141056060789999993e+00,1.581702454984150963e+00
1.622257947919999888e+00,1.595231027576968996e+00
1.980204939840000344e+00,1.440762594603181901e+00
1.375547051430000112e+00,1.450262577725207613e+00
1.851865053179999610e+00,1.206833691256410601e+00
1.420923948290000016e+00,1.477091162870265872e+00
1.589177966120000285e+00,1.277700374975899944e+00
1.673199415210000041e+00,1.301214394935737317e+00
2.123934030530000072e+00,1.300256003910237768e+00
1.648401975629999905e+00,1.757924176967915919e+00
1.204741954800000014e+00,1.508454908221030344e+00
7.920839786529999538e-01,1.285394891413121465e+00
1.227027416229999890e+00,1.020184258201535243e+00
1.226951003070000157e+00,1.009258167161571240e+00
1.131343960759999989e+00,1.007179643903966415e+00
1.252465009690000075e+00,9.571986024360996659e-01
1.116891980170000132e+00,9.850438191453662062e-01
1.122387051579999850e+00,9.446599189410922470e-01
1.040153026579999862e+00,9.347097393686761846e-01
8.091310262680000420e-01,8.962141756221939648e-01
7.681059837340000751e-01,8.104523303768274012e-01
7.982919812199998910e-01,7.840096536660134952e-01
7.666722536090000428e-01,7.705331968810977816e-01
1.057360053060000027e+00,7.693178775626464683e-01
8.607699871060000563e-01,8.931631839186057187e-01
1.070777058600000053e+00,8.004917834717546476e-01
5.301510095600000527e-01,8.723490326146328133e-01
6.604189872739999467e-01,7.171753209135268703e-01
9.909179806709998983e-01,7.785102167752052660e-01
3.561530113220000016e-01,8.869446732958047308e-01
9.618239998819998471e-01,6.964158390020357414e-01
1.244829058649999931e+00,9.298391781739483442e-01
8.381230235100001202e-01,9.609353938949645180e-01
9.245989918709999200e-01,8.482483752403979782e-01
8.131660223010001021e-01,8.517678522934597485e-01
1.003061056139999963e+00,7.770092804512177542e-01
8.752340078350000496e-01,8.634065372284061013e-01
7.991399765009998823e-01,8.002079547413452065e-01
8.812961578369999938e-01,7.663585588574917118e-01
1.063080191609999892e+00,7.889291122090351660e-01
9.057049751279999672e-01,8.643370926336763072e-01
6.909559965129999926e-01,8.298742837514898607e-01
1.355970025060000195e+00,7.541273886732778875e-01
7.572399973869999856e-01,1.059435545101524934e+00
2.043754577640000125e+00,8.301837404422848232e-01
8.576130270960000690e-01,1.468738350442486906e+00
2.364957094190000220e+00,1.071741463674552586e+00
4.179231166840000178e+00,1.726303751345261706e+00
2.233561992649999883e+00,2.728729550061069098e+00
8.013390302660000630e-01,1.781090288180207759e+00
8.372840285299999463e-01,1.133321440587602646e+00
8.851529955859999133e-01,1.053152338495952689e+00
9.040349721909999303e-01,8.524816132412368352e-01
1.302939534190000082e+00,8.075166593466448495e-01
7.228699922560000157e-01,1.012291340700603781e+00
8.009120225910000279e-01,8.181849733208870212e-01
1.032919287679999965e+00,8.397680399266707063e-01
1.321628212929999879e+00,8.782801641050587138e-01
9.367759823799999275e-01,1.037767699594416060e+00
7.007700204850000336e-01,9.027702585157638682e-01
7.624319791789999634e-01,8.248488387884054251e-01
1.144938945770000105e+00,8.251012038413694238e-01
7.721610069269999599e-01,9.114540663721599767e-01
8.772150278090000697e-01,7.946109813978770031e-01
1.243505001070000171e+00,8.168048101239114844e-01
6.381840109830000385e-01,9.693853148805298137e-01
7.468199729919999807e-01,8.537656337663871442e-01
6.839929819109999976e-01,9.174346251013217879e-01
1.419505119320000119e+00,8.296149913163495260e-01
6.141470074649999500e-01,1.080991562473046175e+00
7.347676754000000976e-01,8.254319369064175849e-01
6.770560145379999062e-01,8.823410551364478938e-01
1.074026942249999950e+00,8.060970929681915420e-01
6.156389713290000287e-01,9.120271943730923203e-01
9.692379832270000550e-01,7.417847588976157480e-01
9.916120171550001361e-01,8.640762359603809672e-01
8.089560270310000023e-01,8.318870177632280427e-01
2.435143947599999859e+00,7.685941704786166673e-01
8.223479986189999869e-01,1.879631576719999586e+00
5.938220024110000272e-01,1.161862203194111709e+00
5.762249827380000466e-01,1.017368103793106826e+00
4.224239885809999429e-01,9.545974855657456404e-01
6.765879988670000511e-01,7.525423977404360754e-01
5.520349740979999531e-01,8.139568781392677588e-01
9.015229940410000031e-01,7.260077577689442174e-01
7.489960193629999763e-01,8.519734947748875964e-01
8.627583980560000754e-01,7.726176026919114870e-01
9.480749964710000199e-01,8.220619895417566880e-01
1.055613875389999956e+00,8.976599559474341961e-01
1.970020055770000056e+00,9.204604439650690972e-01
9.391199946399999554e-01,1.520120984553695820e+00
1.009042978289999892e+00,1.103368929356157047e+00
7.824029922490001177e-01,1.099800814455081488e+00
1.016265034679999957e+00,8.801332778880501806e-01
8.782749772069999850e-01,8.623307188107135479e-01
7.353619933130000064e-01,8.043582140254635915e-01
1.109990954399999952e+00,7.601627162903610291e-01
7.727199792860000027e-01,9.196527428317279318e-01
1.164981961250000086e+00,7.734068399926931070e-01
7.157210111620000426e-01,9.254609028458796738e-01
1.475479006770000101e+00,7.939503242432939256e-01
8.354520201680000202e-01,1.167678103373316123e+00
7.344660162930000125e-01,9.131709061728748855e-01
7.861927747729999805e-01,8.330327718136754100e-01
1.143465042110000107e+00,7.833560672515436085e-01
9.246990084649998609e-01,9.777561949571621502e-01
2.958764553069999970e+00,8.668442007521841575e-01
2.138324022289999959e+00,2.035830348476271201e+00
2.038712024690000124e+00,1.798614886535981894e+00
1.480209946629999829e+00,1.701103404956163301e+00
9.367650747299999248e-01,1.432816556767855687e+00
1.715939760209999942e+00,1.073147586641556517e+00
1.001402020450000041e+00,1.332026411313179892e+00
8.896229863169999863e-01,1.061713690267688470e+00
7.492939829829999843e-01,9.562256067991046216e-01
1.115183949470000213e+00,8.142249401186232305e-01
9.457820057870000019e-01,9.132566022855075349e-01
6.452180147170000213e-01,9.070881868445156426e-01
1.164842009540000056e+00,8.121797971926887350e-01
1.244351029399999975e+00,9.682610420882045155e-01
9.045109748840001185e-01,9.846963378018169788e-01
5.575259923929999362e-01,8.590095186200692456e-01
5.778343677520000332e-01,7.478938497068633451e-01
7.199835777280000348e-01,7.815784896392524717e-01
7.607790231700000128e-01,8.413560302168336946e-01
5.404400229450000426e-01,8.406150710772736234e-01
8.009672760959999360e-01,7.608252889909640215e-01
7.710149884220000027e-01,8.455958934269343086e-01
6.709719896319999988e-01,8.414923931412218172e-01
2.768970489500000021e+00,8.118459300674499834e-01
3.086133003230000060e+00,2.049106059776876432e+00
1.116358041760000086e+00,2.382038825185682995e+00
1.018260955809999979e+00,1.451819125442835201e+00
7.442610263819999794e-01,1.479284727434658775e+00
1.114386796949999869e+00,1.254062657506238354e+00
1.380516409870000238e+00,1.202034797987064474e+00
1.229098439219999950e+00,1.258321359577002641e+00
1.573238968849999919e+00,1.222279135942178518e+00
1.245597958560000107e+00,1.407854510153143890e+00
8.298619985580000247e-01,1.267161532431338333e+00
5.376980304720000436e-01,1.093625743800427985e+00
8.593800067899999284e-01,8.930061806009150782e-01
7.949647903440000274e-01,8.884830777750352127e-01
8.122889995569999577e-01,7.943465351660730089e-01
1.209460973739999945e+00,8.598879674884988278e-01
1.043611049649999956e+00,1.004723396805469404e+00
9.914460182189999138e-01,9.252404772072094774e-01
1.377645969390000058e+00,8.914016231582437833e-01
7.495359778399999229e-01,1.066195979152418705e+00
7.549669742579999676e-01,8.484858031658972788e-01
8.522210121150000095e-01,8.187679063923535283e-01
1.312628030780000010e+00,8.130007714232773131e-01
9.499999880789999906e-01,1.041064623104449360e+00
8.433979749680000637e-01,9.236709061726122716e-01
6.329939961430000039e-01,8.529320368749161441e-01
6.848490238189999246e-01,7.561697239157865180e-01
8.296039700509999504e-01,7.899713167649220491e-01
1.117776036259999994e+00,8.107733982735961797e-01
1.060515046120000138e+00,1.014911156816139970e+00
9.966710209850000446e-01,1.028222731334608175e+00
6.726049780850000825e-01,9.767501764214439053e-01
8.499810099600000335e-01,7.763013333948307615e-01
7.929700016980000266e-01,8.377272732301525027e-01
7.509549856190000927e-01,7.890736375797622326e-01
9.556260704989999466e-01,7.714718620645222291e-01
6.085839867589999397e-01,8.276523855371905602e-01
7.782499790189999489e-01,7.282735877740302843e-01
5.098140239720000411e-01,8.093688046533071834e-01
6.364319920540000286e-01,7.203304215430528235e-01
6.015599966049999248e-01,7.834413413495283640e-01
6.556333899499999784e-01,7.378889350767273703e-01
6.385549902920000243e-01,7.672701774186521106e-01
8.762890100480000832e-01,7.740636262993925154e-01
7.967479825020000739e-01,8.603031134646234035e-01
6.824830174449999509e-01,8.060624787894351551e-01
8.025500178340000401e-01,7.752662027753953744e-01
7.950311899190000142e-01,8.020683700127014815e-01
1.584897041320000088e+00,7.892665479325762234e-01
1.017485976220000143e+00,1.264993646309523712e+00
9.177780151369998585e-01,1.017357481168478239e+00
1.230221033100000083e+00,9.283792277330592535e-01
1.027899026870000121e+00,1.079038756490882767e+00
9.125559926030000213e-01,9.857885893145790224e-01
7.935979962350000472e-01,9.120089691651259711e-01
1.030437946320000187e+00,8.539163637126461204e-01
5.325379967690000438e-01,9.262395172780890640e-01
6.127780079839999505e-01,7.574315963026914122e-01
8.741289973260000234e-01,7.927777603176262566e-01
3.667230010029999820e-01,8.320220853916531212e-01
7.391750216480000857e-01,6.951532159553549528e-01
5.604230165479999748e-01,8.539378282912257756e-01
7.758178114889999755e-01,7.316256346057732340e-01
8.102909922600001202e-01,8.120550056026484276e-01
6.437510252000000488e-01,8.253099414313324056e-01
7.236457467079999706e-01,7.770574427449522537e-01
9.113870263100000146e-01,8.213171078956851279e-01
6.627830266949999993e-01,9.250149666585456565e-01
1.002035975460000117e+00,8.526835904701459690e-01
8.224419951440000709e-01,1.015530945347035807e+00
1.030576944350000135e+00,9.980152280495621087e-01
6.781139969830000114e-01,1.054798508744440255e+00
5.333459973340000104e-01,8.835981157264392039e-01
3.209959864620000047e-01,7.597439980570851459e-01
7.608630061149999069e-01,7.177608964979864670e-01
7.439860105509998878e-01,8.724942654201711667e-01
5.468400120740000148e-01,7.692610615194225288e-01
7.004669904709999173e-01,7.218937704193263416e-01
8.356525897980000561e-01,7.823343931159252307e-01
1.274258971210000091e+00,8.071714718687824641e-01
8.934450149539999719e-01,1.137008390503555066e+00
6.211659908290000365e-01,9.986406895061292754e-01
7.900159955019999680e-01,8.764720435561860201e-01
1.067494988440000014e+00,8.750346871070852073e-01
6.698009967800000464e-01,1.007426368628402402e+00
1.265694975850000015e+00,8.583915731784869108e-01
6.380620002750000408e-01,1.090446417004468316e+00
9.348030090330000652e-01,8.239626798803864061e-01
8.006410002709999363e-01,9.256874675006292463e-01
1.085708975790000030e+00,8.088501443255362577e-01
3.527039885520000251e-01,9.634440426618439135e-01
5.883709788319999578e-01,7.237011277137209708e-01
4.875420033929999120e-01,8.364291084643512564e-01
4.636880159380000754e-01,7.216570588827678767e-01
3.637039959430000136e-01,7.398045498769648676e-01
8.750243186949999696e-01,7.264259411613348538e-01
6.435279846190000708e-01,8.899374623923711480e-01
4.834130108359999678e-01,7.861583700864926971e-01
2.120890021319999930e-01,7.448408429050944468e-01
4.560469985010000005e-01,7.116292625701822194e-01
4.367910027499999903e-01,8.147032310034931779e-01
7.238804101939999569e-01,7.389194338583181532e-01
5.560690164570000205e-01,8.265281344780278650e-01
4.748429954049999679e-01,7.489072260785116786e-01
2.674640119080000100e-01,7.414071774083602628e-01
9.588437080379998978e-01,7.096170373003812815e-01
7.868980169300000549e-01,9.873513356754864967e-01
1.794360995290000149e+00,7.997408894529107748e-01
1.337677955630000026e+00,1.330861952082074140e+00
1.210453987120000185e+00,1.149770464102472856e+00
5.654799938200000264e-01,1.062586112140567307e+00
4.008429944520000565e-01,8.049288476181066798e-01
2.727654874320000200e-01,7.225660835196915377e-01
5.836449861529999783e-01,7.279146849524837926e-01
8.533802628519999711e-01,8.578957112430181109e-01
8.660610318179999823e-01,8.224567006151271009e-01
1.158349990839999899e+00,7.905650793833792767e-01
7.764859795569999390e-01,9.378723705960073653e-01
1.068807005880000105e+00,8.027630646046182150e-01
5.888479948040000744e-01,8.939527568951955994e-01
1.588868498799999918e+00,7.470278442010566122e-01
4.327859878540000205e-01,1.307258826254632300e+00
3.996030092239999942e-01,8.947737436055749338e-01
5.545349717140000134e-01,9.297227831857879377e-01
6.221979856490000849e-01,9.233657210786583303e-01
1.149551987649999996e+00,7.840044334069802279e-01
1.121260046960000034e+00,9.869256743363725715e-01
9.776459932330001656e-01,9.263838789965893605e-01
1.732741951940000025e+00,8.487581986094975273e-01
2.302707910540000125e+00,1.280032878706206301e+00
1.053477048870000043e+00,1.601270592846043339e+00
7.962800264360000435e-01,1.125709571824340394e+00
5.203329920770000117e-01,9.448529006224369864e-01
6.104800105090000262e-01,8.006098060561658292e-01
4.453057944770000276e-01,7.562437851852648052e-01
6.522138714790000069e-01,7.063760272900959647e-01
1.175541162490000069e+00,8.027644554402189048e-01
1.032202124599999937e+00,1.027146164976510123e+00
7.193930149079998948e-01,9.723683388567234687e-01
8.200139999390000378e-01,8.782838810267008522e-01
9.497330188749999458e-01,9.080666373766289601e-01
1.039114952089999822e+00,9.628903624610682943e-01
5.883830189700000046e-01,9.782223883076524018e-01
9.508559703829999599e-01,7.855914748004882986e-01
5.277600288389999728e-01,8.848791779027891380e-01
7.736063003540000205e-01,7.299587506138488502e-01
9.703559875489999875e-01,8.180983995409116805e-01
1.383889913560000018e+00,8.916694278518225714e-01
7.795230150220000542e-01,1.068121999547506418e+00
6.069999933240000090e-01,9.419708785258751327e-01
4.660570025440000097e-01,9.175208131425807156e-01
9.455270171170000459e-01,8.426207332825230711e-01
6.238729953770000280e-01,9.128521139509051530e-01
3.923240005969999555e-01,7.256560349926446385e-01
5.156549811360000568e-01,7.132664730906228545e-01
9.679385423659998544e-01,7.658325413365817402e-01
1.356565952299999989e+00,8.688616515802067841e-01
9.072690010070001421e-01,1.091520513616760724e+00
8.162760138510000152e-01,8.954461123535709666e-01
2.479866981509999846e+00,8.198732296333921532e-01
1.133080005649999888e+00,1.780895841372025279e+00
1.045583963389999926e+00,1.262343256427917115e+00
8.474370241169999485e-01,1.180780238527350701e+00
1.536522984499999911e+00,1.038986656942855191e+00
9.008989930149998715e-01,1.250201870603811605e+00
4.812009930610000041e-01,9.938126150225211619e-01
8.572540283199999722e-01,8.273291860281745125e-01
8.617479801180000232e-01,9.008747603570026463e-01
1.008694052699999899e+00,8.317757933781215751e-01
1.127727031710000105e+00,8.869849365235159544e-01
7.795569896699999779e-01,9.173726235264864082e-01
9.895502924919998833e-01,7.962853594694125903e-01
8.363329768179998958e-01,8.561507627569066026e-01
9.099559783939999980e-01,8.200462582884857632e-01
5.511059761050000061e-01,8.401718550869764490e-01
1.239764332770000088e+00,7.210154851220865746e-01
1.211838960649999963e+00,1.010608966544658038e+00
1.379981994630000042e+00,1.013717159662274270e+00
1.148460984229999982e+00,1.094040310017780904e+00
7.663900256160000035e-01,1.051201655630067844e+00
9.660840034480000504e-01,9.029061553500271620e-01
8.156750202179999798e-01,9.144844344699000205e-01
1.142272949220000111e+00,7.899471741146036896e-01
1.299479961400000105e+00,9.370551247832549224e-01
8.583310246469999516e-01,1.035255888635904453e+00
7.149469852449999996e-01,8.654879109200724896e-01
8.764400482179999230e-01,7.882202711939224615e-01
8.305460214609999836e-01,7.988614663323626575e-01
8.535240292550000385e-01,7.940182105952995339e-01
9.092410206789999227e-01,7.953388577669229242e-01
5.202720165249999917e-01,7.989346340154784842e-01
7.411040067669999454e-01,7.072837476148708946e-01
5.853319764140000325e-01,8.156193809880959433e-01
5.047770142559999673e-01,7.320469084642792224e-01
5.519493222240000607e-01,7.245250509915741599e-01
9.697520136830000137e-01,7.383484235704135257e-01
1.116515994070000017e+00,9.024481759173336171e-01
1.049844980239999837e+00,9.185357758119554461e-01
6.342629790310000404e-01,8.970842084783947623e-01
5.644329786300000817e-01,7.573149615903302934e-01
9.184709787369998990e-01,7.456507580861002626e-01
9.593539834020000656e-01,8.406308013077433694e-01
5.984159708020000412e-01,8.476432904334243457e-01
9.383450150489998087e-01,7.373344279763743847e-01
4.542250037189999867e-01,8.637199574502486543e-01
7.079470157619999204e-01,7.058951670153925662e-01
3.876500129699999575e-01,8.126377604144656708e-01
4.484339952469999502e-01,6.891168291898007725e-01
8.405709862710000202e-01,7.632286841526481069e-01
5.337110161779999862e-01,8.605630126280346959e-01
7.211350202559999589e-01,7.120810271625906962e-01
5.215386152269999576e-01,7.859985037127791285e-01
7.050759792330000275e-01,7.035117586639902942e-01
6.405649781229999506e-01,8.167249881667719702e-01
5.168589949609999623e-01,7.365858466151121720e-01
1.660409450529999997e+00,7.241230016137586434e-01
2.465307950970000217e+00,1.251983761064019207e+00
1.622156023979999917e+00,1.728875666505801822e+00
1.866270065309999948e+00,1.365047679554049820e+00
3.623536109919999859e+00,1.417619316699954890e+00
7.948709726329999947e-01,2.450441965376433107e+00
9.065989851949999290e-01,1.329207662074979091e+00
8.571879863740000660e-01,1.351684977970340817e+00
7.756379842759999477e-01,1.276618691670561745e+00
7.006700038909999817e-01,1.028901101734727153e+00
6.443409919740000769e-01,8.175254149568313977e-01
7.579550147059999077e-01,7.567028896391010395e-01
5.499600172040000068e-01,7.749133669401673252e-01
4.964669942860000518e-01,7.142429163928624147e-01
1.367677569390000070e+00,7.343351020388682038e-01
1.397894024850000250e+00,1.091969553172382756e+00
8.148130178450000427e-01,1.341445788224501223e+00
1.278898954390000009e+00,1.136247894701482020e+00
8.623980283740000363e-01,1.374671037207589430e+00
1.093865990639999897e+00,1.058513381136493736e+00
8.134710192680000285e-01,9.684872941276119196e-01
1.466687083240000078e+00,8.217533981234725893e-01
9.060310125349999577e-01,1.145936515027377922e+00
7.652140259739999006e-01,1.028932568241551326e+00
1.311033964160000176e+00,9.845310369149549157e-01
7.892500162119999718e-01,1.154550267566085475e+00
1.474902033810000068e+00,8.929744284063533266e-01
9.167850017550001063e-01,1.172088998519819070e+00
1.186140060420000086e+00,9.851126560223321116e-01
1.411391973500000008e+00,1.071085392086193577e+00
2.092472076419999993e+00,1.101019569134030762e+00
7.189220190049999681e-01,1.493885350429200010e+00
1.301861047739999888e+00,9.663477938100680786e-01
1.268974781040000055e+00,1.146176868669309901e+00
1.221997022629999874e+00,1.048379692940754282e+00
9.061110019679999850e-01,1.084985554478664627e+00
1.078873991970000112e+00,9.661671623507486206e-01
1.028025031089999874e+00,1.003000704135122767e+00
7.863690257070000689e-01,9.074543837477816455e-01
1.276852965350000035e+00,8.029533376987139093e-01
7.093420028689999546e-01,1.007994841021358834e+00
5.201929807659999572e-01,7.978207310802134522e-01
5.645610094070000473e-01,7.257555641133197621e-01
9.855200052259998067e-01,7.434664722097026335e-01
1.092841982840000004e+00,8.729982513244037845e-01
4.786899983879999709e-01,9.408830573226861782e-01
3.955059945579999514e-01,7.522323805685795506e-01
1.850703001020000071e+00,7.638803450898078440e-01
1.195796012879999815e+00,1.455420403372015281e+00
1.702510833739999896e+00,1.157602010562149841e+00
2.998351097109999586e+00,1.345459955322540369e+00
2.407080888749999925e+00,2.074080469355477074e+00
2.585943937299999718e+00,1.797613763857509817e+00
2.233839035029999920e+00,1.869417971111498433e+00
1.655773043629999997e+00,1.740583899643090016e+00
1.430611014370000156e+00,1.475074011986017508e+00
8.921740055079999676e-01,1.326401208997305847e+00
1.231696963309999893e+00,9.729778166573764819e-01
8.955079913140000514e-01,1.012640153017856814e+00
1.602033019070000064e+00,8.751654581137376931e-01
1.585399031639999956e+00,1.258177606360558531e+00
1.232059955600000034e+00,1.264610138792950034e+00
1.210371017459999976e+00,1.111045057462785479e+00
1.242141008379999967e+00,1.041758174678899307e+00
9.857040047650000858e-01,1.041752697851362708e+00
7.289689779279999726e-01,9.347023802232502510e-01
6.761519908910000876e-01,8.043020640570909263e-01
1.071573019029999907e+00,7.850831406471854290e-01
9.457439780239998983e-01,9.543730951822791964e-01
4.376370012759999706e-01,9.029946836970300650e-01
5.141820311550000522e-01,7.522553893845854711e-01
3.387190103530000052e-01,8.164293536458434586e-01
7.144280076029999593e-01,7.239594832326307072e-01
4.996199905870000180e-01,8.674142569974746531e-01
7.917379736899999854e-01,7.485937342016969476e-01
8.646243214609999894e-01,8.551598796693784532e-01
6.024960279459999901e-01,7.938010413497318396e-01
1.260069966320000123e+00,7.452628873699008727e-01
1.012339949610000067e+00,1.052918513948872592e+00
1.004528999329999950e+00,9.428476524023999827e-01
6.310235261919999727e-01,9.113896145349897893e-01
1.141221046449999887e+00,7.600345965511636770e-01
5.426099896430000014e-01,1.056202729225952597e+00
8.547459840769999762e-01,8.114712325675033089e-01
7.744219899179999311e-01,9.205381539637788046e-01
3.084340095520000102e-01,8.106392881467834322e-01
8.376209735870000506e-01,7.094758143155750485e-01
7.293469905850000767e-01,9.266487345723304347e-01
7.503905892370000830e-01,7.673234495684924106e-01
1.134822010990000019e+00,7.847945294128687577e-01
1.614240050320000064e+00,1.009810086600209322e+00
1.244793057440000128e+00,1.263250719327618787e+00
7.141630053519999466e-01,1.146336445152746242e+00
7.293040156360000026e-01,9.314758480242615324e-01
6.486989855770000091e-01,8.464138643014750274e-01
3.427990078929999962e-01,8.049059342140502116e-01
3.861860036850000011e-01,7.273259914329730513e-01
6.366299986840000535e-01,7.710864601509780369e-01
3.990480005740000280e-01,8.005170255984379590e-01
4.178859889509999870e-01,7.150700840979051787e-01
1.103790521619999909e+00,7.512146220201196822e-01
6.956189870829999622e-01,9.750984228126564624e-01
8.070139884950000564e-01,7.955399336815970335e-01
5.947690010070000310e-01,8.315124805613099968e-01
1.107607960700000005e+00,7.376795110784112319e-01
9.713580012320001122e-01,9.888517966026422190e-01
7.170349955560000321e-01,9.033692916388700311e-01
6.764810085300000386e-01,8.043912602756839725e-01
1.687772989270000190e+00,7.551034910944033340e-01
9.907569885250001596e-01,1.294381572412329096e+00
8.082039952280000161e-01,9.997720473239660732e-01
1.087718963619999979e+00,8.784734329228615080e-01
1.564818024639999861e+00,9.528880661440520816e-01
6.673809885979999912e-01,1.206834475698821851e+00
1.256489992140000123e+00,8.815704368717367512e-01
1.091886043549999963e+00,1.108360490640068585e+00
7.375509738919999725e-01,1.030299160280562898e+00
6.224380135540000802e-01,8.570827330925177012e-01
8.364729881290000613e-01,7.522806488703110972e-01
5.774260163309999916e-01,8.433899648154619122e-01
1.015761017800000054e+00,7.357624633944310766e-01
1.106158971790000001e+00,9.484768882421250602e-01
6.945540308949998964e-01,9.453116166553452437e-01
1.130903959270000092e+00,7.829971434202869229e-01
9.518219828609998379e-01,9.991311290123735533e-01
7.524570226669999862e-01,9.267161527470526572e-01
5.585229992869999993e-01,8.410572390807332654e-01
1.415836334229999771e+00,7.383495890536739825e-01
1.855298042299999839e+00,1.114576033677180167e+00
7.845479845999999702e-01,1.602886452911610471e+00
8.210539817810000862e-01,1.170811906524303891e+00
5.835890173909999978e-01,1.193444721037230316e+00
8.359720110889999889e-01,9.750152877083930747e-01
2.184663057329999880e+00,8.963116868541508575e-01
6.805480122570000123e-01,1.604920443229494564e+00
1.238904953000000031e+00,1.032808351118946089e+00
1.030328035349999949e+00,1.220572023721092192e+00
7.914109826090000022e-01,1.136353445177961108e+00
8.423720002169999832e-01,1.044815770989902859e+00
4.464710056779999658e-01,1.027706052625431576e+00
5.589337944979999584e-01,7.638396669003029160e-01
7.099329829220000221e-01,7.486401368310824367e-01
7.334340214730000751e-01,7.998277100153858843e-01
7.833399772640000647e-01,7.612708463654386248e-01
8.426809906959999985e-01,7.995474427178482779e-01
1.099761009220000085e+00,8.140520319888693290e-01
8.706315755840000614e-01,8.840487422507838922e-01
5.862460136410000411e-01,7.943628637359874123e-01
8.863990306849999223e-01,7.282346907126683311e-01
1.019399046900000050e+00,8.462272517242959147e-01
8.493610024450000129e-01,9.033161586177014257e-01
1.010666966439999870e+00,8.763704407674214325e-01
1.331516027449999973e+00,9.305087371079977521e-01
1.215008974079999859e+00,1.033394286037215615e+00
1.645591020579999952e+00,9.942074874901793979e-01
9.708780050280001461e-01,1.249715319206509134e+00
1.411272048950000135e+00,1.003334253903393591e+00
7.953929901119999313e-01,1.128628139002932462e+00
1.046331048010000098e+00,9.107287068099728655e-01
8.879339694979999642e-01,1.009268042032501089e+00
8.349300026890000836e-01,9.101465789479131763e-01
9.847199916840001510e-01,8.322023095003897586e-01
1.090394020079999970e+00,8.757690120714026749e-01
4.901649951929999971e-01,9.088492406137863577e-01
6.141669750209999279e-01,7.489820262776155646e-01
6.314740180969999894e-01,8.192770599548842014e-01
8.252440094949999860e-01,7.734246492241069193e-01
1.051450967789999913e+00,8.238758123845297821e-01
1.047114968300000060e+00,9.221762602771363948e-01
3.921430110930000379e-01,9.425541227071496664e-01
4.695149958129999912e-01,7.362428374388385599e-01
7.720900177959999500e-01,7.871898958709041549e-01
7.520099878309999264e-01,8.331927572993645947e-01
6.877393722529999698e-01,7.991358959228573866e-01
6.718119978899999012e-01,7.538930073430679668e-01
1.185933232310000029e+00,7.805094517271717880e-01
6.571980118750000432e-01,9.718002876963188763e-01
8.213180303569999063e-01,7.816125021491789893e-01
7.795739769939998842e-01,8.370982178320336420e-01
1.030122995379999962e+00,7.833942630583378142e-01
6.211889982220000217e-01,8.894358558395095704e-01
8.660820126530001106e-01,7.554682589897299128e-01
9.608931541440000057e-01,8.425127146866308037e-01
6.760399937630000577e-01,8.329086148274582602e-01
7.402380108830000083e-01,7.644525094419954980e-01
5.984709858890000511e-01,7.937248332568960230e-01
6.151059865950000427e-01,7.362140980501994392e-01
9.358735680579999272e-01,7.537687420792476001e-01
5.818247795100000008e-01,8.664731578504177856e-01
7.156659960750000327e-01,7.251267841006470150e-01
6.529520154000000298e-01,8.086912570664750444e-01
9.700022935870000751e-01,7.721758773850415647e-01
7.834500074390000623e-01,8.691277783209170327e-01
7.448130249979999506e-01,8.011375868574561743e-01
8.276180028919999376e-01,8.193159352105928717e-01
8.943400979039998200e-01,8.220814479289475507e-01
2.505017042159999985e+00,7.914440969182457986e-01
1.620712041850000062e+00,1.992202358409481011e+00
1.417585968970000110e+00,1.481268033999809219e+00
1.049872040749999957e+00,1.374322071936619150e+00
1.226507544519999993e+00,1.101877984919391595e+00
1.043179035189999881e+00,9.835341065028920804e-01
9.694439768789999690e-01,9.128328981802745767e-01
8.192250132559999454e-01,8.697099098372461645e-01
8.129550218580000598e-01,8.115829682451877192e-01
6.712080240250000163e-01,7.994761935407249664e-01
5.289899706839999993e-01,7.582709425569387207e-01
3.461930155749999849e-01,7.198202849792002533e-01
4.789490103719999392e-01,7.122308575112809015e-01
1.153810977940000093e+00,7.764600660333077498e-01
9.671270251270001062e-01,9.865093576778944939e-01
7.845839858059999727e-01,8.606541735720717456e-01
4.701859951019999873e-01,7.900597875618640131e-01
5.632782578470000301e-01,7.107974079665242417e-01
2.416239976880000251e-01,7.448630998583759544e-01
2.709859907630000064e-01,7.055857275973070886e-01
1.994680017229999991e-01,7.831201035498353002e-01
1.327169984580000017e-01,7.633544718840404864e-01
4.732620120050000101e-01,7.832076820867887035e-01
6.585559844969999244e-01,8.748816076957941501e-01
9.621880054470000054e-01,8.342129809270425467e-01
5.111979842189999790e-01,8.495045452810662256e-01
9.829789996150000153e-01,7.097027100842745462e-01
9.100099802019999684e-01,8.946435756941395478e-01
1.026576042179999870e+00,8.486517474776884562e-01
8.309389948840000262e-01,8.940488942458896249e-01
9.651920199390000565e-01,8.128324015543610948e-01
1.000543951989999902e+00,8.406839052816814650e-01
1.983185052869999687e+00,8.205948049797063826e-01
1.274855017659999978e+00,1.377684194578456811e+00
1.286525964740000028e+00,1.188945032592437556e+00
1.382244944570000245e+00,1.162174851162298683e+00
1.736924052240000016e+00,1.157517584522668619e+00
1.257668018339999971e+00,1.405440133864824803e+00
7.533379793170000838e-01,1.190743891852449332e+00
1.084908962249999886e+00,9.541135164712200023e-01
1.062494039539999990e+00,9.840156106409069237e-01
7.787629961969999570e-01,9.335299112240502684e-01
8.256469964979999965e-01,8.131754026994774120e-01
9.891830086710000636e-01,7.942816847860154628e-01
1.418092012410000047e+00,8.412509561117910151e-01
1.151677966120000063e+00,1.084353771925643750e+00
1.250364065170000094e+00,9.962464056819325675e-01
8.794019818310000458e-01,1.009806278418192704e+00
1.089423060420000144e+00,8.571112230532396126e-01
1.809062957760000145e+00,9.150839973542607142e-01
8.687390089040000207e-01,1.358717736546465993e+00
8.521729707719999380e-01,9.769922653928132528e-01
1.307837963100000112e+00,9.026631141432481797e-01
1.262575984000000151e+00,1.028965937272945164e+00
7.601559758189999627e-01,1.040998191578547782e+00
1.069887042049999959e+00,8.397214258248912877e-01
8.579840064049999437e-01,9.064734852444288338e-01
1.149323940279999956e+00,8.785075634059756888e-01
1.067142963410000034e+00,9.971441623126483522e-01
7.400619983670000401e-01,9.251818879884257107e-01
6.799880266190000411e-01,7.798967636288595129e-01
7.323921322820000634e-01,7.556183184786808837e-01
8.352749943730000126e-01,7.552451730447850009e-01
6.000829935070000065e-01,8.071529473167885493e-01
1.010563969610000168e+00,7.229144580265419728e-01
7.613970041280000434e-01,8.934280458947090331e-01
7.260069847110000030e-01,7.837874524171146717e-01
1.064324021340000037e+00,7.825288247852001389e-01
5.901079773899998715e-01,9.032547557026794349e-01
7.744659781460000447e-01,7.435912807623122900e-01
7.406870126719998781e-01,8.359888588548799460e-01
8.908360004430001533e-01,7.767918714671210312e-01
7.620100975040000613e-01,8.176387426736894115e-01
7.774500250820000069e-01,7.564866984377659476e-01
5.811070203779999943e-01,8.173301856366369522e-01
7.908779978749999051e-01,7.540668273187741688e-01
8.903719782829999652e-01,7.982650835326837724e-01
7.882059812549999656e-01,8.083680114287579155e-01
7.301949858670000459e-01,7.628597794743992022e-01
9.248933196070001639e-01,7.579406813075494354e-01
1.265586972239999941e+00,8.194533597949967829e-01
7.884140014650000694e-01,1.027208773702426692e+00
9.180610179899998391e-01,8.382293344935068946e-01
6.569269895549999516e-01,8.423186844883584490e-01
8.252680301670000107e-01,7.509218831640239733e-01
4.257229864599999525e-01,8.190838505211607279e-01
9.114630222319998198e-01,7.124722584492722000e-01
7.238519787790000937e-01,8.992837165972109581e-01
9.657319784160000031e-01,7.605585082763324234e-01
7.194200158119999911e-01,8.820355008065483560e-01
7.146480083470000411e-01,7.967553723062339444e-01
6.188799738879999790e-01,8.020701913406319550e-01
8.502969741820000094e-01,7.368520062788955771e-01
6.113014817240000065e-01,8.204741680652190006e-01
8.405809998509999881e-01,7.182809651550645658e-01
5.909900069240000553e-01,8.381805582428203394e-01
1.191807866100000002e+00,7.335471712656785881e-01
1.072478055950000009e+00,9.853416392412518432e-01
7.976800203319999172e-01,1.007149731584956465e+00
7.140370011329999489e-01,8.933376593241411090e-01
8.885610103609999921e-01,8.327632680960703748e-01
7.367290258409999737e-01,8.181045053544043766e-01
9.655410051350000744e-01,7.541204248688473388e-01
8.569459915160000385e-01,8.457191548926735747e-01
5.838339924809999859e-01,8.010247177068268165e-01
3.047562122340000457e+00,7.311592390616781234e-01
8.865389823909999301e-01,2.459787710812660233e+00
1.186460971829999878e+00,1.549498627484555913e+00
8.750730156899999557e-01,1.849305658441505296e+00
1.111973047260000014e+00,1.565893225770136787e+00
6.929270029070000447e-01,1.261193176467056976e+00
5.632749795910000357e-01,8.867261185532595569e-01
5.519689917560000048e-01,8.473270178326046675e-01
9.211350083349998386e-01,8.066655279207541884e-01
5.465030074119999748e-01,8.647687987731469406e-01
9.997850060459999577e-01,7.241409745203558623e-01
7.512239813800000166e-01,9.087787968026915797e-01
8.402569890019999654e-01,8.126429802469370411e-01
7.843149900439999600e-01,8.394090009661787644e-01
5.915480256080000165e-01,8.015484981730620628e-01
6.109840273859999948e-01,7.463728759029172322e-01
9.328789710999999540e-01,7.477499416076835992e-01
7.992020249369999885e-01,8.540435282770393322e-01
9.833549857140000405e-01,7.967744939917450475e-01
5.405290126799999761e-01,8.715948060990067470e-01
1.093670010570000128e+00,7.200715292772379428e-01
9.266330003740002041e-01,9.573833571603125314e-01
7.972419857979999858e-01,8.587617239921806478e-01
5.896059870719999596e-01,7.924839424202985150e-01
7.799540162090000672e-01,7.228382159496600234e-01
5.182790160179999717e-01,7.927965476395095745e-01
7.263879776000000676e-01,7.147061801681653392e-01
6.216366887090000182e-01,7.955881046126719314e-01
8.810679912569999717e-01,7.284789886039965134e-01
7.315016984940000411e-01,8.461852660963280481e-01
9.703850150109999406e-01,7.720343424890266926e-01
8.715350031849999901e-01,8.658538498386862958e-01
5.505740046500000595e-01,8.052204550068723377e-01
2.576299905780000121e-01,7.281346091971502288e-01
6.952109932899999123e-01,7.023482842130019943e-01
3.547430038449999601e-01,8.746730567881469964e-01
1.308350920679999918e+00,7.175280971216719816e-01
1.424710035319999957e+00,1.116553156570804450e+00
2.422243118290000385e+00,1.121466745165322632e+00
1.588093161580000023e+00,1.656536589751599786e+00
2.882889986040000352e+00,1.360743116279615750e+00
1.510810017590000109e+00,2.099740261847313327e+00
5.103110075000000245e-01,1.458277343084477762e+00
6.637499928469999810e-01,1.012756262145128483e+00
5.865659713749999948e-01,9.706724830171648000e-01
9.182999730110000813e-01,7.769318913687029982e-01
1.126363039020000123e+00,8.621016938863871326e-01
9.455379843709997845e-01,9.197551237121376344e-01
7.979699969290000583e-01,8.620988855770292947e-01
8.895260095599999417e-01,8.229432619290081297e-01
5.017459988589999531e-01,8.576827476708580589e-01
7.889080047609999813e-01,7.531296745459982178e-01
5.571460127830000220e-01,8.609508577764340975e-01
8.079270124439998924e-01,7.217901709299345825e-01
7.382910251620000697e-01,8.221003504648458637e-01
6.742079854009999096e-01,7.652270563629554045e-01
8.787713646889999675e-01,7.532384436526162741e-01
7.401880025859999268e-01,8.159197939417663914e-01
8.886500000949999478e-01,7.691707933314759771e-01
7.983270287510000340e-01,8.216307910936005987e-01
5.137799978260000344e-01,7.823582751678324065e-01
7.760372757910000141e-01,7.285905778532374422e-01
8.528280258179999906e-01,8.184959673874591113e-01
7.851629853249999513e-01,8.599469329683908647e-01
8.431609868999999646e-01,8.217390853509812798e-01
1.024798870089999925e+00,8.210519810420273679e-01
8.044279813770001120e-01,8.747612213508297874e-01
8.841310143469999216e-01,8.109184842087812095e-01
3.615649938579999501e-01,8.471448903885711035e-01
1.171491026879999842e+00,6.937051152495745665e-01
4.477910101409999788e-01,1.038593167225403180e+00
7.665730118750000432e-01,7.367768480096659189e-01
7.735599875449999940e-01,8.481899285467484617e-01
1.054823040959999902e+00,7.744941236160544085e-01
7.843300104139999673e-01,9.045913725495928759e-01
1.034250974660000155e+00,7.965681279649859947e-01
1.096979022029999973e+00,8.700221954674797198e-01
7.633029818529999400e-01,8.985758098630053370e-01
5.883730053899999257e-01,7.891635487064840859e-01
6.365630030629999547e-01,7.382125452122343390e-01
5.750700235369999858e-01,7.469354755416075520e-01
5.399640202519999654e-01,7.261344016592962136e-01
1.324671149250000068e+00,7.249855279693044885e-01
8.178460001949999780e-01,1.068344009022098140e+00
6.359609961509999909e-01,8.657972494866457147e-01
8.135920166969999867e-01,8.154971416680856233e-01
9.872140288349999793e-01,8.436854496252546021e-01
9.839289784429999797e-01,8.467507378340709545e-01
5.904790163040000150e-01,8.419420308690994670e-01
8.986790180210000312e-01,7.362073093551417813e-01
6.268000006680000125e-01,8.395981671321739448e-01
6.926850080490000172e-01,7.259106587178496550e-01
5.757049918169999669e-01,7.655633963680988918e-01
6.764680147170000213e-01,7.283842101328272811e-01
8.279470205309999997e-01,7.565496791574205515e-01
6.547859907149999881e-01,8.120202625437891175e-01
1.085815548900000094e+00,7.368704919080034665e-01
8.509550094600001335e-01,9.113366903321606927e-01
8.879359960560000431e-01,8.075502949279919074e-01
6.557850241659999302e-01,8.043085456535646882e-01
6.597809791559999804e-01,7.463039331546655886e-01
8.856279850010000398e-01,7.577987401436353521e-01
7.502999901769999980e-01,8.287639783311455677e-01
9.303160309790001747e-01,7.628424880684419040e-01
7.259460091590000941e-01,8.200201987454219799e-01
7.123904824259998936e-01,7.689815231684663521e-01
9.326570034030000622e-01,7.723265379765263949e-01
6.544970273969999974e-01,8.560168521606277281e-01
4.987269937989999846e-01,7.820656224339431750e-01
9.782410264020000579e-01,7.546689121792179433e-01
5.593240261080000275e-01,8.935434836993357832e-01
8.733990192409999409e-01,7.276255992385319837e-01
6.232500076290000690e-01,8.505837978696760837e-01
6.319249868390000024e-01,7.364735603605039316e-01
8.335350155830000274e-01,7.431632815167691364e-01
8.613430261610000027e-01,8.237615513646308063e-01
1.036013007159999999e+00,7.990071342841750246e-01
6.160370111469999355e-01,9.121314394824787675e-01
9.874529838559999995e-01,7.728898123513570084e-01
6.686739921569999634e-01,9.087279696482367664e-01
6.455339789389999972e-01,7.473622085404565407e-01
1.007030010220000049e+00,7.650344389439630577e-01
7.763000130650000719e-01,8.864839370583256217e-01
9.358490109439999705e-01,7.948601556646677224e-01
6.626719832419999401e-01,8.409588686876130481e-01
1.113351941109999910e+00,7.362470554006798062e-01
5.495319962500000432e-01,9.217537164400805283e-01
9.273632764820000096e-01,7.256577685924464616e-01
8.215330243109999486e-01,8.462583161189916048e-01
9.193540215489999223e-01,8.624855521960063109e-01
6.899859905239998925e-01,9.089728585893418478e-01
6.497738957409999738e-01,7.911687755823868518e-01
9.705049991609999704e-01,7.346951262044533193e-01
8.034440279009998909e-01,8.956968586507729757e-01
8.920990228650002019e-01,7.849506492889920528e-01
7.462270259859999921e-01,7.993825059415826662e-01
1.495407462120000197e+00,7.539438410690230130e-01
7.597569823270000633e-01,1.160052137033512176e+00
9.677280187609998974e-01,1.029145264890858114e+00
1.126011013979999920e+00,1.147296610939919193e+00
7.641419768330000029e-01,1.136000408628128344e+00
1.423818945879999909e+00,9.488561873184977458e-01
8.309190273280000483e-01,1.204676638639999853e+00
5.316870212550000030e-01,9.767333441196570654e-01
6.942920088770000442e-01,8.555466176996112670e-01
1.097100019450000019e+00,8.640065287038642960e-01
8.623710274700000511e-01,9.141262167760459967e-01
9.711959958079999788e-01,8.194974012203994906e-01
7.501904964450000213e-01,8.622858197890198584e-01
5.659890174870000346e-01,7.732382423158550289e-01
7.235890030859999378e-01,7.149525501208124911e-01
1.088876962660000114e+00,7.779657468930237796e-01
2.614549994470000138e-01,8.908550839867048765e-01
1.923168003559999895e-01,6.830104999011882283e-01
2.048390060660000012e-01,7.624950775115036938e-01
3.752999901769999980e-01,7.843228097212786576e-01
1.878910064700000104e-01,8.071670470812755127e-01
4.178839921949999980e-01,7.497877476085182957e-01
6.128349900249999704e-01,8.303743628451629721e-01
4.822100102899999352e-01,7.800934863237796169e-01
8.136649727820000066e-01,7.251710277742144939e-01
8.997989892959999958e-01,8.310146561018089129e-01
7.667459845540000041e-01,8.003574247697049504e-01
6.762999892229999421e-01,7.656559462525137638e-01
9.804093837739999984e-01,7.626677607308103291e-01
1.075533032420000090e+00,8.549715406890635583e-01
6.459739804270000496e-01,9.594472080747006304e-01
7.601699829100000416e-01,7.920832975364687778e-01
8.707180023190000950e-01,8.142302510448835573e-01
1.045557022089999899e+00,8.121861442585247559e-01
4.832339882849999713e-01,8.926606504383356455e-01
1.085988998409999962e+00,7.276350732737455473e-01
7.320979833600000930e-01,9.576475059566301740e-01
7.128990292550000385e-01,7.730327728006556320e-01
1.045389056210000112e+00,7.715672739155017279e-01
7.359200119969999676e-01,8.659084480983796350e-01
8.956930041309999480e-01,7.630358882669802112e-01
8.745509982110000191e-01,8.133095334817406208e-01
9.237470030779999508e-01,7.876313242951900051e-01
9.997780323029999971e-01,8.011712715049701394e-01
1.739534020420000049e+00,8.474771101958035180e-01
8.107889890670000321e-01,1.333378160102192567e+00
7.049050331119999235e-01,1.001297393608658659e+00
8.328269720080000438e-01,9.599127739848064556e-01
8.276600241660000412e-01,9.277091147163103457e-01
8.953109979630000659e-01,8.122961290162213910e-01
1.459501028060000039e+00,8.019785638323493338e-01
1.179519057270000060e+00,1.106300965680080406e+00
1.443411946299999915e+00,1.033543234084202123e+00
1.306735038760000078e+00,1.120977760161747661e+00
7.634999752040000365e-01,1.052369205745591785e+00
1.145148038860000161e+00,8.449615427660057687e-01
7.253450155259999477e-01,9.753815252800382973e-01
7.633590102199999672e-01,7.763559988973293136e-01
6.174820065499999622e-01,7.642649066838075322e-01
1.029322981830000039e+00,7.430628961335670191e-01
1.302055954929999926e+00,9.038023311371121693e-01
3.164124965670000122e+00,1.021617235592272577e+00
9.734439849849999549e-01,2.212752367669278630e+00
1.229671001429999855e+00,1.253798424698026048e+00
7.441530227660000385e-01,1.264208722522991657e+00
1.063034057620000139e+00,9.631123122918537893e-01
1.123872041700000102e+00,9.250518836228678321e-01
8.984770178790000283e-01,9.310109575597861342e-01
7.175139784810000698e-01,8.443723961268407852e-01
5.367509722709999931e-01,7.832034005035040103e-01
1.175443053249999981e+00,7.333790881535592332e-01
1.101048946379999949e+00,9.980984369970711256e-01
5.734490156170000130e-01,9.174344981108989439e-01
1.431144952770000200e+00,7.426283605936407906e-01
1.037794947620000130e+00,1.118080666778130450e+00
6.568620204930000206e-01,9.591829057691640958e-01
1.074908018110000141e+00,8.158356980351649801e-01
1.385972023009999887e+00,9.230052257733772914e-01
1.004804968829999812e+00,1.045226833286519774e+00
1.609539985660000116e+00,9.213734153275638938e-01
2.817575931549999524e+00,1.192832123788735155e+00
1.962562561039999709e+00,1.980532129716843226e+00
1.279752016069999998e+00,1.594641836742106467e+00
1.995329976079999845e+00,1.292389628885522335e+00
2.033385992049999924e+00,1.555847318695716019e+00
1.307443976400000096e+00,1.488372868474865385e+00
1.611258029939999892e+00,1.143330637571615460e+00
2.040218114850000042e+00,1.238309837995795970e+00
2.183244943620000100e+00,1.504901452253752936e+00
1.351415991779999937e+00,1.593483801326299965e+00
7.242180109020001089e-01,1.228689938622905986e+00
1.363389015200000109e+00,8.947409028073488590e-01
1.526808977129999967e+00,1.099613394757759099e+00
1.784019589420000163e+00,1.168340551845582498e+00
1.103597044940000105e+00,1.288159475351332572e+00
1.763007998470000004e+00,1.089483574934608567e+00
1.157549023629999896e+00,1.339982341484841966e+00
1.153326034550000045e+00,1.102161380418089198e+00
2.362811088559999551e+00,1.067781914868676019e+00
2.580787897110000007e+00,1.664755972201601208e+00
1.242146968839999976e+00,1.818569533125444782e+00
1.712821006770000265e+00,1.274050645137180693e+00
6.676509976389999323e-01,1.435506614128927216e+00
8.271329998970000652e-01,9.588260715135370482e-01
9.642647504809997994e-01,8.451862023207340480e-01
1.394161701200000048e+00,8.145536756264262213e-01
7.584049701689999923e-01,1.080862609034853428e+00
6.900759935379999765e-01,8.701069368509078972e-01
6.740249991419999809e-01,8.271057496155229671e-01
8.615220189090000424e-01,7.893441937044494150e-01
7.907469868659999790e-01,8.237856438219512967e-01
7.285000085830000138e-01,8.060629254137389177e-01
2.411980032920000294e-01,7.750674144352919237e-01
3.354600071909999981e-01,6.789098538355080592e-01
5.912460088730000507e-01,7.885492392159443309e-01
1.058426976200000036e+00,8.182885990257016129e-01
7.669919729230000316e-01,9.530775784194827072e-01
5.881239771840000019e-01,7.779750796602864504e-01
5.922303199769999305e-01,7.355448200496216282e-01
8.753510117530000079e-01,7.290848540399086364e-01
7.038279771799998974e-01,8.542150893733954087e-01
5.677499771120000371e-01,7.422940166097099501e-01
7.133870124819999825e-01,7.336719402624186648e-01
1.077505946160000061e+00,7.855768390217269248e-01
6.909419894220000247e-01,9.198237186166244861e-01
7.724580168719999973e-01,8.122673597584684213e-01
7.237120270730000859e-01,8.508943799797477059e-01
9.752489924429998958e-01,7.731406721680139649e-01
9.151769876479998178e-01,8.575358492834069812e-01
