1.111775994300842507e+00,8.813155735244228017e-01
7.566530108451843262e-01,9.990691399786683080e-01
5.684260129928588867e-01,9.187176076781187195e-01
1.201630949974060059e+00,8.796904121235329388e-01
8.802530169486999512e-01,1.048328745792832750e+00
8.531429767608642578e-01,9.607902988375961462e-01
7.591750025749206543e-01,8.568890008352542109e-01
1.005007982254028320e+00,8.634343644169980569e-01
7.687720060348510742e-01,9.166682364969421792e-01
1.740013241767883301e+00,8.840553450830118676e-01
2.913533687591552734e+00,1.312383916474914480e+00
4.963075160980224609e+00,2.011853537667283920e+00
1.471215128898620605e+00,3.214340518559930970e+00
1.000648975372314453e+00,2.598341871675649895e+00
8.220189809799194336e-01,1.091517823611924509e+00
9.362199902534482643e-01,8.804891555774378986e-01
5.486897230148315430e-01,8.781487253692601413e-01
1.111255049705505371e+00,8.969260004914191287e-01
7.148039937019348145e-01,1.012428119904227541e+00
1.052167057991027832e+00,9.201017136734993551e-01
8.955980539321898304e-01,9.457842662666633426e-01
7.769405245780944824e-01,9.041360668860731753e-01
5.699509978294372559e-01,8.632610670068078251e-01
8.244060277938842773e-01,8.797163304880023516e-01
5.800840258598327637e-01,9.149250955093914950e-01
9.488009810447691761e-01,8.802117048939374078e-01
7.918390035629272461e-01,9.428330874604082812e-01
6.937990188598632812e-01,8.688890919522330725e-01
6.834830045700073242e-01,8.692522250751011370e-01
9.433320164680479847e-01,8.774106279480790027e-01
1.032713770866394043e+00,9.132923330263830186e-01
2.556216001510620117e+00,9.183809591148320850e-01
2.464895963668823242e+00,1.775406784134829552e+00
2.728049993515014204e+00,1.963104290960878906e+00
3.558506965637206476e-01,2.052792541971811602e+00
3.262020051479339600e-01,1.626004042676505223e+00
3.781589865684509277e-01,9.160508144040699907e-01
6.306380033493041992e-01,9.207096976331000659e-01
8.854129910469055176e-01,9.332338723751125720e-01
9.743152856826782227e-01,9.118912960430500814e-01
7.307389974594116211e-01,8.841722264369685780e-01
9.521890282630921520e-01,8.798076094261778612e-01
1.011654973030090332e+00,9.041834368620346174e-01
7.643579840660095215e-01,9.093840217178625895e-01
3.306220054626464844e+00,8.861810677314122531e-01
7.543110251426696777e-01,2.239026431167317366e+00
1.409499049186706321e+00,1.865902153108634609e+00
6.401469707489013672e-01,1.125176018922857235e+00
8.640019893646240234e-01,1.036462700259012548e+00
8.469420075416564941e-01,9.048115777495243650e-01
7.976629734039306641e-01,8.581386120430301023e-01
9.555831551551821068e-01,8.611653185335610416e-01
9.546210169792175293e-01,8.898240044152000428e-01
5.251880288124084473e-01,8.841048837361161761e-01
1.275226235389709695e+00,9.039059686108701364e-01
8.355640172958374023e-01,1.095430792693882660e+00
7.640249729156494141e-01,9.855518990154239489e-01
4.752210080623626154e-01,8.634537722234628676e-01
7.414129972457885742e-01,8.907700847115409548e-01
1.069700956344604492e+00,9.248804390005672671e-01
7.892770171165466309e-01,9.482646818966230517e-01
6.914690136909484863e-01,9.035969462764261717e-01
7.093830108642578125e-01,8.694925776635021863e-01
1.115731000900268555e+00,8.779838588847710401e-01
1.002280950546264648e+00,9.758485392088455113e-01
1.143296003341674805e+00,9.545115889735334980e-01
6.746559739112854004e-01,9.832776283694305564e-01
6.694570183753967285e-01,9.334783442655564256e-01
7.814120054244995117e-01,8.796193055480537870e-01
8.469259738922119141e-01,8.858058396810520874e-01
6.482390165328979492e-01,8.704169245998729654e-01
7.183309793472290039e-01,8.735248022504867871e-01
9.541710019111631080e-01,8.848910668626781550e-01
6.694499850273132324e-01,9.078376396065430676e-01
6.464660167694091797e-01,8.828664345762475829e-01
9.235979914665222168e-01,8.802254382145706657e-01
1.067314028739929199e+00,9.173304187818943634e-01
6.827279925346374512e-01,9.339323412862692297e-01
6.464239954948425293e-01,9.085472832480780969e-01
7.273989915847778320e-01,8.788483907076514168e-01
8.693690299987792969e-01,8.857503102842231302e-01
4.518609941005707342e-01,8.848903108087847746e-01
4.952389895915985107e-01,9.037147694016963717e-01
7.243813276290893555e-01,9.060003887257331856e-01
7.400469779968261719e-01,9.171983216658374793e-01
8.204330205917358398e-01,8.741688480866578459e-01
1.108605027198791504e+00,8.758216231049689160e-01
1.039268016815185547e+00,9.564151942928306172e-01
7.877500057220458984e-01,9.645771241312542932e-01
9.367713332176208496e-01,8.934359307327947031e-01
6.470239758491516113e-01,8.860129464424049139e-01
1.187446951866149902e+00,8.828422024903375132e-01
7.528370022773742676e-01,1.023133113926915305e+00
2.307340055704116821e-01,9.466220387587378493e-01
8.772729635238647461e-01,9.368171189535472454e-01
2.742219865322113037e-01,1.039418163051812005e+00
9.923512339591979980e-01,9.428650506354254723e-01
7.200859785079956055e-01,1.059585695930665983e+00
7.269890308380126953e-01,8.849219157261961621e-01
6.872699856758117676e-01,8.745163671804530026e-01
8.352038264274597168e-01,8.738910747369358356e-01
1.023357987403869629e+00,8.885435078950053578e-01
9.300749897956847034e-01,9.121578725765034923e-01
5.104020237922668457e-01,8.999869325595081238e-01
4.551239907741546076e-01,9.022042807273863430e-01
7.012919783592224121e-01,8.988222268002319382e-01
1.123770236968993919e+00,9.237734107308879228e-01
4.689320027828217108e-01,9.812425533515723997e-01
1.145424962043762207e+00,9.540926027888770866e-01
1.557039022445678711e+00,1.050722791850982052e+00
1.062240004539489524e+00,1.217122649457041739e+00
2.247971057891845703e+00,1.139286328835078743e+00
8.389729857444763184e-01,1.596365124211583497e+00
6.386680006980895996e-01,1.404201989953136831e+00
1.085826039314270020e+00,8.741938910826789755e-01
6.923220157623291016e-01,9.778069773775481810e-01
1.279224038124084473e+00,9.133519424436933321e-01
4.283109903335570734e-01,1.061844930248199814e+00
8.846225738525390625e-01,1.010635195935103647e+00
9.259700179100035511e-01,9.703661223235854338e-01
9.073020219802856445e-01,8.619939556456894802e-01
8.741459846496582031e-01,8.585993945668010108e-01
7.683960199356079102e-01,8.556798818471724744e-01
7.523270249366759144e-01,8.629634320264026881e-01
1.977947235107421431e+00,8.688876326774331860e-01
6.822599768638610840e-01,1.452559859221827399e+00
2.116506099700928178e+00,1.279674773613398653e+00
1.727593064308166504e+00,1.541973243574882302e+00
1.114274978637695090e+00,1.544277641726045758e+00
1.102354049682617188e+00,1.219348389921497855e+00
6.531813144683837891e-01,9.907309901424180554e-01
1.023204803466796875e+00,9.219596882745394462e-01
1.108754038810729980e+00,9.485035183482498633e-01
1.829927563667297363e+00,9.703584005664116496e-01
1.265669584274291992e+00,1.361209978638877383e+00
1.030689358711242898e+00,1.296694680486713880e+00
1.099169254302978294e+00,1.017916925574461562e+00
7.758393883705139160e-01,9.674875693911656471e-01
8.666771054267883301e-01,9.140073689786065714e-01
7.614132165908813477e-01,8.738030450746002709e-01
1.078659296035766602e+00,8.633695778963240697e-01
6.600005030632019043e-01,9.489351298705174242e-01
6.280704736709594727e-01,9.140902372327944780e-01
9.000409841537475586e-01,8.813791858136762469e-01
1.011121273040771706e+00,9.160689988442365372e-01
7.521411776542663574e-01,9.031065384167678012e-01
6.799052953720092773e-01,8.868761297613102501e-01
6.504104733467102051e-01,8.720804714674508240e-01
9.056316018104552112e-01,8.790856765713567222e-01
7.056654095649719238e-01,9.115960312539395094e-01
6.592794060707092285e-01,8.715541525318297733e-01
7.808002829551696777e-01,8.764319546612544531e-01
9.280405640602111816e-01,8.877752195543359148e-01
3.888399899005889893e-01,8.851345581622850345e-01
2.337300032377243320e-01,9.249312855104357967e-01
3.949534893035888672e-01,9.198955802086641320e-01
7.839220166206359863e-01,9.407281892030147086e-01
9.723259806632995605e-01,9.560610653467429554e-01
1.345324039459228294e+00,8.987716550619440081e-01
6.804850101470947266e-01,1.085834078914395651e+00
8.075709939002990723e-01,1.009251283481600092e+00
9.960750937461850807e-01,8.863715018274569424e-01
4.713059961795806330e-01,9.036329846147398426e-01
1.126214265823364480e+00,9.215793613892566682e-01
7.747610211372375488e-01,1.041709782388441141e+00
8.005080223083496094e-01,9.237811584473351045e-01
1.195780038833618164e+00,8.686805444405674148e-01
4.899359941482543390e-01,1.003944013703867322e+00
7.445690035820007324e-01,9.725381766319721732e-01
8.565919995307922363e-01,9.215986145035126587e-01
7.605929970741271973e-01,8.790633156718531405e-01
7.421634793281555176e-01,8.633255397636404593e-01
8.745691180229187012e-01,8.697936492373053996e-01
1.477671980857849121e+00,8.824238187111086429e-01
5.030400156974792480e-01,1.156639127840038528e+00
2.968195915222167969e+00,1.074288337383771053e+00
4.084815025329589844e+00,2.075910074473084954e+00
4.121052026748656671e-01,2.797285197421564007e+00
6.408920288085937500e-01,2.210808424543419193e+00
1.060830354690551758e+00,9.260444358633236339e-01
1.886373996734619141e+00,9.666601869853547191e-01
3.931840062141417902e-01,1.390249044937007517e+00
1.045531988143920898e+00,1.256147665378944733e+00
8.046740293502807617e-01,1.035082278768334474e+00
8.532550334930419922e-01,8.952615395201644066e-01
7.301589846611022949e-01,8.666542331267764743e-01
2.700940072536468506e-01,8.657674970094834110e-01
5.079169869422912598e-01,9.250382292273287010e-01
1.267657995223999023e+00,9.450656116718286759e-01
3.999615430831908736e+00,1.096279274541924309e+00
2.102678060531615767e+00,2.608966913841340052e+00
1.291347503662109375e+00,2.335008070232410304e+00
2.390191078186035156e+00,1.409879975097922511e+00
1.599208950996399148e+00,1.684907272829150759e+00
1.298205018043518066e+00,1.600772830864829244e+00
1.360355019569396973e+00,1.221089128069120733e+00
4.276689887046813965e-01,1.151110269082658233e+00
3.897170126438140314e-01,1.039522623722423988e+00
1.546036005020141602e+00,9.079593659659198623e-01
8.653150200843811035e-01,1.273387150795598055e+00
8.454149961471557617e-01,1.101762605393736383e+00
1.435889005661010742e+00,8.580823097042896697e-01
6.206179141998291016e+00,1.133875140012817084e+00
9.077759981155394398e-01,3.861087451071121279e+00
5.264570116996765137e-01,3.059170118002982885e+00
9.704009890556335449e-01,8.961610548809365584e-01
6.997730135917663574e-01,9.653604250970818645e-01
6.361600160598754883e-01,8.823130363062910986e-01
6.393389701843261719e-01,8.775469972163552068e-01
5.699130296707153320e-01,8.840921022469117041e-01
4.694110155105590820e-01,8.845175718532478637e-01
8.482750058174133301e-01,8.936111371436189499e-01
6.324055790901184082e-01,9.481497189792941205e-01
3.047409951686859131e-01,8.753597609283997327e-01
2.148479968309402466e-01,9.113169277696103743e-01
4.153338372707366943e-01,9.247409458047257669e-01
9.913370013236998401e-01,9.481952077723319050e-01
7.429170012474058948e-01,1.007899411292067171e+00
8.799139857292175293e-01,8.825348820911841363e-01
1.240342974662780762e+00,8.832035078667280770e-01
3.054729998111724854e-01,1.024904871853730803e+00
1.285866022109985352e+00,1.022823269473267516e+00
1.090137004852295144e+00,1.168864117021196192e+00
3.773260116577148438e-01,1.042942972983120997e+00
2.288666009902954102e+00,9.630617888151766781e-01
8.070570230484008789e-01,1.698707439048813495e+00
8.929409980773925781e-01,1.420319692399147460e+00
1.832507014274596724e+00,8.711174720373823233e-01
7.223749756813049316e-01,1.358677064555751102e+00
7.407349944114685059e-01,1.216486526777714072e+00
1.236768960952758789e+00,8.744556021385582190e-01
7.108730077743530273e-01,1.032248907919792735e+00
6.473349928855895996e-01,9.658823682445321079e-01
1.024247765541076882e+00,8.763062984176187564e-01
7.440620064735412598e-01,9.503980687468701616e-01
5.768560171127319336e-01,8.910990907487921220e-01
1.137029051780700906e+00,8.790004233318104987e-01
4.941360056400298517e-01,1.016101030271016503e+00
1.271524906158447266e+00,9.536155201395353220e-01
8.988280296325682484e-01,1.101957922214628516e+00
8.299319744110107422e-01,9.917738544861915972e-01
5.502920150756835938e-01,8.587460572010474635e-01
8.491920232772827148e-01,8.843589023601626797e-01
7.995309829711914062e-01,9.252077872926971480e-01
8.413559794425964355e-01,8.609647679098340056e-01
7.240070104598999023e-01,8.667017511980644739e-01
6.538060307502746582e-01,8.661646430616569692e-01
6.538396477699279785e-01,8.750782194061885733e-01
8.085789680480957031e-01,8.820423538739979863e-01
2.556999921798706055e-01,8.922248009789336409e-01
1.151844024658203125e+00,9.374171742948831376e-01
1.088750958442687988e+00,1.128187532901567591e+00
8.547700047492980957e-01,9.968299032450875785e-01
1.052428960800170898e+00,9.132264854516712882e-01
1.797067999839782715e+00,9.250830188670283727e-01
8.751260042190551758e-01,1.339739640992100744e+00
7.571684122085571289e-01,1.210332918068502739e+00
9.052469730377196155e-01,8.639828970678594677e-01
6.141330003738403320e-01,8.850319445729760703e-01
6.452289819717407227e-01,8.828368007807327889e-01
8.408679962158203125e-01,8.871363553689477488e-01
6.755350232124328613e-01,8.991974505098520032e-01
1.084153056144714355e+00,8.704743743299410141e-01
1.359479665756225586e+00,9.684027464635536209e-01
5.357339978218078613e-01,1.105902856463149231e+00
7.839810252189636230e-01,1.024550140369929752e+00
1.015287995338439941e+00,9.164374242631656564e-01
1.319244027137756348e+00,9.161113668970961577e-01
1.176299691200256348e+00,1.075845741611739514e+00
1.307337045669555664e+00,1.083446884970621582e+00
2.298435926437377930e+00,1.097502090199033109e+00
8.794149756431579590e-01,1.634966671747015488e+00
1.578516006469726562e+00,1.429115696147066350e+00
9.928810000419616699e-01,1.213574571190600970e+00
1.017398953437805176e+00,1.133937225036460106e+00
4.884769916534423273e-01,9.211624539223098873e-01
1.209630966186523438e+00,9.231044815510139889e-01
1.519726991653442383e+00,1.073873646936062798e+00
1.571495056152343750e+00,1.207688350313492087e+00
1.192077994346618874e+00,1.301345654439234778e+00
1.402015686035156250e+00,1.178307447851462353e+00
1.162554860115051270e+00,1.146103280057000351e+00
1.253835797309875710e+00,1.107407467848682270e+00
1.734062552452087402e+00,1.069545371165327330e+00
2.394351005554199219e+00,1.324590058661030190e+00
1.886527061462402122e+00,1.739478356599015063e+00
9.099829792976379395e-01,1.692637274388798074e+00
1.049708962440490723e+00,1.252569089105598055e+00
1.277305960655212402e+00,9.237245516915092436e-01
4.846229851245879572e-01,1.058618706325324066e+00
8.322510123252868652e-01,1.000907027387804460e+00
3.410890102386474609e-01,9.399231773134411050e-01
8.153510093688964844e-01,9.207221683018429470e-01
6.998159885406494141e-01,9.811064731991443466e-01
6.866139769554138184e-01,8.682073979271702768e-01
7.018824815750122070e-01,8.767209807317976056e-01
7.204269766807556152e-01,8.784875846758102291e-01
6.408870220184326172e-01,8.768052700734019211e-01
1.001817584037780762e+00,8.758356312160437973e-01
1.450595021247863770e+00,9.437151652370828758e-01
1.099555015563964844e+00,1.145157029923890901e+00
1.254430413246154785e+00,1.106809353989494094e+00
7.186369895935058594e-01,1.056011027561487792e+00
9.891759753227234997e-01,9.726006815420836782e-01
4.281075000762940341e+00,9.196709290272726545e-01
7.096589803695678711e-01,2.791813764998568370e+00
8.907449841499328613e-01,2.283999540419876073e+00
1.608888030052185059e+00,8.932221964612847565e-01
1.184751033782958984e+00,1.230624941037945952e+00
6.946156024932861328e-01,1.190318879931300478e+00
7.754629850387573242e-01,9.469238133446477024e-01
9.269009828567504883e-01,8.805373558679079338e-01
9.248849749565125622e-01,8.860736139253855281e-01
8.752880096435546875e-01,8.636479617010311971e-01
8.627579808235168457e-01,8.581318131392396964e-01
8.495249748229979359e-01,8.567979927590638756e-01
6.132180094718933105e-01,8.581806594452507930e-01
8.710420131683349609e-01,8.776863154180513105e-01
9.089673757553100586e-01,9.131981713720204175e-01
9.856920242309571423e-01,8.601177228055398860e-01
1.309872984886169434e+00,8.904295697434385648e-01
5.933508276939392090e-01,1.067844523658405320e+00
1.131836414337158203e+00,1.000111886880777901e+00
2.261745929718017578e+00,1.009485622788001136e+00
2.399192094802856445e+00,1.605314133873293470e+00
2.269547939300537109e+00,1.855828189621564928e+00
1.452262043952941895e+00,1.838448596020914483e+00
1.311915040016174316e+00,1.515060932256312887e+00
1.275267004966735840e+00,1.176353170220915123e+00
8.153480291366577148e-01,1.118886568494909861e+00
6.043019890785217285e-01,9.838905394252212000e-01
1.101529002189636230e+00,8.770082855635333852e-01
4.356400072574616034e-01,9.932507999142395905e-01
8.039849996566772461e-01,9.540888010869303937e-01
5.734559893608093262e-01,9.480701708840856279e-01
4.163750112056731623e-01,8.800659078236345856e-01
7.749050259590148926e-01,8.968128667986383640e-01
3.839260041713714044e-01,9.476036534756909768e-01
1.054715037345886230e+00,9.060585866839754310e-01
5.931029915809631348e-01,1.041782346142616555e+00
8.359869718551635742e-01,9.154497367683452902e-01
9.755985140800477184e-01,9.111968071757420295e-01
1.098647952079772949e+00,8.901169942075221053e-01
8.061249852180480957e-01,9.565263951098119666e-01
7.896029949188232422e-01,9.141330066832052959e-01
5.455229878425598145e-01,8.645952506771509283e-01
7.707700133323669434e-01,8.828121747040734713e-01
8.110550045967102051e-01,9.118588775853833095e-01
1.002521038055420144e+00,8.697411330937424578e-01
9.160850048065185547e-01,9.058418190987853613e-01
9.283249974250793457e-01,8.888983554158018663e-01
9.950090050697327770e-01,8.622078320661720197e-01
1.038689017295837402e+00,8.972222470448006915e-01
5.214130282402038574e-01,9.312972000319758026e-01
1.159701943397521973e+00,9.223683962512386758e-01
1.195862650871276855e+00,1.041474822027084635e+00
8.844429850578308105e-01,1.042912621424915587e+00
7.702100276947021484e-01,9.590583393174436644e-01
8.937159776687622070e-01,8.632123916966790711e-01
5.142210125923156738e-01,8.795484570570082372e-01
6.410769820213317871e-01,8.962198848552977992e-01
1.203750014305114746e+00,9.036520602221834730e-01
1.136301159858703613e+00,1.032449167606335871e+00
8.814030289649963379e-01,1.031263218299477646e+00
8.651199936866759144e-01,9.348934106004409550e-01
7.377740144729614258e-01,8.562857640623684485e-01
9.422479867935180664e-01,8.653803599905042221e-01
7.158420085906982422e-01,8.994391267707280146e-01
2.920779883861541748e-01,8.753572072424099515e-01
1.124665260314941406e+00,9.189765675451015969e-01
1.247418999671936035e+00,1.102957087812453940e+00
3.693974971771239790e+00,1.057900219225607286e+00
8.573070168495178223e-01,2.432452456945679575e+00
8.385969996452331543e-01,2.035806171813634435e+00
9.632229804992675781e-01,8.589083341252922166e-01
7.316169738769531250e-01,8.845262706801174657e-01
7.014784216880798340e-01,8.774321081137987921e-01
1.365643024444580078e+00,8.732115002363264322e-01
6.786789894104003906e-01,1.107198781352614958e+00
8.193774819374084473e-01,1.017479666597528754e+00
1.044147372245788574e+00,8.882317399647198242e-01
8.748620152473449707e-01,9.240502951740398041e-01
7.164059877395629883e-01,8.982556514222528321e-01
9.379299879074096680e-01,8.678561227764252095e-01
5.393440127372741699e-01,9.034142834463075866e-01
8.087720274925231934e-01,8.987000570350870410e-01
6.020820140838623047e-01,9.199353709279807223e-01
9.824249744415283203e-01,8.770362171455090561e-01
7.866399884223937988e-01,9.474577287546552817e-01
6.810299754142761230e-01,8.768985478076337658e-01
6.642330288887023926e-01,8.702356837881998208e-01
6.040380001068115234e-01,8.788759312776712740e-01
8.265414834022521973e-01,8.814394356508478134e-01
5.594509840011596680e-01,9.067100568670263261e-01
1.633069962263107300e-01,8.829279272108054855e-01
5.747918486595153809e-01,9.372710142621039076e-01
8.527640104293823242e-01,9.919227923262582403e-01
2.149522066116333008e+00,9.193714304398754589e-01
1.239639997482299805e+00,1.545131151620218191e+00
2.139239072799682617e+00,1.417204706215024368e+00
6.937779784202575684e-01,1.541768619372819948e+00
7.631160020828247070e-01,1.350887902954938546e+00
1.109338045120239258e+00,8.798361530604389413e-01
9.241870045661927380e-01,9.635537792709710780e-01
1.305567026138305664e+00,9.315996063489678791e-01
8.699640035629272461e-01,1.061503209399412118e+00
8.599532246589660645e-01,1.001715309143120569e+00
1.108017444610595703e+00,8.573181862086715066e-01
8.591579794883728027e-01,9.538583597441808726e-01
9.039019942283630371e-01,9.210938527952958754e-01
1.023422956466674805e+00,8.617355544599071271e-01
8.504790067672729492e-01,9.096681104467246870e-01
1.527956604957580566e+00,8.885976198565621598e-01
9.952359795570373535e-01,1.185679192013197714e+00
1.141056060791015625e+00,1.113576784099686634e+00
1.980204939842223899e+00,9.809983127221872934e-01
1.851865053176879883e+00,1.446796487613419835e+00
1.589177966117858887e+00,1.547907587942524810e+00
2.123934030532836914e+00,1.407564019139896372e+00
1.204741954803466797e+00,1.577952702755953895e+00
1.227027416229248047e+00,1.399553346883335214e+00
1.131343960762024148e+00,1.068431937184747493e+00
1.116891980171203613e+00,1.036842803962295889e+00
1.040153026580810325e+00,1.001641221228667389e+00
7.681059837341308594e-01,9.676366059218196591e-01
7.666722536087036133e-01,8.944104014706516503e-01
8.607699871063232422e-01,8.689191501578932275e-01
5.301510095596313477e-01,8.749365046266450729e-01
9.909179806709289551e-01,8.898657044425970497e-01
9.618239998817442737e-01,9.711299547812399791e-01
8.381230235099792480e-01,8.979428816288228532e-01
8.131660223007202148e-01,8.687638461688130809e-01
8.752340078353881836e-01,8.611633425814727572e-01
8.812961578369140625e-01,8.672108021875651884e-01
9.057049751281737171e-01,8.566588406136909084e-01
1.355970025062561035e+00,8.573692110168897873e-01
2.043754577636718750e+00,1.088703398008199041e+00
2.364957094192504883e+00,1.501340971298601445e+00
2.233561992645264116e+00,1.787366208971200576e+00
8.372840285301208496e-01,1.813976970323132543e+00
9.040349721908569336e-01,1.397766422409463916e+00
7.228699922561645508e-01,8.665039996742901485e-01
1.032919287681579590e+00,8.694854103695117686e-01
9.367759823799132191e-01,9.358642238482228759e-01
7.624319791793823242e-01,9.052536471159501330e-01
7.721610069274902344e-01,8.695278528635375093e-01
1.243505001068115234e+00,8.696955748857578827e-01
7.468199729919433594e-01,1.032180210905907947e+00
1.419505119323730469e+00,9.682983892717316188e-01
7.347676753997802734e-01,1.131532478997280933e+00
1.074026942253112793e+00,1.039620906232152198e+00
9.692379832267760120e-01,9.515009474330579087e-01
8.089560270309448242e-01,9.294213345276581828e-01
8.223479986190795898e-01,8.721499737707432143e-01
5.762249827384948730e-01,8.644257015405649724e-01
6.765879988670349121e-01,8.805724928104079474e-01
9.015229940414428711e-01,8.947750133518467264e-01
8.627583980560302734e-01,9.038692964914361028e-01
1.055613875389099121e+00,8.562272580983260051e-01
9.391199946403503418e-01,9.263498812997345011e-01
7.824029922485351562e-01,9.143662831702064064e-01
8.782749772071838379e-01,8.679756470763998477e-01
1.109990954399108887e+00,8.740900039105602426e-01
1.164981961250305176e+00,9.546499655409290686e-01
1.475479006767273171e+00,1.016492464518215622e+00
7.344660162925720215e-01,1.177827880232222846e+00
1.143465042114257812e+00,1.063068646538582351e+00
2.958764553070068359e+00,9.849474755004336002e-01
2.038712024688720703e+00,2.007541041266907023e+00
9.367650747299193226e-01,1.937801597710460788e+00
1.001402020454406738e+00,1.321254459906374024e+00
7.492939829826354980e-01,9.016719894803308932e-01
9.457820057868958630e-01,8.845169633636009721e-01
1.164842009544372559e+00,8.977340543514290561e-01
9.045109748840332031e-01,9.871108645370462176e-01
5.778343677520751953e-01,9.497788541476716029e-01
7.607790231704711914e-01,8.878402567824378311e-01
8.009672760963441052e-01,9.028353931538535271e-01
6.709719896316528320e-01,8.708432818691906885e-01
3.086133003234863725e+00,8.705896676315655336e-01
1.018260955810546875e+00,2.119800876289059222e+00
1.114386796951293945e+00,1.782926979058123695e+00
1.229098439216613770e+00,9.720285095627662075e-01
1.245597958564758301e+00,1.047008754099701289e+00
5.376980304718017578e-01,1.083006858415233920e+00
7.949647903442382812e-01,9.824876619370529474e-01
1.209460973739624023e+00,9.178408208584611927e-01
9.914460182189940296e-01,1.011735200474234597e+00
7.495359778404235840e-01,9.861003699492357777e-01
8.522210121154785156e-01,8.819869484300592033e-01
9.499999880790708229e-01,8.774118773430946705e-01
6.329939961433410645e-01,8.768640756479796350e-01
8.296039700508117676e-01,8.868650005141884840e-01
1.060515046119689941e+00,9.002011967857959096e-01
6.726049780845642090e-01,9.310681772697335656e-01
7.929700016975402832e-01,9.075376191072037635e-01
9.556260704994201660e-01,8.863563056040048016e-01
7.782499790191650391e-01,8.908619419443665199e-01
6.364319920539855957e-01,8.714288291005810594e-01
6.556333899497985840e-01,8.736151952145507771e-01
8.762890100479125977e-01,8.843062139424352486e-01
6.824830174446105957e-01,9.034720637581324931e-01
7.950311899185180664e-01,8.715285780076131861e-01
1.017485976219177246e+00,8.845803830099630005e-01
1.230221033096313699e+00,9.151320015512910411e-01
9.125559926033020020e-01,1.029729203788948055e+00
1.030437946319579856e+00,9.772874124067233437e-01
6.127780079841613770e-01,9.138422797262246711e-01
3.667230010032653253e-01,9.065829184000895324e-01
5.604230165481567383e-01,9.014366479898446860e-01
8.102909922599792480e-01,9.270817027450215519e-01
7.236457467079162598e-01,9.147576093653247975e-01
6.627830266952514648e-01,8.667586283100963129e-01
8.224419951438903809e-01,8.748008735793835200e-01
6.781139969825744629e-01,8.921693727488250181e-01
3.209959864616393488e-01,8.699146715038589273e-01
7.439860105514526367e-01,9.106728790087771364e-01
7.004669904708862305e-01,9.710232392725751671e-01
1.274258971214294434e+00,8.720592042488406470e-01
6.211659908294677734e-01,1.057925620080410356e+00
1.067494988441467285e+00,9.844557700319853666e-01
1.265694975852966309e+00,9.744358902884063811e-01
9.348030090332032360e-01,1.055630083150951748e+00
1.085708975791931152e+00,9.955497608503819373e-01
5.883709788322448730e-01,9.445650424858893501e-01
4.636880159378052313e-01,9.245674835368494771e-01
8.750243186950683594e-01,8.928137656951723455e-01
4.834130108356476385e-01,9.566230952427785539e-01
4.560469985008240301e-01,8.989368833663846647e-01
7.238804101943969727e-01,9.014811942958792512e-01
4.748429954051970880e-01,9.270273014176184656e-01
9.588437080383299671e-01,8.894477473619101238e-01
1.794360995292663574e+00,9.775577517172628905e-01
1.210453987121582031e+00,1.335885200408874152e+00
4.008429944515228271e-01,1.268605964158910693e+00
5.836449861526489258e-01,9.930393886002436554e-01
8.660610318183898926e-01,9.218186867648161531e-01
7.764859795570373535e-01,9.199150638522373136e-01
5.888479948043823242e-01,8.621466705858018553e-01
4.327859878540038507e-01,8.778018998789191008e-01
5.545350313186645508e-01,8.949444784728165514e-01
1.149551987648010476e+00,9.124816776092644632e-01
9.776459932327271618e-01,1.027702428248604694e+00
2.302707910537720171e+00,9.597695818828552161e-01
7.962800264358520508e-01,1.629067444041455648e+00
6.104800105094909668e-01,1.425995797890724948e+00
6.522138714790344238e-01,8.758971042675584018e-01
1.032202124595642090e+00,8.878784881803293283e-01
8.200139999389648438e-01,9.522463030993227884e-01
1.039114952087402344e+00,8.907848941630465145e-01
9.508559703826903187e-01,9.215332969838040400e-01
7.736063003540039062e-01,9.113585105601126335e-01
1.383889913558959961e+00,8.709129479518727956e-01
6.069999933242797852e-01,1.109082041033713439e+00
9.455270171165466309e-01,1.027909722242644097e+00
3.923240005970001221e-01,9.342992716253578633e-01
9.679385423660278320e-01,9.273303184284567013e-01
9.072690010070799671e-01,1.007833755997492364e+00
2.479866981506348100e+00,8.740990021391052966e-01
1.045583963394165039e+00,1.735949591169023920e+00
1.536522984504699707e+00,1.524200396061327512e+00
4.812009930610657293e-01,1.195352042330230402e+00
8.617479801177978516e-01,1.100333602223013907e+00
1.127727031707763672e+00,9.479136985795326709e-01
9.895502924919128418e-01,9.642655240995009480e-01
9.099559783935547985e-01,9.549842146584706093e-01
1.239764332771301270e+00,8.827377636431478214e-01
1.379981994628906250e+00,1.025134363675720861e+00
7.663900256156921387e-01,1.145768217807035638e+00
8.156750202178955078e-01,1.024172035994176611e+00
1.299479961395263672e+00,8.707221153059317986e-01
7.149469852447509766e-01,1.059229420602570304e+00
8.305460214614868164e-01,9.904053805833068491e-01
9.092410206794740990e-01,8.819254332290509257e-01
7.411040067672729492e-01,8.690654603266209088e-01
5.047770142555236816e-01,8.680812836223811280e-01
9.697520136833192028e-01,8.862491420296385591e-01
1.049844980239868164e+00,9.717473805860525893e-01
5.644329786300659180e-01,9.312899292534345674e-01
9.593539834022521973e-01,9.183142105782419184e-01
9.383450150489808239e-01,9.506011202847874930e-01
7.079470157623291016e-01,8.791570483834784122e-01
4.484339952468871515e-01,8.756271294114651438e-01
5.337110161781311035e-01,8.923767276320709874e-01
5.215386152267456055e-01,9.082687905534698736e-01
6.405649781227111816e-01,8.957055844656549581e-01
1.660409450531006081e+00,9.022147045449727676e-01
1.622156023979186790e+00,1.281859288466969060e+00
3.623536109924316406e+00,1.361610104196627091e+00
9.065989851951601342e-01,2.393987548521491426e+00
7.756379842758178711e-01,2.007355043110083503e+00
6.443409919738770641e-01,8.643081056646089166e-01
5.499600172042846680e-01,8.730669694943681280e-01
1.367677569389343262e+00,8.849025564038662806e-01
8.148130178451538086e-01,1.136775956730611714e+00
8.623980283737182617e-01,1.021912911403396684e+00
8.134710192680358887e-01,8.655654023105688877e-01
9.060310125350952148e-01,8.596830095438884323e-01
1.311033964157104492e+00,8.722096658935019065e-01
1.474902033805847168e+00,1.063951489398859085e+00
1.186140060424804910e+00,1.206214145503230695e+00
2.092472076416016069e+00,1.140999724416187799e+00
1.301861047744750977e+00,1.512152076973379833e+00
1.221997022628784180e+00,1.408317054172274707e+00
1.078873991966247559e+00,1.094783130387891656e+00
7.863690257072448730e-01,1.016745556287557362e+00
7.093420028686523438e-01,9.068002665785462879e-01
5.645610094070434570e-01,8.686545761955085654e-01
1.092841982841491699e+00,8.807710543605337117e-01
3.955059945583344061e-01,1.000169292454398118e+00
1.195796012878417969e+00,9.598825649439174379e-01
2.998351097106933594e+00,1.096529838983939298e+00
2.585943937301636186e+00,2.029809838053870497e+00
1.655773043632507102e+00,2.141097017830252636e+00
8.921740055084229626e-01,1.689924813773998613e+00
8.955079913139343262e-01,1.151491742675237573e+00
1.585399031639099121e+00,8.546681720518390923e-01
1.210371017456054910e+00,1.217224871916313900e+00
9.857040047645567737e-01,1.188802815233940269e+00
6.761519908905029297e-01,9.849754191534114689e-01
9.457439780235291638e-01,8.882269760295713468e-01
5.141820311546325684e-01,9.158948471693330040e-01
7.144280076026916504e-01,9.041910048373396069e-01
7.917379736900329590e-01,9.113421008484990926e-01
6.024960279464721680e-01,8.781819616521872041e-01
1.012339949607849121e+00,8.766222054008726561e-01
6.310235261917114258e-01,9.578719305252546556e-01
5.426099896430969238e-01,8.998164216554292993e-01
7.744219899177551270e-01,8.861425351241267734e-01
8.376209735870361328e-01,9.131466286943874522e-01
7.503905892372131348e-01,8.708942891713183920e-01
1.614240050315856934e+00,8.642486331178699244e-01
7.141630053520202637e-01,1.241588765762513979e+00
6.486989855766296387e-01,1.121683867159396053e+00
3.861860036849975586e-01,8.760027885924773772e-01
3.990480005741119385e-01,8.993136231033169725e-01
1.103790521621704102e+00,9.127139065670256679e-01
8.070139884948729359e-01,1.055918963355084061e+00
1.107607960700988770e+00,9.160592891606740285e-01
7.170349955558776855e-01,9.571490757255781689e-01
1.687772989273071289e+00,9.187552779445953277e-01
8.082039952278137207e-01,1.287373594079882944e+00
1.564818024635314941e+00,1.157481857911213829e+00
1.256489992141723633e+00,1.208716424800384770e+00
7.375509738922119141e-01,1.195431083693843544e+00
8.364729881286621094e-01,9.733459624733816762e-01
1.015761017799377441e+00,8.779623579726522076e-01
6.945540308952331543e-01,9.083605326775445743e-01
9.518219828605651855e-01,8.932101999620897237e-01
5.585229992866516113e-01,9.130386740035558724e-01
1.855298042297363503e+00,8.980158150251094096e-01
8.210539817810058594e-01,1.408050665200156759e+00
8.359720110893249512e-01,1.231059677504297012e+00
6.805480122566223145e-01,8.630792972002572228e-01
1.030328035354614480e+00,8.698748558536253395e-01
8.423720002174377441e-01,9.445143442343182372e-01
5.589337944984436035e-01,8.906778021404940793e-01
7.334340214729309082e-01,8.841079970580434377e-01
8.426809906959533691e-01,9.036216504773409985e-01
8.706315755844116211e-01,8.795667294859168539e-01
8.863990306854248047e-01,8.612376820594048743e-01
8.493610024452209473e-01,8.575237143501642789e-01
1.331516027450561523e+00,8.569534798770465089e-01
1.645591020584106445e+00,1.075482413727663733e+00
1.411272048950195090e+00,1.292513761732817290e+00
1.046331048011779785e+00,1.275663538900284166e+00
8.349300026893615723e-01,1.077887634338077660e+00
1.090394020080566406e+00,8.960834337680871897e-01
6.141669750213623047e-01,9.458745860676652795e-01
8.252440094947814941e-01,9.226276230224735864e-01
1.047114968299865501e+00,9.039993620926676243e-01
4.695149958133698065e-01,9.248381715034208472e-01
7.520099878311157227e-01,9.335720642677302061e-01
6.718119978904724121e-01,9.281798074758279560e-01
6.571980118751525879e-01,8.724369853058456803e-01
7.795739769935607910e-01,8.799263778921204704e-01
6.211889982223510742e-01,8.880685542336177463e-01
9.608931541442872204e-01,8.748490990262918210e-01
7.402380108833312988e-01,9.351448005270247554e-01
6.151059865951538086e-01,8.760886755570950202e-01
5.818247795104979359e-01,8.761854240939354055e-01
6.529520153999328613e-01,8.865107960484900351e-01
7.834500074386596680e-01,8.923769779352166420e-01
8.276180028915405273e-01,8.893480437623295654e-01
2.505017042160034180e+00,8.685707941172917668e-01
1.417585968971252441e+00,1.756535547151207410e+00
1.226507544517517090e+00,1.599152645277093665e+00
9.694439768791200951e-01,1.134149403244860466e+00
8.129550218582153320e-01,9.872758304624573711e-01
5.289899706840515137e-01,8.719659977029555753e-01
4.789490103721618097e-01,8.861036725060468244e-01
9.671270251274107776e-01,8.965850323784764209e-01
4.701859951019286554e-01,9.789430061679383899e-01
2.416239976882934293e-01,9.159338027729200249e-01
1.994680017232894897e-01,9.181045136178266342e-01
4.732620120048523504e-01,9.295935134637727248e-01
9.621880054473875843e-01,9.610871544720250848e-01
9.829789996147154651e-01,9.791374972381190478e-01
1.026576042175292969e+00,8.980815958877699234e-01
9.651920199394226074e-01,9.229216733379440596e-01
1.983185052871704324e+00,9.112238991445654746e-01
1.286525964736938477e+00,1.444112861379582835e+00
1.736924052238464355e+00,1.361544665848658742e+00
7.533379793167114258e-01,1.330894746772698811e+00
1.062494039535522461e+00,1.175815709448835955e+00
8.256469964981079102e-01,9.427673755611211126e-01
1.418092012405395508e+00,9.015539658573910042e-01
1.250364065170288086e+00,1.124700541977113444e+00
1.089423060417175293e+00,1.142723805938952841e+00
8.687390089035034180e-01,1.030131488473372769e+00
1.307837963104248047e+00,9.149185142308164931e-01
7.601559758186340332e-01,1.061995352619082178e+00
8.579840064048767090e-01,9.943109944158973201e-01
1.067142963409423828e+00,8.759361509010343827e-01
6.799880266189575195e-01,9.325145389172633248e-01
8.352749943733215332e-01,9.087502980011501474e-01
1.010563969612121582e+00,8.901878661300113293e-01
7.260069847106933594e-01,9.060297046438406943e-01
5.901079773902893066e-01,8.888572472501412580e-01
7.406870126724243164e-01,8.783925956546677627e-01
7.620100975036621094e-01,8.977504519133691074e-01
5.811070203781127930e-01,8.724319178977709699e-01
8.903719782829283558e-01,8.784934999177798076e-01
7.301949858665466309e-01,9.263469331236044990e-01
1.265586972236633301e+00,8.674850478499102069e-01
9.180610179901124157e-01,1.049007285048284110e+00
8.252680301666259766e-01,9.924885306387765116e-01
9.114630222320554420e-01,8.609239257816674318e-01
9.657319784164427601e-01,8.707407220281689897e-01
7.146480083465576172e-01,8.803834985352574360e-01
8.502969741821289062e-01,8.797324955525654966e-01
8.405809998512268066e-01,8.846896184126572527e-01
1.191807866096496582e+00,8.595163603226254612e-01
7.976800203323364258e-01,9.992785612023917796e-01
8.885610103607177734e-01,9.493705342605412989e-01
9.655410051345824085e-01,8.724237456124099843e-01
5.838339924812316895e-01,8.796916987067874283e-01
8.865389823913574219e-01,8.966284387770303566e-01
8.750730156898498535e-01,9.246546748727353382e-01
6.929270029067993164e-01,8.555825700708115100e-01
5.519689917564392090e-01,8.703093430953431353e-01
5.465030074119567871e-01,8.822418588111951010e-01
7.512239813804626465e-01,8.936465130109911836e-01
7.843149900436401367e-01,9.087506685925164085e-01
6.109840273857116699e-01,8.716088282794367537e-01
7.992020249366759144e-01,8.757470721444090556e-01
5.405290126800537109e-01,9.005959125404608967e-01
9.266330003738403320e-01,8.838359448822028508e-01
5.896059870719909668e-01,9.476678105905302907e-01
5.182790160179138184e-01,8.892166397183948190e-01
6.216366887092590332e-01,8.902140888103955430e-01
7.315016984939575195e-01,9.014430639064561213e-01
8.715350031852722168e-01,8.905660798996198890e-01
2.576299905776976984e-01,8.843272505038305420e-01
3.547430038452147882e-01,9.461619876921182337e-01
1.424710035324096902e+00,9.315410591302150101e-01
1.588093161582946777e+00,1.220283780589593858e+00
1.510810017585754395e+00,1.284919220901023174e+00
6.637499928474426270e-01,1.295303967494022324e+00
9.182999730110168457e-01,1.077683557853792884e+00
9.455379843711853027e-01,9.113844557611989750e-01
8.895260095596313477e-01,8.709933753436710502e-01
7.889080047607421875e-01,8.637966727259474009e-01
8.079270124435424805e-01,8.617886547661526286e-01
6.742079854011535645e-01,8.668626271337553924e-01
7.401880025863647461e-01,8.702586930395375120e-01
7.983270287513732910e-01,8.817824365454742797e-01
7.760372757911682129e-01,8.740997290598576663e-01
7.851629853248596191e-01,8.655500458057340252e-01
1.024798870086670144e+00,8.681228909718482489e-01
8.841310143470764160e-01,9.200781782910267825e-01
1.171491026878356934e+00,8.920328610787906509e-01
7.665730118751525879e-01,9.875984528343734192e-01
1.054823040962219238e+00,9.406407974664714455e-01
1.034250974655151367e+00,9.369018489861701271e-01
7.633029818534851074e-01,9.456490154252360503e-01
6.365630030632019043e-01,8.928294408546085803e-01
5.399640202522277832e-01,8.739528847810207335e-01
8.178460001945495605e-01,8.858750482167423446e-01
8.135920166969299316e-01,9.215103951198924115e-01
9.839289784431458630e-01,8.631944573621812555e-01
8.986790180206298828e-01,8.974446397545912113e-01
6.926850080490112305e-01,8.786630476851676752e-01
6.764680147171020508e-01,8.723041137136141598e-01
6.547859907150268555e-01,8.775417081426269972e-01
8.509550094604492188e-01,8.794166426740884779e-01
6.557850241661071777e-01,8.986919944334698096e-01
8.856279850006103516e-01,8.729070486362537906e-01
9.303160309791563831e-01,9.054702616941048277e-01
7.123904824256896973e-01,8.635098242561756177e-01
6.544970273971557617e-01,8.739077222789790600e-01
9.782410264015198864e-01,8.759662758485704526e-01
8.733990192413330078e-01,9.318985720815405882e-01
6.319249868392944336e-01,8.739812321805003892e-01
8.613430261611938477e-01,8.771939891794670041e-01
6.160370111465454102e-01,9.063419916661095144e-01
6.686739921569824219e-01,8.781812545972080830e-01
1.007030010223388894e+00,8.876579680052354426e-01
9.358490109443665661e-01,9.384612801981649932e-01
1.113351941108703613e+00,8.954003714923952639e-01
9.273632764816285290e-01,9.591093066177552862e-01
9.193540215492249645e-01,9.338195180358290770e-01
6.497738957405090332e-01,8.618794439920425265e-01
8.034440279006958008e-01,8.799567475985465848e-01
7.462270259857177734e-01,8.924352674658925233e-01
7.597569823265075684e-01,8.659765115314840278e-01
1.126011013984680176e+00,8.716227114224536221e-01
1.423818945884704590e+00,9.723409043908142202e-01
5.316870212554931641e-01,1.145276733551140458e+00
1.097100019454955833e+00,1.049944331222991023e+00
9.711959958076475941e-01,1.011282397239199105e+00
5.659890174865722656e-01,9.384404614280397183e-01
1.088876962661743164e+00,9.004150632867230497e-01
1.923168003559112549e-01,9.981086610944136517e-01
3.752999901771545410e-01,1.009563989844170173e+00
4.178839921951293945e-01,9.494724461427116458e-01
4.822100102901458185e-01,9.147149743567509761e-01
8.997989892959594727e-01,9.107073855108289706e-01
6.762999892234802246e-01,9.575917041302727251e-01
1.075533032417297363e+00,8.743251439570067785e-01
